{"type":"FeatureCollection","features":[{"type":"Feature","properties":{"class":"minor","highway":"residential","sidewalk":"unknown","lanes":0,"name":"마포대로1길","oneway":false},"geometry":{"type":"LineString","coordinates":[[126.9444697,37.5386282],[126.9444072,37.5386807],[126.9443664,37.538715],[126.9438503,37.5390898],[126.9431743,37.5395696],[126.9427088,37.5399001]]}},{"type":"Feature","properties":{"class":"minor","highway":"residential","sidewalk":"unknown","lanes":0,"name":"마포대로1길","oneway":false},"geometry":{"type":"LineString","coordinates":[[126.9427088,37.5399001],[126.9426041,37.5399055],[126.9425507,37.5398712],[126.9424973,37.5398369],[126.942276,37.5396309],[126.9422302,37.5395851],[126.9421979,37.5395575],[126.9421035,37.5394499],[126.9413231,37.5387791]]}},{"type":"Feature","properties":{"class":"major","highway":"primary","sidewalk":"likely","lanes":5,"name":"마포대로","oneway":true},"geometry":{"type":"LineString","coordinates":[[126.9511018,37.5438118],[126.9511799,37.5439277]]}},{"type":"Feature","properties":{"class":"major","highway":"tertiary","sidewalk":"likely","lanes":0,"name":"백범로37길","oneway":true},"geometry":{"type":"LineString","coordinates":[[126.9552782,37.5420753],[126.9552251,37.5421833],[126.9552099,37.5424175],[126.9551776,37.5424995],[126.9550212,37.5427797],[126.9547109,37.5433789],[126.9545504,37.5437275],[126.9545464,37.5437772],[126.9545548,37.5438323],[126.9545775,37.543892],[126.9547959,37.5443337],[126.954855,37.5444424],[126.9549754,37.5445862]]}},{"type":"Feature","properties":{"class":"minor","highway":"residential","sidewalk":"unknown","lanes":0,"name":"굴레방로","oneway":false},"geometry":{"type":"LineString","coordinates":[[126.9573664,37.5545417],[126.9572725,37.5545734],[126.9572246,37.5545895],[126.9571564,37.5546125]]}},{"type":"Feature","properties":{"class":"major","highway":"tertiary","sidewalk":"likely","lanes":0,"name":"토정로32길","oneway":false},"geometry":{"type":"LineString","coordinates":[[126.9404029,37.5398708],[126.9405339,37.5399715],[126.9408209,37.5402309],[126.9409875,37.5403816],[126.9414706,37.5407823]]}},{"type":"Feature","properties":{"class":"minor","highway":"residential","sidewalk":"unknown","lanes":0,"name":"북아현로","oneway":false},"geometry":{"type":"LineString","coordinates":[[126.9561973,37.557421],[126.9562089,37.5574896]]}},{"type":"Feature","properties":{"class":"major","highway":"secondary","sidewalk":"likely","lanes":0,"name":"백범로","oneway":true},"geometry":{"type":"LineString","coordinates":[[126.9499272,37.5443216],[126.9506899,37.5439898]]}},{"type":"Feature","properties":{"class":"major","highway":"tertiary","sidewalk":"likely","lanes":0,"name":"이화여대길","oneway":true},"geometry":{"type":"LineString","coordinates":[[126.9458525,37.5568509],[126.9458687,37.5570999],[126.945881,37.5573445],[126.9458156,37.5580341],[126.9458132,37.5580589],[126.9457812,37.5583961],[126.9457452,37.5587741],[126.9456887,37.559188]]}},{"type":"Feature","properties":{"class":"major","highway":"secondary","sidewalk":"likely","lanes":0,"name":"토정로","oneway":false},"geometry":{"type":"LineString","coordinates":[[126.9450497,37.5388455],[126.9449114,37.5389541],[126.9448406,37.5390066],[126.9447862,37.539047],[126.9442357,37.5394555]]}},{"type":"Feature","properties":{"class":"major","highway":"primary","sidewalk":"likely","lanes":0,"name":"마포대로","oneway":true},"geometry":{"type":"LineString","coordinates":[[126.9597016,37.5576097],[126.9593191,37.5572914],[126.9591993,37.5571854]]}},{"type":"Feature","properties":{"class":"minor","highway":"residential","sidewalk":"unknown","lanes":0,"name":"원효로63길","oneway":false},"geometry":{"type":"LineString","coordinates":[[126.9636882,37.5380715],[126.9636589,37.5380196],[126.9636284,37.5379347],[126.963599,37.5377705],[126.9635935,37.537475],[126.9635634,37.5374102],[126.9635418,37.5373711],[126.9635462,37.5371355],[126.9635579,37.5370721],[126.9635912,37.536978],[126.9636478,37.5369015],[126.9637818,37.5367434],[126.9638519,37.5366583]]}},{"type":"Feature","properties":{"class":"minor","highway":"residential","sidewalk":"unknown","lanes":0,"name":"백범로79길","oneway":false},"geometry":{"type":"LineString","coordinates":[[126.9649104,37.5434799],[126.9648287,37.5433504],[126.9646511,37.5431182],[126.9645795,37.5429241],[126.9646936,37.5424684],[126.9648382,37.5417372],[126.9649035,37.5413982],[126.9648414,37.5411868],[126.9647459,37.5408619],[126.9643524,37.5403515],[126.9642127,37.5401133],[126.9641622,37.5399638],[126.9641553,37.5395031],[126.9643162,37.5391937],[126.9643682,37.5389512],[126.9643975,37.5388487]]}},{"type":"Feature","properties":{"class":"minor","highway":"residential","sidewalk":"unknown","lanes":0,"name":"백범로79나길","oneway":false},"geometry":{"type":"LineString","coordinates":[[126.9661929,37.5404121],[126.9660756,37.5405747],[126.9658782,37.540704],[126.9655927,37.5408188],[126.9647459,37.5408619]]}},{"type":"Feature","properties":{"class":"minor","highway":"residential","sidewalk":"unknown","lanes":0,"name":"원효로53길","oneway":false},"geometry":{"type":"LineString","coordinates":[[126.9620506,37.5381886],[126.9620455,37.5378842],[126.9620327,37.5371107],[126.9620418,37.5368062],[126.9620625,37.5364999],[126.9620883,37.536118],[126.9620985,37.5358922],[126.9621278,37.5355855]]}},{"type":"Feature","properties":{"class":"minor","highway":"residential","sidewalk":"unknown","lanes":0,"name":"백범로79다길","oneway":false},"geometry":{"type":"LineString","coordinates":[[126.9666277,37.5413758],[126.9657348,37.5413851],[126.9649035,37.5413982]]}},{"type":"Feature","properties":{"class":"minor","highway":"residential","sidewalk":"unknown","lanes":0,"name":"백범로74길","oneway":false},"geometry":{"type":"LineString","coordinates":[[126.963337,37.5381388],[126.9631509,37.5381013],[126.9628329,37.5380632],[126.9626017,37.5380327],[126.9625446,37.5380483],[126.9624742,37.5380676],[126.9620506,37.5381886],[126.9616468,37.5382523],[126.9614833,37.5383175],[126.9609653,37.5384555]]}},{"type":"Feature","properties":{"class":"minor","highway":"residential","sidewalk":"unknown","lanes":0,"name":"백범로47나길","oneway":false},"geometry":{"type":"LineString","coordinates":[[126.9594746,37.5427709],[126.9595929,37.542519],[126.9595123,37.5421059],[126.9594569,37.5419023],[126.9594302,37.5417415],[126.9594186,37.5416283]]}},{"type":"Feature","properties":{"class":"alley","highway":"service","sidewalk":"unknown","lanes":0,"name":"","oneway":false},"geometry":{"type":"LineString","coordinates":[[126.9569899,37.5404079],[126.9571161,37.5402514],[126.9571634,37.5402134],[126.9572355,37.5401768],[126.9573079,37.540147],[126.9583857,37.5398038],[126.9584965,37.5397904],[126.9587803,37.5400206],[126.9588911,37.5399808]]}},{"type":"Feature","properties":{"class":"minor","highway":"residential","sidewalk":"unknown","lanes":0,"name":"임정로15길","oneway":false},"geometry":{"type":"LineString","coordinates":[[126.9570952,37.5433041],[126.9577005,37.542943]]}},{"type":"Feature","properties":{"class":"minor","highway":"residential","sidewalk":"unknown","lanes":0,"name":"임정로13길","oneway":false},"geometry":{"type":"LineString","coordinates":[[126.9570512,37.5423047],[126.9572856,37.5425365],[126.9577005,37.542943],[126.9581324,37.5433496]]}},{"type":"Feature","properties":{"class":"minor","highway":"residential","sidewalk":"unknown","lanes":0,"name":"효창원로62길","oneway":false},"geometry":{"type":"LineString","coordinates":[[126.9617916,37.539597],[126.9622184,37.539674],[126.9623464,37.5396894],[126.9624496,37.5397405],[126.9625106,37.5399978],[126.9625397,37.5402291]]}},{"type":"Feature","properties":{"class":"minor","highway":"residential","sidewalk":"unknown","lanes":0,"name":"백범로47길","oneway":false},"geometry":{"type":"LineString","coordinates":[[126.9608348,37.5421112],[126.9607685,37.5420843],[126.9606187,37.5420278],[126.9602719,37.5418791],[126.9599239,37.5417626],[126.9598161,37.5416762],[126.9597607,37.5416115],[126.9597057,37.5415474],[126.959702,37.5413495],[126.9597504,37.5412444],[126.9597525,37.5411905],[126.9597268,37.5411448],[126.9596716,37.5411139],[126.9581636,37.5407673]]}},{"type":"Feature","properties":{"class":"minor","highway":"residential","sidewalk":"unknown","lanes":0,"name":"백범로47가길","oneway":false},"geometry":{"type":"LineString","coordinates":[[126.9587201,37.542417],[126.958955,37.5417447],[126.9591018,37.5416992],[126.9594186,37.5416283],[126.9596275,37.5414158],[126.959702,37.5413495]]}},{"type":"Feature","properties":{"class":"minor","highway":"residential","sidewalk":"unknown","lanes":0,"name":"효창원로64길","oneway":false},"geometry":{"type":"LineString","coordinates":[[126.9634732,37.5404364],[126.9633354,37.5409051]]}},{"type":"Feature","properties":{"class":"minor","highway":"residential","sidewalk":"unknown","lanes":0,"name":"효창원로64길","oneway":false},"geometry":{"type":"LineString","coordinates":[[126.9642804,37.5406032],[126.9641794,37.5410799]]}},{"type":"Feature","properties":{"class":"minor","highway":"residential","sidewalk":"unknown","lanes":0,"name":"효창원로64길","oneway":false},"geometry":{"type":"LineString","coordinates":[[126.9625397,37.5402291],[126.9630049,37.5403315],[126.9634732,37.5404364],[126.9638216,37.5405234]]}},{"type":"Feature","properties":{"class":"minor","highway":"residential","sidewalk":"unknown","lanes":0,"name":"효창원로69길","oneway":false},"geometry":{"type":"LineString","coordinates":[[126.9621259,37.5414397],[126.9618138,37.5415403],[126.9616639,37.5416211],[126.9615376,37.5417564],[126.9614923,37.5418049],[126.9614129,37.5418525],[126.9611636,37.5419641],[126.9608348,37.5421112],[126.9607799,37.5421316],[126.9607483,37.5421513],[126.960552,37.5422742],[126.9602905,37.5424309],[126.9600892,37.5425641],[126.9597556,37.542773],[126.9594746,37.5427709]]}},{"type":"Feature","properties":{"class":"major","highway":"tertiary","sidewalk":"likely","lanes":0,"name":"임정로","oneway":false},"geometry":{"type":"LineString","coordinates":[[126.9632685,37.5466412],[126.9630919,37.5466412],[126.9628733,37.5466753],[126.9622618,37.5467513],[126.9621109,37.5467667],[126.9618701,37.5467892],[126.9615899,37.5468375]]}},{"type":"Feature","properties":{"class":"minor","highway":"residential","sidewalk":"unknown","lanes":0,"name":"효창원로70길","oneway":false},"geometry":{"type":"LineString","coordinates":[[126.9646936,37.5424684],[126.9641141,37.5422538],[126.9640629,37.5418988],[126.9639806,37.5418515],[126.9635397,37.5417471],[126.9631132,37.5416631],[126.9626493,37.5416061],[126.9621381,37.5415034]]}},{"type":"Feature","properties":{"class":"minor","highway":"residential","sidewalk":"unknown","lanes":0,"name":"효창원로64길","oneway":false},"geometry":{"type":"LineString","coordinates":[[126.9638216,37.5405234],[126.9637257,37.5409796]]}},{"type":"Feature","properties":{"class":"minor","highway":"residential","sidewalk":"unknown","lanes":0,"name":"효창원로64길","oneway":false},"geometry":{"type":"LineString","coordinates":[[126.9630668,37.5401103],[126.9630049,37.5403315],[126.9628644,37.5408153]]}},{"type":"Feature","properties":{"class":"minor","highway":"residential","sidewalk":"unknown","lanes":0,"name":"효창원로54길","oneway":false},"geometry":{"type":"LineString","coordinates":[[126.9616786,37.5367091],[126.9615778,37.5369763],[126.9614542,37.5373073],[126.9612623,37.5378209],[126.9609602,37.5383037],[126.9609073,37.5383651]]}},{"type":"Feature","properties":{"class":"minor","highway":"residential","sidewalk":"unknown","lanes":0,"name":"원효로77길","oneway":false},"geometry":{"type":"LineString","coordinates":[[126.966936,37.5384517],[126.9660865,37.5388565],[126.9656121,37.5390826],[126.9652457,37.5393563],[126.9649508,37.5395767],[126.9646848,37.5397701],[126.9642127,37.5401133]]}},{"type":"Feature","properties":{"class":"minor","highway":"residential","sidewalk":"unknown","lanes":0,"name":"백범로79나길","oneway":false},"geometry":{"type":"LineString","coordinates":[[126.9657348,37.5413851],[126.9655927,37.5408188]]}},{"type":"Feature","properties":{"class":"minor","highway":"residential","sidewalk":"unknown","lanes":0,"name":"효창원로37길","oneway":false},"geometry":{"type":"LineString","coordinates":[[126.9583777,37.536819],[126.9584815,37.5369318],[126.9585999,37.5371274],[126.9586309,37.5371908],[126.9587781,37.5374669],[126.9588013,37.5375161],[126.9589077,37.537738],[126.9590069,37.5379797],[126.9590725,37.5382134]]}},{"type":"Feature","properties":{"class":"alley","highway":"service","sidewalk":"unknown","lanes":0,"name":"","oneway":false},"geometry":{"type":"LineString","coordinates":[[126.9441538,37.5507695],[126.9440655,37.5507871],[126.9439839,37.5507995],[126.9435615,37.5508635],[126.943446,37.5508235],[126.9434075,37.5508101],[126.9433356,37.5507852],[126.9431548,37.5507304],[126.9430025,37.5506842],[126.9429845,37.5507138],[126.9429403,37.5507868],[126.9428843,37.5508808],[126.9428487,37.5509404],[126.9427806,37.5510545],[126.9427436,37.5511167],[126.9427364,37.5511288],[126.942719,37.5511567],[126.9427018,37.5511842]]}},{"type":"Feature","properties":{"class":"minor","highway":"residential","sidewalk":"unknown","lanes":0,"name":"서강대길","oneway":false},"geometry":{"type":"LineString","coordinates":[[126.9392121,37.5491774],[126.9393464,37.5492042],[126.9401112,37.5493568],[126.9405463,37.5494437],[126.9412826,37.5495906],[126.9414428,37.5496226],[126.9426496,37.5498634],[126.9428319,37.5498998],[126.9434351,37.5500202],[126.9436784,37.5500687],[126.9438697,37.5501069]]}},{"type":"Feature","properties":{"class":"alley","highway":"service","sidewalk":"unknown","lanes":0,"name":"","oneway":false},"geometry":{"type":"LineString","coordinates":[[126.9430025,37.5506842],[126.9428515,37.5506354],[126.9425573,37.5505403],[126.9425091,37.5505247],[126.9422387,37.5504362],[126.9420833,37.5503965],[126.9415131,37.5502508],[126.940967,37.5501113],[126.9408095,37.5501429],[126.9407356,37.5502553],[126.9406193,37.5504321],[126.9405605,37.5504829],[126.9403508,37.5506639],[126.9403098,37.5507738],[126.9402972,37.5509063],[126.9404045,37.5511743],[126.9405171,37.5512976],[126.9407871,37.5514898],[126.9408955,37.5515302],[126.9409569,37.5515393],[126.9410277,37.5515294],[126.9410913,37.5515205],[126.9412503,37.5514601],[126.9415164,37.5513591],[126.9420712,37.5513132]]}},{"type":"Feature","properties":{"class":"alley","highway":"service","sidewalk":"unknown","lanes":0,"name":"","oneway":false},"geometry":{"type":"LineString","coordinates":[[126.9436325,37.5520202],[126.9437958,37.5518565],[126.9438474,37.5517322],[126.9437052,37.5513125],[126.9436496,37.5511484],[126.9435862,37.5509435],[126.9435615,37.5508635]]}},{"type":"Feature","properties":{"class":"alley","highway":"service","sidewalk":"unknown","lanes":0,"name":"","oneway":false},"geometry":{"type":"LineString","coordinates":[[126.9403508,37.5506639],[126.939984,37.5506794],[126.9399485,37.5506809],[126.9399118,37.5506897],[126.9396105,37.5507617],[126.9394228,37.5509446],[126.9393736,37.5506617],[126.9393178,37.550341],[126.9393268,37.5503132],[126.9393751,37.5501639],[126.9399791,37.5502941],[126.9400445,37.5503082],[126.9406193,37.5504321]]}},{"type":"Feature","properties":{"class":"major","highway":"tertiary","sidewalk":"likely","lanes":0,"name":"통일로4길","oneway":false},"geometry":{"type":"LineString","coordinates":[[126.9673372,37.5663828],[126.9673972,37.5663307],[126.9678344,37.5659514],[126.9679415,37.5658456],[126.9680719,37.5657012],[126.9680835,37.5656854],[126.9681787,37.5655561],[126.9683956,37.5651973],[126.9685428,37.564921],[126.9686725,37.5646105],[126.9687399,37.5644245],[126.9688053,37.5641878],[126.9688513,37.5638565],[126.968862,37.5635676],[126.968713,37.5634488]]}},{"type":"Feature","properties":{"class":"minor","highway":"residential","sidewalk":"unknown","lanes":0,"name":"만리재로","oneway":true},"geometry":{"type":"LineString","coordinates":[[126.9684059,37.5564611],[126.968386,37.5561362],[126.9683754,37.5560777],[126.9682924,37.5559475],[126.9680637,37.5556431],[126.9679259,37.55547],[126.9676861,37.5551762],[126.9675497,37.5550199],[126.9674472,37.5549137],[126.9673253,37.5547946],[126.9672365,37.5547159],[126.9669831,37.5545501]]}},{"type":"Feature","properties":{"class":"major","highway":"primary","sidewalk":"likely","lanes":0,"name":"신촌로","oneway":true},"geometry":{"type":"LineString","coordinates":[[126.9458567,37.5567077],[126.9461311,37.5567187],[126.9464847,37.5567329],[126.9468645,37.5567481],[126.9472105,37.5567621],[126.9484608,37.5568422],[126.9493928,37.5569019],[126.9497958,37.5569277],[126.9500793,37.5569459],[126.9509672,37.5570027],[126.9517729,37.5570503],[126.9519828,37.5571092]]}},{"type":"Feature","properties":{"class":"alley","highway":"pedestrian","sidewalk":"unknown","lanes":0,"name":"만리재로","oneway":false},"geometry":{"type":"LineString","coordinates":[[126.9674838,37.5548981],[126.967527,37.5549332],[126.9675675,37.554966],[126.9677125,37.5550836],[126.9677786,37.5551372]]}},{"type":"Feature","properties":{"class":"major","highway":"trunk_link","sidewalk":"likely","lanes":0,"name":"","oneway":true},"geometry":{"type":"LineString","coordinates":[[126.9443681,37.5385475],[126.9438451,37.538298],[126.9436557,37.5382304],[126.9435728,37.5382072],[126.9435616,37.5382041],[126.9435591,37.5382034],[126.9434125,37.5381865],[126.9431545,37.5381803],[126.9421748,37.5382342],[126.9419395,37.5382798],[126.9416724,37.53836],[126.941418,37.5385061]]}},{"type":"Feature","properties":{"class":"minor","highway":"residential","sidewalk":"unknown","lanes":0,"name":"토정로32길","oneway":false},"geometry":{"type":"LineString","coordinates":[[126.9424551,37.5393769],[126.9421979,37.5395575],[126.9415417,37.5400048],[126.9409875,37.5403816]]}},{"type":"Feature","properties":{"class":"major","highway":"trunk_link","sidewalk":"likely","lanes":0,"name":"","oneway":true},"geometry":{"type":"LineString","coordinates":[[126.941418,37.5385061],[126.9413232,37.5385857],[126.941055,37.5389313],[126.9407658,37.5393104]]}},{"type":"Feature","properties":{"class":"major","highway":"primary","sidewalk":"likely","lanes":0,"name":"청파로","oneway":false},"geometry":{"type":"LineString","coordinates":[[126.9675374,37.5614201],[126.9675773,37.5613411],[126.9677585,37.5609816]]}},{"type":"Feature","properties":{"class":"major","highway":"primary","sidewalk":"likely","lanes":8,"name":"통일로","oneway":true},"geometry":{"type":"LineString","coordinates":[[126.9665825,37.5658697],[126.9667264,37.5657583]]}},{"type":"Feature","properties":{"class":"major","highway":"primary","sidewalk":"likely","lanes":5,"name":"마포대로","oneway":true},"geometry":{"type":"LineString","coordinates":[[126.950854,37.5437655],[126.9506072,37.5434469],[126.9503557,37.5431151],[126.949994,37.5426528],[126.9498594,37.5424935],[126.9497409,37.542379]]}},{"type":"Feature","properties":{"class":"major","highway":"primary","sidewalk":"likely","lanes":5,"name":"마포대로","oneway":true},"geometry":{"type":"LineString","coordinates":[[126.9456794,37.5392942],[126.9458153,37.539406],[126.9460681,37.539585],[126.946412,37.5398244],[126.9471222,37.5403189],[126.9481227,37.5410351],[126.9483748,37.5412259],[126.9491888,37.5418084],[126.9499011,37.5423217]]}},{"type":"Feature","properties":{"class":"major","highway":"primary","sidewalk":"likely","lanes":0,"name":"서소문로","oneway":true},"geometry":{"type":"LineString","coordinates":[[126.9674427,37.561573],[126.9673466,37.561536],[126.9669286,37.5613748],[126.9667376,37.5612793],[126.9666326,37.5612046],[126.9661745,37.5608895],[126.9661515,37.5608737],[126.9658611,37.5605761]]}},{"type":"Feature","properties":{"class":"major","highway":"primary_link","sidewalk":"likely","lanes":0,"name":"","oneway":true},"geometry":{"type":"LineString","coordinates":[[126.9393424,37.5600204],[126.9396952,37.5600091],[126.9398247,37.5600108],[126.940001,37.560014],[126.940187,37.560009],[126.9402174,37.5600073],[126.940249,37.5599964],[126.9402817,37.5599798],[126.9403198,37.5599508],[126.9403846,37.5598803]]}},{"type":"Feature","properties":{"class":"major","highway":"primary","sidewalk":"likely","lanes":0,"name":"성산로","oneway":true},"geometry":{"type":"LineString","coordinates":[[126.940236,37.5602223],[126.9405236,37.5604184],[126.940732,37.560566],[126.9408848,37.5606988],[126.9411341,37.560953],[126.9412694,37.5611262],[126.9415888,37.5613649]]}},{"type":"Feature","properties":{"class":"major","highway":"secondary","sidewalk":"likely","lanes":0,"name":"대흥로","oneway":false},"geometry":{"type":"LineString","coordinates":[[126.94077,37.54663],[126.9406604,37.5465058],[126.9404951,37.5463184],[126.94002,37.54578],[126.9399125,37.5456688],[126.9396983,37.545447],[126.9395518,37.5452795],[126.9394768,37.5451937],[126.93936,37.54506],[126.9391502,37.5448099],[126.9391,37.54475],[126.9389765,37.5446203],[126.9389,37.54454],[126.9388954,37.5445349],[126.9387171,37.5443405],[126.93868,37.5443],[126.93856,37.54417],[126.9384606,37.5440338],[126.9384095,37.5439704],[126.9383642,37.5438855],[126.937933,37.54344],[126.9376,37.54303],[126.9373586,37.5427483],[126.9372528,37.5426186],[126.93706,37.54239],[126.9370405,37.5423705],[126.93702,37.54235],[126.9368192,37.5422307]]}},{"type":"Feature","properties":{"class":"major","highway":"secondary","sidewalk":"likely","lanes":0,"name":"대흥로","oneway":false},"geometry":{"type":"LineString","coordinates":[[126.94077,37.54663],[126.9409161,37.5467941],[126.9410285,37.5469204],[126.9410794,37.5469709],[126.941151,37.5470498],[126.9413542,37.5472737],[126.9415761,37.5475182],[126.9417299,37.5476752],[126.941883,37.5478347]]}},{"type":"Feature","properties":{"class":"major","highway":"secondary","sidewalk":"likely","lanes":0,"name":"백범로","oneway":true},"geometry":{"type":"LineString","coordinates":[[126.941951,37.5478974],[126.9417692,37.5479889],[126.9415733,37.54808],[126.9406206,37.5485034],[126.9402282,37.5486691],[126.939887,37.5488224],[126.9394262,37.5490556],[126.9392121,37.5491774],[126.9390063,37.5493176],[126.9389139,37.5493949],[126.9388169,37.5494721],[126.9387382,37.5495554],[126.938641,37.5496684],[126.9385683,37.5497897]]}},{"type":"Feature","properties":{"class":"minor","highway":"residential","sidewalk":"unknown","lanes":0,"name":"청파로47길","oneway":false},"geometry":{"type":"LineString","coordinates":[[126.96356,37.54498],[126.9635995,37.5449849],[126.9646572,37.5451458],[126.9648591,37.5451529],[126.9649935,37.5451576],[126.9653021,37.5451553],[126.9655031,37.5451246],[126.96598,37.54503],[126.9659969,37.5450271],[126.96668,37.54491],[126.9667255,37.5449027],[126.96693,37.54487],[126.9673444,37.544785],[126.9674714,37.544759],[126.9678103,37.5447004]]}},{"type":"Feature","properties":{"class":"minor","highway":"residential","sidewalk":"unknown","lanes":0,"name":"청파로45길","oneway":true},"geometry":{"type":"LineString","coordinates":[[126.9678103,37.5447004],[126.9682372,37.5446152],[126.9687794,37.5445189],[126.9692491,37.5444372],[126.9695524,37.5443874],[126.9700167,37.5443023],[126.9705885,37.5441976],[126.9706771,37.5441805]]}},{"type":"Feature","properties":{"class":"minor","highway":"residential","sidewalk":"unknown","lanes":0,"name":"청파로47길","oneway":true},"geometry":{"type":"LineString","coordinates":[[126.9705542,37.5449153],[126.970177,37.5448793],[126.9695284,37.5448282],[126.9694,37.54482],[126.96814,37.5447],[126.9678103,37.5447004]]}},{"type":"Feature","properties":{"class":"major","highway":"secondary","sidewalk":"likely","lanes":0,"name":"신촌역로","oneway":false},"geometry":{"type":"LineString","coordinates":[[126.9403907,37.5592549],[126.940379,37.5595097]]}},{"type":"Feature","properties":{"class":"major","highway":"tertiary","sidewalk":"likely","lanes":0,"name":"손기정로","oneway":false},"geometry":{"type":"LineString","coordinates":[[126.9603977,37.5579049],[126.9604748,37.5578409]]}},{"type":"Feature","properties":{"class":"alley","highway":"service","sidewalk":"unknown","lanes":0,"name":"","oneway":false},"geometry":{"type":"LineString","coordinates":[[126.9634464,37.5556491],[126.9635361,37.555703],[126.9635595,37.5557161],[126.9637169,37.5558053],[126.9639402,37.555809],[126.9641407,37.5559706],[126.9643774,37.5560503],[126.9649085,37.556364],[126.9651834,37.5563746],[126.9652525,37.5563868],[126.9652833,37.5564145],[126.9652818,37.556434],[126.9652694,37.5565245],[126.9651861,37.5565594],[126.9648196,37.5565748],[126.9645216,37.5565973],[126.9644672,37.5566452],[126.9641367,37.5566638],[126.9640542,37.5566494],[126.9635566,37.5566787]]}},{"type":"Feature","properties":{"class":"minor","highway":"residential","sidewalk":"unknown","lanes":0,"name":"효창목길","oneway":false},"geometry":{"type":"LineString","coordinates":[[126.9615899,37.5468375],[126.961168,37.5470555],[126.9610918,37.5470949],[126.9610752,37.5471035],[126.9606845,37.5472718]]}},{"type":"Feature","properties":{"class":"minor","highway":"residential","sidewalk":"unknown","lanes":0,"name":"효창목2길","oneway":false},"geometry":{"type":"LineString","coordinates":[[126.9591808,37.5472677],[126.9591387,37.5470823],[126.9591399,37.5470568],[126.9591463,37.5469155],[126.959151,37.546814],[126.9591675,37.5464536],[126.9591959,37.5458319]]}},{"type":"Feature","properties":{"class":"minor","highway":"residential","sidewalk":"unknown","lanes":0,"name":"효창목4길","oneway":false},"geometry":{"type":"LineString","coordinates":[[126.9591808,37.5472677],[126.9598897,37.5472694],[126.9599749,37.5472633],[126.9604583,37.547261],[126.9606845,37.5472718]]}},{"type":"Feature","properties":{"class":"minor","highway":"residential","sidewalk":"unknown","lanes":0,"name":"신촌로33길","oneway":false},"geometry":{"type":"LineString","coordinates":[[126.9544473,37.5573807],[126.9544194,37.5576518],[126.9544161,37.5576705],[126.9543988,37.5578458]]}},{"type":"Feature","properties":{"class":"minor","highway":"residential","sidewalk":"unknown","lanes":0,"name":"북아현로11길","oneway":false},"geometry":{"type":"LineString","coordinates":[[126.9556847,37.5621571],[126.9551474,37.562024],[126.9540839,37.5617676],[126.9539307,37.5617186],[126.9536405,37.5615875],[126.9534862,37.5615313],[126.9531673,37.5614721],[126.9527154,37.5614122],[126.9525969,37.5613919],[126.9522146,37.5612706]]}},{"type":"Feature","properties":{"class":"minor","highway":"residential","sidewalk":"unknown","lanes":0,"name":"이화여대2다길","oneway":false},"geometry":{"type":"LineString","coordinates":[[126.9479879,37.558791],[126.9480089,37.5586301],[126.9481067,37.5584985],[126.9481683,37.5584314],[126.9483701,37.5583105],[126.9485541,37.5580367],[126.9487864,37.5575479]]}},{"type":"Feature","properties":{"class":"minor","highway":"residential","sidewalk":"unknown","lanes":0,"name":"이화여대3길","oneway":false},"geometry":{"type":"LineString","coordinates":[[126.9427812,37.5579006],[126.9428685,37.5579081],[126.9429256,37.5579154],[126.9434558,37.5579386],[126.9435434,37.5579446],[126.9446402,37.5579832],[126.9451575,37.5580056],[126.9458156,37.5580341]]}},{"type":"Feature","properties":{"class":"minor","highway":"residential","sidewalk":"unknown","lanes":0,"name":"이화여대7길","oneway":false},"geometry":{"type":"LineString","coordinates":[[126.9436416,37.5591439],[126.9436605,37.5586984],[126.9434356,37.5584777],[126.94289,37.5584544],[126.942831,37.5584473]]}},{"type":"Feature","properties":{"class":"minor","highway":"residential","sidewalk":"unknown","lanes":0,"name":"이화여대7길","oneway":false},"geometry":{"type":"LineString","coordinates":[[126.9436605,37.5586984],[126.9445842,37.5587273],[126.9457452,37.5587741]]}},{"type":"Feature","properties":{"class":"minor","highway":"residential","sidewalk":"unknown","lanes":0,"name":"이화여대7길","oneway":false},"geometry":{"type":"LineString","coordinates":[[126.9445376,37.5591632],[126.9445842,37.5587273]]}},{"type":"Feature","properties":{"class":"minor","highway":"residential","sidewalk":"unknown","lanes":0,"name":"대흥로30길","oneway":false},"geometry":{"type":"LineString","coordinates":[[126.9458669,37.5562777],[126.9462645,37.5562987],[126.9465016,37.5563138],[126.9468882,37.5563358],[126.9472114,37.5563542],[126.9475849,37.5563779],[126.9480506,37.556402],[126.9481909,37.5564197],[126.9485544,37.5564299],[126.9493816,37.5564778],[126.949614,37.556491],[126.9498268,37.5565142]]}},{"type":"Feature","properties":{"class":"minor","highway":"residential","sidewalk":"unknown","lanes":0,"name":"신촌로30길","oneway":false},"geometry":{"type":"LineString","coordinates":[[126.9519828,37.5571092],[126.9520389,37.5570011],[126.9520662,37.5568699],[126.9520596,37.5566644],[126.9520376,37.5565828]]}},{"type":"Feature","properties":{"class":"minor","highway":"residential","sidewalk":"unknown","lanes":0,"name":"숭문길","oneway":false},"geometry":{"type":"LineString","coordinates":[[126.9465016,37.5563138],[126.9465263,37.5558325],[126.9465434,37.5553365],[126.9465802,37.5543195],[126.9466205,37.5531834],[126.9466897,37.5523648],[126.9466978,37.552065],[126.9466565,37.5514503],[126.9465933,37.5510147],[126.9465713,37.5508635],[126.9464371,37.5505724],[126.9464008,37.5504936],[126.9463798,37.5504541],[126.9461942,37.5500933],[126.9458894,37.5495298],[126.9458782,37.5495086],[126.9458001,37.5493794],[126.9456931,37.549199],[126.9456382,37.5491066],[126.9455836,37.5489538]]}},{"type":"Feature","properties":{"class":"minor","highway":"residential","sidewalk":"unknown","lanes":0,"name":"백범로25길","oneway":false},"geometry":{"type":"LineString","coordinates":[[126.9461063,37.5459853],[126.9461627,37.5460738]]}},{"type":"Feature","properties":{"class":"minor","highway":"residential","sidewalk":"unknown","lanes":0,"name":"대흥로20길","oneway":false},"geometry":{"type":"LineString","coordinates":[[126.9438697,37.5501069],[126.9440914,37.5501439],[126.9464371,37.5505724]]}},{"type":"Feature","properties":{"class":"minor","highway":"residential","sidewalk":"unknown","lanes":0,"name":"숭문16길","oneway":true},"geometry":{"type":"LineString","coordinates":[[126.9465263,37.5558325],[126.9468168,37.5558307],[126.9469481,37.5558299],[126.9469713,37.5558298],[126.947025,37.5558295],[126.9470397,37.5558294],[126.9470843,37.5558291],[126.9473257,37.5558277],[126.9473475,37.5558267],[126.947416,37.5558234],[126.9477559,37.5558071],[126.9479723,37.5557967]]}},{"type":"Feature","properties":{"class":"minor","highway":"residential","sidewalk":"unknown","lanes":0,"name":"고산길","oneway":false},"geometry":{"type":"LineString","coordinates":[[126.9372307,37.553154],[126.9373042,37.553212],[126.9375816,37.5533444],[126.9377986,37.5534386],[126.9382944,37.5536818],[126.9386701,37.5538484],[126.9390653,37.5539906],[126.9391734,37.554026],[126.9401891,37.5543547],[126.9403352,37.5544077],[126.9406629,37.5545176],[126.9407664,37.5545522],[126.9408156,37.554571],[126.9413631,37.5547364],[126.9417073,37.5548597],[126.9420676,37.5549786],[126.9421534,37.5550065],[126.9422188,37.5550277],[126.942369,37.5550383],[126.942904,37.555042],[126.9429662,37.5550286]]}},{"type":"Feature","properties":{"class":"minor","highway":"residential","sidewalk":"unknown","lanes":0,"name":"숭문16나길","oneway":true},"geometry":{"type":"LineString","coordinates":[[126.9479723,37.5557967],[126.9480066,37.5556322],[126.9481114,37.5555071],[126.9482355,37.5553589],[126.9482708,37.5553158],[126.9483885,37.5552182],[126.9485877,37.5550548]]}},{"type":"Feature","properties":{"class":"minor","highway":"residential","sidewalk":"unknown","lanes":0,"name":"백범로31길","oneway":false},"geometry":{"type":"LineString","coordinates":[[126.948927,37.5448832],[126.9489768,37.5449589],[126.949162,37.5452524],[126.9492119,37.5453218],[126.949269,37.5453976],[126.9493618,37.5455263],[126.9494301,37.5455976],[126.9495097,37.5456911],[126.9495489,37.5457193],[126.9495939,37.5457421],[126.9496906,37.5457788],[126.949755,37.5458102],[126.9499466,37.5459231],[126.9500525,37.5459868],[126.9501912,37.5461464]]}},{"type":"Feature","properties":{"class":"minor","highway":"residential","sidewalk":"unknown","lanes":0,"name":"마포대로11다길","oneway":false},"geometry":{"type":"LineString","coordinates":[[126.9484939,37.5489502],[126.9485652,37.549163],[126.9487902,37.5498348],[126.9488436,37.5499664]]}},{"type":"Feature","properties":{"class":"minor","highway":"residential","sidewalk":"unknown","lanes":0,"name":"백범로25길","oneway":false},"geometry":{"type":"LineString","coordinates":[[126.9476724,37.5489657],[126.9477732,37.5491577],[126.9478252,37.5492568],[126.9478344,37.5492741],[126.9479551,37.5495019],[126.9481776,37.5499287]]}},{"type":"Feature","properties":{"class":"minor","highway":"residential","sidewalk":"unknown","lanes":0,"name":"고산2길","oneway":false},"geometry":{"type":"LineString","coordinates":[[126.9375816,37.5533444],[126.9378565,37.5532795],[126.9379797,37.5532532],[126.9380879,37.5532551],[126.9382978,37.5533],[126.9383898,37.5533344],[126.9386108,37.5534443],[126.9387235,37.553512],[126.9388177,37.5535284],[126.9390103,37.55355],[126.9391552,37.5535689],[126.9393117,37.5536093],[126.939443,37.5536582],[126.9394977,37.5536786],[126.9397221,37.5537837],[126.9397983,37.5538218],[126.9398536,37.5538382],[126.9399137,37.553845],[126.9399705,37.5538421],[126.9400346,37.5538302],[126.9401541,37.5537999],[126.9402272,37.553787],[126.9403186,37.5537867],[126.9403996,37.5537906],[126.9404819,37.5538006],[126.9405625,37.5538179],[126.9406775,37.5538593],[126.9407164,37.5538733],[126.9407788,37.5539015],[126.9409344,37.5539692],[126.9409842,37.5539959],[126.9410154,37.5540207],[126.9411244,37.5541138],[126.9411829,37.5541573],[126.941294,37.554222],[126.9413866,37.5542538],[126.9415563,37.55427],[126.9417205,37.5542629],[126.9418996,37.5542814],[126.9420873,37.5543451],[126.9423372,37.5544326],[126.9424092,37.5544578],[126.9426294,37.5545928],[126.9428029,37.5547143],[126.9429012,37.5548379],[126.9429662,37.5550286]]}},{"type":"Feature","properties":{"class":"minor","highway":"residential","sidewalk":"unknown","lanes":0,"name":"신촌로24안길","oneway":false},"geometry":{"type":"LineString","coordinates":[[126.9429456,37.5556869],[126.9423264,37.5556496],[126.9421678,37.5556401],[126.942039,37.5556301],[126.9414029,37.5555784]]}},{"type":"Feature","properties":{"class":"minor","highway":"residential","sidewalk":"unknown","lanes":0,"name":"백범로1길","oneway":false},"geometry":{"type":"LineString","coordinates":[[126.9397589,37.5555076],[126.9402391,37.5556739],[126.9404853,37.5557567],[126.9408053,37.5558611],[126.9409495,37.5559093],[126.9412665,37.5560137],[126.9425283,37.5560686],[126.9429499,37.5560973]]}},{"type":"Feature","properties":{"class":"minor","highway":"residential","sidewalk":"unknown","lanes":0,"name":"신촌로24길","oneway":false},"geometry":{"type":"LineString","coordinates":[[126.9410833,37.5563648],[126.9411195,37.556293],[126.9412665,37.5560137],[126.9414029,37.5555784],[126.9415031,37.555319],[126.9415534,37.555194],[126.9417073,37.5548597],[126.9418996,37.5542814]]}},{"type":"Feature","properties":{"class":"minor","highway":"residential","sidewalk":"unknown","lanes":0,"name":"신촌로22길","oneway":false},"geometry":{"type":"LineString","coordinates":[[126.9400599,37.5560306],[126.9400974,37.5559504],[126.9402391,37.5556739],[126.9404898,37.5552014],[126.9405842,37.5550264],[126.9407121,37.554776],[126.9408156,37.554571]]}},{"type":"Feature","properties":{"class":"minor","highway":"residential","sidewalk":"unknown","lanes":0,"name":"북아현로6길","oneway":false},"geometry":{"type":"LineString","coordinates":[[126.9559583,37.5612204],[126.9560668,37.5612043],[126.9566334,37.5612989],[126.9567551,37.560937],[126.9568117,37.5608168],[126.9568901,37.5606867],[126.9570814,37.5604121],[126.9572833,37.5601828],[126.9573397,37.5601188],[126.957562,37.559851]]}},{"type":"Feature","properties":{"class":"minor","highway":"residential","sidewalk":"unknown","lanes":0,"name":"북아현로14길","oneway":false},"geometry":{"type":"LineString","coordinates":[[126.9554997,37.5625695],[126.9562073,37.5627898],[126.9562611,37.5628064],[126.9568324,37.5629835],[126.9573055,37.5631359],[126.9576887,37.5632594],[126.9579411,37.5638165],[126.958015,37.563908],[126.9580995,37.5640127],[126.9583718,37.56415],[126.9589735,37.5643348],[126.9590945,37.5644081]]}},{"type":"Feature","properties":{"class":"minor","highway":"residential","sidewalk":"unknown","lanes":0,"name":"통일로","oneway":false},"geometry":{"type":"LineString","coordinates":[[126.9657649,37.5645023],[126.9668292,37.5645295],[126.9676441,37.5646169]]}},{"type":"Feature","properties":{"class":"major","highway":"tertiary","sidewalk":"likely","lanes":0,"name":"만리재옛길","oneway":false},"geometry":{"type":"LineString","coordinates":[[126.9540073,37.5444988],[126.9539915,37.5445569],[126.954618,37.5451619],[126.954712,37.5452239],[126.954873,37.5453979],[126.9550335,37.5455714],[126.955237,37.5457913],[126.9553862,37.5459549],[126.9554554,37.5460295],[126.9556046,37.5461945],[126.9556768,37.5462743],[126.9556926,37.5462915],[126.9557434,37.5463833],[126.955867,37.5466065],[126.9559161,37.5466969],[126.9560357,37.5469171],[126.9561724,37.5472306],[126.9561653,37.5472462],[126.9562578,37.5473562],[126.9562988,37.5474023],[126.9564678,37.5475493],[126.9565111,37.5475869],[126.9565587,37.5476374],[126.9570591,37.5481682]]}},{"type":"Feature","properties":{"class":"minor","highway":"residential","sidewalk":"unknown","lanes":0,"name":"마포대로20길","oneway":false},"geometry":{"type":"LineString","coordinates":[[126.9569659,37.552246],[126.9570618,37.5522272],[126.9574776,37.5521467],[126.9578147,37.5520796],[126.9583028,37.5518632],[126.9585719,37.5517227]]}},{"type":"Feature","properties":{"class":"minor","highway":"residential","sidewalk":"unknown","lanes":0,"name":"마포대로14길","oneway":false},"geometry":{"type":"LineString","coordinates":[[126.9543208,37.5490143],[126.9544204,37.5489856],[126.9545353,37.5489525]]}},{"type":"Feature","properties":{"class":"minor","highway":"residential","sidewalk":"unknown","lanes":0,"name":"마포대로14가길","oneway":true},"geometry":{"type":"LineString","coordinates":[[126.9564918,37.5504218],[126.9563486,37.5501285],[126.9562169,37.549859],[126.9561686,37.5497601],[126.9560546,37.5495269],[126.9559207,37.549253],[126.955788,37.5489716],[126.955634,37.5486084]]}},{"type":"Feature","properties":{"class":"minor","highway":"residential","sidewalk":"unknown","lanes":0,"name":"마포대로14길","oneway":false},"geometry":{"type":"LineString","coordinates":[[126.9570591,37.5481682],[126.9572623,37.5479747],[126.9573981,37.5478455],[126.9575775,37.5476106],[126.9576206,37.5475541]]}},{"type":"Feature","properties":{"class":"minor","highway":"residential","sidewalk":"unknown","lanes":0,"name":"만리재옛11길","oneway":false},"geometry":{"type":"LineString","coordinates":[[126.9582168,37.5513559],[126.9583926,37.5512327],[126.9584825,37.5509687],[126.9585891,37.5508183],[126.9586078,37.5507961],[126.9587156,37.5506678],[126.9591551,37.5503853],[126.9591879,37.5503593],[126.9592351,37.550322],[126.9593616,37.5501161],[126.9594634,37.5500041]]}},{"type":"Feature","properties":{"class":"minor","highway":"residential","sidewalk":"unknown","lanes":0,"name":"환일길","oneway":false},"geometry":{"type":"LineString","coordinates":[[126.9604748,37.5578409],[126.960068,37.5573136],[126.9599577,37.5570784],[126.9599262,37.5568365],[126.9599082,37.5566593],[126.9599386,37.5565567],[126.9604794,37.5561106],[126.9605929,37.556017],[126.9606348,37.5559624],[126.9607108,37.5558632],[126.9607262,37.5557649],[126.9607799,37.5554209],[126.9608059,37.555254],[126.9608454,37.5549496],[126.96092,37.5543735],[126.9609272,37.5543449],[126.9609643,37.5541966],[126.9609733,37.5541606],[126.9610988,37.5536588],[126.9611428,37.5535687],[126.9612638,37.5532809],[126.9613939,37.5530591],[126.9614637,37.5529268],[126.9616001,37.5526681],[126.9616032,37.5526622],[126.9616929,37.5524932],[126.9617624,37.5523855],[126.96179,37.5523653],[126.9618174,37.5523313],[126.9619049,37.5522689],[126.9619597,37.5522076],[126.9620526,37.552113],[126.9620962,37.5520069],[126.9621353,37.5518767],[126.9622403,37.5517469],[126.9623373,37.5516418],[126.9624642,37.551548],[126.9625268,37.5515017]]}},{"type":"Feature","properties":{"class":"minor","highway":"residential","sidewalk":"unknown","lanes":0,"name":"손기정로6길","oneway":false},"geometry":{"type":"LineString","coordinates":[[126.9609331,37.5564366],[126.9610265,37.5565114],[126.9612603,37.5566869],[126.9615936,37.5569366]]}},{"type":"Feature","properties":{"class":"minor","highway":"residential","sidewalk":"unknown","lanes":0,"name":"서소문로6길","oneway":false},"geometry":{"type":"LineString","coordinates":[[126.9683134,37.5598809],[126.9677433,37.5597224],[126.9674234,37.5596742],[126.9670308,37.5596481],[126.9666278,37.5597001],[126.9662119,37.5598292],[126.9660179,37.5600235],[126.9658279,37.5602122],[126.9657075,37.5603281],[126.9656137,37.5604209]]}},{"type":"Feature","properties":{"class":"minor","highway":"residential","sidewalk":"unknown","lanes":0,"name":"북아현로6길","oneway":false},"geometry":{"type":"LineString","coordinates":[[126.9581581,37.5620119],[126.9584459,37.5613471],[126.9586937,37.5607747],[126.9587625,37.5606157]]}},{"type":"Feature","properties":{"class":"minor","highway":"residential","sidewalk":"unknown","lanes":0,"name":"신촌로","oneway":false},"geometry":{"type":"LineString","coordinates":[[126.9498176,37.5570937],[126.9497989,37.5573835]]}},{"type":"Feature","properties":{"class":"minor","highway":"residential","sidewalk":"unknown","lanes":0,"name":"북아현로4아길","oneway":false},"geometry":{"type":"LineString","coordinates":[[126.9592362,37.5601694],[126.9592943,37.5604935],[126.9593113,37.5605883],[126.95931,37.5606117],[126.9593086,37.5607265],[126.9591291,37.5611269],[126.958904,37.5615426],[126.9588271,37.561627],[126.9587375,37.5616473],[126.9586632,37.5616595],[126.9586274,37.5617268],[126.9585699,37.5618647]]}},{"type":"Feature","properties":{"class":"minor","highway":"residential","sidewalk":"unknown","lanes":0,"name":"신촌로37길","oneway":false},"geometry":{"type":"LineString","coordinates":[[126.9568327,37.557449],[126.9568406,37.5575282],[126.9568554,37.5576752],[126.9568708,37.5578318],[126.9568733,37.5578571]]}},{"type":"Feature","properties":{"class":"minor","highway":"residential","sidewalk":"unknown","lanes":0,"name":"청파로89길","oneway":false},"geometry":{"type":"LineString","coordinates":[[126.9652651,37.5537567],[126.9655971,37.5534565],[126.9656636,37.5534036],[126.9657022,37.5533638],[126.9661134,37.5532116],[126.9662879,37.5531974]]}},{"type":"Feature","properties":{"class":"minor","highway":"residential","sidewalk":"unknown","lanes":0,"name":"청파로47나길","oneway":false},"geometry":{"type":"LineString","coordinates":[[126.96693,37.54487],[126.9669399,37.5449854],[126.9669963,37.5456417],[126.9670184,37.5456764],[126.9674599,37.5463449],[126.9676438,37.5466471],[126.9677903,37.5468851],[126.967873,37.5470146],[126.9678845,37.5470604],[126.9680324,37.5476465],[126.9681724,37.5478685],[126.9683725,37.5481906],[126.9683657,37.5484048],[126.9684236,37.5485656],[126.9686337,37.5487954],[126.9686989,37.548962],[126.9690829,37.5492549],[126.9693056,37.5494253]]}},{"type":"Feature","properties":{"class":"minor","highway":"residential","sidewalk":"unknown","lanes":0,"name":"토정로","oneway":false},"geometry":{"type":"LineString","coordinates":[[126.9431743,37.5395696],[126.9436067,37.5399302]]}},{"type":"Feature","properties":{"class":"minor","highway":"residential","sidewalk":"unknown","lanes":0,"name":"백범로17길","oneway":false},"geometry":{"type":"LineString","coordinates":[[126.9436735,37.5471476],[126.9436945,37.5471891],[126.9437419,37.5472767],[126.9437497,37.5473932],[126.9437631,37.5474457],[126.9440435,37.5477606],[126.9440689,37.5478357],[126.9441287,37.5479669],[126.9441486,37.5480708],[126.9442809,37.5483022],[126.9444558,37.5485476],[126.9445101,37.5486704],[126.9445204,37.5487001],[126.9446702,37.5491306],[126.9448984,37.5494408],[126.9450832,37.5495241],[126.9452732,37.5495249],[126.9453491,37.5495188],[126.9456101,37.5495009],[126.9458782,37.5495086]]}},{"type":"Feature","properties":{"class":"minor","highway":"residential","sidewalk":"unknown","lanes":0,"name":"경기대로3길","oneway":false},"geometry":{"type":"LineString","coordinates":[[126.9592948,37.562491],[126.9595729,37.5621981],[126.9596251,37.5621268],[126.9596687,37.561994],[126.9596939,37.5618089],[126.9597563,37.5616836],[126.9599454,37.561697],[126.9602092,37.5618047],[126.9604871,37.5618343],[126.9605149,37.5619617]]}},{"type":"Feature","properties":{"class":"minor","highway":"residential","sidewalk":"unknown","lanes":2,"name":"독립문로14길","oneway":false},"geometry":{"type":"LineString","coordinates":[[126.9593504,37.5663535],[126.9593607,37.5663504],[126.9594055,37.5663246],[126.959427,37.5662932],[126.959471,37.566208],[126.9596347,37.5658907],[126.9598755,37.5659638],[126.9602239,37.5661019],[126.9604702,37.5663344],[126.9606798,37.5665323],[126.9608194,37.5665969],[126.9614432,37.5668856],[126.9617506,37.5668288],[126.9620426,37.5666501],[126.9622065,37.5666298],[126.9626727,37.5666826],[126.9632619,37.566841],[126.9637082,37.5669634],[126.9639439,37.567028],[126.964084,37.5670653]]}},{"type":"Feature","properties":{"class":"minor","highway":"residential","sidewalk":"unknown","lanes":0,"name":"굴레방로7길","oneway":true},"geometry":{"type":"LineString","coordinates":[[126.9532949,37.5563386],[126.9520376,37.5565828]]}},{"type":"Feature","properties":{"class":"minor","highway":"residential","sidewalk":"unknown","lanes":0,"name":"북아현로22나길","oneway":false},"geometry":{"type":"LineString","coordinates":[[126.9581781,37.5653018],[126.9581963,37.5653873],[126.9583032,37.5655987],[126.9583484,37.5656527],[126.9584391,37.5657609],[126.9585586,37.565837],[126.9586772,37.565891]]}},{"type":"Feature","properties":{"class":"minor","highway":"residential","sidewalk":"unknown","lanes":0,"name":"북아현로4라길","oneway":false},"geometry":{"type":"LineString","coordinates":[[126.9580678,37.5580731],[126.9580919,37.5582447],[126.9580961,37.5582743],[126.9580985,37.5582917],[126.9581474,37.5583885],[126.9581856,37.5584643],[126.958347,37.5585821],[126.9585032,37.5586714],[126.9585353,37.5586833],[126.9586236,37.5587161],[126.9589131,37.5587933],[126.9590323,37.5588384]]}},{"type":"Feature","properties":{"class":"minor","highway":"residential","sidewalk":"unknown","lanes":0,"name":"북아현로20길","oneway":false},"geometry":{"type":"LineString","coordinates":[[126.958015,37.563908],[126.9574389,37.563997],[126.9568494,37.564088],[126.9560142,37.564217],[126.9552792,37.5643305],[126.9547154,37.5644176],[126.9542312,37.5645066],[126.953659,37.5645913]]}},{"type":"Feature","properties":{"class":"minor","highway":"residential","sidewalk":"unknown","lanes":0,"name":"북아현로12길","oneway":false},"geometry":{"type":"LineString","coordinates":[[126.9556482,37.5622556],[126.9564244,37.5625125],[126.9574413,37.5628466],[126.9581301,37.5629592]]}},{"type":"Feature","properties":{"class":"minor","highway":"residential","sidewalk":"unknown","lanes":0,"name":"마포대로8길","oneway":true},"geometry":{"type":"LineString","coordinates":[[126.9530534,37.5467494],[126.9531878,37.5466884],[126.9536675,37.5464659],[126.9537886,37.5464101],[126.9543498,37.5461513],[126.955237,37.5457913]]}},{"type":"Feature","properties":{"class":"minor","highway":"residential","sidewalk":"unknown","lanes":0,"name":"만리재로1길","oneway":false},"geometry":{"type":"LineString","coordinates":[[126.9521962,37.5441752],[126.9521585,37.5443481],[126.9522033,37.5444167],[126.9523105,37.5445807],[126.9524885,37.5448206],[126.9530619,37.5456083],[126.9536675,37.5464659],[126.9538259,37.5466857],[126.9540315,37.546971],[126.9540361,37.5469773],[126.9541978,37.5472017]]}},{"type":"Feature","properties":{"class":"minor","highway":"residential","sidewalk":"unknown","lanes":0,"name":"신촌로34길","oneway":false},"geometry":{"type":"LineString","coordinates":[[126.9544971,37.556801],[126.9545296,37.556452],[126.9545448,37.5562892],[126.9545569,37.5561904],[126.9545675,37.5561031],[126.9547822,37.55579],[126.9549688,37.5555757],[126.9551463,37.5553319]]}},{"type":"Feature","properties":{"class":"minor","highway":"residential","sidewalk":"unknown","lanes":0,"name":"북아현로18길","oneway":false},"geometry":{"type":"LineString","coordinates":[[126.9544905,37.5640867],[126.9551341,37.5639603],[126.9557969,37.5638329],[126.9558998,37.56381],[126.9561922,37.5637495],[126.9567447,37.5636441],[126.9572468,37.5632705],[126.9573055,37.5631359]]}},{"type":"Feature","properties":{"class":"minor","highway":"residential","sidewalk":"unknown","lanes":0,"name":"대흥로18길","oneway":false},"geometry":{"type":"LineString","coordinates":[[126.9431818,37.5493363],[126.9432534,37.5493076],[126.9433084,37.5492856],[126.9435163,37.5492492],[126.9438641,37.5492135],[126.9445224,37.5491755],[126.9446702,37.5491306]]}},{"type":"Feature","properties":{"class":"minor","highway":"residential","sidewalk":"unknown","lanes":0,"name":"경기대로7길","oneway":false},"geometry":{"type":"LineString","coordinates":[[126.9590945,37.5644081],[126.9592144,37.5642639],[126.959361,37.5642347],[126.9595341,37.5638994],[126.9602956,37.5636325],[126.9606801,37.5635132],[126.9612276,37.5633415],[126.962119,37.5630433]]}},{"type":"Feature","properties":{"class":"minor","highway":"residential","sidewalk":"unknown","lanes":0,"name":"토정로37길","oneway":false},"geometry":{"type":"LineString","coordinates":[[126.9461751,37.5435381],[126.9473132,37.5429572]]}},{"type":"Feature","properties":{"class":"minor","highway":"residential","sidewalk":"unknown","lanes":0,"name":"북아현로22길","oneway":false},"geometry":{"type":"LineString","coordinates":[[126.9589735,37.5643348],[126.9575689,37.5645334],[126.9570226,37.5646106],[126.9569692,37.5646182],[126.9565026,37.5646842],[126.956159,37.5647327],[126.9554751,37.5648294],[126.955286,37.5648562],[126.954866,37.5649155],[126.9543514,37.5649897],[126.9537555,37.5650755],[126.9531742,37.5651573],[126.9528792,37.5652004],[126.95265,37.5651466],[126.9525931,37.5651332]]}},{"type":"Feature","properties":{"class":"minor","highway":"residential","sidewalk":"unknown","lanes":0,"name":"북아현로11나길","oneway":false},"geometry":{"type":"LineString","coordinates":[[126.951756,37.5634231],[126.9517458,37.5633573],[126.9517317,37.5632656],[126.9518114,37.5630566],[126.9519744,37.5626612],[126.952062,37.5624666],[126.9521721,37.5622432],[126.9523303,37.5620107],[126.9524323,37.5618647],[126.9524946,37.5617696],[126.9525731,37.5616667],[126.9526542,37.5615421],[126.9527154,37.5614122]]}},{"type":"Feature","properties":{"class":"minor","highway":"residential","sidewalk":"unknown","lanes":0,"name":"북아현로11가길","oneway":false},"geometry":{"type":"LineString","coordinates":[[126.9532199,37.5641012],[126.9541932,37.5631474],[126.9542292,37.5631121],[126.9546977,37.5627678],[126.9549319,37.5624295],[126.9549763,37.5623741],[126.9551474,37.562024]]}},{"type":"Feature","properties":{"class":"minor","highway":"residential","sidewalk":"unknown","lanes":0,"name":"청파로71길","oneway":false},"geometry":{"type":"LineString","coordinates":[[126.9650437,37.5492895],[126.9657185,37.5492676],[126.9661867,37.5492524],[126.9664608,37.549277],[126.9668193,37.5493092],[126.9668904,37.5493156],[126.9673199,37.5493831],[126.9673682,37.5493907],[126.9677587,37.5494521],[126.9681029,37.5497292]]}},{"type":"Feature","properties":{"class":"minor","highway":"residential","sidewalk":"unknown","lanes":0,"name":"백범로15길","oneway":false},"geometry":{"type":"LineString","coordinates":[[126.9433084,37.5492856],[126.943303,37.5492064],[126.9432732,37.5489966],[126.9432604,37.5487739],[126.943249,37.5485757],[126.9430934,37.547925],[126.9429092,37.5475469],[126.9428774,37.547491]]}},{"type":"Feature","properties":{"class":"minor","highway":"residential","sidewalk":"unknown","lanes":0,"name":"마포대로","oneway":false},"geometry":{"type":"LineString","coordinates":[[126.947782,37.5416931],[126.9486099,37.5423128]]}},{"type":"Feature","properties":{"class":"minor","highway":"residential","sidewalk":"unknown","lanes":0,"name":"굴레방로7길","oneway":false},"geometry":{"type":"LineString","coordinates":[[126.9555584,37.5563323],[126.9554839,37.5563564],[126.9554135,37.5563504],[126.955094,37.5563234],[126.9550104,37.5563309],[126.9545448,37.5562892],[126.9544367,37.5562973],[126.9540282,37.556264],[126.953759,37.5562357]]}},{"type":"Feature","properties":{"class":"minor","highway":"residential","sidewalk":"unknown","lanes":0,"name":"청파로71길","oneway":false},"geometry":{"type":"LineString","coordinates":[[126.9668904,37.5493156],[126.9668688,37.5497453],[126.9668648,37.5501634]]}},{"type":"Feature","properties":{"class":"minor","highway":"residential","sidewalk":"unknown","lanes":0,"name":"북아현로19길","oneway":false},"geometry":{"type":"LineString","coordinates":[[126.9535157,37.5643032],[126.9532199,37.5641012],[126.9529737,37.5639916]]}},{"type":"Feature","properties":{"class":"minor","highway":"residential","sidewalk":"no","lanes":1,"name":"충정로","oneway":true},"geometry":{"type":"LineString","coordinates":[[126.9618089,37.5620747],[126.9620228,37.562026],[126.9630603,37.5621867]]}},{"type":"Feature","properties":{"class":"minor","highway":"residential","sidewalk":"unknown","lanes":0,"name":"마포대로21길","oneway":false},"geometry":{"type":"LineString","coordinates":[[126.955094,37.5563234],[126.9553322,37.5554884],[126.9553419,37.5554545],[126.9553003,37.555345],[126.9554658,37.5548157],[126.9555278,37.5546139],[126.9555794,37.5541391],[126.9555828,37.5541077],[126.9557065,37.5537799],[126.9558866,37.553412],[126.9564776,37.5531916]]}},{"type":"Feature","properties":{"class":"minor","highway":"residential","sidewalk":"unknown","lanes":0,"name":"고산14길","oneway":false},"geometry":{"type":"LineString","coordinates":[[126.9430009,37.5533831],[126.9430492,37.5530981],[126.9431827,37.5529887],[126.9434149,37.5529232],[126.9437706,37.552824],[126.9439227,37.5528382],[126.9439922,37.5528447],[126.9442207,37.5531362],[126.944232,37.5533789],[126.9442332,37.5534057],[126.9442315,37.553752],[126.9442074,37.554093],[126.9442069,37.5541391],[126.9442022,37.5545651],[126.9442202,37.5546767]]}},{"type":"Feature","properties":{"class":"minor","highway":"residential","sidewalk":"unknown","lanes":0,"name":"백범로28길","oneway":false},"geometry":{"type":"LineString","coordinates":[[126.947183,37.5449486],[126.9471604,37.5448912],[126.9470487,37.5447293],[126.9469992,37.5446579],[126.9465035,37.5439956]]}},{"type":"Feature","properties":{"class":"minor","highway":"residential","sidewalk":"unknown","lanes":0,"name":"북아현로22라길","oneway":false},"geometry":{"type":"LineString","coordinates":[[126.9540222,37.566196],[126.9539423,37.5657957],[126.9539039,37.5656629],[126.9538441,37.5654557],[126.9537555,37.5650755]]}},{"type":"Feature","properties":{"class":"minor","highway":"residential","sidewalk":"unknown","lanes":0,"name":"북아현로22마길","oneway":false},"geometry":{"type":"LineString","coordinates":[[126.9538441,37.5654557],[126.9544473,37.5653711],[126.9554105,37.5652276],[126.9565039,37.5650647],[126.9568113,37.565081],[126.9570917,37.5650236],[126.9583995,37.5647561],[126.9584712,37.5646911],[126.9588888,37.5646397]]}},{"type":"Feature","properties":{"class":"minor","highway":"residential","sidewalk":"unknown","lanes":0,"name":"청파로93길","oneway":false},"geometry":{"type":"LineString","coordinates":[[126.9655971,37.5534565],[126.9660249,37.5537454],[126.9662059,37.5537177],[126.9664163,37.5537772],[126.9666532,37.5538221],[126.9670435,37.5538962],[126.9675711,37.5541396],[126.9676847,37.5541834],[126.9678768,37.5542573],[126.9679299,37.5542777],[126.9680623,37.5543287],[126.9685676,37.5543516],[126.9686448,37.5543513],[126.9689287,37.554354],[126.9689981,37.5543546]]}},{"type":"Feature","properties":{"class":"minor","highway":"residential","sidewalk":"unknown","lanes":0,"name":"경기대로","oneway":false},"geometry":{"type":"LineString","coordinates":[[126.9606801,37.5635132],[126.9605175,37.5632001],[126.960395,37.5629721],[126.9604155,37.5629112],[126.9612802,37.5626424],[126.9613428,37.5626229],[126.9613736,37.5624076],[126.9615734,37.5624076],[126.9618419,37.5624239]]}},{"type":"Feature","properties":{"class":"major","highway":"tertiary","sidewalk":"likely","lanes":0,"name":"큰우물로","oneway":false},"geometry":{"type":"LineString","coordinates":[[126.9469597,37.5404355],[126.9468117,37.5405378],[126.9454907,37.5414383],[126.9447396,37.5419978],[126.9441383,37.5424045],[126.9437304,37.5426803],[126.943648,37.542736],[126.9433806,37.5429204],[126.9431052,37.5431104],[126.9428856,37.5432618],[126.9421292,37.5437835],[126.9414937,37.5442217],[126.941195,37.5444293],[126.9411437,37.5444649],[126.9411265,37.5444765],[126.9402941,37.5450404],[126.9398742,37.5453269],[126.9396983,37.545447]]}},{"type":"Feature","properties":{"class":"minor","highway":"residential","sidewalk":"unknown","lanes":0,"name":"고산18길","oneway":false},"geometry":{"type":"LineString","coordinates":[[126.9452832,37.5543928],[126.945248,37.554163],[126.9452515,37.5539037],[126.9452581,37.5534162],[126.945271,37.5530562],[126.9452573,37.5528416],[126.9452613,37.55278],[126.9452559,37.5527109],[126.9452137,37.5525865],[126.9451922,37.5525344],[126.9451426,37.5524419]]}},{"type":"Feature","properties":{"class":"minor","highway":"residential","sidewalk":"unknown","lanes":0,"name":"청파로71가길","oneway":false},"geometry":{"type":"LineString","coordinates":[[126.9668688,37.5497453],[126.9673128,37.5497429]]}},{"type":"Feature","properties":{"class":"minor","highway":"residential","sidewalk":"unknown","lanes":0,"name":"고산16길","oneway":false},"geometry":{"type":"LineString","coordinates":[[126.9438823,37.5520921],[126.9443098,37.552365],[126.9445199,37.5526292],[126.9446938,37.5528963],[126.9446974,37.5529715],[126.9447188,37.5534118],[126.9447189,37.5537622],[126.9447189,37.5539018],[126.9447191,37.55418],[126.9447062,37.5543792],[126.9447028,37.5544856]]}},{"type":"Feature","properties":{"class":"minor","highway":"residential","sidewalk":"unknown","lanes":0,"name":"광성로6길","oneway":false},"geometry":{"type":"LineString","coordinates":[[126.9379506,37.5497059],[126.9380246,37.5496075],[126.9380442,37.5495776],[126.9380676,37.5495512],[126.938181,37.5494383],[126.9382524,37.5493644],[126.9383106,37.5493026],[126.9384412,37.5491647],[126.9386118,37.5489481],[126.9392156,37.5482596],[126.9395847,37.5478878],[126.9396198,37.547857],[126.939634,37.5478459],[126.9402098,37.5474013],[126.9404682,37.5472326],[126.9408055,37.5470554]]}},{"type":"Feature","properties":{"class":"minor","highway":"residential","sidewalk":"unknown","lanes":0,"name":"통일로9안길","oneway":false},"geometry":{"type":"LineString","coordinates":[[126.964799,37.5667861],[126.9650892,37.5664686],[126.9654782,37.5660715],[126.9655176,37.5658526],[126.9656386,37.5658776],[126.9656591,37.5658764],[126.9656723,37.5658688],[126.9658425,37.5656146]]}},{"type":"Feature","properties":{"class":"minor","highway":"residential","sidewalk":"unknown","lanes":0,"name":"백범로87길","oneway":false},"geometry":{"type":"LineString","coordinates":[[126.9672915,37.5377361],[126.9679927,37.5382889],[126.9689805,37.539134],[126.9696821,37.5397583]]}},{"type":"Feature","properties":{"class":"major","highway":"primary","sidewalk":"likely","lanes":0,"name":"성산로","oneway":true},"geometry":{"type":"LineString","coordinates":[[126.9422629,37.5620259],[126.9418702,37.5617246],[126.9416444,37.5615511],[126.9410225,37.5610739],[126.9408528,37.5609209],[126.9407414,37.5608283],[126.9403672,37.5605156],[126.9402629,37.5604447],[126.9401265,37.5603672],[126.9400221,37.5603302],[126.9399012,37.5602815],[126.9397967,37.5602471],[126.939652,37.5602111],[126.9395784,37.560198],[126.9394902,37.5601907],[126.9392558,37.5601897],[126.9388419,37.5601925],[126.9387695,37.5601934],[126.9387348,37.5601967],[126.9385516,37.5601908],[126.9384525,37.5601869],[126.9382918,37.5601805],[126.9379738,37.560175],[126.9377407,37.5601679],[126.9375165,37.5601623],[126.9370776,37.5601518],[126.9369322,37.5601507],[126.9368733,37.5601522]]}},{"type":"Feature","properties":{"class":"alley","highway":"service","sidewalk":"unknown","lanes":0,"name":"어학당길","oneway":false},"geometry":{"type":"LineString","coordinates":[[126.9441188,37.5634865],[126.9440607,37.5635299],[126.9437838,37.5637233],[126.9435484,37.564185],[126.9435386,37.5642063],[126.9433988,37.564547],[126.9433044,37.5647679],[126.9432775,37.5648309],[126.943042,37.5653971],[126.9428267,37.5658063],[126.9427086,37.5661984],[126.9426535,37.5662917],[126.9426014,37.5663445],[126.9424658,37.5664452],[126.942365,37.5665055]]}},{"type":"Feature","properties":{"class":"major","highway":"secondary","sidewalk":"likely","lanes":0,"name":"백범로","oneway":true},"geometry":{"type":"LineString","coordinates":[[126.9613674,37.5392201],[126.9615469,37.5391613],[126.9617324,37.5391085],[126.9620193,37.5390366],[126.963935,37.5385375]]}},{"type":"Feature","properties":{"class":"major","highway":"trunk","sidewalk":"likely","lanes":4,"name":"강변북로","oneway":true},"geometry":{"type":"LineString","coordinates":[[126.9093983,37.5450502],[126.9095886,37.5447952],[126.90982,37.5445048],[126.9102252,37.5441237],[126.9105571,37.5439334],[126.9110269,37.5436498],[126.9116814,37.5433521],[126.9121214,37.5432224],[126.9127838,37.5430734],[126.9159446,37.5425159],[126.9164862,37.5424325],[126.9168944,37.5423756],[126.9174945,37.5423237],[126.9180701,37.5423255],[126.9185353,37.5423601],[126.9190671,37.5424254],[126.919494,37.5425152],[126.919996,37.5426491],[126.9204685,37.542808],[126.9220099,37.5433945],[126.92264,37.5436327],[126.9230996,37.543782],[126.9234834,37.5438763],[126.9239329,37.5439497],[126.9243835,37.5440009],[126.9248646,37.5440165],[126.9252928,37.5440193],[126.9256538,37.5440059],[126.9260676,37.5439475],[126.9264255,37.5438813],[126.9266785,37.5437851],[126.926945,37.5437015],[126.9280266,37.5432948],[126.9317144,37.5419041],[126.9327479,37.5414992],[126.9332068,37.541365],[126.9336322,37.5412759],[126.9340733,37.5412247],[126.9346431,37.5412093],[126.9353146,37.5412262],[126.9357318,37.5412104],[126.9362298,37.5411481],[126.9367071,37.5410516],[126.9371627,37.5409266],[126.9376485,37.5407374],[126.9381755,37.5404671],[126.9384779,37.5402468],[126.9386933,37.5400862],[126.9389002,37.5398979],[126.9391103,37.5396779],[126.9392886,37.5394536],[126.9397006,37.5389047],[126.9405816,37.5377376]]}},{"type":"Feature","properties":{"class":"minor","highway":"residential","sidewalk":"unknown","lanes":0,"name":"청파로71나길","oneway":false},"geometry":{"type":"LineString","coordinates":[[126.9669577,37.5486249],[126.9673503,37.54862],[126.9677586,37.5486148],[126.9677587,37.5490809],[126.9677587,37.5494521]]}},{"type":"Feature","properties":{"class":"minor","highway":"residential","sidewalk":"unknown","lanes":0,"name":"효창원로98길","oneway":false},"geometry":{"type":"LineString","coordinates":[[126.963557,37.5496753],[126.9638306,37.5496451],[126.9638703,37.5496407],[126.9641876,37.5495039],[126.9643217,37.5493922],[126.9643694,37.5493525],[126.9645332,37.5492276],[126.9646055,37.5491453],[126.9647237,37.5490478],[126.9647726,37.5490074],[126.9650209,37.5489591],[126.9652691,37.5489685],[126.9654646,37.5489695],[126.9654839,37.5489696],[126.9656203,37.5489387],[126.9658276,37.5488861],[126.9658537,37.5488795],[126.9661797,37.5488573]]}},{"type":"Feature","properties":{"class":"minor","highway":"residential","sidewalk":"unknown","lanes":0,"name":"마포대로","oneway":false},"geometry":{"type":"LineString","coordinates":[[126.9491888,37.5418084],[126.9492714,37.5417385],[126.949512,37.5415341]]}},{"type":"Feature","properties":{"class":"minor","highway":"residential","sidewalk":"unknown","lanes":0,"name":"삼개로","oneway":false},"geometry":{"type":"LineString","coordinates":[[126.9469597,37.5404355],[126.9470261,37.5403879],[126.9470753,37.5403525],[126.9471222,37.5403189]]}},{"type":"Feature","properties":{"class":"minor","highway":"residential","sidewalk":"unknown","lanes":0,"name":"삼개로3길","oneway":false},"geometry":{"type":"LineString","coordinates":[[126.9474554,37.5387262],[126.9479327,37.5387079],[126.9480406,37.5387226],[126.9484488,37.5387231],[126.9484685,37.5387231],[126.9487788,37.53871]]}},{"type":"Feature","properties":{"class":"minor","highway":"residential","sidewalk":"unknown","lanes":0,"name":"도화2길","oneway":false},"geometry":{"type":"LineString","coordinates":[[126.9486145,37.5404467],[126.9487044,37.5402217],[126.9488147,37.5399459]]}},{"type":"Feature","properties":{"class":"minor","highway":"residential","sidewalk":"unknown","lanes":0,"name":"도화2길","oneway":false},"geometry":{"type":"LineString","coordinates":[[126.9502758,37.537571],[126.950149,37.5379166],[126.9501961,37.5382494],[126.9502571,37.5386176],[126.9502695,37.5389635],[126.9504899,37.538909],[126.9505082,37.5389045],[126.9508445,37.5386718]]}},{"type":"Feature","properties":{"class":"minor","highway":"residential","sidewalk":"unknown","lanes":0,"name":"도화4길","oneway":false},"geometry":{"type":"LineString","coordinates":[[126.9508445,37.5386718],[126.9511949,37.5389952],[126.951236,37.5390331],[126.9516144,37.5393099],[126.9517074,37.539378]]}},{"type":"Feature","properties":{"class":"minor","highway":"residential","sidewalk":"unknown","lanes":0,"name":"도화4길","oneway":false},"geometry":{"type":"LineString","coordinates":[[126.9516543,37.5403427],[126.9513187,37.5406207],[126.9509789,37.5409124],[126.9507794,37.5410837],[126.9507353,37.5412541],[126.9506755,37.5412895],[126.9501468,37.5414411]]}},{"type":"Feature","properties":{"class":"major","highway":"tertiary","sidewalk":"likely","lanes":0,"name":"백범로","oneway":false},"geometry":{"type":"LineString","coordinates":[[126.9522605,37.5432923],[126.9516988,37.5425779]]}},{"type":"Feature","properties":{"class":"minor","highway":"residential","sidewalk":"unknown","lanes":0,"name":"도화길","oneway":false},"geometry":{"type":"LineString","coordinates":[[126.9513712,37.5421612],[126.9511203,37.5420661],[126.9508348,37.5418828],[126.9501468,37.5414411],[126.9499697,37.5413241],[126.9498541,37.5412476],[126.9498031,37.5412065],[126.9496681,37.5411101],[126.9491559,37.5407442],[126.9490673,37.5406942],[126.9489675,37.5406255],[126.948754,37.5405174],[126.9486145,37.5404467],[126.9484012,37.5403673],[126.9482806,37.5403229],[126.9480351,37.5402407],[126.9478744,37.5401656],[126.9476547,37.5400532],[126.9476215,37.54004],[126.9474967,37.5399916]]}},{"type":"Feature","properties":{"class":"minor","highway":"residential","sidewalk":"unknown","lanes":0,"name":"새창로6나길","oneway":false},"geometry":{"type":"LineString","coordinates":[[126.9547022,37.5410786],[126.9543767,37.5410655],[126.952648,37.5410265]]}},{"type":"Feature","properties":{"class":"minor","highway":"residential","sidewalk":"unknown","lanes":0,"name":"","oneway":false},"geometry":{"type":"LineString","coordinates":[[126.9586772,37.565891],[126.9586503,37.565945],[126.9583439,37.566241],[126.9582671,37.5663223],[126.9580061,37.5665813],[126.957762,37.566987],[126.9575974,37.5673026],[126.9575779,37.5673783],[126.9575532,37.5674812],[126.9575532,37.5675843],[126.9576001,37.5677427],[126.9577851,37.5682655],[126.9578327,37.5684606],[126.9579113,37.5686314],[126.9579166,37.5687122],[126.9578815,37.5688092],[126.9578482,37.5688535],[126.9578156,37.5688664],[126.9576766,37.5688907],[126.9575629,37.5689129],[126.9575074,37.5689329],[126.957462,37.5689811],[126.957403,37.5690374],[126.9572827,37.5691453],[126.9571803,37.569165],[126.9570449,37.5691735],[126.9567428,37.5691725],[126.9567029,37.5691937],[126.9566888,37.5692137],[126.9566721,37.569266],[126.9566801,37.5693032],[126.9567391,37.5694105],[126.9568112,37.5696037],[126.9568719,37.5696816],[126.9569738,37.5697688],[126.9571905,37.5699478],[126.9572638,37.5700413],[126.9572984,37.5701047],[126.9573087,37.5701735]]}},{"type":"Feature","properties":{"class":"minor","highway":"residential","sidewalk":"unknown","lanes":0,"name":"임정로17길","oneway":false},"geometry":{"type":"LineString","coordinates":[[126.9562966,37.5442623],[126.9567012,37.5441606],[126.9571094,37.5440668],[126.9576644,37.5439072]]}},{"type":"Feature","properties":{"class":"minor","highway":"residential","sidewalk":"unknown","lanes":0,"name":"임정로19길","oneway":false},"geometry":{"type":"LineString","coordinates":[[126.9578292,37.5444622],[126.9573528,37.5446007],[126.9571018,37.5446737],[126.9569417,37.5447196]]}},{"type":"Feature","properties":{"class":"major","highway":"tertiary","sidewalk":"likely","lanes":0,"name":"효창원로","oneway":true},"geometry":{"type":"LineString","coordinates":[[126.9623029,37.5437028],[126.9621182,37.5440372],[126.9619397,37.5442126],[126.9617227,37.5443934],[126.9614139,37.5445143],[126.9613001,37.5445482],[126.9610387,37.5445635],[126.9608711,37.5445608],[126.9607571,37.5445348],[126.960678,37.5444997],[126.9605452,37.5444199],[126.9603319,37.5442647],[126.9601761,37.5440779],[126.9601318,37.5439318],[126.9601081,37.5437914],[126.9602268,37.5433626]]}},{"type":"Feature","properties":{"class":"alley","highway":"service","sidewalk":"unknown","lanes":0,"name":"","oneway":false},"geometry":{"type":"LineString","coordinates":[[126.9604513,37.5448091],[126.9603813,37.5447283],[126.9601864,37.5444197],[126.959715,37.5436969],[126.9596808,37.5435646],[126.959727,37.5434102],[126.9597321,37.543392]]}},{"type":"Feature","properties":{"class":"minor","highway":"residential","sidewalk":"unknown","lanes":0,"name":"마포대로18길","oneway":false},"geometry":{"type":"LineString","coordinates":[[126.9559832,37.5518644],[126.9566242,37.5516682],[126.9567009,37.5515785],[126.9568984,37.5514302],[126.9569924,37.5512745],[126.9571915,37.5512292],[126.9573899,37.5512141],[126.9575312,37.5512552],[126.9576582,37.5514011],[126.9577313,37.5515366],[126.9577596,37.551589],[126.9577789,37.5516578],[126.9576511,37.5516928],[126.9574663,37.5517295],[126.9574135,37.5517399]]}},{"type":"Feature","properties":{"class":"minor","highway":"residential","sidewalk":"unknown","lanes":0,"name":"마포대로18길","oneway":false},"geometry":{"type":"LineString","coordinates":[[126.9574776,37.5521467],[126.9574256,37.5519112]]}},{"type":"Feature","properties":{"class":"minor","highway":"residential","sidewalk":"unknown","lanes":0,"name":"마포대로20길","oneway":false},"geometry":{"type":"LineString","coordinates":[[126.9569659,37.552246],[126.9569241,37.5522569],[126.9562738,37.5524269]]}},{"type":"Feature","properties":{"class":"major","highway":"tertiary","sidewalk":"likely","lanes":0,"name":"백범로","oneway":true},"geometry":{"type":"LineString","coordinates":[[126.9500026,37.5444272],[126.9499617,37.5445603],[126.9499263,37.5446607],[126.9499177,37.5447163],[126.9499204,37.5447769],[126.9499849,37.5449028],[126.9501006,37.5450847],[126.9501454,37.5451567],[126.9501751,37.5452018],[126.9502339,37.5452943],[126.9503051,37.5453718],[126.9503817,37.5454295],[126.9504676,37.5454698],[126.9505587,37.5454965],[126.9506485,37.545508],[126.9507532,37.5454973],[126.9508437,37.5454719],[126.9510626,37.5453795],[126.9511267,37.5453488],[126.9511875,37.5453198],[126.9512968,37.5452576],[126.9514238,37.5451967],[126.9514943,37.5451558],[126.9515569,37.5451039],[126.9515981,37.5450281],[126.9515512,37.5448226]]}},{"type":"Feature","properties":{"class":"minor","highway":"residential","sidewalk":"unknown","lanes":0,"name":"마포대로","oneway":false},"geometry":{"type":"LineString","coordinates":[[126.9526176,37.5472612],[126.9531787,37.5469777],[126.9532325,37.5469486],[126.9533341,37.5468936]]}},{"type":"Feature","properties":{"class":"minor","highway":"residential","sidewalk":"unknown","lanes":0,"name":"마포대로7길","oneway":false},"geometry":{"type":"LineString","coordinates":[[126.9522094,37.5466836],[126.9522955,37.5466439],[126.952788,37.5464108]]}},{"type":"Feature","properties":{"class":"alley","highway":"service","sidewalk":"unknown","lanes":0,"name":"","oneway":true},"geometry":{"type":"LineString","coordinates":[[126.9522957,37.5468274],[126.9523815,37.5467849]]}},{"type":"Feature","properties":{"class":"alley","highway":"service","sidewalk":"unknown","lanes":0,"name":"","oneway":true},"geometry":{"type":"LineString","coordinates":[[126.9525425,37.5470401],[126.9525117,37.5471185]]}},{"type":"Feature","properties":{"class":"major","highway":"primary_link","sidewalk":"likely","lanes":0,"name":"","oneway":true},"geometry":{"type":"LineString","coordinates":[[126.9520189,37.5440382],[126.9521193,37.5440249],[126.9522,37.5440105],[126.9522763,37.5439934],[126.9523327,37.5439614],[126.9523729,37.5439118],[126.9523915,37.5438508],[126.9523876,37.5437735],[126.9523675,37.5436979],[126.9523212,37.5436332],[126.9522364,37.543603],[126.9521334,37.5435845],[126.9519837,37.5435805]]}},{"type":"Feature","properties":{"class":"minor","highway":"residential","sidewalk":"unknown","lanes":0,"name":"연세로2다길","oneway":false},"geometry":{"type":"LineString","coordinates":[[126.939533,37.5569952],[126.9396056,37.5570146],[126.9407061,37.5573091],[126.9416746,37.5574337]]}},{"type":"Feature","properties":{"class":"minor","highway":"residential","sidewalk":"unknown","lanes":0,"name":"고산7길","oneway":false},"geometry":{"type":"LineString","coordinates":[[126.9404853,37.5557567],[126.940824,37.5553807],[126.9410305,37.5550001],[126.941328,37.5548006],[126.9413631,37.5547364]]}},{"type":"Feature","properties":{"class":"minor","highway":"residential","sidewalk":"unknown","lanes":0,"name":"연세로4길","oneway":false},"geometry":{"type":"LineString","coordinates":[[126.939685,37.5586016],[126.9397476,37.5585987],[126.9398273,37.5585902],[126.93987,37.5585852],[126.9400325,37.5585877],[126.940101,37.5585912],[126.9404216,37.558595],[126.9405983,37.558605],[126.9408928,37.5586174],[126.9412363,37.5586258]]}},{"type":"Feature","properties":{"class":"minor","highway":"residential","sidewalk":"unknown","lanes":0,"name":"신촌로","oneway":false},"geometry":{"type":"LineString","coordinates":[[126.9422553,37.5566411],[126.9422498,37.5567098],[126.9422137,37.5571569]]}},{"type":"Feature","properties":{"class":"minor","highway":"residential","sidewalk":"unknown","lanes":0,"name":"신촌로","oneway":false},"geometry":{"type":"LineString","coordinates":[[126.9435397,37.5567125],[126.943501,37.557206]]}},{"type":"Feature","properties":{"class":"minor","highway":"residential","sidewalk":"unknown","lanes":0,"name":"이화여대2나길","oneway":false},"geometry":{"type":"LineString","coordinates":[[126.9465552,37.5588014],[126.9465935,37.5580725],[126.9466294,37.557388]]}},{"type":"Feature","properties":{"class":"minor","highway":"residential","sidewalk":"unknown","lanes":0,"name":"연세로2라길","oneway":false},"geometry":{"type":"LineString","coordinates":[[126.9396056,37.5570146],[126.9395381,37.557197],[126.939784,37.5572626],[126.9402651,37.5573891],[126.9406714,37.5574889],[126.9408902,37.5574774],[126.9412651,37.5575152]]}},{"type":"Feature","properties":{"class":"minor","highway":"unclassified","sidewalk":"unknown","lanes":0,"name":"이화여대2가길","oneway":false},"geometry":{"type":"LineString","coordinates":[[126.9462323,37.5573649],[126.9461857,37.5580524],[126.9461356,37.5587872]]}},{"type":"Feature","properties":{"class":"minor","highway":"residential","sidewalk":"unknown","lanes":0,"name":"도화길","oneway":false},"geometry":{"type":"LineString","coordinates":[[126.9468275,37.5396926],[126.9468008,37.5391796],[126.9466255,37.5390987],[126.9467962,37.5387661]]}},{"type":"Feature","properties":{"class":"minor","highway":"residential","sidewalk":"unknown","lanes":0,"name":"마포대로4나길","oneway":false},"geometry":{"type":"LineString","coordinates":[[126.9447944,37.5364901],[126.9447657,37.5367729],[126.9447571,37.5367997],[126.9448654,37.5369335],[126.9449911,37.5371019],[126.9450184,37.537128],[126.9451781,37.537281],[126.9452941,37.5373763],[126.9453859,37.5374461],[126.9454342,37.5374828],[126.9456782,37.5377786],[126.9456541,37.5379343],[126.9459417,37.5381391],[126.9460842,37.5382702],[126.9461928,37.5383701],[126.946231,37.5384442],[126.9464364,37.5388418]]}},{"type":"Feature","properties":{"class":"minor","highway":"residential","sidewalk":"unknown","lanes":0,"name":"마포대로4길","oneway":false},"geometry":{"type":"LineString","coordinates":[[126.9457079,37.5391406],[126.9457729,37.5391006],[126.9462119,37.538935],[126.9464364,37.5388418],[126.9467962,37.5387661]]}},{"type":"Feature","properties":{"class":"minor","highway":"residential","sidewalk":"unknown","lanes":0,"name":"마포대로4길","oneway":false},"geometry":{"type":"LineString","coordinates":[[126.9467962,37.5387661],[126.9466467,37.5383196],[126.9467034,37.5378988],[126.9467425,37.5373827],[126.946543,37.5370555],[126.9466098,37.5367691],[126.9466959,37.5366077],[126.9467704,37.5362904],[126.9467116,37.5360223],[126.9465476,37.5358446],[126.9462588,37.5357436],[126.9460436,37.5356683],[126.9457393,37.5353106],[126.9451976,37.5352798],[126.9450772,37.5352725]]}},{"type":"Feature","properties":{"class":"minor","highway":"residential","sidewalk":"unknown","lanes":0,"name":"","oneway":false},"geometry":{"type":"LineString","coordinates":[[126.9467962,37.5387661],[126.9474554,37.5387262]]}},{"type":"Feature","properties":{"class":"minor","highway":"residential","sidewalk":"unknown","lanes":0,"name":"신촌로26길","oneway":false},"geometry":{"type":"LineString","coordinates":[[126.9429066,37.5565296],[126.9429499,37.5560973],[126.9429456,37.5556912],[126.9429456,37.5556869]]}},{"type":"Feature","properties":{"class":"minor","highway":"residential","sidewalk":"unknown","lanes":0,"name":"신촌로26길","oneway":false},"geometry":{"type":"LineString","coordinates":[[126.9429456,37.5556869],[126.9428571,37.5556231],[126.9427633,37.5554913],[126.9425782,37.5553084],[126.9425033,37.5552204],[126.9424333,37.5551383],[126.942369,37.5550383]]}},{"type":"Feature","properties":{"class":"minor","highway":"residential","sidewalk":"unknown","lanes":0,"name":"고산16길","oneway":false},"geometry":{"type":"LineString","coordinates":[[126.9442315,37.553752],[126.9447189,37.5537622]]}},{"type":"Feature","properties":{"class":"minor","highway":"residential","sidewalk":"unknown","lanes":0,"name":"고산18길","oneway":false},"geometry":{"type":"LineString","coordinates":[[126.9447189,37.5539018],[126.9452515,37.5539037]]}},{"type":"Feature","properties":{"class":"major","highway":"secondary","sidewalk":"likely","lanes":0,"name":"대흥로","oneway":false},"geometry":{"type":"LineString","coordinates":[[126.9458567,37.5567077],[126.9458624,37.5564273],[126.9458669,37.5562777],[126.9458673,37.5561644],[126.9458681,37.5561185],[126.9458717,37.5560887],[126.9458731,37.5558525],[126.9458768,37.555656],[126.9458815,37.5554049],[126.9458831,37.555317],[126.9458864,37.5551396],[126.9458866,37.5551283],[126.9458905,37.5549206],[126.9458993,37.5544499],[126.9459031,37.5543452],[126.9459204,37.5534217],[126.94592,37.55326],[126.94592,37.55304],[126.945878,37.5528662],[126.94581,37.55273],[126.94573,37.55261],[126.94567,37.55254],[126.94553,37.55241],[126.9453201,37.5522548],[126.9453,37.55224],[126.94508,37.55209],[126.94491,37.55196],[126.94474,37.55179],[126.94455,37.5516],[126.94445,37.55147],[126.94431,37.55125],[126.9441538,37.5507695],[126.94398,37.55027],[126.9438697,37.5501069],[126.9437305,37.5499618],[126.9436529,37.5498732],[126.9436281,37.5498452],[126.9435543,37.549761],[126.9431818,37.5493363],[126.9429156,37.5490327],[126.9426945,37.5487807],[126.9425366,37.5486006],[126.9424486,37.5485003],[126.9421813,37.5481472],[126.9420994,37.5480508],[126.941951,37.5478974]]}},{"type":"Feature","properties":{"class":"minor","highway":"residential","sidewalk":"unknown","lanes":0,"name":"대흥로28길","oneway":false},"geometry":{"type":"LineString","coordinates":[[126.9458831,37.555317],[126.9462828,37.5553334],[126.9465434,37.5553365],[126.9468137,37.5553419],[126.9470678,37.5553475],[126.9472388,37.5553495],[126.9473287,37.5553495],[126.9475742,37.5553461],[126.9477552,37.5553413],[126.9480736,37.5553333],[126.9481875,37.5553376],[126.9482355,37.5553589]]}},{"type":"Feature","properties":{"class":"minor","highway":"residential","sidewalk":"unknown","lanes":0,"name":"북아현로11라길","oneway":false},"geometry":{"type":"LineString","coordinates":[[126.9519634,37.5611092],[126.9522146,37.5612706]]}},{"type":"Feature","properties":{"class":"minor","highway":"residential","sidewalk":"unknown","lanes":0,"name":"북아현로11길","oneway":false},"geometry":{"type":"LineString","coordinates":[[126.9519634,37.5611092],[126.9518894,37.5610592],[126.9514065,37.5607326],[126.9512686,37.5606393],[126.9507395,37.5602816],[126.9505593,37.5601597],[126.9504434,37.5600953],[126.9501709,37.5599438],[126.9498684,37.5597757]]}},{"type":"Feature","properties":{"class":"minor","highway":"residential","sidewalk":"unknown","lanes":0,"name":"북아현로25길","oneway":false},"geometry":{"type":"LineString","coordinates":[[126.952067,37.5636581],[126.9520244,37.5637437],[126.9520583,37.563864],[126.9520092,37.5640668],[126.9518116,37.5642965],[126.9517457,37.5644079],[126.9516251,37.5647267],[126.9515711,37.5649305]]}},{"type":"Feature","properties":{"class":"minor","highway":"residential","sidewalk":"unknown","lanes":0,"name":"북아현로26길","oneway":false},"geometry":{"type":"LineString","coordinates":[[126.9515711,37.5649305],[126.9517158,37.5657558],[126.9517963,37.5663414],[126.9518655,37.5668923]]}},{"type":"Feature","properties":{"class":"minor","highway":"residential","sidewalk":"unknown","lanes":0,"name":"북아현로","oneway":false},"geometry":{"type":"LineString","coordinates":[[126.9517158,37.5657558],[126.9512727,37.5657789],[126.9511501,37.5649659]]}},{"type":"Feature","properties":{"class":"alley","highway":"service","sidewalk":"unknown","lanes":0,"name":"굴레방로9길","oneway":false},"geometry":{"type":"LineString","coordinates":[[126.9539713,37.5567644],[126.9540282,37.556264]]}},{"type":"Feature","properties":{"class":"alley","highway":"service","sidewalk":"unknown","lanes":0,"name":"굴레방로9길","oneway":false},"geometry":{"type":"LineString","coordinates":[[126.953759,37.5562357],[126.9537157,37.5567512]]}},{"type":"Feature","properties":{"class":"minor","highway":"residential","sidewalk":"unknown","lanes":0,"name":"마포대로19길","oneway":false},"geometry":{"type":"LineString","coordinates":[[126.9550239,37.5517664],[126.9552941,37.5526276]]}},{"type":"Feature","properties":{"class":"minor","highway":"residential","sidewalk":"unknown","lanes":0,"name":"신촌로","oneway":false},"geometry":{"type":"LineString","coordinates":[[126.9510077,37.5566191],[126.9509952,37.5568117],[126.9509672,37.5570027]]}},{"type":"Feature","properties":{"class":"minor","highway":"residential","sidewalk":"unknown","lanes":0,"name":"숭문16가길","oneway":false},"geometry":{"type":"LineString","coordinates":[[126.9471325,37.5543399],[126.9470678,37.5553475]]}},{"type":"Feature","properties":{"class":"minor","highway":"residential","sidewalk":"unknown","lanes":0,"name":"대흥로30길","oneway":false},"geometry":{"type":"LineString","coordinates":[[126.9481909,37.5564197],[126.948015,37.5560783],[126.9479614,37.5560494],[126.9479395,37.5560016],[126.9479723,37.5557967]]}},{"type":"Feature","properties":{"class":"minor","highway":"residential","sidewalk":"unknown","lanes":0,"name":"신촌로30길","oneway":false},"geometry":{"type":"LineString","coordinates":[[126.9509952,37.5568117],[126.951587,37.5568571],[126.952031,37.5568472],[126.9520662,37.5568699]]}},{"type":"Feature","properties":{"class":"minor","highway":"residential","sidewalk":"unknown","lanes":0,"name":"신촌로30길","oneway":false},"geometry":{"type":"LineString","coordinates":[[126.9532492,37.5569035],[126.9526752,37.5568588],[126.9520662,37.5568699]]}},{"type":"Feature","properties":{"class":"minor","highway":"residential","sidewalk":"unknown","lanes":0,"name":"마포대로","oneway":false},"geometry":{"type":"LineString","coordinates":[[126.9535849,37.5514551],[126.9543916,37.5510039],[126.9544273,37.5509886],[126.9545702,37.5509273],[126.9548405,37.5508113],[126.9552293,37.5507116]]}},{"type":"Feature","properties":{"class":"minor","highway":"residential","sidewalk":"unknown","lanes":0,"name":"신촌로28길","oneway":false},"geometry":{"type":"LineString","coordinates":[[126.9498163,37.5567221],[126.9503873,37.5567442],[126.9505978,37.556754],[126.9509702,37.5567811],[126.9509952,37.5568117]]}},{"type":"Feature","properties":{"class":"minor","highway":"residential","sidewalk":"unknown","lanes":0,"name":"신촌로30길","oneway":false},"geometry":{"type":"LineString","coordinates":[[126.9532949,37.5563386],[126.9532777,37.5567267],[126.9532492,37.5569035],[126.9532042,37.5571661]]}},{"type":"Feature","properties":{"class":"minor","highway":"residential","sidewalk":"unknown","lanes":0,"name":"","oneway":false},"geometry":{"type":"LineString","coordinates":[[126.9537247,37.5517144],[126.953877,37.5516317],[126.9541793,37.5516243],[126.9550239,37.5517664]]}},{"type":"Feature","properties":{"class":"minor","highway":"residential","sidewalk":"unknown","lanes":0,"name":"마포대로11길","oneway":false},"geometry":{"type":"LineString","coordinates":[[126.9528402,37.5496562],[126.9524101,37.5498689],[126.9513717,37.5505474],[126.9511082,37.5507282],[126.9510826,37.5508278],[126.9510725,37.5508662],[126.9516087,37.5514245],[126.9517216,37.5515696],[126.9517489,37.5521085],[126.9517943,37.5524213]]}},{"type":"Feature","properties":{"class":"minor","highway":"residential","sidewalk":"unknown","lanes":0,"name":"숭문6길","oneway":false},"geometry":{"type":"LineString","coordinates":[[126.9479551,37.5495019],[126.9474396,37.5496751],[126.9469675,37.5498336],[126.9461942,37.5500933]]}},{"type":"Feature","properties":{"class":"minor","highway":"residential","sidewalk":"unknown","lanes":0,"name":"대흥로20안길","oneway":false},"geometry":{"type":"LineString","coordinates":[[126.9450832,37.5495241],[126.94497,37.5497531],[126.9447863,37.5498658],[126.9446508,37.5498802],[126.9443891,37.5498921],[126.9442724,37.5499539],[126.9440914,37.5501439]]}},{"type":"Feature","properties":{"class":"minor","highway":"residential","sidewalk":"unknown","lanes":0,"name":"마포대로20길","oneway":false},"geometry":{"type":"LineString","coordinates":[[126.9582168,37.5513559],[126.9582912,37.5515018],[126.9585719,37.5517227],[126.9587855,37.5518784],[126.9589357,37.5519212],[126.9593289,37.5520332]]}},{"type":"Feature","properties":{"class":"minor","highway":"residential","sidewalk":"unknown","lanes":0,"name":"손기정로5길","oneway":false},"geometry":{"type":"LineString","coordinates":[[126.9618103,37.5575793],[126.9620898,37.5575859],[126.9622106,37.5575888],[126.9625011,37.5575744],[126.9625284,37.5575764],[126.9626803,37.5575876],[126.963117,37.5576144]]}},{"type":"Feature","properties":{"class":"minor","highway":"residential","sidewalk":"unknown","lanes":0,"name":"환일8길","oneway":false},"geometry":{"type":"LineString","coordinates":[[126.9603767,37.5532822],[126.9606065,37.5533681],[126.9611428,37.5535687]]}},{"type":"Feature","properties":{"class":"alley","highway":"service","sidewalk":"unknown","lanes":0,"name":"손기정로5길","oneway":false},"geometry":{"type":"LineString","coordinates":[[126.9626803,37.5575876],[126.9626846,37.5573377]]}},{"type":"Feature","properties":{"class":"minor","highway":"residential","sidewalk":"unknown","lanes":0,"name":"손기정로4길","oneway":false},"geometry":{"type":"LineString","coordinates":[[126.9610504,37.5573756],[126.9604053,37.5569555]]}},{"type":"Feature","properties":{"class":"minor","highway":"residential","sidewalk":"unknown","lanes":0,"name":"마포대로24길","oneway":false},"geometry":{"type":"LineString","coordinates":[[126.9606333,37.5530731],[126.9612638,37.5532809]]}},{"type":"Feature","properties":{"class":"minor","highway":"residential","sidewalk":"unknown","lanes":0,"name":"마포대로24안길","oneway":false},"geometry":{"type":"LineString","coordinates":[[126.9601333,37.5543745],[126.9605364,37.5539764]]}},{"type":"Feature","properties":{"class":"minor","highway":"residential","sidewalk":"unknown","lanes":0,"name":"마포대로16길","oneway":false},"geometry":{"type":"LineString","coordinates":[[126.9556408,37.5511115],[126.9562389,37.5509396],[126.9562607,37.5509378],[126.9562858,37.5509433],[126.9564571,37.5512883]]}},{"type":"Feature","properties":{"class":"minor","highway":"residential","sidewalk":"unknown","lanes":0,"name":"서소문로2길","oneway":false},"geometry":{"type":"LineString","coordinates":[[126.9628301,37.5584311],[126.9629934,37.5582754],[126.9631317,37.5582442],[126.9631263,37.5581819],[126.963117,37.5576144]]}},{"type":"Feature","properties":{"class":"minor","highway":"residential","sidewalk":"unknown","lanes":0,"name":"손기정로4안길","oneway":false},"geometry":{"type":"LineString","coordinates":[[126.9610265,37.5565114],[126.9612371,37.5562625],[126.9614208,37.5560634],[126.9615001,37.5559209],[126.9618636,37.5556728]]}},{"type":"Feature","properties":{"class":"minor","highway":"residential","sidewalk":"unknown","lanes":0,"name":"손기정로3길","oneway":false},"geometry":{"type":"LineString","coordinates":[[126.9625284,37.5575764],[126.9625514,37.5581867]]}},{"type":"Feature","properties":{"class":"minor","highway":"residential","sidewalk":"unknown","lanes":0,"name":"손기정로1길","oneway":false},"geometry":{"type":"LineString","coordinates":[[126.9620898,37.5575859],[126.9620924,37.5581909],[126.9621224,37.5584853],[126.9621625,37.5589431]]}},{"type":"Feature","properties":{"class":"minor","highway":"residential","sidewalk":"unknown","lanes":0,"name":"마포대로26길","oneway":false},"geometry":{"type":"LineString","coordinates":[[126.9590458,37.55401],[126.9590695,37.554112],[126.959151,37.5543478],[126.9592212,37.5545729],[126.9592791,37.5547589],[126.9592979,37.5548192],[126.958913,37.5549005]]}},{"type":"Feature","properties":{"class":"minor","highway":"residential","sidewalk":"unknown","lanes":0,"name":"서소문로2길","oneway":false},"geometry":{"type":"LineString","coordinates":[[126.9627705,37.5590276],[126.9628301,37.5584311]]}},{"type":"Feature","properties":{"class":"alley","highway":"service","sidewalk":"unknown","lanes":0,"name":"손기정로7길","oneway":false},"geometry":{"type":"LineString","coordinates":[[126.9617449,37.5573872],[126.9620876,37.5573505],[126.9623065,37.5572572],[126.9621398,37.557054],[126.9620868,37.5569886],[126.9620123,37.5569025],[126.961805,37.5567657]]}},{"type":"Feature","properties":{"class":"alley","highway":"service","sidewalk":"unknown","lanes":0,"name":"중림로2길","oneway":false},"geometry":{"type":"LineString","coordinates":[[126.9642243,37.5584552],[126.963951,37.5584361],[126.9634762,37.5585122]]}},{"type":"Feature","properties":{"class":"minor","highway":"residential","sidewalk":"unknown","lanes":0,"name":"중림로2길","oneway":false},"geometry":{"type":"LineString","coordinates":[[126.9637162,37.5575942],[126.9638373,37.5578291],[126.9638741,37.5580294]]}},{"type":"Feature","properties":{"class":"minor","highway":"residential","sidewalk":"unknown","lanes":0,"name":"청파로93길","oneway":false},"geometry":{"type":"LineString","coordinates":[[126.9662059,37.5537177],[126.966241,37.5534951],[126.9662879,37.5531974]]}},{"type":"Feature","properties":{"class":"minor","highway":"residential","sidewalk":"unknown","lanes":0,"name":"중림로2길","oneway":false},"geometry":{"type":"LineString","coordinates":[[126.96349,37.5576138],[126.9635022,37.5579129],[126.9634717,37.558121],[126.9634762,37.5585122],[126.9634842,37.5586158],[126.9636149,37.5586158],[126.9636363,37.5588104],[126.963655,37.5589013],[126.963679,37.5590113],[126.9636804,37.559034],[126.963702,37.5591274]]}},{"type":"Feature","properties":{"class":"minor","highway":"residential","sidewalk":"unknown","lanes":0,"name":"만리재옛길","oneway":false},"geometry":{"type":"LineString","coordinates":[[126.9615554,37.5511913],[126.9611778,37.5515137],[126.9608292,37.5516343],[126.9607715,37.5516542],[126.9600684,37.5518975],[126.9598492,37.5519145],[126.959572,37.5519361],[126.9593289,37.5520332]]}},{"type":"Feature","properties":{"class":"minor","highway":"residential","sidewalk":"unknown","lanes":0,"name":"손기정로4길","oneway":false},"geometry":{"type":"LineString","coordinates":[[126.9614269,37.5555094],[126.9613333,37.5557189],[126.9612683,37.555836],[126.9612005,37.5559736],[126.9608113,37.5563537]]}},{"type":"Feature","properties":{"class":"alley","highway":"service","sidewalk":"unknown","lanes":0,"name":"","oneway":false},"geometry":{"type":"LineString","coordinates":[[126.9586078,37.5507961],[126.9587694,37.5509236],[126.9585657,37.5511459],[126.9585125,37.5512465],[126.9584507,37.5513634],[126.9584668,37.5514498],[126.9585092,37.5515201],[126.9586545,37.5516072],[126.9588719,37.5517373],[126.9590077,37.5518187]]}},{"type":"Feature","properties":{"class":"minor","highway":"residential","sidewalk":"unknown","lanes":0,"name":"마포대로26길","oneway":false},"geometry":{"type":"LineString","coordinates":[[126.95765,37.5551476],[126.9578245,37.5551134],[126.957902,37.5550982],[126.957978,37.5550833],[126.9585598,37.5549696],[126.958913,37.5549005]]}},{"type":"Feature","properties":{"class":"minor","highway":"residential","sidewalk":"unknown","lanes":0,"name":"마포대로19길","oneway":false},"geometry":{"type":"LineString","coordinates":[[126.9552941,37.5526276],[126.9552569,37.5526914],[126.9552189,37.5528395],[126.9552774,37.5528896],[126.9558866,37.553412]]}},{"type":"Feature","properties":{"class":"minor","highway":"residential","sidewalk":"unknown","lanes":0,"name":"","oneway":false},"geometry":{"type":"LineString","coordinates":[[126.9525832,37.5553485],[126.9526878,37.5552359],[126.9528537,37.5551277],[126.9529528,37.5550802],[126.953128,37.5549952],[126.953301,37.5548836],[126.9533798,37.5547939],[126.9534629,37.5546729],[126.9536291,37.5543836],[126.9537949,37.5540338],[126.9538417,37.5538891],[126.9538688,37.5538094],[126.9538913,37.5537297],[126.9539444,37.5534877],[126.9539654,37.5533049],[126.9539722,37.5531066],[126.9539764,37.5530058],[126.9539618,37.5526992],[126.9539297,37.552501],[126.9539163,37.5524497],[126.9538994,37.5523848],[126.9538679,37.5522638],[126.9538508,37.5521981],[126.9537247,37.5517144],[126.9535849,37.5514551],[126.9535612,37.5514165],[126.9531385,37.5507285],[126.9531084,37.550664],[126.9530591,37.5505581],[126.9530384,37.5505136],[126.9529764,37.550259],[126.9529434,37.5501232],[126.9529014,37.5499508],[126.9528686,37.5497456],[126.9528402,37.5496562]]}},{"type":"Feature","properties":{"class":"minor","highway":"residential","sidewalk":"unknown","lanes":0,"name":"토정로35길","oneway":false},"geometry":{"type":"LineString","coordinates":[[126.9436067,37.5399302],[126.9438824,37.5401772],[126.9441188,37.540389],[126.944505,37.5407138],[126.9447541,37.5409233],[126.9448417,37.540963],[126.9449483,37.5409644]]}},{"type":"Feature","properties":{"class":"major","highway":"secondary","sidewalk":"likely","lanes":0,"name":"토정로","oneway":false},"geometry":{"type":"LineString","coordinates":[[126.9436067,37.5399302],[126.9433105,37.5401474],[126.9428805,37.5404374],[126.9426905,37.5405574],[126.9424005,37.5407674],[126.9421405,37.5409453],[126.9420205,37.5410274],[126.9418467,37.5411524],[126.9415123,37.541393],[126.9412005,37.5416174],[126.9409438,37.5418014],[126.940849,37.5418693],[126.9406005,37.5420474],[126.9399634,37.5424933],[126.9397802,37.5426171],[126.9394862,37.5428216],[126.9389173,37.5432402],[126.9386996,37.5433564],[126.938544,37.5434159],[126.9384124,37.543444],[126.9381524,37.5434563],[126.937933,37.54344],[126.9375543,37.5435319],[126.9371605,37.5436674],[126.9368927,37.5437948],[126.93685,37.5438151],[126.9365649,37.5439508],[126.9365589,37.5439563],[126.9365273,37.5439849],[126.9361869,37.5442775],[126.9360693,37.5443698],[126.9356269,37.5446847],[126.935353,37.5448334],[126.9352905,37.5448674],[126.9350847,37.5449311],[126.9348705,37.5449974],[126.9346537,37.5450329],[126.9342453,37.5450984],[126.9339705,37.5451474],[126.9335872,37.5452222],[126.9335605,37.5452274],[126.9330746,37.5453374],[126.9330305,37.5453474],[126.9325961,37.545421],[126.9323605,37.5454574],[126.9319119,37.5455263]]}},{"type":"Feature","properties":{"class":"major","highway":"secondary","sidewalk":"likely","lanes":0,"name":"독막로","oneway":false},"geometry":{"type":"LineString","coordinates":[[126.9497409,37.542379],[126.949442,37.5425786],[126.948897,37.5428065],[126.9487846,37.5428649],[126.94841,37.54306],[126.9478025,37.5433637]]}},{"type":"Feature","properties":{"class":"minor","highway":"residential","sidewalk":"unknown","lanes":0,"name":"백범로36길","oneway":false},"geometry":{"type":"LineString","coordinates":[[126.9478025,37.5433637],[126.9478708,37.543419],[126.9480984,37.5436034],[126.9482371,37.5436468],[126.9483312,37.5436354],[126.9489894,37.5433163],[126.9492204,37.5433232]]}},{"type":"Feature","properties":{"class":"minor","highway":"residential","sidewalk":"unknown","lanes":0,"name":"토정로37길","oneway":false},"geometry":{"type":"LineString","coordinates":[[126.9442357,37.5394555],[126.9445127,37.53975],[126.9445847,37.5398063],[126.9446598,37.5398651],[126.9448186,37.5400584],[126.9448561,37.5403224],[126.9448338,37.5405421],[126.944825,37.540629],[126.9449483,37.5409644],[126.9450546,37.5411047],[126.9451782,37.5411992],[126.9454907,37.5414383]]}},{"type":"Feature","properties":{"class":"minor","highway":"residential","sidewalk":"unknown","lanes":0,"name":"중림로5길","oneway":false},"geometry":{"type":"LineString","coordinates":[[126.9662119,37.5598292],[126.9659068,37.5596546],[126.9657919,37.5595761],[126.9657264,37.5594023],[126.9655428,37.5589665],[126.9655139,37.5588982]]}},{"type":"Feature","properties":{"class":"alley","highway":"service","sidewalk":"unknown","lanes":0,"name":"서소문로","oneway":false},"geometry":{"type":"LineString","coordinates":[[126.9659068,37.5596546],[126.965723,37.5598314],[126.9653655,37.5601193],[126.9652729,37.5602072]]}},{"type":"Feature","properties":{"class":"alley","highway":"service","sidewalk":"unknown","lanes":0,"name":"서소문로6길","oneway":false},"geometry":{"type":"LineString","coordinates":[[126.9658279,37.5602122],[126.9656076,37.5600692]]}},{"type":"Feature","properties":{"class":"minor","highway":"residential","sidewalk":"unknown","lanes":0,"name":"서소문로","oneway":false},"geometry":{"type":"LineString","coordinates":[[126.9644171,37.5590765],[126.964439,37.5591458],[126.9644613,37.5593744],[126.964573,37.5594138],[126.964639,37.559471],[126.9646392,37.5597057],[126.9645912,37.5597796]]}},{"type":"Feature","properties":{"class":"minor","highway":"residential","sidewalk":"unknown","lanes":0,"name":"중림로","oneway":false},"geometry":{"type":"LineString","coordinates":[[126.9652514,37.5589798],[126.9652946,37.5590383],[126.9653582,37.5591744],[126.9653327,37.5593302],[126.965626,37.5593913],[126.9657264,37.5594023]]}},{"type":"Feature","properties":{"class":"minor","highway":"residential","sidewalk":"unknown","lanes":0,"name":"만리재로","oneway":false},"geometry":{"type":"LineString","coordinates":[[126.9657944,37.5540945],[126.9660249,37.5537454]]}},{"type":"Feature","properties":{"class":"minor","highway":"residential","sidewalk":"unknown","lanes":0,"name":"청파로89길","oneway":false},"geometry":{"type":"LineString","coordinates":[[126.9662879,37.5531974],[126.966305,37.5529284],[126.966309,37.5528654]]}},{"type":"Feature","properties":{"class":"minor","highway":"residential","sidewalk":"unknown","lanes":0,"name":"청파로89길","oneway":false},"geometry":{"type":"LineString","coordinates":[[126.9662879,37.5531974],[126.9665519,37.5532032],[126.9668134,37.5532221],[126.9670136,37.5532365],[126.9671711,37.5532478],[126.9672842,37.553256],[126.9676079,37.5532811],[126.9676267,37.5532807],[126.9678002,37.5532773],[126.9678496,37.5532763],[126.9684596,37.5532762],[126.968552,37.5533722],[126.9686487,37.5534806],[126.9688777,37.5534789],[126.9689949,37.553481]]}},{"type":"Feature","properties":{"class":"minor","highway":"residential","sidewalk":"unknown","lanes":0,"name":"청파로85길","oneway":false},"geometry":{"type":"LineString","coordinates":[[126.9653203,37.5522904],[126.9655127,37.5524497],[126.96563,37.5525266],[126.9658596,37.5526771],[126.966309,37.5528654],[126.9663168,37.5527871],[126.966678,37.5527183],[126.966701,37.5527139],[126.966867,37.552698],[126.966996,37.5526857],[126.9672419,37.5526338],[126.967321,37.5526368],[126.9673967,37.5526396],[126.9675888,37.5526468],[126.9678128,37.5526814],[126.9682061,37.5526533],[126.9685995,37.552584],[126.9688791,37.5526344],[126.9691005,37.5526694],[126.9691902,37.5526836]]}},{"type":"Feature","properties":{"class":"minor","highway":"residential","sidewalk":"unknown","lanes":0,"name":"청파로73길","oneway":false},"geometry":{"type":"LineString","coordinates":[[126.9666833,37.5518863],[126.9667875,37.5518608],[126.9673009,37.5517353],[126.9675522,37.5515498],[126.9675493,37.5515248],[126.9674892,37.551302],[126.9674436,37.5510054],[126.9674072,37.5506651],[126.9676368,37.5505725],[126.9677109,37.5505427],[126.9680919,37.5503893],[126.9681816,37.5503337],[126.9686501,37.5501312],[126.968815,37.5500599],[126.96911,37.549944],[126.9692987,37.5499542],[126.9694706,37.5499635],[126.9697316,37.5499805]]}},{"type":"Feature","properties":{"class":"minor","highway":"residential","sidewalk":"unknown","lanes":0,"name":"청파로73나길","oneway":false},"geometry":{"type":"LineString","coordinates":[[126.9674072,37.5506651],[126.9673139,37.5506143],[126.9672095,37.5506161]]}},{"type":"Feature","properties":{"class":"minor","highway":"residential","sidewalk":"unknown","lanes":0,"name":"청파로71가길","oneway":false},"geometry":{"type":"LineString","coordinates":[[126.9668376,37.551042],[126.9664447,37.5510282]]}},{"type":"Feature","properties":{"class":"minor","highway":"residential","sidewalk":"unknown","lanes":0,"name":"청파로71가길","oneway":false},"geometry":{"type":"LineString","coordinates":[[126.966447,37.5512714],[126.9664447,37.5510282],[126.966438,37.5506205],[126.9664339,37.5503745],[126.9664306,37.5501715],[126.9668648,37.5501634]]}},{"type":"Feature","properties":{"class":"minor","highway":"residential","sidewalk":"unknown","lanes":0,"name":"청파로73나길","oneway":false},"geometry":{"type":"LineString","coordinates":[[126.9668648,37.5501634],[126.9668676,37.5506168],[126.9668376,37.551042]]}},{"type":"Feature","properties":{"class":"alley","highway":"service","sidewalk":"unknown","lanes":0,"name":"청파로71길","oneway":false},"geometry":{"type":"LineString","coordinates":[[126.9650437,37.5492895],[126.9649546,37.5493005],[126.9650306,37.5493565],[126.9651221,37.5494667],[126.9650376,37.5495232],[126.964936,37.549599]]}},{"type":"Feature","properties":{"class":"minor","highway":"residential","sidewalk":"unknown","lanes":0,"name":"청파로71길","oneway":false},"geometry":{"type":"LineString","coordinates":[[126.9648011,37.5494074],[126.9645332,37.5492276]]}},{"type":"Feature","properties":{"class":"major","highway":"primary","sidewalk":"likely","lanes":5,"name":"마포대로","oneway":true},"geometry":{"type":"LineString","coordinates":[[126.9499011,37.5423217],[126.9500126,37.5424377],[126.9510116,37.5436856]]}},{"type":"Feature","properties":{"class":"major","highway":"secondary","sidewalk":"likely","lanes":0,"name":"백범로","oneway":true},"geometry":{"type":"LineString","coordinates":[[126.951881,37.5434685],[126.9522605,37.5432923]]}},{"type":"Feature","properties":{"class":"major","highway":"secondary","sidewalk":"likely","lanes":0,"name":"새창로","oneway":false},"geometry":{"type":"LineString","coordinates":[[126.9513712,37.5421612],[126.9511689,37.5421906],[126.9504295,37.5422783],[126.95006,37.54229],[126.9499912,37.5423027],[126.9499011,37.5423217]]}},{"type":"Feature","properties":{"class":"major","highway":"primary","sidewalk":"likely","lanes":0,"name":"서소문로","oneway":true},"geometry":{"type":"LineString","coordinates":[[126.9675374,37.5614201],[126.9676442,37.5614426],[126.9681273,37.5615441],[126.9682381,37.5615674]]}},{"type":"Feature","properties":{"class":"major","highway":"secondary","sidewalk":"likely","lanes":2,"name":"경기대로","oneway":false},"geometry":{"type":"LineString","coordinates":[[126.9620506,37.5595025],[126.9619704,37.5595584],[126.961954,37.5595781],[126.9619242,37.5596138],[126.961894,37.5597692],[126.9618782,37.5599036],[126.9618687,37.5601758],[126.9618605,37.560412],[126.9618565,37.5605284],[126.9618367,37.5611876],[126.9618483,37.561406],[126.9618529,37.5614928],[126.9618603,37.5616311],[126.9618615,37.5616545],[126.9618557,37.5616825],[126.961807,37.5619174],[126.9618089,37.5620747],[126.9617995,37.5622159],[126.961812,37.5623412],[126.9618419,37.5624239],[126.9619422,37.562701],[126.9619652,37.5627646],[126.9619852,37.5628199],[126.9620595,37.5629433],[126.962119,37.5630433],[126.9622624,37.5632986],[126.9623028,37.563348],[126.9624388,37.563514],[126.9625644,37.5636674],[126.9626178,37.5636984],[126.9633679,37.5641344],[126.9638702,37.5644593]]}},{"type":"Feature","properties":{"class":"major","highway":"primary","sidewalk":"likely","lanes":0,"name":"청파로","oneway":false},"geometry":{"type":"LineString","coordinates":[[126.9675374,37.5614201],[126.9674427,37.561573]]}},{"type":"Feature","properties":{"class":"major","highway":"primary","sidewalk":"likely","lanes":4,"name":"새문안로","oneway":true},"geometry":{"type":"LineString","coordinates":[[126.9668396,37.565861],[126.9669414,37.565966],[126.9671166,37.5661569],[126.9672471,37.5662905]]}},{"type":"Feature","properties":{"class":"minor","highway":"residential","sidewalk":"unknown","lanes":0,"name":"마포대로7길","oneway":false},"geometry":{"type":"LineString","coordinates":[[126.9503678,37.5488998],[126.9505391,37.5483612],[126.9508016,37.5483537],[126.9510297,37.5483365],[126.9511232,37.548299],[126.9511783,37.5482619],[126.9512168,37.5482277],[126.951262,37.5481859],[126.9513066,37.5481365],[126.9514492,37.5479223],[126.9515314,37.547804],[126.9516177,37.5476922],[126.9517062,37.5475909],[126.9518969,37.5473768],[126.9519427,37.5472528],[126.9521236,37.546842],[126.9522094,37.5466836]]}},{"type":"Feature","properties":{"class":"minor","highway":"residential","sidewalk":"unknown","lanes":0,"name":"백범로32길","oneway":false},"geometry":{"type":"LineString","coordinates":[[126.9488119,37.5448075],[126.9487346,37.5446924],[126.9485118,37.5443421]]}},{"type":"Feature","properties":{"class":"minor","highway":"residential","sidewalk":"unknown","lanes":0,"name":"백범로36가길","oneway":false},"geometry":{"type":"LineString","coordinates":[[126.9460826,37.5454422],[126.947183,37.5449486],[126.9472729,37.5449078],[126.9485118,37.5443421]]}},{"type":"Feature","properties":{"class":"minor","highway":"residential","sidewalk":"unknown","lanes":0,"name":"백범로28길","oneway":false},"geometry":{"type":"LineString","coordinates":[[126.9493886,37.5435593],[126.9484399,37.5439818],[126.9476962,37.5443161]]}},{"type":"Feature","properties":{"class":"minor","highway":"residential","sidewalk":"unknown","lanes":0,"name":"백범로36길","oneway":false},"geometry":{"type":"LineString","coordinates":[[126.948897,37.5428065],[126.9489614,37.5429094],[126.9492204,37.5433232],[126.9493886,37.5435593],[126.9494201,37.543604],[126.9496179,37.5438778]]}},{"type":"Feature","properties":{"class":"minor","highway":"residential","sidewalk":"unknown","lanes":0,"name":"독막로","oneway":false},"geometry":{"type":"LineString","coordinates":[[126.9455378,37.5444742],[126.946048,37.5450907]]}},{"type":"Feature","properties":{"class":"minor","highway":"residential","sidewalk":"unknown","lanes":0,"name":"백범로28길","oneway":false},"geometry":{"type":"LineString","coordinates":[[126.9476962,37.5443161],[126.9470377,37.5446145],[126.9469992,37.5446579],[126.946048,37.5450907],[126.9456127,37.5452856],[126.9452832,37.5454376],[126.9452376,37.5454586],[126.9449566,37.5455638],[126.9447858,37.5456209]]}},{"type":"Feature","properties":{"class":"minor","highway":"unclassified","sidewalk":"unknown","lanes":0,"name":"백범로16길","oneway":false},"geometry":{"type":"LineString","coordinates":[[126.941151,37.5470498],[126.9413137,37.5469804],[126.9421143,37.5466868]]}},{"type":"Feature","properties":{"class":"minor","highway":"residential","sidewalk":"unknown","lanes":0,"name":"백범로16길","oneway":false},"geometry":{"type":"LineString","coordinates":[[126.9420612,37.5466135],[126.9421143,37.5466868],[126.9421958,37.5468282],[126.9423781,37.5470797],[126.9424463,37.5471423],[126.9426311,37.5472782],[126.9427005,37.547332],[126.9427408,37.5473689],[126.9427925,37.54743]]}},{"type":"Feature","properties":{"class":"minor","highway":"residential","sidewalk":"unknown","lanes":0,"name":"백범로20길","oneway":false},"geometry":{"type":"LineString","coordinates":[[126.9437429,37.5470159],[126.9437496,37.5469531],[126.9437544,37.54691],[126.9437684,37.5468612],[126.9439001,37.5466406],[126.9439759,37.5465138],[126.9440465,37.5463955],[126.9440718,37.5463308],[126.9441679,37.5460846]]}},{"type":"Feature","properties":{"class":"minor","highway":"residential","sidewalk":"unknown","lanes":0,"name":"백범로16안길","oneway":false},"geometry":{"type":"LineString","coordinates":[[126.9441679,37.5460846],[126.9421143,37.5466868]]}},{"type":"Feature","properties":{"class":"minor","highway":"residential","sidewalk":"unknown","lanes":0,"name":"백범로20길","oneway":false},"geometry":{"type":"LineString","coordinates":[[126.9441679,37.5460846],[126.9441546,37.5459556],[126.9441477,37.5458881],[126.9441608,37.545782]]}},{"type":"Feature","properties":{"class":"minor","highway":"residential","sidewalk":"unknown","lanes":0,"name":"백범로26길","oneway":false},"geometry":{"type":"LineString","coordinates":[[126.9460826,37.5454422],[126.9463342,37.5457914],[126.9463846,37.545865]]}},{"type":"Feature","properties":{"class":"minor","highway":"residential","sidewalk":"unknown","lanes":0,"name":"백범로36가길","oneway":false},"geometry":{"type":"LineString","coordinates":[[126.9460826,37.5454422],[126.9455632,37.5456725]]}},{"type":"Feature","properties":{"class":"minor","highway":"residential","sidewalk":"unknown","lanes":0,"name":"백범로36가길","oneway":false},"geometry":{"type":"LineString","coordinates":[[126.9485118,37.5443421],[126.9496179,37.5438778]]}},{"type":"Feature","properties":{"class":"minor","highway":"residential","sidewalk":"unknown","lanes":0,"name":"마포대로","oneway":false},"geometry":{"type":"LineString","coordinates":[[126.9496179,37.5438778],[126.9504669,37.5435072],[126.9506072,37.5434469]]}},{"type":"Feature","properties":{"class":"minor","highway":"residential","sidewalk":"unknown","lanes":0,"name":"마포대로","oneway":false},"geometry":{"type":"LineString","coordinates":[[126.9493886,37.5435593],[126.950235,37.5431788],[126.9503557,37.5431151]]}},{"type":"Feature","properties":{"class":"minor","highway":"residential","sidewalk":"unknown","lanes":0,"name":"북아현로","oneway":false},"geometry":{"type":"LineString","coordinates":[[126.9493342,37.569096],[126.949502,37.5688957],[126.9494752,37.5685789],[126.9495058,37.5685295],[126.9497064,37.5684346],[126.9501782,37.5682932],[126.9507068,37.5681391],[126.95127,37.5678245],[126.9513398,37.5676905],[126.9513344,37.5667722],[126.9510662,37.566398],[126.9510394,37.5660281],[126.9508838,37.5655561],[126.9508378,37.5653005],[126.9509482,37.5650756],[126.9510957,37.5649799],[126.9511501,37.5649659],[126.9513934,37.5649098],[126.9515711,37.5649305],[126.9521081,37.5650252]]}},{"type":"Feature","properties":{"class":"minor","highway":"residential","sidewalk":"unknown","lanes":0,"name":"청송길","oneway":false},"geometry":{"type":"LineString","coordinates":[[126.9465791,37.5666454],[126.9465358,37.5666379],[126.9464794,37.566631],[126.9462336,37.5665916],[126.9461555,37.5665355],[126.9460884,37.5664972],[126.9460593,37.566476],[126.9460318,37.5664535],[126.9459949,37.5664109],[126.945974,37.5663743],[126.9459569,37.5663281],[126.9459363,37.5662527],[126.9459046,37.5661751],[126.9458904,37.5661592],[126.9457849,37.5660746],[126.9457475,37.5660483],[126.9455229,37.565925],[126.9453674,37.5658585],[126.9452243,37.5658057],[126.9451761,37.5657909],[126.9450885,37.5657881],[126.9449655,37.565806],[126.9448594,37.5658325],[126.9447446,37.56588],[126.9445744,37.5660281],[126.944387,37.5661972],[126.9442817,37.5662795],[126.9441733,37.5663349],[126.9440772,37.5663647],[126.9438414,37.5664186],[126.9435957,37.566478],[126.9433567,37.5665504],[126.9430699,37.5666504],[126.9429269,37.5666874],[126.9428761,37.5666889],[126.9427945,37.566675],[126.9427396,37.566653],[126.9426293,37.5666021],[126.9424629,37.5665318],[126.942365,37.5665055],[126.9422653,37.5665588],[126.9421866,37.5666079],[126.9419794,37.5667372],[126.9418488,37.5668151],[126.9417603,37.5668678],[126.9416874,37.5669072],[126.9416357,37.5669404],[126.9412825,37.5671673],[126.9411216,37.5672459],[126.9409401,37.5672752],[126.9407829,37.5672841],[126.9406374,37.5672829],[126.9405232,37.567272],[126.9404381,37.5672361]]}},{"type":"Feature","properties":{"class":"major","highway":"primary_link","sidewalk":"likely","lanes":0,"name":"성산로","oneway":true},"geometry":{"type":"LineString","coordinates":[[126.9459308,37.5650673],[126.9460562,37.5652293],[126.9467365,37.5661974]]}},{"type":"Feature","properties":{"class":"minor","highway":"residential","sidewalk":"unknown","lanes":0,"name":"이화여대1안길","oneway":false},"geometry":{"type":"LineString","coordinates":[[126.9434817,37.5575959],[126.9446648,37.5576573]]}},{"type":"Feature","properties":{"class":"minor","highway":"residential","sidewalk":"unknown","lanes":0,"name":"","oneway":false},"geometry":{"type":"LineString","coordinates":[[126.9451575,37.5580056],[126.9452099,37.5573054]]}},{"type":"Feature","properties":{"class":"minor","highway":"residential","sidewalk":"unknown","lanes":0,"name":"이화여대길","oneway":false},"geometry":{"type":"LineString","coordinates":[[126.9456887,37.559188],[126.9463468,37.5592099]]}},{"type":"Feature","properties":{"class":"minor","highway":"residential","sidewalk":"unknown","lanes":0,"name":"신촌로35길","oneway":false},"geometry":{"type":"LineString","coordinates":[[126.9553199,37.5574345],[126.9552934,37.5577242],[126.9553067,37.5578182],[126.95532,37.5578996],[126.9554001,37.5580649],[126.9555071,37.558287],[126.9555428,37.5584446],[126.9555683,37.5585698],[126.9555734,37.5587314],[126.9555579,37.5588148],[126.9555365,37.5589306]]}},{"type":"Feature","properties":{"class":"minor","highway":"residential","sidewalk":"unknown","lanes":0,"name":"신촌로31길","oneway":false},"geometry":{"type":"LineString","coordinates":[[126.9532268,37.5573057],[126.9532063,37.557517],[126.9532049,37.5575312],[126.9531814,37.5577721]]}},{"type":"Feature","properties":{"class":"minor","highway":"residential","sidewalk":"unknown","lanes":0,"name":"신촌로31길","oneway":false},"geometry":{"type":"LineString","coordinates":[[126.9531814,37.5577721],[126.9536726,37.5578018],[126.9543988,37.5578458]]}},{"type":"Feature","properties":{"class":"minor","highway":"residential","sidewalk":"unknown","lanes":0,"name":"신촌로37안길","oneway":false},"geometry":{"type":"LineString","coordinates":[[126.9563118,37.557936],[126.9568733,37.5578571]]}},{"type":"Feature","properties":{"class":"minor","highway":"residential","sidewalk":"unknown","lanes":0,"name":"신촌로29길","oneway":false},"geometry":{"type":"LineString","coordinates":[[126.9519828,37.5571092],[126.9519644,37.5572267]]}},{"type":"Feature","properties":{"class":"minor","highway":"residential","sidewalk":"unknown","lanes":0,"name":"신촌로29길","oneway":false},"geometry":{"type":"LineString","coordinates":[[126.9519151,37.5577046],[126.9526328,37.5577442],[126.9531814,37.5577721]]}},{"type":"Feature","properties":{"class":"minor","highway":"residential","sidewalk":"unknown","lanes":0,"name":"북아현로4길","oneway":false},"geometry":{"type":"LineString","coordinates":[[126.9566237,37.5593365],[126.9569025,37.5592885],[126.9572272,37.5592541],[126.957533,37.5592413],[126.9577245,37.5592807],[126.9579373,37.5593907],[126.9580642,37.5594563],[126.9583251,37.5595889],[126.9585663,37.5597411],[126.9586018,37.5597962],[126.958618,37.5598214],[126.958695,37.5599407],[126.958901,37.5600377],[126.9589373,37.560052],[126.9592362,37.5601694],[126.9596626,37.560331],[126.9598182,37.5602821]]}},{"type":"Feature","properties":{"class":"minor","highway":"residential","sidewalk":"unknown","lanes":0,"name":"북아현로23길","oneway":false},"geometry":{"type":"LineString","coordinates":[[126.9521081,37.5650252],[126.9522801,37.5647437],[126.9524971,37.5644979],[126.9526927,37.5643094],[126.9529737,37.5639916]]}},{"type":"Feature","properties":{"class":"alley","highway":"service","sidewalk":"unknown","lanes":0,"name":"","oneway":false},"geometry":{"type":"LineString","coordinates":[[126.9654852,37.5458641],[126.9654608,37.5458518],[126.9654328,37.5458461],[126.9654061,37.5458472],[126.9653809,37.5458543],[126.9653594,37.5458669],[126.9653434,37.5458839],[126.9653344,37.5459029],[126.9653324,37.5459231],[126.9653375,37.5459429],[126.9653493,37.5459609],[126.9653668,37.5459756],[126.9653888,37.5459859],[126.9654135,37.545991],[126.9654425,37.5459901],[126.9654696,37.545982],[126.9654922,37.5459677],[126.9655081,37.5459484],[126.9655156,37.5459263],[126.9655141,37.5459033],[126.9655036,37.5458819],[126.9654852,37.5458641]]}},{"type":"Feature","properties":{"class":"minor","highway":"residential","sidewalk":"unknown","lanes":0,"name":"효창원로86길","oneway":false},"geometry":{"type":"LineString","coordinates":[[126.9674599,37.5463449],[126.9668857,37.5465415],[126.9668172,37.5465638],[126.966691,37.5465598],[126.9665703,37.5465523],[126.9662823,37.5465127],[126.9660301,37.546478],[126.9658473,37.546464],[126.9657028,37.5464529],[126.9653025,37.5467123],[126.9650535,37.5468656],[126.9649399,37.5468672],[126.9642652,37.5468768],[126.9635735,37.546551],[126.9635079,37.5465521]]}},{"type":"Feature","properties":{"class":"minor","highway":"residential","sidewalk":"unknown","lanes":0,"name":"효창원로","oneway":false},"geometry":{"type":"LineString","coordinates":[[126.9634165,37.5466838],[126.9634302,37.5469935],[126.9634101,37.5473159],[126.96343,37.54787],[126.9634331,37.5479888],[126.9634445,37.5484205],[126.96345,37.54863],[126.9634718,37.5488305],[126.96355,37.54955],[126.9635503,37.5495561],[126.963557,37.5496753],[126.9635642,37.5498048],[126.9635758,37.5500139],[126.9635781,37.5500555],[126.96358,37.55009],[126.96371,37.55054],[126.96374,37.55076],[126.9637347,37.5507881],[126.9637288,37.5508197],[126.96371,37.55092],[126.96366,37.55096],[126.9635531,37.5510402],[126.96322,37.55129],[126.96309,37.55138],[126.96306,37.55146],[126.96311,37.55169],[126.96311,37.55175],[126.96306,37.55184],[126.9630083,37.5518778]]}},{"type":"Feature","properties":{"class":"alley","highway":"pedestrian","sidewalk":"unknown","lanes":0,"name":"","oneway":false},"geometry":{"type":"LineString","coordinates":[[126.9644374,37.5446564],[126.9644271,37.5446713],[126.9644235,37.5446881],[126.9644271,37.5447049],[126.9644375,37.5447198],[126.9644534,37.5447312],[126.9644727,37.5447378],[126.9644937,37.5447391],[126.964514,37.544735],[126.9645316,37.5447259],[126.9645446,37.5447128],[126.9645516,37.5446971],[126.9645519,37.5446805],[126.9645455,37.5446646],[126.9645329,37.5446513],[126.9645152,37.5446416],[126.9644945,37.5446371],[126.9644731,37.5446383],[126.9644533,37.544645],[126.9644374,37.5446564]]}},{"type":"Feature","properties":{"class":"alley","highway":"pedestrian","sidewalk":"unknown","lanes":0,"name":"","oneway":false},"geometry":{"type":"LineString","coordinates":[[126.9644024,37.5444342],[126.9644448,37.544435],[126.9644456,37.5444056],[126.96456,37.5444076],[126.9645591,37.5444393],[126.9646079,37.5444402],[126.9646159,37.5441572],[126.9645879,37.5441184],[126.9645485,37.5440969],[126.9644955,37.5440945],[126.9644511,37.5441098],[126.9644107,37.5441409],[126.9644024,37.5444342]]}},{"type":"Feature","properties":{"class":"alley","highway":"service","sidewalk":"unknown","lanes":0,"name":"","oneway":false},"geometry":{"type":"LineString","coordinates":[[126.9649935,37.5451576],[126.9649921,37.5451341],[126.9649851,37.5450162],[126.965374,37.5447425],[126.9656314,37.5445614],[126.9657253,37.5445539]]}},{"type":"Feature","properties":{"class":"alley","highway":"service","sidewalk":"unknown","lanes":0,"name":"","oneway":false},"geometry":{"type":"LineString","coordinates":[[126.9654135,37.545991],[126.9653233,37.5463563],[126.9653025,37.5467123]]}},{"type":"Feature","properties":{"class":"alley","highway":"service","sidewalk":"unknown","lanes":0,"name":"","oneway":false},"geometry":{"type":"LineString","coordinates":[[126.9492421,37.5649079],[126.9492351,37.565337],[126.9494038,37.5655431],[126.9497131,37.5661839],[126.9499732,37.5664402],[126.9501981,37.5666686],[126.9502192,37.5668803],[126.9500786,37.5673149],[126.9501052,37.5678228],[126.9501387,37.5680794],[126.9501782,37.5682932]]}},{"type":"Feature","properties":{"class":"alley","highway":"service","sidewalk":"unknown","lanes":0,"name":"","oneway":false},"geometry":{"type":"LineString","coordinates":[[126.9479293,37.5613954],[126.9485322,37.561236],[126.9486236,37.5613419],[126.9487501,37.5615425],[126.9489961,37.5615592],[126.9491297,37.5614589],[126.9490875,37.5612137],[126.9488415,37.5607512],[126.9486306,37.5606621],[126.948497,37.5607456],[126.9484689,37.5609295],[126.9485322,37.561236]]}},{"type":"Feature","properties":{"class":"alley","highway":"service","sidewalk":"unknown","lanes":0,"name":"","oneway":false},"geometry":{"type":"LineString","coordinates":[[126.9491297,37.5614589],[126.9492492,37.5615759],[126.9495022,37.5615257],[126.9497412,37.5612917],[126.9498185,37.5611803],[126.9498888,37.561197],[126.9497693,37.5615202],[126.9497342,37.5627572],[126.9496428,37.5631249],[126.9497764,37.5636598],[126.9496709,37.5643006],[126.9495233,37.5645068],[126.9492421,37.5649079]]}},{"type":"Feature","properties":{"class":"alley","highway":"service","sidewalk":"unknown","lanes":0,"name":"","oneway":false},"geometry":{"type":"LineString","coordinates":[[126.9480683,37.5651308],[126.9483986,37.5658551],[126.9485533,37.5661226],[126.9487031,37.5662985],[126.9488869,37.5665673]]}},{"type":"Feature","properties":{"class":"alley","highway":"service","sidewalk":"unknown","lanes":0,"name":"","oneway":false},"geometry":{"type":"LineString","coordinates":[[126.9451808,37.563214],[126.9456572,37.5630135],[126.9458189,37.5630246],[126.9461493,37.5631973],[126.946318,37.5631918],[126.9464515,37.5637434],[126.946571,37.5639886],[126.9473021,37.5645513],[126.9476254,37.5649915],[126.9478855,37.5651419],[126.9480683,37.5651308],[126.9480331,37.5649024],[126.9480261,37.5647519],[126.9481526,37.5646349],[126.9483565,37.5646795],[126.9485744,37.5648299],[126.9488415,37.5649024],[126.9492421,37.5649079]]}},{"type":"Feature","properties":{"class":"minor","highway":"unclassified","sidewalk":"unknown","lanes":0,"name":"","oneway":false},"geometry":{"type":"LineString","coordinates":[[126.9445348,37.5636527],[126.9445927,37.5636052],[126.9446009,37.5635985],[126.9451808,37.563214],[126.9450808,37.5627683],[126.9451232,37.5626608],[126.9451792,37.5622557],[126.9452565,37.5619436],[126.9454252,37.5618433],[126.9460087,37.5620272],[126.9464796,37.5620551],[126.9468733,37.5621944],[126.9472107,37.5623337],[126.9475481,37.562317],[126.9477451,37.5622374],[126.9479066,37.5621721],[126.9480186,37.5618081],[126.9479293,37.5613954],[126.9479066,37.561314],[126.9477379,37.5610298],[126.9473583,37.5608236],[126.9468241,37.5606565],[126.9466413,37.5605896],[126.9462761,37.5601929],[126.9461561,37.5601258],[126.9456175,37.5599689]]}},{"type":"Feature","properties":{"class":"minor","highway":"residential","sidewalk":"unknown","lanes":0,"name":"새창로8길","oneway":false},"geometry":{"type":"LineString","coordinates":[[126.9479703,37.5356143],[126.9481151,37.5356398],[126.9484206,37.5356337],[126.9487109,37.5356511],[126.9489999,37.5357405],[126.9491512,37.5358066],[126.9491954,37.535826],[126.9492761,37.5358613],[126.9494978,37.5359582],[126.950005,37.5360452],[126.9503525,37.5360604],[126.9508669,37.5360996],[126.9510295,37.5361385],[126.9514777,37.5363479],[126.9516325,37.536468],[126.9517345,37.5365896],[126.9520553,37.5370427],[126.9524855,37.5372725],[126.9529089,37.5373156],[126.9530143,37.5373685],[126.953133,37.5375633],[126.9533412,37.5377362],[126.9534199,37.5378685],[126.9534997,37.5380024],[126.9539113,37.5386496],[126.9541946,37.5389294],[126.9546271,37.5390792],[126.9553528,37.5393039],[126.9555796,37.5394171],[126.9559926,37.5398892],[126.9560138,37.5399243],[126.9562071,37.5401231]]}},{"type":"Feature","properties":{"class":"minor","highway":"residential","sidewalk":"unknown","lanes":0,"name":"효창목4길","oneway":false},"geometry":{"type":"LineString","coordinates":[[126.9604583,37.547261],[126.9604723,37.5470869],[126.9604942,37.5468596]]}},{"type":"Feature","properties":{"class":"minor","highway":"residential","sidewalk":"unknown","lanes":0,"name":"청파로47다길","oneway":false},"geometry":{"type":"LineString","coordinates":[[126.9670184,37.5456764],[126.9666983,37.545667],[126.9663912,37.5455586],[126.9663255,37.5455353],[126.9662144,37.5454748],[126.9659643,37.5454634],[126.9656494,37.5454503],[126.9656045,37.5454449],[126.9654891,37.545445],[126.9654582,37.54553]]}},{"type":"Feature","properties":{"class":"minor","highway":"residential","sidewalk":"unknown","lanes":0,"name":"만리재로16안길","oneway":false},"geometry":{"type":"LineString","coordinates":[[126.96251,37.5488324],[126.9624854,37.5490918],[126.9625167,37.5493065],[126.9625981,37.549571],[126.9626837,37.5497593],[126.9626933,37.5497818],[126.962734,37.5498772],[126.9628247,37.550061],[126.9628305,37.550089],[126.9628441,37.5501544],[126.9628402,37.5502417]]}},{"type":"Feature","properties":{"class":"minor","highway":"residential","sidewalk":"unknown","lanes":0,"name":"효창원로97길","oneway":false},"geometry":{"type":"LineString","coordinates":[[126.9635503,37.5495561],[126.9634658,37.5495634],[126.9633199,37.5494983],[126.9631693,37.5494217],[126.963118,37.549362],[126.9630795,37.5492998],[126.963062,37.5492364],[126.9630704,37.54914],[126.9630984,37.5490084],[126.9631157,37.5489524],[126.9631446,37.5488343]]}},{"type":"Feature","properties":{"class":"minor","highway":"residential","sidewalk":"unknown","lanes":0,"name":"효창원로98길","oneway":false},"geometry":{"type":"LineString","coordinates":[[126.9638306,37.5496451],[126.9637253,37.5492547],[126.9637106,37.5492001],[126.9637125,37.5489995],[126.9637832,37.548854]]}},{"type":"Feature","properties":{"class":"minor","highway":"residential","sidewalk":"unknown","lanes":0,"name":"만리재로12길","oneway":false},"geometry":{"type":"LineString","coordinates":[[126.9605734,37.5486815],[126.9606978,37.5486902],[126.9607285,37.5488115],[126.9607492,37.5489756],[126.9607835,37.5490337],[126.9608919,37.549133],[126.9610008,37.5492818],[126.9610525,37.5493845],[126.9610808,37.5495003],[126.9610908,37.549584],[126.9610614,37.549754],[126.9609817,37.5499184],[126.9609389,37.55007],[126.9609132,37.5501609],[126.9608941,37.550173],[126.960861,37.550196]]}},{"type":"Feature","properties":{"class":"minor","highway":"residential","sidewalk":"unknown","lanes":0,"name":"만리재로10길","oneway":false},"geometry":{"type":"LineString","coordinates":[[126.9607444,37.5480447],[126.9607139,37.5484842],[126.9606162,37.5486206],[126.9605734,37.5486815],[126.9605134,37.5487071],[126.960427,37.5488247],[126.9602638,37.5490366],[126.9602582,37.5490525],[126.9602017,37.549187],[126.9601338,37.549254],[126.9600902,37.5492688]]}},{"type":"Feature","properties":{"class":"minor","highway":"residential","sidewalk":"unknown","lanes":0,"name":"효창원로86라길","oneway":false},"geometry":{"type":"LineString","coordinates":[[126.9669464,37.548014],[126.9665856,37.5480188],[126.9665637,37.5480491],[126.9665687,37.5483696]]}},{"type":"Feature","properties":{"class":"minor","highway":"residential","sidewalk":"unknown","lanes":0,"name":"만리재로10길","oneway":false},"geometry":{"type":"LineString","coordinates":[[126.9601338,37.549254],[126.9601771,37.5492981],[126.9605218,37.5493657],[126.9610262,37.5495721],[126.9610908,37.549584]]}},{"type":"Feature","properties":{"class":"minor","highway":"residential","sidewalk":"unknown","lanes":0,"name":"효창원로104길","oneway":false},"geometry":{"type":"LineString","coordinates":[[126.9664339,37.5503745],[126.9663408,37.5503756],[126.965869,37.5503813],[126.9654755,37.550386],[126.9654214,37.5503931],[126.9653652,37.5504006],[126.9650887,37.5504993],[126.9650347,37.5505186],[126.9646892,37.5505836],[126.9646265,37.5505983],[126.964528,37.5506215],[126.9642261,37.550759],[126.9641287,37.5507809],[126.9640622,37.5507958],[126.9639475,37.5507666],[126.9637795,37.5507828],[126.9637347,37.5507881]]}},{"type":"Feature","properties":{"class":"minor","highway":"residential","sidewalk":"unknown","lanes":0,"name":"만리재로24길","oneway":false},"geometry":{"type":"LineString","coordinates":[[126.9636704,37.5524232],[126.9639298,37.552263]]}},{"type":"Feature","properties":{"class":"minor","highway":"residential","sidewalk":"unknown","lanes":0,"name":"만리재로14길","oneway":false},"geometry":{"type":"LineString","coordinates":[[126.9613462,37.5504928],[126.9614675,37.5502067],[126.9615332,37.5500889],[126.961596,37.5499254],[126.961926,37.549676],[126.9619891,37.5496372],[126.9620804,37.5495978],[126.9622069,37.5495719],[126.9623509,37.5495907],[126.9624391,37.5496019],[126.9625115,37.549597],[126.9625981,37.549571],[126.9627225,37.5495307],[126.9629104,37.5494514],[126.963118,37.549362]]}},{"type":"Feature","properties":{"class":"minor","highway":"residential","sidewalk":"unknown","lanes":0,"name":"청파로49길","oneway":false},"geometry":{"type":"LineString","coordinates":[[126.9673444,37.544785],[126.9674112,37.5449293],[126.9673757,37.5450159],[126.9674152,37.5450638],[126.9674795,37.5451415],[126.9676625,37.5452477],[126.9677944,37.5452765],[126.9681733,37.5453343],[126.9683236,37.5452932],[126.96853,37.545368],[126.968676,37.5454209],[126.9691922,37.545356],[126.9692766,37.5453408],[126.9696266,37.545278],[126.9698123,37.545252],[126.97049,37.5452853]]}},{"type":"Feature","properties":{"class":"minor","highway":"residential","sidewalk":"unknown","lanes":0,"name":"효창원로95길","oneway":false},"geometry":{"type":"LineString","coordinates":[[126.9613299,37.548085],[126.9613168,37.5485238],[126.9614098,37.5486033],[126.9614398,37.5486288],[126.9615982,37.5487274],[126.9616831,37.5487563],[126.9617826,37.5487902],[126.9620257,37.5488173],[126.9620894,37.5488195],[126.9623713,37.5488292],[126.96251,37.5488324],[126.9626977,37.5488368],[126.9630474,37.5488348],[126.9631446,37.5488343],[126.9632809,37.5488335],[126.9634718,37.5488305]]}},{"type":"Feature","properties":{"class":"minor","highway":"residential","sidewalk":"unknown","lanes":0,"name":"효창원로104나길","oneway":false},"geometry":{"type":"LineString","coordinates":[[126.9646265,37.5505983],[126.9646918,37.5510255],[126.9647328,37.5511392],[126.9649268,37.5514283],[126.9649814,37.5514998],[126.9651521,37.551581],[126.9652134,37.5516038],[126.9652914,37.551633],[126.9654649,37.5516806],[126.9655837,37.5516958],[126.9656465,37.5516958],[126.9655635,37.5521582]]}},{"type":"Feature","properties":{"class":"minor","highway":"residential","sidewalk":"unknown","lanes":0,"name":"만리재로24길","oneway":false},"geometry":{"type":"LineString","coordinates":[[126.9658552,37.552216],[126.9655635,37.5521582],[126.9654174,37.5521293],[126.9648486,37.5519281],[126.9647316,37.5518957],[126.9646286,37.5518857]]}},{"type":"Feature","properties":{"class":"minor","highway":"residential","sidewalk":"unknown","lanes":0,"name":"만리재로26길","oneway":false},"geometry":{"type":"LineString","coordinates":[[126.96563,37.5525266],[126.9655537,37.5525846],[126.96551,37.5526345],[126.9654568,37.5527547],[126.9654281,37.5528326],[126.965383,37.5528391],[126.9652942,37.5528207],[126.965269,37.5527992],[126.9652054,37.5527449],[126.9651234,37.5526735],[126.9650798,37.5526355],[126.9649896,37.5525652],[126.9647793,37.5525002],[126.9647019,37.5524911],[126.9646496,37.552485],[126.964502,37.5525273],[126.9643491,37.5525619],[126.9642931,37.5525727]]}},{"type":"Feature","properties":{"class":"alley","highway":"service","sidewalk":"unknown","lanes":0,"name":"효창목5길","oneway":false},"geometry":{"type":"LineString","coordinates":[[126.9610384,37.5480648],[126.9610601,37.5478798]]}},{"type":"Feature","properties":{"class":"minor","highway":"residential","sidewalk":"unknown","lanes":0,"name":"만리재로8길","oneway":false},"geometry":{"type":"LineString","coordinates":[[126.9602342,37.5484049],[126.9600425,37.5482332]]}},{"type":"Feature","properties":{"class":"alley","highway":"service","sidewalk":"unknown","lanes":0,"name":"","oneway":false},"geometry":{"type":"LineString","coordinates":[[126.9602714,37.5487427],[126.960427,37.5488247]]}},{"type":"Feature","properties":{"class":"alley","highway":"service","sidewalk":"unknown","lanes":0,"name":"만리재로12나길","oneway":false},"geometry":{"type":"LineString","coordinates":[[126.9622396,37.5491807],[126.9622684,37.5489814]]}},{"type":"Feature","properties":{"class":"alley","highway":"service","sidewalk":"unknown","lanes":0,"name":"효창원로86길","oneway":false},"geometry":{"type":"LineString","coordinates":[[126.9665292,37.5471217],[126.96652,37.5469359]]}},{"type":"Feature","properties":{"class":"minor","highway":"residential","sidewalk":"unknown","lanes":0,"name":"만리재로8길","oneway":false},"geometry":{"type":"LineString","coordinates":[[126.9596901,37.5487644],[126.9600717,37.5486171],[126.9600816,37.5485535],[126.9602342,37.5484049],[126.9603669,37.5484101],[126.9605266,37.5483577],[126.9605628,37.5482801],[126.960587,37.5480361]]}},{"type":"Feature","properties":{"class":"minor","highway":"residential","sidewalk":"unknown","lanes":0,"name":"효창원로86나길","oneway":false},"geometry":{"type":"LineString","coordinates":[[126.9654734,37.5477544],[126.9661787,37.5477136]]}},{"type":"Feature","properties":{"class":"alley","highway":"service","sidewalk":"unknown","lanes":0,"name":"효창원로86길","oneway":false},"geometry":{"type":"LineString","coordinates":[[126.9662823,37.5465127],[126.9662305,37.5467602]]}},{"type":"Feature","properties":{"class":"minor","highway":"residential","sidewalk":"unknown","lanes":0,"name":"효창원로94다길","oneway":false},"geometry":{"type":"LineString","coordinates":[[126.9647237,37.5490478],[126.9644384,37.5488354]]}},{"type":"Feature","properties":{"class":"minor","highway":"residential","sidewalk":"unknown","lanes":0,"name":"임정로","oneway":false},"geometry":{"type":"LineString","coordinates":[[126.9572345,37.5443412],[126.9577354,37.5441995]]}},{"type":"Feature","properties":{"class":"alley","highway":"service","sidewalk":"unknown","lanes":0,"name":"효창원로86길","oneway":false},"geometry":{"type":"LineString","coordinates":[[126.9658473,37.546464],[126.9659573,37.5469487]]}},{"type":"Feature","properties":{"class":"alley","highway":"service","sidewalk":"unknown","lanes":0,"name":"효창원로95길","oneway":false},"geometry":{"type":"LineString","coordinates":[[126.9630436,37.5484096],[126.9630459,37.5486769]]}},{"type":"Feature","properties":{"class":"minor","highway":"residential","sidewalk":"unknown","lanes":0,"name":"효창원로86라길","oneway":false},"geometry":{"type":"LineString","coordinates":[[126.9668857,37.5465415],[126.9668836,37.5465757],[126.9669016,37.5470699],[126.9669059,37.5471889],[126.9669118,37.547351],[126.9669178,37.5474662],[126.9669324,37.5477458],[126.9669464,37.548014],[126.9669487,37.5480565],[126.966962,37.5483118],[126.9669612,37.5483696],[126.9669577,37.5486249],[126.9669543,37.5489068]]}},{"type":"Feature","properties":{"class":"minor","highway":"residential","sidewalk":"unknown","lanes":0,"name":"효창원로95길","oneway":false},"geometry":{"type":"LineString","coordinates":[[126.9620413,37.5492052],[126.9620894,37.5488195]]}},{"type":"Feature","properties":{"class":"minor","highway":"residential","sidewalk":"unknown","lanes":0,"name":"효창원로86라길","oneway":false},"geometry":{"type":"LineString","coordinates":[[126.9660611,37.5474882],[126.9669178,37.5474662]]}},{"type":"Feature","properties":{"class":"alley","highway":"service","sidewalk":"unknown","lanes":0,"name":"청파로71나길","oneway":false},"geometry":{"type":"LineString","coordinates":[[126.9669533,37.5489731],[126.9671829,37.5489867],[126.9673227,37.5491433],[126.9673586,37.5491391],[126.9673503,37.54862]]}},{"type":"Feature","properties":{"class":"minor","highway":"residential","sidewalk":"unknown","lanes":0,"name":"효창원로94나길","oneway":false},"geometry":{"type":"LineString","coordinates":[[126.9641252,37.548552],[126.9645056,37.5487325]]}},{"type":"Feature","properties":{"class":"alley","highway":"service","sidewalk":"unknown","lanes":0,"name":"만리재로26가길","oneway":false},"geometry":{"type":"LineString","coordinates":[[126.9647667,37.5522227],[126.9647019,37.5524911]]}},{"type":"Feature","properties":{"class":"minor","highway":"residential","sidewalk":"unknown","lanes":0,"name":"만리재로16길","oneway":false},"geometry":{"type":"LineString","coordinates":[[126.9624018,37.5499606],[126.962032,37.5502681],[126.9620246,37.5503503],[126.9622182,37.5505913]]}},{"type":"Feature","properties":{"class":"minor","highway":"residential","sidewalk":"unknown","lanes":0,"name":"효창원로94가길","oneway":false},"geometry":{"type":"LineString","coordinates":[[126.9637832,37.548854],[126.963722,37.548324]]}},{"type":"Feature","properties":{"class":"minor","highway":"residential","sidewalk":"unknown","lanes":0,"name":"청파로49길","oneway":false},"geometry":{"type":"LineString","coordinates":[[126.9669399,37.5449854],[126.9673757,37.5450159]]}},{"type":"Feature","properties":{"class":"minor","highway":"residential","sidewalk":"unknown","lanes":0,"name":"효창원로86다길","oneway":false},"geometry":{"type":"LineString","coordinates":[[126.965817,37.5483696],[126.9658276,37.5488861]]}},{"type":"Feature","properties":{"class":"minor","highway":"residential","sidewalk":"unknown","lanes":0,"name":"","oneway":false},"geometry":{"type":"LineString","coordinates":[[126.9609972,37.5487306],[126.9607285,37.5488115]]}},{"type":"Feature","properties":{"class":"minor","highway":"residential","sidewalk":"unknown","lanes":0,"name":"임정로","oneway":false},"geometry":{"type":"LineString","coordinates":[[126.9574614,37.5448639],[126.9579425,37.5447267]]}},{"type":"Feature","properties":{"class":"alley","highway":"service","sidewalk":"unknown","lanes":0,"name":"","oneway":false},"geometry":{"type":"LineString","coordinates":[[126.9673941,37.5492598],[126.9673682,37.5493907]]}},{"type":"Feature","properties":{"class":"minor","highway":"residential","sidewalk":"unknown","lanes":0,"name":"임정로29길","oneway":false},"geometry":{"type":"LineString","coordinates":[[126.9617908,37.5472449],[126.9617826,37.547364],[126.9618625,37.5475719]]}},{"type":"Feature","properties":{"class":"minor","highway":"residential","sidewalk":"unknown","lanes":0,"name":"만리재로10안길","oneway":false},"geometry":{"type":"LineString","coordinates":[[126.9615074,37.5489186],[126.961666,37.5492516]]}},{"type":"Feature","properties":{"class":"minor","highway":"residential","sidewalk":"unknown","lanes":0,"name":"청파로47다길","oneway":false},"geometry":{"type":"LineString","coordinates":[[126.9656045,37.5454449],[126.9656108,37.5453094],[126.9655031,37.5451246]]}},{"type":"Feature","properties":{"class":"alley","highway":"service","sidewalk":"unknown","lanes":0,"name":"청파로71가길","oneway":false},"geometry":{"type":"LineString","coordinates":[[126.9667875,37.5518608],[126.9667488,37.5517021],[126.9666215,37.5512767],[126.966447,37.5512714]]}},{"type":"Feature","properties":{"class":"minor","highway":"residential","sidewalk":"unknown","lanes":0,"name":"만리재로10길","oneway":false},"geometry":{"type":"LineString","coordinates":[[126.9606879,37.5486326],[126.960974,37.548539]]}},{"type":"Feature","properties":{"class":"minor","highway":"residential","sidewalk":"unknown","lanes":0,"name":"만리재로12길","oneway":false},"geometry":{"type":"LineString","coordinates":[[126.9609817,37.5499184],[126.961354,37.5500254],[126.9615332,37.5500889]]}},{"type":"Feature","properties":{"class":"minor","highway":"residential","sidewalk":"unknown","lanes":0,"name":"만리재로16길","oneway":false},"geometry":{"type":"LineString","coordinates":[[126.9626574,37.5502798],[126.9624018,37.5499606],[126.9619891,37.5496372]]}},{"type":"Feature","properties":{"class":"minor","highway":"residential","sidewalk":"unknown","lanes":0,"name":"효창원로86라길","oneway":false},"geometry":{"type":"LineString","coordinates":[[126.9662113,37.5477763],[126.9663452,37.5477546],[126.9669324,37.5477458]]}},{"type":"Feature","properties":{"class":"minor","highway":"residential","sidewalk":"unknown","lanes":0,"name":"임정로21길","oneway":false},"geometry":{"type":"LineString","coordinates":[[126.9573354,37.5452037],[126.9575723,37.5451327]]}},{"type":"Feature","properties":{"class":"minor","highway":"residential","sidewalk":"unknown","lanes":0,"name":"만리재로18길","oneway":false},"geometry":{"type":"LineString","coordinates":[[126.9623092,37.5507683],[126.9624822,37.5508457],[126.9627418,37.5510714]]}},{"type":"Feature","properties":{"class":"alley","highway":"service","sidewalk":"unknown","lanes":0,"name":"청파로73길","oneway":false},"geometry":{"type":"LineString","coordinates":[[126.9663138,37.5519773],[126.9662763,37.5518169],[126.9667488,37.5517021]]}},{"type":"Feature","properties":{"class":"minor","highway":"residential","sidewalk":"unknown","lanes":0,"name":"만리재로","oneway":false},"geometry":{"type":"LineString","coordinates":[[126.9610262,37.5495721],[126.9609494,37.5496944],[126.9608556,37.5498533],[126.9608245,37.549913],[126.9607807,37.549929],[126.9607362,37.5500056],[126.9607091,37.5500225]]}},{"type":"Feature","properties":{"class":"alley","highway":"service","sidewalk":"unknown","lanes":0,"name":"","oneway":false},"geometry":{"type":"LineString","coordinates":[[126.9600554,37.548932],[126.9602714,37.5487427],[126.9604551,37.5486615]]}},{"type":"Feature","properties":{"class":"minor","highway":"residential","sidewalk":"unknown","lanes":0,"name":"효창원로94다길","oneway":false},"geometry":{"type":"LineString","coordinates":[[126.9641896,37.5490929],[126.9641935,37.5492767],[126.9643217,37.5493922]]}},{"type":"Feature","properties":{"class":"minor","highway":"residential","sidewalk":"unknown","lanes":0,"name":"청파로73길","oneway":false},"geometry":{"type":"LineString","coordinates":[[126.9677109,37.5505427],[126.9677227,37.5501753]]}},{"type":"Feature","properties":{"class":"minor","highway":"residential","sidewalk":"unknown","lanes":0,"name":"청파로73길","oneway":false},"geometry":{"type":"LineString","coordinates":[[126.9659576,37.5520936],[126.9660344,37.5516167]]}},{"type":"Feature","properties":{"class":"alley","highway":"service","sidewalk":"unknown","lanes":0,"name":"","oneway":false},"geometry":{"type":"LineString","coordinates":[[126.959979,37.5467689],[126.9601432,37.5467664],[126.9602005,37.5467919]]}},{"type":"Feature","properties":{"class":"minor","highway":"residential","sidewalk":"unknown","lanes":0,"name":"만리재로6길","oneway":false},"geometry":{"type":"LineString","coordinates":[[126.9591721,37.548182],[126.9593386,37.5480674],[126.9597404,37.5477744]]}},{"type":"Feature","properties":{"class":"minor","highway":"residential","sidewalk":"unknown","lanes":0,"name":"효창목길","oneway":false},"geometry":{"type":"LineString","coordinates":[[126.960073,37.54821],[126.9598732,37.5480313],[126.9598683,37.5479546],[126.959914,37.5478883]]}},{"type":"Feature","properties":{"class":"minor","highway":"residential","sidewalk":"unknown","lanes":0,"name":"효창원로86나길","oneway":false},"geometry":{"type":"LineString","coordinates":[[126.9654209,37.5473312],[126.9654734,37.5477544],[126.9654973,37.5479479]]}},{"type":"Feature","properties":{"class":"minor","highway":"residential","sidewalk":"unknown","lanes":0,"name":"만리재로16안길","oneway":false},"geometry":{"type":"LineString","coordinates":[[126.9626933,37.5497818],[126.9629059,37.5497134],[126.9633199,37.5494983]]}},{"type":"Feature","properties":{"class":"minor","highway":"residential","sidewalk":"unknown","lanes":0,"name":"효창원로86다길","oneway":false},"geometry":{"type":"LineString","coordinates":[[126.9654646,37.5489695],[126.9654686,37.5488445],[126.9654632,37.5483674]]}},{"type":"Feature","properties":{"class":"minor","highway":"residential","sidewalk":"unknown","lanes":0,"name":"효창원로104다길","oneway":false},"geometry":{"type":"LineString","coordinates":[[126.9650887,37.5504993],[126.9651262,37.551071],[126.965189,37.5511338]]}},{"type":"Feature","properties":{"class":"minor","highway":"residential","sidewalk":"unknown","lanes":0,"name":"청파로71가길","oneway":false},"geometry":{"type":"LineString","coordinates":[[126.9668648,37.5501634],[126.967316,37.5501697],[126.9677227,37.5501753],[126.9681044,37.5501805]]}},{"type":"Feature","properties":{"class":"alley","highway":"service","sidewalk":"unknown","lanes":0,"name":"청파로73길","oneway":false},"geometry":{"type":"LineString","coordinates":[[126.9676368,37.5505725],[126.9678756,37.5505417],[126.9680286,37.5505526],[126.9682963,37.5504984]]}},{"type":"Feature","properties":{"class":"minor","highway":"residential","sidewalk":"unknown","lanes":0,"name":"청파로73나길","oneway":false},"geometry":{"type":"LineString","coordinates":[[126.9673139,37.5506143],[126.967316,37.5501697]]}},{"type":"Feature","properties":{"class":"alley","highway":"service","sidewalk":"unknown","lanes":0,"name":"효창원로110길","oneway":false},"geometry":{"type":"LineString","coordinates":[[126.96311,37.55169],[126.9633076,37.5516736],[126.9634469,37.5518176],[126.9640885,37.5514885]]}},{"type":"Feature","properties":{"class":"minor","highway":"residential","sidewalk":"unknown","lanes":0,"name":"만리재로14길","oneway":false},"geometry":{"type":"LineString","coordinates":[[126.9615332,37.5500889],[126.962032,37.5502681]]}},{"type":"Feature","properties":{"class":"minor","highway":"residential","sidewalk":"unknown","lanes":0,"name":"만리재로16안길","oneway":false},"geometry":{"type":"LineString","coordinates":[[126.9635642,37.5498048],[126.963309,37.549907],[126.9630859,37.5500112],[126.9628305,37.550089]]}},{"type":"Feature","properties":{"class":"minor","highway":"residential","sidewalk":"unknown","lanes":0,"name":"청파로89길","oneway":false},"geometry":{"type":"LineString","coordinates":[[126.9669069,37.5536903],[126.9668989,37.5536102],[126.9669742,37.5534372],[126.9670136,37.5532365]]}},{"type":"Feature","properties":{"class":"minor","highway":"residential","sidewalk":"unknown","lanes":0,"name":"청파로47길","oneway":false},"geometry":{"type":"LineString","coordinates":[[126.9663912,37.5455586],[126.966592,37.5451846],[126.9666142,37.5450797],[126.9667255,37.5449027]]}},{"type":"Feature","properties":{"class":"minor","highway":"residential","sidewalk":"unknown","lanes":0,"name":"임정로25길","oneway":false},"geometry":{"type":"LineString","coordinates":[[126.9599749,37.5472633],[126.9599809,37.5469043],[126.959979,37.5467689],[126.9599672,37.54616]]}},{"type":"Feature","properties":{"class":"minor","highway":"residential","sidewalk":"unknown","lanes":0,"name":"청파로47길","oneway":false},"geometry":{"type":"LineString","coordinates":[[126.9659969,37.5450271],[126.9660415,37.5451793],[126.9661854,37.5452451],[126.9662144,37.5454748]]}},{"type":"Feature","properties":{"class":"minor","highway":"residential","sidewalk":"unknown","lanes":0,"name":"청파로47나길","oneway":false},"geometry":{"type":"LineString","coordinates":[[126.9677903,37.5468851],[126.967516,37.5470015],[126.9674561,37.5475283],[126.9677285,37.5477351],[126.9680324,37.5476465]]}},{"type":"Feature","properties":{"class":"minor","highway":"residential","sidewalk":"unknown","lanes":0,"name":"청파로49길","oneway":false},"geometry":{"type":"LineString","coordinates":[[126.9674152,37.5450638],[126.9672364,37.5451415],[126.9672535,37.5452852],[126.9674888,37.5453328],[126.9676913,37.5454406],[126.9677703,37.5453805],[126.9677944,37.5452765]]}},{"type":"Feature","properties":{"class":"minor","highway":"residential","sidewalk":"unknown","lanes":0,"name":"청파로83길","oneway":false},"geometry":{"type":"LineString","coordinates":[[126.9675493,37.5515248],[126.9676321,37.5515682],[126.967709,37.5517372],[126.9678073,37.5519754],[126.9678647,37.5520469],[126.9681267,37.5521029],[126.9683509,37.55214],[126.9687497,37.5521465]]}},{"type":"Feature","properties":{"class":"minor","highway":"residential","sidewalk":"unknown","lanes":0,"name":"효창목4길","oneway":false},"geometry":{"type":"LineString","coordinates":[[126.9599809,37.5469043],[126.9601225,37.5469005],[126.9601503,37.5470743],[126.9604723,37.5470869]]}},{"type":"Feature","properties":{"class":"minor","highway":"residential","sidewalk":"unknown","lanes":0,"name":"임정로21길","oneway":false},"geometry":{"type":"LineString","coordinates":[[126.9585087,37.5454804],[126.9579476,37.5456248],[126.957566,37.5457269]]}},{"type":"Feature","properties":{"class":"minor","highway":"residential","sidewalk":"unknown","lanes":0,"name":"","oneway":false},"geometry":{"type":"LineString","coordinates":[[126.9599941,37.5488624],[126.9600554,37.548932]]}},{"type":"Feature","properties":{"class":"minor","highway":"residential","sidewalk":"unknown","lanes":0,"name":"청파로47나길","oneway":false},"geometry":{"type":"LineString","coordinates":[[126.9669059,37.5471889],[126.9671142,37.5470981],[126.9671947,37.5468934],[126.9672016,37.5467418],[126.9676438,37.5466471]]}},{"type":"Feature","properties":{"class":"minor","highway":"residential","sidewalk":"unknown","lanes":0,"name":"만리재로36길","oneway":false},"geometry":{"type":"LineString","coordinates":[[126.9666532,37.5538221],[126.9667289,37.5537633],[126.9669069,37.5536903],[126.9669491,37.553673],[126.9671313,37.5537064]]}},{"type":"Feature","properties":{"class":"minor","highway":"residential","sidewalk":"unknown","lanes":0,"name":"효창원로104가길","oneway":false},"geometry":{"type":"LineString","coordinates":[[126.9641691,37.5514563],[126.9645402,37.5513319],[126.9645839,37.5512399],[126.9645935,37.5510439],[126.9646918,37.5510255]]}},{"type":"Feature","properties":{"class":"minor","highway":"residential","sidewalk":"unknown","lanes":0,"name":"","oneway":false},"geometry":{"type":"LineString","coordinates":[[126.9606978,37.5486902],[126.9606879,37.5486326],[126.9606997,37.5485514],[126.9607139,37.5484842]]}},{"type":"Feature","properties":{"class":"minor","highway":"residential","sidewalk":"unknown","lanes":0,"name":"효창원로86나길","oneway":false},"geometry":{"type":"LineString","coordinates":[[126.9669016,37.5470699],[126.9667057,37.5470594],[126.9665292,37.5471217],[126.9660802,37.5472803],[126.9654209,37.5473312],[126.9650148,37.5473626]]}},{"type":"Feature","properties":{"class":"minor","highway":"residential","sidewalk":"unknown","lanes":0,"name":"효창원로","oneway":false},"geometry":{"type":"LineString","coordinates":[[126.9628686,37.550969],[126.9631187,37.5510915],[126.9632771,37.5510854],[126.9634741,37.551018],[126.9634992,37.5510157],[126.9635531,37.5510402]]}},{"type":"Feature","properties":{"class":"minor","highway":"residential","sidewalk":"unknown","lanes":0,"name":"만리재로36길","oneway":false},"geometry":{"type":"LineString","coordinates":[[126.9666816,37.5543689],[126.9666923,37.5543418],[126.9667505,37.5541941],[126.9668673,37.5540145],[126.9669417,37.55395],[126.9670435,37.5538962],[126.9671313,37.5537064],[126.9671969,37.5536739],[126.9672761,37.5536631],[126.9674209,37.5535267],[126.9676079,37.5532811]]}},{"type":"Feature","properties":{"class":"minor","highway":"residential","sidewalk":"unknown","lanes":0,"name":"효창목5안길","oneway":false},"geometry":{"type":"LineString","coordinates":[[126.9613986,37.5496025],[126.9613883,37.549496],[126.9612978,37.5492591],[126.9611414,37.5489588],[126.9611792,37.5488436],[126.9611598,37.5488433],[126.9609972,37.5487306],[126.9609617,37.5485931],[126.960974,37.548539],[126.9610182,37.5480645]]}},{"type":"Feature","properties":{"class":"minor","highway":"residential","sidewalk":"unknown","lanes":0,"name":"만리재로6길","oneway":false},"geometry":{"type":"LineString","coordinates":[[126.9593386,37.5480674],[126.9597753,37.5484374],[126.9600425,37.5482332],[126.960073,37.54821],[126.960241,37.5480876],[126.9602743,37.5479957]]}},{"type":"Feature","properties":{"class":"minor","highway":"residential","sidewalk":"unknown","lanes":0,"name":"효창원로86다길","oneway":false},"geometry":{"type":"LineString","coordinates":[[126.9669612,37.5483696],[126.9665687,37.5483696]]}},{"type":"Feature","properties":{"class":"minor","highway":"residential","sidewalk":"unknown","lanes":0,"name":"만리재로12나길","oneway":false},"geometry":{"type":"LineString","coordinates":[[126.9610008,37.5492818],[126.9612978,37.5492591],[126.961666,37.5492516],[126.9620413,37.5492052],[126.9622396,37.5491807],[126.9623962,37.5491541],[126.9624854,37.5490918],[126.9628809,37.5490348],[126.9630984,37.5490084]]}},{"type":"Feature","properties":{"class":"minor","highway":"residential","sidewalk":"unknown","lanes":0,"name":"청파로71길","oneway":false},"geometry":{"type":"LineString","coordinates":[[126.9657185,37.5492676],[126.9656049,37.5496678],[126.9652263,37.5500154]]}},{"type":"Feature","properties":{"class":"minor","highway":"residential","sidewalk":"unknown","lanes":0,"name":"효창원로86길","oneway":false},"geometry":{"type":"LineString","coordinates":[[126.9666983,37.545667],[126.9666771,37.5458939],[126.9666416,37.5459578],[126.9666416,37.5461668],[126.9665787,37.5462892],[126.9665703,37.5465523]]}},{"type":"Feature","properties":{"class":"alley","highway":"service","sidewalk":"unknown","lanes":0,"name":"만리재로26길","oneway":false},"geometry":{"type":"LineString","coordinates":[[126.9644461,37.5522051],[126.9644467,37.5522912],[126.9643614,37.5522912],[126.9643634,37.5524222],[126.9642931,37.5525727],[126.9642179,37.5526323],[126.9640736,37.5525987]]}},{"type":"Feature","properties":{"class":"minor","highway":"residential","sidewalk":"unknown","lanes":0,"name":"효창원로104가길","oneway":false},"geometry":{"type":"LineString","coordinates":[[126.9641287,37.5507809],[126.9641606,37.5513892],[126.9641691,37.5514563],[126.9641783,37.5515289],[126.9642916,37.5518393]]}},{"type":"Feature","properties":{"class":"minor","highway":"residential","sidewalk":"unknown","lanes":0,"name":"효창원로86가길","oneway":false},"geometry":{"type":"LineString","coordinates":[[126.9649399,37.5468672],[126.9650148,37.5473626],[126.9650971,37.5479544],[126.9651001,37.548145],[126.9651036,37.5483652],[126.9650985,37.5486128],[126.9654686,37.5488445]]}},{"type":"Feature","properties":{"class":"minor","highway":"residential","sidewalk":"unknown","lanes":0,"name":"만리재로20길","oneway":false},"geometry":{"type":"LineString","coordinates":[[126.9630328,37.5502606],[126.9631621,37.5504407],[126.9631834,37.5505969],[126.9630356,37.5508159],[126.9628686,37.550969],[126.9628444,37.5509912],[126.9627418,37.5510714],[126.9625585,37.5512164]]}},{"type":"Feature","properties":{"class":"alley","highway":"service","sidewalk":"unknown","lanes":0,"name":"만리재로26길","oneway":false},"geometry":{"type":"LineString","coordinates":[[126.9651234,37.5526735],[126.9646892,37.5529157],[126.9647753,37.5530056],[126.9648355,37.5530375]]}},{"type":"Feature","properties":{"class":"minor","highway":"residential","sidewalk":"unknown","lanes":0,"name":"만리재로18길","oneway":false},"geometry":{"type":"LineString","coordinates":[[126.9620631,37.5511524],[126.9621013,37.5510883],[126.9623092,37.5507683],[126.9623956,37.5506349],[126.962453,37.5505699],[126.9626278,37.5504789],[126.9630922,37.5504638],[126.9631621,37.5504407]]}},{"type":"Feature","properties":{"class":"minor","highway":"residential","sidewalk":"unknown","lanes":0,"name":"청파로71다길","oneway":false},"geometry":{"type":"LineString","coordinates":[[126.9661867,37.5492524],[126.9661797,37.5488573],[126.966183,37.5483708],[126.9662113,37.5477763],[126.9661787,37.5477136],[126.9660611,37.5474882],[126.966102,37.5474037],[126.9660802,37.5472803]]}},{"type":"Feature","properties":{"class":"minor","highway":"residential","sidewalk":"unknown","lanes":0,"name":"임정로29길","oneway":false},"geometry":{"type":"LineString","coordinates":[[126.9622618,37.5467513],[126.962263,37.5470357]]}},{"type":"Feature","properties":{"class":"minor","highway":"residential","sidewalk":"unknown","lanes":0,"name":"임정로21길","oneway":false},"geometry":{"type":"LineString","coordinates":[[126.9579476,37.5456248],[126.9578561,37.5453949],[126.9578233,37.5453857],[126.95769,37.5454178],[126.9575723,37.5451327],[126.9574614,37.5448639],[126.9573528,37.5446007],[126.9572345,37.5443412],[126.9571094,37.5440668]]}},{"type":"Feature","properties":{"class":"minor","highway":"residential","sidewalk":"unknown","lanes":0,"name":"효창원로94다길","oneway":false},"geometry":{"type":"LineString","coordinates":[[126.9637253,37.5492547],[126.9641896,37.5490929],[126.9644079,37.5488801],[126.9644384,37.5488354],[126.9644832,37.5487698],[126.9645056,37.5487325],[126.9646532,37.5484865],[126.9646745,37.5484375],[126.9647042,37.5481986]]}},{"type":"Feature","properties":{"class":"minor","highway":"residential","sidewalk":"unknown","lanes":0,"name":"효창목5길","oneway":false},"geometry":{"type":"LineString","coordinates":[[126.9617966,37.5475653],[126.9617116,37.5481101],[126.9613299,37.548085],[126.9610384,37.5480648],[126.9610182,37.5480645],[126.9607444,37.5480447],[126.960587,37.5480361],[126.9603293,37.5480192],[126.9602743,37.5479957],[126.960239,37.5479324]]}},{"type":"Feature","properties":{"class":"minor","highway":"residential","sidewalk":"unknown","lanes":0,"name":"만리재로16길","oneway":false},"geometry":{"type":"LineString","coordinates":[[126.9635781,37.5500555],[126.9630328,37.5502606],[126.9629734,37.5502829],[126.9628402,37.5502417],[126.9626574,37.5502798],[126.9626259,37.5502845],[126.9624013,37.5504531],[126.9622182,37.5505913],[126.9618038,37.550866],[126.9617385,37.5509142]]}},{"type":"Feature","properties":{"class":"minor","highway":"residential","sidewalk":"unknown","lanes":0,"name":"효창목5안길","oneway":false},"geometry":{"type":"LineString","coordinates":[[126.9614098,37.5486033],[126.9613592,37.5487913],[126.9612158,37.5488443],[126.9611792,37.5488436]]}},{"type":"Feature","properties":{"class":"minor","highway":"residential","sidewalk":"unknown","lanes":0,"name":"만리재로","oneway":false},"geometry":{"type":"LineString","coordinates":[[126.9598246,37.5489284],[126.9599941,37.5488624],[126.9600312,37.5488054],[126.9602621,37.5486053],[126.9603245,37.5485922],[126.9604551,37.5486615],[126.9605134,37.5487071]]}},{"type":"Feature","properties":{"class":"minor","highway":"residential","sidewalk":"unknown","lanes":0,"name":"청파로63가길","oneway":false},"geometry":{"type":"LineString","coordinates":[[126.9669487,37.5480565],[126.9677072,37.5480475],[126.9681724,37.5478685],[126.9686104,37.5477037],[126.9687552,37.5477709],[126.9689273,37.5478142],[126.9691021,37.5477037],[126.9691868,37.547799],[126.9691513,37.5478488],[126.9692277,37.5479355],[126.9693033,37.5480203]]}},{"type":"Feature","properties":{"class":"minor","highway":"residential","sidewalk":"unknown","lanes":0,"name":"만리재로10안길","oneway":false},"geometry":{"type":"LineString","coordinates":[[126.9602582,37.5490525],[126.9603793,37.5490878],[126.9605922,37.5490852],[126.9607835,37.5490337],[126.9611414,37.5489588],[126.9615074,37.5489186],[126.9616136,37.5488313],[126.9616831,37.5487563]]}},{"type":"Feature","properties":{"class":"minor","highway":"residential","sidewalk":"unknown","lanes":0,"name":"청파로57길","oneway":false},"geometry":{"type":"LineString","coordinates":[[126.9678845,37.5470604],[126.968329,37.5470571],[126.9684547,37.5470561],[126.9684789,37.5470528],[126.9687194,37.54702],[126.9687879,37.5470107],[126.9691048,37.5468894],[126.969195,37.5468699],[126.969431,37.5468809],[126.9697419,37.5468953],[126.9698943,37.5469024],[126.9702299,37.5469085]]}},{"type":"Feature","properties":{"class":"minor","highway":"residential","sidewalk":"unknown","lanes":0,"name":"만리재로28길","oneway":false},"geometry":{"type":"LineString","coordinates":[[126.9656636,37.5534036],[126.9653598,37.5532286],[126.9652519,37.5532146],[126.9651604,37.5532276],[126.9649897,37.553155],[126.9648355,37.5530375],[126.9645835,37.553232]]}},{"type":"Feature","properties":{"class":"major","highway":"primary_link","sidewalk":"likely","lanes":0,"name":"","oneway":true},"geometry":{"type":"LineString","coordinates":[[126.9523659,37.5434037],[126.9524522,37.5436519],[126.9524829,37.543871],[126.9525146,37.544021],[126.9525343,37.5440906],[126.9525892,37.5441809]]}},{"type":"Feature","properties":{"class":"minor","highway":"residential","sidewalk":"unknown","lanes":0,"name":"명물길","oneway":false},"geometry":{"type":"LineString","coordinates":[[126.9403886,37.5591234],[126.9403984,37.5590373],[126.9404153,37.5587133]]}},{"type":"Feature","properties":{"class":"minor","highway":"residential","sidewalk":"unknown","lanes":0,"name":"연세로4길","oneway":false},"geometry":{"type":"LineString","coordinates":[[126.941214,37.559129],[126.9412175,37.5590476],[126.9412363,37.5586258]]}},{"type":"Feature","properties":{"class":"minor","highway":"residential","sidewalk":"unknown","lanes":0,"name":"연세로2다길","oneway":false},"geometry":{"type":"LineString","coordinates":[[126.9416043,37.5591355],[126.9416082,37.5590519],[126.941629,37.5586337]]}},{"type":"Feature","properties":{"class":"minor","highway":"residential","sidewalk":"unknown","lanes":0,"name":"연세로2나길","oneway":false},"geometry":{"type":"LineString","coordinates":[[126.9406138,37.5583306],[126.940892,37.5583584],[126.9411938,37.5583869],[126.9413819,37.5584026]]}},{"type":"Feature","properties":{"class":"minor","highway":"residential","sidewalk":"unknown","lanes":0,"name":"연세로2라길","oneway":false},"geometry":{"type":"LineString","coordinates":[[126.9413681,37.558602],[126.9413819,37.5584026],[126.9414203,37.5580981],[126.9414267,37.5578808],[126.9414294,37.5577025],[126.9412533,37.5576611],[126.9412651,37.5575152]]}},{"type":"Feature","properties":{"class":"minor","highway":"residential","sidewalk":"unknown","lanes":0,"name":"연세로2라길","oneway":false},"geometry":{"type":"LineString","coordinates":[[126.9411938,37.5583869],[126.9412282,37.5581935],[126.941245,37.5578796],[126.9412533,37.5576611]]}},{"type":"Feature","properties":{"class":"minor","highway":"residential","sidewalk":"unknown","lanes":0,"name":"연세로2마길","oneway":false},"geometry":{"type":"LineString","coordinates":[[126.941629,37.5586337],[126.9417758,37.5586365],[126.9419173,37.5586229],[126.9419878,37.5585938],[126.9420855,37.5585028],[126.9421862,37.5584094]]}},{"type":"Feature","properties":{"class":"minor","highway":"residential","sidewalk":"unknown","lanes":0,"name":"신촌역로","oneway":false},"geometry":{"type":"LineString","coordinates":[[126.9427413,37.5584475],[126.9426822,37.5584487],[126.9422397,37.5584439],[126.9421862,37.5584094]]}},{"type":"Feature","properties":{"class":"minor","highway":"residential","sidewalk":"unknown","lanes":0,"name":"연세로2라길","oneway":false},"geometry":{"type":"LineString","coordinates":[[126.9401435,37.557691],[126.9402651,37.5573891]]}},{"type":"Feature","properties":{"class":"minor","highway":"residential","sidewalk":"unknown","lanes":0,"name":"연세로2마길","oneway":false},"geometry":{"type":"LineString","coordinates":[[126.9416575,37.5578297],[126.9418104,37.5578608],[126.9421219,37.5578686],[126.9421819,37.5578761]]}},{"type":"Feature","properties":{"class":"alley","highway":"service","sidewalk":"unknown","lanes":0,"name":"연세로2길","oneway":false},"geometry":{"type":"LineString","coordinates":[[126.9419445,37.5575835],[126.941952,37.5571403]]}},{"type":"Feature","properties":{"class":"minor","highway":"residential","sidewalk":"unknown","lanes":0,"name":"이화여대3길","oneway":false},"geometry":{"type":"LineString","coordinates":[[126.9434356,37.5584777],[126.943439,37.5583259],[126.9434522,37.5579765],[126.9434558,37.5579386]]}},{"type":"Feature","properties":{"class":"minor","highway":"residential","sidewalk":"unknown","lanes":0,"name":"","oneway":false},"geometry":{"type":"LineString","coordinates":[[126.9428821,37.5577133],[126.9429408,37.5577122],[126.9434715,37.5577346]]}},{"type":"Feature","properties":{"class":"alley","highway":"living_street","sidewalk":"unknown","lanes":0,"name":"신촌역로","oneway":false},"geometry":{"type":"LineString","coordinates":[[126.9428738,37.5586832],[126.9429051,37.5586923],[126.9432484,37.558967],[126.9433454,37.5590699],[126.9433702,37.5591015],[126.943382,37.559143]]}},{"type":"Feature","properties":{"class":"minor","highway":"residential","sidewalk":"unknown","lanes":0,"name":"이화여대길","oneway":false},"geometry":{"type":"LineString","coordinates":[[126.9433905,37.5593661],[126.9434767,37.5593675],[126.9435155,37.5593624],[126.9435622,37.5593436],[126.943589,37.5593096],[126.9436077,37.5592726],[126.9436212,37.5592458],[126.9436416,37.5591439]]}},{"type":"Feature","properties":{"class":"minor","highway":"residential","sidewalk":"unknown","lanes":0,"name":"이화여대길","oneway":false},"geometry":{"type":"LineString","coordinates":[[126.9436077,37.5592726],[126.9439323,37.5593585],[126.943905,37.559444],[126.943884,37.5595095]]}},{"type":"Feature","properties":{"class":"minor","highway":"residential","sidewalk":"unknown","lanes":0,"name":"이화여대길","oneway":false},"geometry":{"type":"LineString","coordinates":[[126.943905,37.559444],[126.9444473,37.5595393],[126.9444718,37.5593996],[126.9444768,37.5593713],[126.9444809,37.559162]]}},{"type":"Feature","properties":{"class":"minor","highway":"residential","sidewalk":"unknown","lanes":0,"name":"이화여대길","oneway":false},"geometry":{"type":"LineString","coordinates":[[126.9444718,37.5593996],[126.945311,37.5594117]]}},{"type":"Feature","properties":{"class":"minor","highway":"residential","sidewalk":"unknown","lanes":0,"name":"고산길","oneway":false},"geometry":{"type":"LineString","coordinates":[[126.9420676,37.5549786],[126.942235,37.5546395]]}},{"type":"Feature","properties":{"class":"minor","highway":"residential","sidewalk":"unknown","lanes":0,"name":"신촌로24안길","oneway":false},"geometry":{"type":"LineString","coordinates":[[126.9423264,37.5556496],[126.9425033,37.5552204]]}},{"type":"Feature","properties":{"class":"minor","highway":"residential","sidewalk":"unknown","lanes":0,"name":"신촌로24길","oneway":false},"geometry":{"type":"LineString","coordinates":[[126.9415031,37.555319],[126.9418326,37.5553422]]}},{"type":"Feature","properties":{"class":"minor","highway":"residential","sidewalk":"unknown","lanes":0,"name":"신촌로24안길","oneway":false},"geometry":{"type":"LineString","coordinates":[[126.942039,37.5556301],[126.9420605,37.5553594],[126.9420847,37.5551638]]}},{"type":"Feature","properties":{"class":"minor","highway":"residential","sidewalk":"unknown","lanes":0,"name":"신촌로24길","oneway":false},"geometry":{"type":"LineString","coordinates":[[126.9410305,37.5550001],[126.9415534,37.555194]]}},{"type":"Feature","properties":{"class":"minor","highway":"residential","sidewalk":"unknown","lanes":0,"name":"큰우물로","oneway":false},"geometry":{"type":"LineString","coordinates":[[126.9451782,37.5411992],[126.9451027,37.5412583],[126.9448516,37.5414503],[126.944651,37.5415854],[126.9445456,37.5417027],[126.9445467,37.5417543],[126.9445675,37.5417743],[126.9445927,37.5417987],[126.9447317,37.541908],[126.9447396,37.5419978]]}},{"type":"Feature","properties":{"class":"minor","highway":"residential","sidewalk":"unknown","lanes":0,"name":"백범로24길","oneway":false},"geometry":{"type":"LineString","coordinates":[[126.9440718,37.5463308],[126.944143,37.5463395],[126.9443124,37.5462471],[126.9446032,37.5460751],[126.9447359,37.5460415],[126.9449907,37.5460348],[126.9453458,37.5460365],[126.9455913,37.5460575],[126.9457161,37.5460728],[126.9457556,37.5460812],[126.9458072,37.5461166]]}},{"type":"Feature","properties":{"class":"minor","highway":"residential","sidewalk":"unknown","lanes":0,"name":"대흥로8길","oneway":false},"geometry":{"type":"LineString","coordinates":[[126.9409607,37.5442113],[126.9409425,37.5441919],[126.9408691,37.544005],[126.9408338,37.5439815],[126.9407773,37.5439613],[126.9407519,37.5439333],[126.9407545,37.5438308]]}},{"type":"Feature","properties":{"class":"minor","highway":"residential","sidewalk":"unknown","lanes":0,"name":"독막로","oneway":false},"geometry":{"type":"LineString","coordinates":[[126.9428115,37.5459698],[126.9428728,37.5460771],[126.9429811,37.546164],[126.9429992,37.5461785],[126.943218,37.5461754]]}},{"type":"Feature","properties":{"class":"minor","highway":"residential","sidewalk":"unknown","lanes":0,"name":"독막로40길","oneway":false},"geometry":{"type":"LineString","coordinates":[[126.944364,37.5434092],[126.9442726,37.5434856],[126.9442716,37.5435252],[126.9443335,37.5436732],[126.9443255,37.5438727],[126.9443253,37.5438901],[126.9443245,37.5439796],[126.9443424,37.5440595],[126.9443904,37.5442479],[126.9444193,37.5448186],[126.9444383,37.5448447],[126.9446699,37.5449057],[126.9447852,37.5449739]]}},{"type":"Feature","properties":{"class":"minor","highway":"residential","sidewalk":"unknown","lanes":0,"name":"대흥로2길","oneway":false},"geometry":{"type":"LineString","coordinates":[[126.9404029,37.5398708],[126.9404192,37.5399648],[126.9402271,37.5402083],[126.940202,37.5402408],[126.9398514,37.5406929],[126.9397509,37.5407747],[126.9396904,37.5408249],[126.9396185,37.5408737],[126.9394193,37.5410039],[126.9389733,37.5412636],[126.9389282,37.541291],[126.9381861,37.5417405],[126.9381359,37.541829],[126.938109,37.5418542],[126.9380897,37.5418724],[126.9371433,37.542277],[126.9370405,37.5423705]]}},{"type":"Feature","properties":{"class":"minor","highway":"residential","sidewalk":"unknown","lanes":0,"name":"큰우물로2길","oneway":false},"geometry":{"type":"LineString","coordinates":[[126.9403127,37.5427534],[126.9403529,37.5427642],[126.9404467,37.54278],[126.9404965,37.5427777],[126.9405316,37.542776],[126.9405875,37.5427515],[126.9407782,37.5427729],[126.9409459,37.5428306],[126.9411376,37.542924],[126.9413302,37.5429597],[126.9415529,37.5429692],[126.9417256,37.5429668],[126.9417406,37.5429375],[126.9417755,37.5429264],[126.9419862,37.5429383],[126.9423296,37.543008],[126.9424621,37.5430473],[126.9427559,37.5431344],[126.9428856,37.5432618]]}},{"type":"Feature","properties":{"class":"minor","highway":"residential","sidewalk":"unknown","lanes":0,"name":"토정로33길","oneway":false},"geometry":{"type":"LineString","coordinates":[[126.9421405,37.5409453],[126.9422346,37.5410062],[126.94242,37.5410933],[126.9426547,37.5412036],[126.9427488,37.5412455]]}},{"type":"Feature","properties":{"class":"minor","highway":"residential","sidewalk":"unknown","lanes":0,"name":"대흥로8길","oneway":false},"geometry":{"type":"LineString","coordinates":[[126.9414937,37.5442217],[126.9413957,37.5441707],[126.9412969,37.5441438],[126.9411768,37.5441046],[126.941006,37.5439882],[126.9408338,37.5438561],[126.9407545,37.5438308],[126.9406898,37.5438102],[126.940237,37.543852],[126.9401801,37.5438572],[126.9400996,37.543846],[126.9400764,37.5438258]]}},{"type":"Feature","properties":{"class":"minor","highway":"residential","sidewalk":"unknown","lanes":0,"name":"","oneway":false},"geometry":{"type":"LineString","coordinates":[[126.9450602,37.5452291],[126.9452832,37.5454376]]}},{"type":"Feature","properties":{"class":"alley","highway":"service","sidewalk":"unknown","lanes":0,"name":"토정로31길","oneway":false},"geometry":{"type":"LineString","coordinates":[[126.9431529,37.5432922],[126.943626,37.5433079]]}},{"type":"Feature","properties":{"class":"minor","highway":"residential","sidewalk":"unknown","lanes":0,"name":"대흥로2길","oneway":false},"geometry":{"type":"LineString","coordinates":[[126.940202,37.5402408],[126.9405856,37.5403906]]}},{"type":"Feature","properties":{"class":"minor","highway":"residential","sidewalk":"unknown","lanes":0,"name":"백범로16길","oneway":false},"geometry":{"type":"LineString","coordinates":[[126.9427005,37.547332],[126.942717,37.5473144],[126.9427493,37.5472069],[126.9427424,37.5471812],[126.94283,37.547058],[126.9430488,37.5469998],[126.9431829,37.5469998],[126.9432479,37.5469741],[126.9432691,37.5469125],[126.9431928,37.5468129],[126.9430728,37.5467692],[126.9429655,37.5465924],[126.9427453,37.5466662],[126.9426648,37.5466819],[126.942244,37.5468263],[126.9421958,37.5468282]]}},{"type":"Feature","properties":{"class":"minor","highway":"residential","sidewalk":"unknown","lanes":0,"name":"토정로27길","oneway":false},"geometry":{"type":"LineString","coordinates":[[126.9409499,37.5419757],[126.940895,37.5420525],[126.9408763,37.5420721],[126.9408474,37.5421026],[126.9408101,37.542142],[126.9405985,37.5423153],[126.9404198,37.5425378],[126.9403968,37.5425876],[126.9403575,37.5426671],[126.9403349,37.5427127],[126.9403127,37.5427534],[126.9401073,37.5431299],[126.9400695,37.5432062],[126.9400035,37.5433396],[126.9399563,37.5433709],[126.9399236,37.543395],[126.9398008,37.54357],[126.939703,37.543684],[126.9395862,37.5437639],[126.9395313,37.5437909],[126.9394963,37.5438106],[126.9392357,37.5439159],[126.9391416,37.5440111]]}},{"type":"Feature","properties":{"class":"minor","highway":"residential","sidewalk":"unknown","lanes":0,"name":"숭문길","oneway":false},"geometry":{"type":"LineString","coordinates":[[126.9452294,37.5464764],[126.9452716,37.5465419],[126.9453649,37.5466859],[126.945459,37.5468036]]}},{"type":"Feature","properties":{"class":"minor","highway":"residential","sidewalk":"unknown","lanes":0,"name":"","oneway":false},"geometry":{"type":"LineString","coordinates":[[126.9445152,37.5451471],[126.9445853,37.5452168],[126.9449566,37.5455638]]}},{"type":"Feature","properties":{"class":"alley","highway":"service","sidewalk":"unknown","lanes":0,"name":"독막로","oneway":false},"geometry":{"type":"LineString","coordinates":[[126.9438554,37.5451485],[126.9441518,37.5452381],[126.9442276,37.5453408]]}},{"type":"Feature","properties":{"class":"minor","highway":"residential","sidewalk":"unknown","lanes":0,"name":"백범로36길","oneway":false},"geometry":{"type":"LineString","coordinates":[[126.9496179,37.5438778],[126.9498479,37.5442048],[126.9499272,37.5443216]]}},{"type":"Feature","properties":{"class":"minor","highway":"residential","sidewalk":"unknown","lanes":0,"name":"대흥로","oneway":false},"geometry":{"type":"LineString","coordinates":[[126.9411852,37.5468189],[126.9419637,37.546564],[126.942007,37.546547]]}},{"type":"Feature","properties":{"class":"minor","highway":"residential","sidewalk":"unknown","lanes":0,"name":"","oneway":false},"geometry":{"type":"LineString","coordinates":[[126.9436915,37.5439503],[126.9438113,37.5439867],[126.9438324,37.5440066]]}},{"type":"Feature","properties":{"class":"minor","highway":"residential","sidewalk":"unknown","lanes":0,"name":"토정로","oneway":false},"geometry":{"type":"LineString","coordinates":[[126.9438503,37.5390898],[126.9441311,37.5393481],[126.9442357,37.5394555]]}},{"type":"Feature","properties":{"class":"minor","highway":"residential","sidewalk":"unknown","lanes":0,"name":"토정로32길","oneway":false},"geometry":{"type":"LineString","coordinates":[[126.9404426,37.5405251],[126.9405856,37.5403906],[126.9408209,37.5402309]]}},{"type":"Feature","properties":{"class":"minor","highway":"residential","sidewalk":"unknown","lanes":0,"name":"토정로","oneway":false},"geometry":{"type":"LineString","coordinates":[[126.9423186,37.5401881],[126.9425752,37.5404306],[126.9426905,37.5405574]]}},{"type":"Feature","properties":{"class":"minor","highway":"residential","sidewalk":"unknown","lanes":0,"name":"토정로35길","oneway":false},"geometry":{"type":"LineString","coordinates":[[126.944505,37.5407138],[126.9447216,37.5405597],[126.9448338,37.5405421]]}},{"type":"Feature","properties":{"class":"alley","highway":"service","sidewalk":"unknown","lanes":0,"name":"독막로","oneway":false},"geometry":{"type":"LineString","coordinates":[[126.9409386,37.5460879],[126.9411899,37.5463952],[126.9412066,37.5464197],[126.9412443,37.546475]]}},{"type":"Feature","properties":{"class":"minor","highway":"residential","sidewalk":"unknown","lanes":0,"name":"토정로31길","oneway":false},"geometry":{"type":"LineString","coordinates":[[126.9422277,37.5414832],[126.9422933,37.5414223],[126.94242,37.5410933]]}},{"type":"Feature","properties":{"class":"minor","highway":"residential","sidewalk":"unknown","lanes":0,"name":"대흥로","oneway":false},"geometry":{"type":"LineString","coordinates":[[126.9416798,37.5472348],[126.9416565,37.5473308],[126.9415761,37.5475182]]}},{"type":"Feature","properties":{"class":"minor","highway":"residential","sidewalk":"unknown","lanes":0,"name":"","oneway":false},"geometry":{"type":"LineString","coordinates":[[126.9399634,37.5424933],[126.9400224,37.542548],[126.940293,37.5426549],[126.9403575,37.5426671]]}},{"type":"Feature","properties":{"class":"minor","highway":"residential","sidewalk":"unknown","lanes":0,"name":"독막로36길","oneway":false},"geometry":{"type":"LineString","coordinates":[[126.9406109,37.5455997],[126.9407317,37.5456662],[126.9409294,37.545777],[126.9410735,37.5458602]]}},{"type":"Feature","properties":{"class":"alley","highway":"service","sidewalk":"unknown","lanes":0,"name":"백범로20길","oneway":false},"geometry":{"type":"LineString","coordinates":[[126.9434622,37.546545],[126.9436415,37.5464835],[126.9439225,37.5465047],[126.9439759,37.5465138]]}},{"type":"Feature","properties":{"class":"minor","highway":"residential","sidewalk":"unknown","lanes":0,"name":"독막로36길","oneway":false},"geometry":{"type":"LineString","coordinates":[[126.9404951,37.5463184],[126.9405796,37.5462695],[126.9406099,37.5462519],[126.9407047,37.5462029],[126.9406328,37.5457723],[126.9407317,37.5456662]]}},{"type":"Feature","properties":{"class":"minor","highway":"residential","sidewalk":"unknown","lanes":0,"name":"토정로31길","oneway":false},"geometry":{"type":"LineString","coordinates":[[126.9439456,37.5430019],[126.9438513,37.5430305],[126.9436825,37.543021],[126.9435288,37.5429743],[126.9433806,37.5429204]]}},{"type":"Feature","properties":{"class":"alley","highway":"service","sidewalk":"unknown","lanes":0,"name":"백범로20길","oneway":false},"geometry":{"type":"LineString","coordinates":[[126.9436584,37.5467029],[126.9436457,37.5466603],[126.943729,37.5466133],[126.943866,37.5466301],[126.9439001,37.5466406]]}},{"type":"Feature","properties":{"class":"minor","highway":"residential","sidewalk":"unknown","lanes":0,"name":"큰우물로2길","oneway":false},"geometry":{"type":"LineString","coordinates":[[126.9402498,37.543261],[126.9402887,37.5432492],[126.9404155,37.54306],[126.9404965,37.5427777]]}},{"type":"Feature","properties":{"class":"minor","highway":"residential","sidewalk":"unknown","lanes":0,"name":"토정로","oneway":false},"geometry":{"type":"LineString","coordinates":[[126.9426905,37.5405574],[126.9427356,37.5406379],[126.9427974,37.5406832],[126.942856,37.5407498],[126.9430891,37.5410414]]}},{"type":"Feature","properties":{"class":"minor","highway":"residential","sidewalk":"unknown","lanes":0,"name":"새창로2길","oneway":false},"geometry":{"type":"LineString","coordinates":[[126.9487024,37.5409397],[126.949512,37.5415341],[126.9503397,37.5421295],[126.9503998,37.542198],[126.9504295,37.5422783]]}},{"type":"Feature","properties":{"class":"minor","highway":"residential","sidewalk":"unknown","lanes":0,"name":"독막로36길","oneway":false},"geometry":{"type":"LineString","coordinates":[[126.9412478,37.5456705],[126.941112,37.5457952],[126.9410735,37.5458602],[126.9409386,37.5460879],[126.9408315,37.5462686]]}},{"type":"Feature","properties":{"class":"minor","highway":"residential","sidewalk":"unknown","lanes":0,"name":"토정로28길","oneway":false},"geometry":{"type":"LineString","coordinates":[[126.9396904,37.5408249],[126.939974,37.5410716],[126.9404596,37.5414875],[126.9405135,37.5415518],[126.9407392,37.541757],[126.940849,37.5418693]]}},{"type":"Feature","properties":{"class":"minor","highway":"residential","sidewalk":"unknown","lanes":0,"name":"큰우물로","oneway":false},"geometry":{"type":"LineString","coordinates":[[126.9441383,37.5424045],[126.9440905,37.5423578],[126.9440322,37.5423115],[126.9440031,37.5422707],[126.9439565,37.5421291],[126.9439493,37.5421071],[126.943947,37.5420396]]}},{"type":"Feature","properties":{"class":"minor","highway":"residential","sidewalk":"unknown","lanes":0,"name":"큰우물로","oneway":false},"geometry":{"type":"LineString","coordinates":[[126.9431052,37.5431104],[126.9431517,37.543187],[126.9431529,37.5432922],[126.9431358,37.5434583]]}},{"type":"Feature","properties":{"class":"minor","highway":"residential","sidewalk":"unknown","lanes":0,"name":"마포대로1길","oneway":false},"geometry":{"type":"LineString","coordinates":[[126.9400235,37.5418072],[126.9404596,37.5414875],[126.940549,37.541422],[126.9414706,37.5407823],[126.9423186,37.5401881],[126.9426201,37.5399768],[126.9427088,37.5399001]]}},{"type":"Feature","properties":{"class":"minor","highway":"residential","sidewalk":"unknown","lanes":0,"name":"대흥로8길","oneway":false},"geometry":{"type":"LineString","coordinates":[[126.940237,37.543852],[126.9402478,37.5439083],[126.9403431,37.544337],[126.9403511,37.5443551]]}},{"type":"Feature","properties":{"class":"minor","highway":"residential","sidewalk":"unknown","lanes":0,"name":"독막로40길","oneway":false},"geometry":{"type":"LineString","coordinates":[[126.9437944,37.5440999],[126.9438133,37.5440191],[126.9438324,37.5440066],[126.9438543,37.5439922],[126.9439082,37.5439637],[126.944025,37.5439534],[126.9441258,37.5439194],[126.9443253,37.5438901]]}},{"type":"Feature","properties":{"class":"minor","highway":"residential","sidewalk":"unknown","lanes":0,"name":"큰우물로","oneway":false},"geometry":{"type":"LineString","coordinates":[[126.943947,37.5420396],[126.9439885,37.5420378],[126.9440636,37.5420129],[126.944086,37.541908],[126.9442003,37.5419071],[126.9442634,37.5418957],[126.9444324,37.5418378],[126.9445191,37.541797],[126.9445675,37.5417743]]}},{"type":"Feature","properties":{"class":"minor","highway":"residential","sidewalk":"unknown","lanes":0,"name":"토정로37가길","oneway":false},"geometry":{"type":"LineString","coordinates":[[126.9427974,37.5406832],[126.9437897,37.5402168],[126.9438824,37.5401772],[126.9439752,37.540149],[126.9444492,37.5398775],[126.9445847,37.5398063]]}},{"type":"Feature","properties":{"class":"minor","highway":"residential","sidewalk":"unknown","lanes":0,"name":"토정로25안길","oneway":false},"geometry":{"type":"LineString","coordinates":[[126.9413392,37.5442322],[126.9412658,37.5441998],[126.9411684,37.5441964],[126.9410625,37.5441975],[126.9409607,37.5442113],[126.9403876,37.5443475],[126.9403511,37.5443551],[126.9401067,37.5444057],[126.9400382,37.5444279]]}},{"type":"Feature","properties":{"class":"minor","highway":"residential","sidewalk":"unknown","lanes":0,"name":"대흥로8길","oneway":false},"geometry":{"type":"LineString","coordinates":[[126.9391416,37.5440111],[126.939242,37.5440428],[126.9393718,37.5440364],[126.9396139,37.5439659],[126.9396389,37.5439465],[126.9396683,37.5439239],[126.9398871,37.5438557],[126.9400375,37.5438288],[126.9400764,37.5438258]]}},{"type":"Feature","properties":{"class":"minor","highway":"residential","sidewalk":"unknown","lanes":0,"name":"백범로","oneway":false},"geometry":{"type":"LineString","coordinates":[[126.9405179,37.5483584],[126.9405216,37.5482748],[126.9406418,37.5480465],[126.9407205,37.5479505],[126.9407919,37.5478722],[126.9408393,37.547821],[126.9408883,37.547771],[126.9411467,37.547675],[126.9412098,37.5476715],[126.9413493,37.5477163],[126.9414421,37.5479329],[126.9414853,37.5479752],[126.9415177,37.5480138],[126.9415733,37.54808]]}},{"type":"Feature","properties":{"class":"alley","highway":"service","sidewalk":"unknown","lanes":0,"name":"독막로34길","oneway":false},"geometry":{"type":"LineString","coordinates":[[126.9398561,37.5464993],[126.9400959,37.5464993],[126.940121,37.5464923]]}},{"type":"Feature","properties":{"class":"minor","highway":"residential","sidewalk":"unknown","lanes":0,"name":"백범로10길","oneway":false},"geometry":{"type":"LineString","coordinates":[[126.939634,37.5478459],[126.9396965,37.5478782],[126.9398058,37.5479348],[126.9399217,37.5479947],[126.9400747,37.5481041],[126.9401497,37.5481448],[126.9402536,37.5482042],[126.9404531,37.5483024],[126.9404904,37.5483207],[126.9405179,37.5483584],[126.9405351,37.5483833],[126.94057,37.5484323],[126.9406206,37.5485034]]}},{"type":"Feature","properties":{"class":"alley","highway":"service","sidewalk":"unknown","lanes":0,"name":"독막로","oneway":false},"geometry":{"type":"LineString","coordinates":[[126.9394392,37.5478139],[126.939819,37.5474161],[126.9398394,37.5474037],[126.9398673,37.5473867],[126.9400113,37.5472313],[126.9400677,37.5471536],[126.940093,37.5470854],[126.9400826,37.5469888],[126.9400337,37.5468595]]}},{"type":"Feature","properties":{"class":"alley","highway":"service","sidewalk":"unknown","lanes":0,"name":"백범로","oneway":false},"geometry":{"type":"LineString","coordinates":[[126.940116,37.5494494],[126.9401112,37.5493568],[126.9400981,37.5492811],[126.9399269,37.5488802],[126.939887,37.5488224]]}},{"type":"Feature","properties":{"class":"minor","highway":"residential","sidewalk":"unknown","lanes":0,"name":"대흥로","oneway":false},"geometry":{"type":"LineString","coordinates":[[126.9426945,37.5487807],[126.9427704,37.5487413],[126.9428384,37.5486989],[126.9429005,37.5487439],[126.9430599,37.5487867],[126.9432604,37.5487739]]}},{"type":"Feature","properties":{"class":"minor","highway":"residential","sidewalk":"unknown","lanes":0,"name":"백범로","oneway":false},"geometry":{"type":"LineString","coordinates":[[126.9424486,37.5485003],[126.9425385,37.5484647],[126.9425926,37.5484328],[126.9426037,37.5479199],[126.9426064,37.5478749],[126.942693,37.5478324],[126.9426432,37.5477329],[126.9426624,37.547655],[126.9426258,37.5475996]]}},{"type":"Feature","properties":{"class":"minor","highway":"residential","sidewalk":"unknown","lanes":0,"name":"대흥로","oneway":false},"geometry":{"type":"LineString","coordinates":[[126.9421813,37.5481472],[126.9422502,37.5481148],[126.9423585,37.548069],[126.9424382,37.5478748],[126.9426037,37.5479199]]}},{"type":"Feature","properties":{"class":"minor","highway":"residential","sidewalk":"unknown","lanes":0,"name":"백범로17길","oneway":false},"geometry":{"type":"LineString","coordinates":[[126.9434776,37.5478893],[126.9436681,37.5478756],[126.9436584,37.5476547],[126.9436954,37.5475808],[126.9437631,37.5474457]]}},{"type":"Feature","properties":{"class":"minor","highway":"residential","sidewalk":"unknown","lanes":0,"name":"백범로21길","oneway":false},"geometry":{"type":"LineString","coordinates":[[126.9440979,37.5469645],[126.9441387,37.5470096],[126.9441756,37.5470272],[126.9442357,37.5470855],[126.9446246,37.5471036],[126.944702,37.5470733],[126.9453222,37.546831],[126.945459,37.5468036]]}},{"type":"Feature","properties":{"class":"minor","highway":"residential","sidewalk":"unknown","lanes":0,"name":"백범로21길","oneway":false},"geometry":{"type":"LineString","coordinates":[[126.9442357,37.5470855],[126.9441479,37.5476407],[126.9441673,37.5477089],[126.9441261,37.5477969],[126.9440689,37.5478357]]}},{"type":"Feature","properties":{"class":"alley","highway":"service","sidewalk":"unknown","lanes":0,"name":"백범로21안길","oneway":false},"geometry":{"type":"LineString","coordinates":[[126.9441479,37.5476407],[126.944496,37.5476678]]}},{"type":"Feature","properties":{"class":"minor","highway":"residential","sidewalk":"unknown","lanes":0,"name":"백범로21길","oneway":true},"geometry":{"type":"LineString","coordinates":[[126.944702,37.5470733],[126.9447091,37.5477411],[126.9446464,37.5479551],[126.9445762,37.5480071]]}},{"type":"Feature","properties":{"class":"minor","highway":"residential","sidewalk":"unknown","lanes":0,"name":"숭문2길","oneway":true},"geometry":{"type":"LineString","coordinates":[[126.9466443,37.5472577],[126.9465907,37.5471753],[126.9463346,37.5470057],[126.9458886,37.5469173],[126.9455233,37.5468422],[126.945459,37.5468036]]}},{"type":"Feature","properties":{"class":"minor","highway":"residential","sidewalk":"unknown","lanes":0,"name":"숭문4길","oneway":false},"geometry":{"type":"LineString","coordinates":[[126.9454394,37.5477236],[126.9458992,37.5476662],[126.9459766,37.547684],[126.9460801,37.5477077],[126.9461474,37.5477407],[126.946563,37.5479569],[126.9467004,37.5479843],[126.9470309,37.5480542],[126.9473724,37.5481616]]}},{"type":"Feature","properties":{"class":"minor","highway":"residential","sidewalk":"unknown","lanes":0,"name":"숭문길","oneway":false},"geometry":{"type":"LineString","coordinates":[[126.946563,37.5479569],[126.9464661,37.5481651],[126.9464118,37.5482018],[126.9463053,37.5482129],[126.9462309,37.5482703],[126.9461565,37.5483946],[126.9459515,37.5485907],[126.9459374,37.5487293],[126.945869,37.5488903],[126.9455836,37.5489538]]}},{"type":"Feature","properties":{"class":"minor","highway":"residential","sidewalk":"unknown","lanes":0,"name":"백범로17안길","oneway":false},"geometry":{"type":"LineString","coordinates":[[126.9445204,37.5487001],[126.9446961,37.5486661],[126.9448906,37.5486251],[126.9449195,37.5486396],[126.9450802,37.5490403],[126.9450973,37.5490867],[126.9451031,37.5491067],[126.9451613,37.5492497],[126.9452732,37.5495249]]}},{"type":"Feature","properties":{"class":"minor","highway":"residential","sidewalk":"unknown","lanes":0,"name":"숭문5길","oneway":true},"geometry":{"type":"LineString","coordinates":[[126.9446961,37.5486661],[126.9445912,37.5483759],[126.9445637,37.548138],[126.9445762,37.5480071]]}},{"type":"Feature","properties":{"class":"minor","highway":"residential","sidewalk":"unknown","lanes":0,"name":"북아현로4마길","oneway":false},"geometry":{"type":"LineString","coordinates":[[126.9602027,37.5604066],[126.9602876,37.5604118],[126.9606577,37.5604543],[126.9607628,37.5604669]]}},{"type":"Feature","properties":{"class":"minor","highway":"residential","sidewalk":"unknown","lanes":0,"name":"경기대로","oneway":false},"geometry":{"type":"LineString","coordinates":[[126.9615026,37.5597123],[126.9616341,37.5601354],[126.9618687,37.5601758]]}},{"type":"Feature","properties":{"class":"minor","highway":"residential","sidewalk":"unknown","lanes":0,"name":"북아현로4마길","oneway":false},"geometry":{"type":"LineString","coordinates":[[126.9602655,37.5600575],[126.9603724,37.5601944],[126.9605808,37.5602058]]}},{"type":"Feature","properties":{"class":"minor","highway":"residential","sidewalk":"unknown","lanes":0,"name":"북아현로4마길","oneway":false},"geometry":{"type":"LineString","coordinates":[[126.9600239,37.5599399],[126.9603818,37.5598326]]}},{"type":"Feature","properties":{"class":"minor","highway":"residential","sidewalk":"unknown","lanes":0,"name":"북아현로4바길","oneway":false},"geometry":{"type":"LineString","coordinates":[[126.9587963,37.5595464],[126.9590522,37.5594453],[126.9592139,37.5593814],[126.959597,37.5592299]]}},{"type":"Feature","properties":{"class":"minor","highway":"residential","sidewalk":"unknown","lanes":0,"name":"북아현로4사길","oneway":false},"geometry":{"type":"LineString","coordinates":[[126.9592139,37.5593814],[126.9593059,37.5595337],[126.9593515,37.559572],[126.9594565,37.5597281],[126.9595831,37.5599162],[126.9596519,37.5600185],[126.9598182,37.5602821]]}},{"type":"Feature","properties":{"class":"minor","highway":"residential","sidewalk":"unknown","lanes":0,"name":"북아현로4마길","oneway":false},"geometry":{"type":"LineString","coordinates":[[126.9595831,37.5599162],[126.9599529,37.5597897],[126.9604692,37.5596558],[126.9605827,37.5596581]]}},{"type":"Feature","properties":{"class":"minor","highway":"residential","sidewalk":"unknown","lanes":0,"name":"북아현로4마길","oneway":false},"geometry":{"type":"LineString","coordinates":[[126.9598861,37.5596427],[126.960382,37.5594634],[126.9605827,37.5596581],[126.9606068,37.559842],[126.9607489,37.5598569],[126.9607489,37.5599887],[126.9607597,37.5600993],[126.9607628,37.5604669],[126.9607141,37.5606818],[126.9606891,37.5607105],[126.9606356,37.5607718],[126.9606121,37.5607988],[126.9603225,37.5609221],[126.9600391,37.5609739]]}},{"type":"Feature","properties":{"class":"minor","highway":"residential","sidewalk":"unknown","lanes":0,"name":"북아현로4길","oneway":false},"geometry":{"type":"LineString","coordinates":[[126.9602836,37.5606803],[126.9603555,37.5606979],[126.9605885,37.5606806],[126.9606891,37.5607105]]}},{"type":"Feature","properties":{"class":"minor","highway":"residential","sidewalk":"unknown","lanes":0,"name":"북아현로4길","oneway":false},"geometry":{"type":"LineString","coordinates":[[126.9599443,37.5605995],[126.960014,37.5606011],[126.9602675,37.5605489]]}},{"type":"Feature","properties":{"class":"minor","highway":"residential","sidewalk":"unknown","lanes":0,"name":"북아현로4아길","oneway":false},"geometry":{"type":"LineString","coordinates":[[126.95931,37.5606117],[126.9595527,37.5606011]]}},{"type":"Feature","properties":{"class":"minor","highway":"residential","sidewalk":"unknown","lanes":0,"name":"북아현로4가길","oneway":false},"geometry":{"type":"LineString","coordinates":[[126.9596387,37.5585346],[126.9597226,37.5586533],[126.9597377,37.5586747],[126.9597565,37.5587725],[126.9597437,37.5588281],[126.9597136,37.5589596],[126.9596519,37.5591595],[126.959597,37.5592299]]}},{"type":"Feature","properties":{"class":"minor","highway":"residential","sidewalk":"unknown","lanes":0,"name":"북아현로4가길","oneway":false},"geometry":{"type":"LineString","coordinates":[[126.9597226,37.5586533],[126.9597914,37.5586151],[126.9598209,37.558596],[126.9598906,37.5585896],[126.9600998,37.558613],[126.9602448,37.5586513]]}},{"type":"Feature","properties":{"class":"major","highway":"primary_link","sidewalk":"likely","lanes":0,"name":"","oneway":true},"geometry":{"type":"LineString","coordinates":[[126.9630746,37.559312],[126.9628725,37.5593399],[126.9627584,37.559417],[126.9627103,37.5594906],[126.9626816,37.5595841],[126.9626836,37.5596513],[126.9627205,37.5597454],[126.9627751,37.5598935]]}},{"type":"Feature","properties":{"class":"minor","highway":"residential","sidewalk":"unknown","lanes":0,"name":"북아현로4나길","oneway":false},"geometry":{"type":"LineString","coordinates":[[126.9570865,37.5586989],[126.9572755,37.55868],[126.9572928,37.5586836],[126.9573559,37.558697],[126.9576402,37.5589564],[126.9577958,37.559101],[126.9579771,37.5593213]]}},{"type":"Feature","properties":{"class":"minor","highway":"residential","sidewalk":"unknown","lanes":0,"name":"신촌로","oneway":false},"geometry":{"type":"LineString","coordinates":[[126.9593742,37.5582758],[126.9593998,37.558208],[126.959432,37.5580719],[126.9594481,37.5579911],[126.959432,37.5579145],[126.9593703,37.5578189],[126.9593434,37.5577657],[126.9593944,37.557721],[126.9594534,37.55767],[126.9595927,37.5575624]]}},{"type":"Feature","properties":{"class":"minor","highway":"residential","sidewalk":"unknown","lanes":0,"name":"신촌로","oneway":false},"geometry":{"type":"LineString","coordinates":[[126.9598058,37.5583285],[126.9598343,37.5582356],[126.9599013,37.5580931],[126.9599711,37.5580038],[126.9600689,37.5579071]]}},{"type":"Feature","properties":{"class":"minor","highway":"residential","sidewalk":"unknown","lanes":0,"name":"신촌로","oneway":false},"geometry":{"type":"LineString","coordinates":[[126.9601293,37.5583781],[126.9601857,37.5583015],[126.9603491,37.5581339]]}},{"type":"Feature","properties":{"class":"minor","highway":"residential","sidewalk":"unknown","lanes":0,"name":"손기정로3길","oneway":false},"geometry":{"type":"LineString","coordinates":[[126.9612617,37.5579211],[126.9614517,37.5581527],[126.9615348,37.5581697],[126.9616662,37.5581867],[126.9620924,37.5581909],[126.9625514,37.5581867]]}},{"type":"Feature","properties":{"class":"minor","highway":"residential","sidewalk":"unknown","lanes":0,"name":"손기정로3길","oneway":false},"geometry":{"type":"LineString","coordinates":[[126.9610504,37.5573756],[126.9612617,37.5579211]]}},{"type":"Feature","properties":{"class":"minor","highway":"residential","sidewalk":"unknown","lanes":0,"name":"중림로4길","oneway":false},"geometry":{"type":"LineString","coordinates":[[126.9640684,37.5590938],[126.9640721,37.5590298],[126.9640817,37.5588654],[126.9642258,37.5588252],[126.9642444,37.5587723],[126.9642364,37.5586412],[126.9642231,37.5585017],[126.9642243,37.5584552],[126.9642613,37.5583513],[126.9642873,37.5582146],[126.9642813,37.5581676],[126.9641137,37.558083],[126.964075,37.5580263],[126.9640692,37.5579836],[126.9641032,37.5579043],[126.9641724,37.5577848],[126.9641618,37.5576326],[126.9641164,37.5575057],[126.9640998,37.5574801],[126.9640738,37.5574401],[126.9639947,37.557299],[126.9639537,37.5571547]]}},{"type":"Feature","properties":{"class":"minor","highway":"residential","sidewalk":"unknown","lanes":0,"name":"중림로2길","oneway":false},"geometry":{"type":"LineString","coordinates":[[126.9631317,37.5582442],[126.9631668,37.5582331],[126.9633802,37.5581549],[126.9634717,37.558121],[126.9635536,37.5580851],[126.9637563,37.5580386],[126.9638741,37.5580294],[126.9639199,37.5580317],[126.964075,37.5580263]]}},{"type":"Feature","properties":{"class":"major","highway":"primary","sidewalk":"likely","lanes":0,"name":"충정로","oneway":true},"geometry":{"type":"LineString","coordinates":[[126.9665825,37.5658697],[126.9664644,37.5657294],[126.966295,37.5655361]]}},{"type":"Feature","properties":{"class":"major","highway":"primary_link","sidewalk":"likely","lanes":1,"name":"","oneway":true},"geometry":{"type":"LineString","coordinates":[[126.9662118,37.5661783],[126.9662608,37.5660327],[126.9662674,37.5659732],[126.9662754,37.5659105],[126.9662873,37.565822],[126.9663063,37.565717],[126.9663073,37.5656428],[126.966295,37.5655361]]}},{"type":"Feature","properties":{"class":"minor","highway":"residential","sidewalk":"unknown","lanes":0,"name":"충정로11길","oneway":true},"geometry":{"type":"LineString","coordinates":[[126.9663063,37.565717],[126.9662069,37.5656951],[126.9658425,37.5656146],[126.9655709,37.5655539],[126.9652718,37.5654745],[126.9651674,37.5654531],[126.9651526,37.5654508],[126.9650822,37.56544],[126.9649909,37.5654318],[126.964927,37.5654306],[126.9648632,37.5654367],[126.9646166,37.5654646],[126.9645087,37.5654919]]}},{"type":"Feature","properties":{"class":"minor","highway":"residential","sidewalk":"unknown","lanes":0,"name":"마포대로","oneway":false},"geometry":{"type":"LineString","coordinates":[[126.9549513,37.5501952],[126.9543832,37.5503661],[126.9531385,37.5507285]]}},{"type":"Feature","properties":{"class":"minor","highway":"residential","sidewalk":"unknown","lanes":0,"name":"마포대로11길","oneway":false},"geometry":{"type":"LineString","coordinates":[[126.9516792,37.5492484],[126.9524033,37.5490068],[126.9524823,37.5489958],[126.9528254,37.5489482],[126.9531735,37.5488999],[126.953599,37.5488125],[126.9540881,37.5485784]]}},{"type":"Feature","properties":{"class":"major","highway":"primary","sidewalk":"likely","lanes":0,"name":"충정로","oneway":true},"geometry":{"type":"LineString","coordinates":[[126.9621291,37.5593224],[126.9621834,37.5593645],[126.962396,37.5595296],[126.9625235,37.559635],[126.9627751,37.5598935]]}},{"type":"Feature","properties":{"class":"alley","highway":"service","sidewalk":"unknown","lanes":0,"name":"","oneway":false},"geometry":{"type":"LineString","coordinates":[[126.9422387,37.5504362],[126.9421024,37.5506976]]}},{"type":"Feature","properties":{"class":"minor","highway":"residential","sidewalk":"unknown","lanes":0,"name":"북아현로22길","oneway":false},"geometry":{"type":"LineString","coordinates":[[126.955286,37.5648562],[126.9554105,37.5652276]]}},{"type":"Feature","properties":{"class":"minor","highway":"residential","sidewalk":"unknown","lanes":0,"name":"북아현로22길","oneway":false},"geometry":{"type":"LineString","coordinates":[[126.9570226,37.5646106],[126.9570917,37.5650236]]}},{"type":"Feature","properties":{"class":"minor","highway":"residential","sidewalk":"unknown","lanes":0,"name":"","oneway":false},"geometry":{"type":"LineString","coordinates":[[126.9522505,37.565805],[126.9526809,37.5657835]]}},{"type":"Feature","properties":{"class":"minor","highway":"residential","sidewalk":"unknown","lanes":0,"name":"북아현로22다길","oneway":false},"geometry":{"type":"LineString","coordinates":[[126.9531742,37.5651573],[126.9532371,37.5657287],[126.9532645,37.5662455]]}},{"type":"Feature","properties":{"class":"minor","highway":"residential","sidewalk":"unknown","lanes":0,"name":"북아현로22가길","oneway":false},"geometry":{"type":"LineString","coordinates":[[126.95265,37.5651466],[126.9526809,37.5657835],[126.952742,37.5662796]]}},{"type":"Feature","properties":{"class":"minor","highway":"residential","sidewalk":"unknown","lanes":0,"name":"북아현로18길","oneway":false},"geometry":{"type":"LineString","coordinates":[[126.9567447,37.5636441],[126.9568494,37.564088]]}},{"type":"Feature","properties":{"class":"minor","highway":"residential","sidewalk":"unknown","lanes":0,"name":"북아현로22다길","oneway":false},"geometry":{"type":"LineString","coordinates":[[126.9539039,37.5656629],[126.9532371,37.5657287]]}},{"type":"Feature","properties":{"class":"minor","highway":"residential","sidewalk":"unknown","lanes":0,"name":"북아현로24길","oneway":false},"geometry":{"type":"LineString","coordinates":[[126.95229,37.5663091],[126.9522505,37.565805],[126.9521081,37.5650252]]}},{"type":"Feature","properties":{"class":"minor","highway":"residential","sidewalk":"unknown","lanes":0,"name":"북아현로22길","oneway":false},"geometry":{"type":"LineString","coordinates":[[126.9565026,37.5646842],[126.9565039,37.5650647]]}},{"type":"Feature","properties":{"class":"minor","highway":"residential","sidewalk":"unknown","lanes":0,"name":"북아현로18길","oneway":false},"geometry":{"type":"LineString","coordinates":[[126.9572468,37.5632705],[126.9574389,37.563997]]}},{"type":"Feature","properties":{"class":"minor","highway":"residential","sidewalk":"unknown","lanes":0,"name":"북아현로18길","oneway":false},"geometry":{"type":"LineString","coordinates":[[126.95419,37.56374],[126.9542453,37.5637778],[126.9544905,37.5640867],[126.9547154,37.5644176]]}},{"type":"Feature","properties":{"class":"minor","highway":"residential","sidewalk":"unknown","lanes":0,"name":"북아현로","oneway":false},"geometry":{"type":"LineString","coordinates":[[126.9545679,37.5634623],[126.9551341,37.5639603]]}},{"type":"Feature","properties":{"class":"minor","highway":"residential","sidewalk":"unknown","lanes":0,"name":"북아현로","oneway":false},"geometry":{"type":"LineString","coordinates":[[126.9549469,37.5632239],[126.9554463,37.5635186],[126.9557969,37.5638329]]}},{"type":"Feature","properties":{"class":"minor","highway":"residential","sidewalk":"unknown","lanes":0,"name":"북아현로16길","oneway":false},"geometry":{"type":"LineString","coordinates":[[126.9561922,37.5637495],[126.9560473,37.5632713],[126.9558816,37.5632216],[126.9552317,37.5628832]]}},{"type":"Feature","properties":{"class":"minor","highway":"residential","sidewalk":"unknown","lanes":0,"name":"북아현로18길","oneway":false},"geometry":{"type":"LineString","coordinates":[[126.9558998,37.56381],[126.9560142,37.564217]]}},{"type":"Feature","properties":{"class":"minor","highway":"residential","sidewalk":"unknown","lanes":0,"name":"북아현로14길","oneway":false},"geometry":{"type":"LineString","coordinates":[[126.9568324,37.5629835],[126.9565648,37.5632939],[126.9563878,37.5634257],[126.9561866,37.5632854],[126.9560473,37.5632713]]}},{"type":"Feature","properties":{"class":"alley","highway":"service","sidewalk":"unknown","lanes":0,"name":"","oneway":false},"geometry":{"type":"LineString","coordinates":[[126.9549319,37.5624295],[126.9547791,37.5623855],[126.9547916,37.5622697],[126.9542157,37.562134],[126.9540871,37.5622452],[126.9537947,37.5623578],[126.9535989,37.5625737],[126.9535389,37.5627861],[126.9534993,37.5629701],[126.9533747,37.5632058]]}},{"type":"Feature","properties":{"class":"minor","highway":"residential","sidewalk":"unknown","lanes":0,"name":"만리재로35길","oneway":false},"geometry":{"type":"LineString","coordinates":[[126.9676861,37.5551762],[126.9675092,37.5555314],[126.9675152,37.55575],[126.9675206,37.5559484],[126.9675778,37.5566011],[126.9676007,37.5570227],[126.9678237,37.5573218],[126.96803,37.55751]]}},{"type":"Feature","properties":{"class":"minor","highway":"residential","sidewalk":"unknown","lanes":0,"name":"만리재로31길","oneway":false},"geometry":{"type":"LineString","coordinates":[[126.9657944,37.5540945],[126.9657432,37.5541553],[126.9654465,37.5544172],[126.9654232,37.5544377],[126.965382,37.5544741],[126.9651371,37.5546902],[126.9649394,37.5549265]]}},{"type":"Feature","properties":{"class":"major","highway":"primary","sidewalk":"likely","lanes":8,"name":"통일로","oneway":true},"geometry":{"type":"LineString","coordinates":[[126.9667264,37.5657583],[126.9668554,37.5656627]]}},{"type":"Feature","properties":{"class":"alley","highway":"service","sidewalk":"unknown","lanes":0,"name":"","oneway":false},"geometry":{"type":"LineString","coordinates":[[126.9423085,37.5661836],[126.9422594,37.5661918],[126.942189,37.566202],[126.9421321,37.566238],[126.9420568,37.5663035],[126.9420008,37.5663385],[126.9419198,37.566351],[126.9418482,37.5663457],[126.941761,37.5663298],[126.9416988,37.566286],[126.9416657,37.5662402],[126.9416387,37.5661739],[126.9416047,37.565971],[126.9415733,37.5657914],[126.9415503,37.5656954],[126.9415138,37.5656061],[126.9414272,37.5655069],[126.9412902,37.5654013],[126.9411367,37.5652542]]}},{"type":"Feature","properties":{"class":"alley","highway":"service","sidewalk":"unknown","lanes":0,"name":"","oneway":false},"geometry":{"type":"LineString","coordinates":[[126.942087,37.5653753],[126.9421344,37.5653556],[126.9422795,37.5653139]]}},{"type":"Feature","properties":{"class":"alley","highway":"service","sidewalk":"unknown","lanes":0,"name":"연대동문길","oneway":false},"geometry":{"type":"LineString","coordinates":[[126.9446116,37.5643967],[126.9445389,37.5645083],[126.9444435,37.5646261],[126.9443158,37.564761],[126.9442496,37.5648482],[126.9442211,37.5648835],[126.944134,37.5649848]]}},{"type":"Feature","properties":{"class":"alley","highway":"service","sidewalk":"unknown","lanes":0,"name":"","oneway":false},"geometry":{"type":"LineString","coordinates":[[126.9422795,37.5653139],[126.9422578,37.5652328],[126.9422495,37.5651718],[126.9422516,37.5650927],[126.9422526,37.5650235],[126.9422607,37.564962],[126.9422833,37.56488]]}},{"type":"Feature","properties":{"class":"alley","highway":"service","sidewalk":"unknown","lanes":0,"name":"","oneway":false},"geometry":{"type":"LineString","coordinates":[[126.9422795,37.5653139],[126.9423368,37.5653954],[126.9424594,37.5653641],[126.9425906,37.5653299]]}},{"type":"Feature","properties":{"class":"alley","highway":"service","sidewalk":"unknown","lanes":0,"name":"","oneway":false},"geometry":{"type":"LineString","coordinates":[[126.9425906,37.5653299],[126.9426918,37.5653445],[126.9427352,37.5651756]]}},{"type":"Feature","properties":{"class":"alley","highway":"service","sidewalk":"unknown","lanes":0,"name":"","oneway":false},"geometry":{"type":"LineString","coordinates":[[126.9432775,37.5648309],[126.9434752,37.5649145],[126.9435906,37.5649633],[126.9434324,37.5651983]]}},{"type":"Feature","properties":{"class":"alley","highway":"service","sidewalk":"unknown","lanes":0,"name":"","oneway":false},"geometry":{"type":"LineString","coordinates":[[126.9434752,37.5649145],[126.9433296,37.5651576],[126.9434324,37.5651983]]}},{"type":"Feature","properties":{"class":"alley","highway":"service","sidewalk":"unknown","lanes":0,"name":"","oneway":false},"geometry":{"type":"LineString","coordinates":[[126.943042,37.5653971],[126.9431694,37.5654491],[126.943205,37.5654883],[126.943205,37.5655353],[126.9431932,37.5655682],[126.9430765,37.5657798],[126.943239,37.5658518]]}},{"type":"Feature","properties":{"class":"minor","highway":"residential","sidewalk":"unknown","lanes":0,"name":"효창원로76길","oneway":false},"geometry":{"type":"LineString","coordinates":[[126.9622589,37.5428458],[126.9628678,37.54291],[126.9636527,37.5431127],[126.9637163,37.5431657]]}},{"type":"Feature","properties":{"class":"minor","highway":"residential","sidewalk":"unknown","lanes":0,"name":"원효로89길","oneway":false},"geometry":{"type":"LineString","coordinates":[[126.9681523,37.5408223],[126.9678306,37.5408162],[126.9675662,37.5408111],[126.966774,37.5408533]]}},{"type":"Feature","properties":{"class":"alley","highway":"service","sidewalk":"unknown","lanes":0,"name":"","oneway":false},"geometry":{"type":"LineString","coordinates":[[126.9394359,37.5638724],[126.9399094,37.5637612],[126.9402071,37.5636989],[126.9404471,37.5636463],[126.9405865,37.5636157]]}},{"type":"Feature","properties":{"class":"alley","highway":"service","sidewalk":"unknown","lanes":0,"name":"","oneway":false},"geometry":{"type":"LineString","coordinates":[[126.9417531,37.5641259],[126.9416978,37.5641405],[126.9415857,37.5641657],[126.9414851,37.5639041],[126.9413593,37.5639344],[126.9414334,37.5641381],[126.9414538,37.5641941],[126.9415857,37.5641657]]}},{"type":"Feature","properties":{"class":"alley","highway":"service","sidewalk":"unknown","lanes":0,"name":"","oneway":false},"geometry":{"type":"LineString","coordinates":[[126.9412721,37.5633635],[126.9411263,37.5633844],[126.9409439,37.5634469],[126.9406869,37.5635263],[126.9406119,37.5635579],[126.9405865,37.5636157]]}},{"type":"Feature","properties":{"class":"major","highway":"secondary","sidewalk":"likely","lanes":0,"name":"백범로","oneway":true},"geometry":{"type":"LineString","coordinates":[[126.9514109,37.5436737],[126.951881,37.5434685]]}},{"type":"Feature","properties":{"class":"major","highway":"secondary","sidewalk":"likely","lanes":0,"name":"백범로","oneway":true},"geometry":{"type":"LineString","coordinates":[[126.9522605,37.5432923],[126.9525234,37.5431728],[126.9538177,37.5425845],[126.954123,37.5424457],[126.9554317,37.541851],[126.9575015,37.5408715]]}},{"type":"Feature","properties":{"class":"major","highway":"primary","sidewalk":"likely","lanes":0,"name":"만리재로","oneway":true},"geometry":{"type":"LineString","coordinates":[[126.9520189,37.5440382],[126.9524202,37.5441416],[126.9525892,37.5441809]]}},{"type":"Feature","properties":{"class":"major","highway":"secondary","sidewalk":"likely","lanes":0,"name":"백범로","oneway":true},"geometry":{"type":"LineString","coordinates":[[126.9492842,37.5446018],[126.9499272,37.5443216]]}},{"type":"Feature","properties":{"class":"major","highway":"tertiary","sidewalk":"likely","lanes":0,"name":"백범로","oneway":true},"geometry":{"type":"LineString","coordinates":[[126.9520047,37.5452821],[126.9518405,37.5452422],[126.9517115,37.5452419],[126.9515989,37.5452625],[126.9512571,37.5454119],[126.9511955,37.5454389],[126.951,37.5455244],[126.950887,37.5455687],[126.9507842,37.5455971],[126.9506801,37.5456042],[126.9505819,37.5455946],[126.9504848,37.5455714],[126.9503833,37.5455323],[126.9502793,37.5454816],[126.9502134,37.5454208],[126.9501215,37.5453006],[126.9499883,37.5450984],[126.9498731,37.5449558],[126.9497881,37.5448106],[126.9497468,37.5447686],[126.9496805,37.5447378],[126.9495693,37.5446967],[126.9494297,37.5446646]]}},{"type":"Feature","properties":{"class":"major","highway":"trunk","sidewalk":"likely","lanes":3,"name":"강변북로","oneway":true},"geometry":{"type":"LineString","coordinates":[[126.9435399,37.5350199],[126.9434449,37.535146],[126.9433919,37.5352204],[126.9431141,37.5356569],[126.9429736,37.535892],[126.942393,37.5367452],[126.9419971,37.537321],[126.9417361,37.5377173],[126.9410704,37.5386783]]}},{"type":"Feature","properties":{"class":"major","highway":"trunk","sidewalk":"likely","lanes":4,"name":"강변북로","oneway":true},"geometry":{"type":"LineString","coordinates":[[126.9410704,37.5386783],[126.9400506,37.5399595],[126.9398863,37.5401546],[126.9397044,37.5403342],[126.9394831,37.5405207],[126.9391977,37.5407116],[126.9387502,37.5409998],[126.9382934,37.5412771],[126.9379056,37.5415122],[126.9376802,37.5416191],[126.9373639,37.541749],[126.9367998,37.5419014],[126.9364817,37.5419467],[126.9361238,37.5419643],[126.9357358,37.5419613],[126.9352956,37.5418974],[126.9347234,37.5417785],[126.9343956,37.5417467],[126.934046,37.5417557],[126.9337284,37.5417974],[126.9334333,37.541875],[126.9317282,37.5425822],[126.9312357,37.5427945],[126.9303715,37.5431443],[126.9296327,37.5434384]]}},{"type":"Feature","properties":{"class":"major","highway":"trunk_link","sidewalk":"likely","lanes":0,"name":"","oneway":true},"geometry":{"type":"LineString","coordinates":[[126.9419531,37.5379652],[126.9419688,37.5380702],[126.9420313,37.5381757],[126.942129,37.5382655],[126.9422016,37.538313],[126.942271,37.5383421],[126.9423394,37.5383566],[126.9424321,37.5383625],[126.9425377,37.5383537],[126.942643,37.5383222],[126.9427272,37.5382776],[126.9428044,37.538216],[126.9428615,37.5381498],[126.942908,37.5380647],[126.9429267,37.5379965],[126.942924,37.5379307],[126.9429016,37.5378591]]}},{"type":"Feature","properties":{"class":"minor","highway":"residential","sidewalk":"unknown","lanes":0,"name":"연세로2길","oneway":false},"geometry":{"type":"LineString","coordinates":[[126.9375877,37.5559222],[126.9378039,37.5559983],[126.9381146,37.5561024],[126.9384083,37.5561918],[126.9386295,37.5562445],[126.9397162,37.5566305],[126.9408185,37.5569999],[126.9410704,37.557038],[126.9417079,37.5571246],[126.941952,37.5571403],[126.9422137,37.5571569],[126.9425964,37.5571656],[126.9427349,37.5571707],[126.9427995,37.5571686]]}},{"type":"Feature","properties":{"class":"minor","highway":"residential","sidewalk":"unknown","lanes":0,"name":"이화여대1길","oneway":false},"geometry":{"type":"LineString","coordinates":[[126.9429192,37.5571809],[126.9429777,37.5571876],[126.943501,37.557206],[126.9446304,37.5572717],[126.9446937,37.5572754],[126.9452099,37.5573054],[126.945881,37.5573445]]}},{"type":"Feature","properties":{"class":"minor","highway":"residential","sidewalk":"unknown","lanes":0,"name":"연세로2라길","oneway":false},"geometry":{"type":"LineString","coordinates":[[126.9413681,37.558602],[126.941629,37.5586337]]}},{"type":"Feature","properties":{"class":"minor","highway":"residential","sidewalk":"unknown","lanes":0,"name":"연세로2나길","oneway":false},"geometry":{"type":"LineString","coordinates":[[126.9393285,37.5576376],[126.9393734,37.5576496],[126.9394537,37.5576756],[126.9395323,37.5577112],[126.9401791,37.5581064],[126.9401966,37.5581182],[126.9403945,37.5582489],[126.9406138,37.5583306]]}},{"type":"Feature","properties":{"class":"minor","highway":"residential","sidewalk":"unknown","lanes":0,"name":"연세로2다길","oneway":false},"geometry":{"type":"LineString","coordinates":[[126.941629,37.5586337],[126.9416465,37.5582253],[126.9416575,37.5578297],[126.9416584,37.5577169],[126.9416746,37.5574337]]}},{"type":"Feature","properties":{"class":"minor","highway":"residential","sidewalk":"unknown","lanes":0,"name":"연세로2길","oneway":false},"geometry":{"type":"LineString","coordinates":[[126.9416746,37.5574337],[126.9417079,37.5571246]]}},{"type":"Feature","properties":{"class":"minor","highway":"residential","sidewalk":"unknown","lanes":0,"name":"연세로2마길","oneway":false},"geometry":{"type":"LineString","coordinates":[[126.9421862,37.5584094],[126.9421875,37.5582372],[126.9421876,37.5582261],[126.9421862,37.5580074]]}},{"type":"Feature","properties":{"class":"minor","highway":"residential","sidewalk":"unknown","lanes":0,"name":"연세로2마길","oneway":false},"geometry":{"type":"LineString","coordinates":[[126.9422137,37.5571569],[126.9421998,37.5575098],[126.9421819,37.5578761],[126.9421862,37.5580074]]}},{"type":"Feature","properties":{"class":"minor","highway":"residential","sidewalk":"unknown","lanes":0,"name":"신촌로","oneway":false},"geometry":{"type":"LineString","coordinates":[[126.9408185,37.5569999],[126.9409776,37.5566485],[126.9410036,37.5565909],[126.9410297,37.5565293]]}},{"type":"Feature","properties":{"class":"minor","highway":"residential","sidewalk":"unknown","lanes":0,"name":"연세로","oneway":false},"geometry":{"type":"LineString","coordinates":[[126.9389612,37.5593305],[126.9393567,37.5593291],[126.9396329,37.5593306],[126.940237,37.5593383]]}},{"type":"Feature","properties":{"class":"minor","highway":"residential","sidewalk":"unknown","lanes":0,"name":"독막로34길","oneway":false},"geometry":{"type":"LineString","coordinates":[[126.938601,37.5462887],[126.9387455,37.5462003],[126.9388472,37.5461456],[126.9389058,37.5461341],[126.9389608,37.5461232],[126.9390469,37.5461356],[126.9390843,37.546149],[126.9391449,37.5461709],[126.939276,37.5462112],[126.9393075,37.5462209],[126.9394048,37.5462557],[126.9395667,37.5462585],[126.9398769,37.5462639],[126.940121,37.5464923],[126.9401368,37.546507],[126.940188,37.5465558],[126.9401843,37.5466712],[126.9401933,37.5466961],[126.9402303,37.5467981]]}},{"type":"Feature","properties":{"class":"minor","highway":"residential","sidewalk":"unknown","lanes":0,"name":"독막로38길","oneway":false},"geometry":{"type":"LineString","coordinates":[[126.9402941,37.5450404],[126.9403703,37.5451335],[126.9406698,37.5453262],[126.9408337,37.5453937],[126.9412478,37.5456705],[126.9412687,37.5456844],[126.9414495,37.5458426],[126.9416824,37.5461188],[126.941756,37.546206],[126.9417823,37.5462438],[126.9418153,37.5462911]]}},{"type":"Feature","properties":{"class":"minor","highway":"residential","sidewalk":"unknown","lanes":0,"name":"독막로36길","oneway":false},"geometry":{"type":"LineString","coordinates":[[126.9414597,37.5464015],[126.941425,37.5463529],[126.9410735,37.5458602]]}},{"type":"Feature","properties":{"class":"minor","highway":"residential","sidewalk":"unknown","lanes":0,"name":"토정로25길","oneway":false},"geometry":{"type":"LineString","coordinates":[[126.9389173,37.5432402],[126.9392186,37.5435079],[126.9394951,37.5437454],[126.9395313,37.5437909],[126.9395716,37.5438415],[126.9396389,37.5439465],[126.9397339,37.5440945],[126.9397593,37.5441205],[126.9397925,37.5441546],[126.9400021,37.5443446],[126.9400382,37.5444279],[126.9400438,37.5445069],[126.9400764,37.5447796],[126.9400806,37.5448144],[126.9402616,37.545006],[126.9402941,37.5450404]]}},{"type":"Feature","properties":{"class":"minor","highway":"residential","sidewalk":"unknown","lanes":0,"name":"토정로","oneway":false},"geometry":{"type":"LineString","coordinates":[[126.9400764,37.5438258],[126.9399852,37.543424],[126.9399563,37.5433709],[126.9399274,37.5433176],[126.9398701,37.5430671],[126.9397904,37.5427187],[126.9397802,37.5426171]]}},{"type":"Feature","properties":{"class":"minor","highway":"residential","sidewalk":"unknown","lanes":0,"name":"대흥로4길","oneway":false},"geometry":{"type":"LineString","coordinates":[[126.9409875,37.5403816],[126.939974,37.5410716],[126.9395037,37.5413919],[126.9392276,37.5415798],[126.9392198,37.5415851],[126.9389483,37.54177],[126.9388282,37.5418448],[126.9385617,37.5420109],[126.9385074,37.5420447],[126.9382471,37.5421659],[126.9378894,37.5423325],[126.9375744,37.5424687],[126.9373803,37.5425527],[126.9372528,37.5426186]]}},{"type":"Feature","properties":{"class":"minor","highway":"residential","sidewalk":"unknown","lanes":0,"name":"대흥로2길","oneway":false},"geometry":{"type":"LineString","coordinates":[[126.9413231,37.5387791],[126.9412141,37.5388407],[126.9408176,37.5393587],[126.9404029,37.5398708]]}},{"type":"Feature","properties":{"class":"minor","highway":"residential","sidewalk":"unknown","lanes":0,"name":"마포대로","oneway":false},"geometry":{"type":"LineString","coordinates":[[126.9445847,37.5398063],[126.9452873,37.5394106],[126.9453491,37.5393724],[126.9454468,37.5393121]]}},{"type":"Feature","properties":{"class":"minor","highway":"residential","sidewalk":"unknown","lanes":0,"name":"독막로42길","oneway":false},"geometry":{"type":"LineString","coordinates":[[126.9465035,37.5439956],[126.9461751,37.5435381],[126.9461102,37.5434506],[126.9447471,37.5420941],[126.9447396,37.5419978]]}},{"type":"Feature","properties":{"class":"major","highway":"tertiary","sidewalk":"likely","lanes":0,"name":"토정로31길","oneway":false},"geometry":{"type":"LineString","coordinates":[[126.9418467,37.5411524],[126.9422277,37.5414832],[126.94227,37.54152],[126.94244,37.54168],[126.942579,37.5417979],[126.9427181,37.5419159],[126.94277,37.54196],[126.9428139,37.5420075],[126.94289,37.54209],[126.94312,37.5423],[126.9431868,37.5423562],[126.94331,37.54246],[126.9433455,37.5424901],[126.9433709,37.5425116],[126.94344,37.54257],[126.943473,37.5425961],[126.94363,37.54272],[126.943648,37.542736],[126.94372,37.5428],[126.94391,37.54297],[126.9439456,37.5430019],[126.9441,37.54314],[126.9441513,37.5431937],[126.94431,37.54336],[126.944364,37.5434092],[126.94488,37.54388],[126.9455378,37.5444742]]}},{"type":"Feature","properties":{"class":"minor","highway":"residential","sidewalk":"unknown","lanes":0,"name":"마포대로","oneway":false},"geometry":{"type":"LineString","coordinates":[[126.9473132,37.5429572],[126.9481686,37.5425344],[126.9486099,37.5423128],[126.948967,37.542006],[126.9490779,37.5419015]]}},{"type":"Feature","properties":{"class":"minor","highway":"residential","sidewalk":"unknown","lanes":0,"name":"마포대로","oneway":false},"geometry":{"type":"LineString","coordinates":[[126.9467481,37.5424739],[126.947782,37.5416931],[126.9481512,37.541415],[126.9482567,37.5413199]]}},{"type":"Feature","properties":{"class":"minor","highway":"residential","sidewalk":"unknown","lanes":0,"name":"독막로","oneway":false},"geometry":{"type":"LineString","coordinates":[[126.9486099,37.5423128],[126.9488242,37.5426847],[126.948897,37.5428065]]}},{"type":"Feature","properties":{"class":"minor","highway":"residential","sidewalk":"unknown","lanes":0,"name":"독막로","oneway":false},"geometry":{"type":"LineString","coordinates":[[126.9441608,37.545782],[126.9438452,37.5457431],[126.9437993,37.545694],[126.9437571,37.5456265]]}},{"type":"Feature","properties":{"class":"minor","highway":"residential","sidewalk":"unknown","lanes":0,"name":"백범로16길","oneway":false},"geometry":{"type":"LineString","coordinates":[[126.942007,37.546547],[126.9422238,37.5464547],[126.9423633,37.5464113],[126.9427102,37.546304],[126.943218,37.5461754]]}},{"type":"Feature","properties":{"class":"minor","highway":"residential","sidewalk":"unknown","lanes":0,"name":"백범로20길","oneway":false},"geometry":{"type":"LineString","coordinates":[[126.943218,37.5461754],[126.9435412,37.5461065],[126.9437586,37.5460405],[126.9439562,37.5459828],[126.9441108,37.5459005],[126.9441477,37.5458881]]}},{"type":"Feature","properties":{"class":"minor","highway":"residential","sidewalk":"unknown","lanes":0,"name":"독막로","oneway":false},"geometry":{"type":"LineString","coordinates":[[126.9429811,37.546164],[126.943144,37.5458704]]}},{"type":"Feature","properties":{"class":"minor","highway":"residential","sidewalk":"unknown","lanes":0,"name":"백범로16길","oneway":false},"geometry":{"type":"LineString","coordinates":[[126.9418153,37.5462911],[126.9418776,37.5463742],[126.942007,37.546547],[126.9420231,37.5465683],[126.9420612,37.5466135]]}},{"type":"Feature","properties":{"class":"minor","highway":"residential","sidewalk":"unknown","lanes":0,"name":"대흥로","oneway":false},"geometry":{"type":"LineString","coordinates":[[126.9421958,37.5468282],[126.9419786,37.5469405],[126.9418798,37.5472394],[126.9418134,37.5472472],[126.9416798,37.5472348],[126.9415058,37.5471848],[126.9413542,37.5472737]]}},{"type":"Feature","properties":{"class":"minor","highway":"residential","sidewalk":"unknown","lanes":0,"name":"대흥로","oneway":false},"geometry":{"type":"LineString","coordinates":[[126.9415761,37.5475182],[126.9418177,37.5475016],[126.9422363,37.5473093],[126.9421873,37.5471969],[126.9423781,37.5470797]]}},{"type":"Feature","properties":{"class":"minor","highway":"residential","sidewalk":"unknown","lanes":0,"name":"숭문길","oneway":false},"geometry":{"type":"LineString","coordinates":[[126.9465016,37.5563138],[126.9464914,37.5565534],[126.9464847,37.5567329]]}},{"type":"Feature","properties":{"class":"minor","highway":"residential","sidewalk":"unknown","lanes":0,"name":"백범로","oneway":false},"geometry":{"type":"LineString","coordinates":[[126.945459,37.5468036],[126.9455242,37.5466379],[126.9456492,37.5464664],[126.9456666,37.5463772],[126.94568,37.5462821]]}},{"type":"Feature","properties":{"class":"minor","highway":"residential","sidewalk":"unknown","lanes":0,"name":"백범로25길","oneway":false},"geometry":{"type":"LineString","coordinates":[[126.9481776,37.5499287],[126.9475759,37.5500798],[126.9471809,37.5501905],[126.9469675,37.5498336]]}},{"type":"Feature","properties":{"class":"minor","highway":"residential","sidewalk":"unknown","lanes":0,"name":"마포대로11길","oneway":false},"geometry":{"type":"LineString","coordinates":[[126.9476724,37.5489657],[126.9481865,37.5489542],[126.9482062,37.5489538],[126.9484939,37.5489502],[126.9485702,37.5489492],[126.9488678,37.5489069],[126.9492511,37.5488375],[126.9494595,37.5488178],[126.949598,37.5488076],[126.9496679,37.5488186],[126.9501882,37.5489032],[126.9503678,37.5488998]]}},{"type":"Feature","properties":{"class":"minor","highway":"residential","sidewalk":"unknown","lanes":0,"name":"마포대로11나길","oneway":false},"geometry":{"type":"LineString","coordinates":[[126.9488678,37.5489069],[126.9491769,37.5498447],[126.9492707,37.5498217],[126.949352,37.5498443],[126.949415,37.5499716],[126.9495634,37.5505808],[126.9500533,37.5509742],[126.9501204,37.5510514],[126.9504639,37.5514365],[126.9505557,37.551711],[126.9505797,37.5517828]]}},{"type":"Feature","properties":{"class":"minor","highway":"residential","sidewalk":"unknown","lanes":0,"name":"대흥로24바길","oneway":false},"geometry":{"type":"LineString","coordinates":[[126.9483315,37.5546649],[126.9484759,37.5544998],[126.9485342,37.5543783],[126.9485952,37.5542041],[126.9486482,37.5533004],[126.9487968,37.5529049],[126.9490319,37.5525167],[126.9491086,37.5524338],[126.949236,37.5523889],[126.9494731,37.552351],[126.9497067,37.5523566],[126.9499934,37.5524184],[126.9500287,37.5524248],[126.9503332,37.55248],[126.9504692,37.552493],[126.9505525,37.5525009],[126.9506691,37.5525032],[126.9509519,37.5525046],[126.9510691,37.5525011],[126.9517943,37.5524213]]}},{"type":"Feature","properties":{"class":"minor","highway":"residential","sidewalk":"unknown","lanes":0,"name":"신촌로30길","oneway":false},"geometry":{"type":"LineString","coordinates":[[126.953759,37.5562357],[126.9537023,37.5561993],[126.9522149,37.5561389],[126.9520288,37.5561126]]}},{"type":"Feature","properties":{"class":"minor","highway":"residential","sidewalk":"unknown","lanes":0,"name":"신촌로34길","oneway":false},"geometry":{"type":"LineString","coordinates":[[126.9544971,37.556801],[126.9545034,37.5569643],[126.9544204,37.5572238]]}},{"type":"Feature","properties":{"class":"minor","highway":"residential","sidewalk":"unknown","lanes":0,"name":"마포대로19길","oneway":false},"geometry":{"type":"LineString","coordinates":[[126.9552941,37.5526276],[126.9560563,37.5523831]]}},{"type":"Feature","properties":{"class":"minor","highway":"residential","sidewalk":"unknown","lanes":0,"name":"마포대로7길","oneway":false},"geometry":{"type":"LineString","coordinates":[[126.953599,37.5488125],[126.9534771,37.5485836],[126.9533204,37.5483346],[126.9531495,37.5480632],[126.9526176,37.5472612],[126.9525117,37.5471185],[126.9522957,37.5468274],[126.9522094,37.5466836],[126.952087,37.5465099],[126.9518371,37.5461793],[126.9518241,37.546162],[126.9517896,37.5461164],[126.9512883,37.5454532],[126.9512571,37.5454119],[126.9511875,37.5453198]]}},{"type":"Feature","properties":{"class":"minor","highway":"residential","sidewalk":"unknown","lanes":0,"name":"마포대로11길","oneway":false},"geometry":{"type":"LineString","coordinates":[[126.953599,37.5488125],[126.9539204,37.5494256],[126.9543832,37.5503661]]}},{"type":"Feature","properties":{"class":"minor","highway":"residential","sidewalk":"unknown","lanes":0,"name":"마포대로","oneway":false},"geometry":{"type":"LineString","coordinates":[[126.9539204,37.5494256],[126.9544508,37.5492578]]}},{"type":"Feature","properties":{"class":"minor","highway":"residential","sidewalk":"unknown","lanes":0,"name":"신촌로28가길","oneway":false},"geometry":{"type":"LineString","coordinates":[[126.9498268,37.5565142],[126.9502295,37.5565975],[126.9504356,37.5566107],[126.9510077,37.5566191],[126.9519546,37.5566341],[126.9520596,37.5566644]]}},{"type":"Feature","properties":{"class":"minor","highway":"residential","sidewalk":"unknown","lanes":0,"name":"대흥로24길","oneway":false},"geometry":{"type":"LineString","coordinates":[[126.9459031,37.5543452],[126.9461051,37.554312],[126.9465802,37.5543195]]}},{"type":"Feature","properties":{"class":"minor","highway":"residential","sidewalk":"unknown","lanes":0,"name":"대흥로21길","oneway":false},"geometry":{"type":"LineString","coordinates":[[126.9459204,37.5534217],[126.9452581,37.5534162],[126.9447188,37.5534118],[126.9442332,37.5534057]]}},{"type":"Feature","properties":{"class":"minor","highway":"residential","sidewalk":"unknown","lanes":0,"name":"굴레방로9길","oneway":false},"geometry":{"type":"LineString","coordinates":[[126.9520596,37.5566644],[126.9520982,37.5566578],[126.9521311,37.5566597],[126.9532777,37.5567267],[126.9537157,37.5567512],[126.9539713,37.5567644],[126.9544971,37.556801],[126.9553476,37.5568383],[126.955488,37.5568575],[126.9558004,37.5568727]]}},{"type":"Feature","properties":{"class":"minor","highway":"residential","sidewalk":"unknown","lanes":0,"name":"신촌로30길","oneway":false},"geometry":{"type":"LineString","coordinates":[[126.9520376,37.5565828],[126.9520558,37.5564044],[126.9520673,37.5562421],[126.9520288,37.5561126]]}},{"type":"Feature","properties":{"class":"minor","highway":"residential","sidewalk":"unknown","lanes":0,"name":"신촌로30길","oneway":false},"geometry":{"type":"LineString","coordinates":[[126.9525832,37.5553485],[126.9525555,37.5554137],[126.9524992,37.5555412],[126.9524187,37.5556965],[126.952333,37.5558138],[126.9522185,37.5559268],[126.9520288,37.5561126]]}},{"type":"Feature","properties":{"class":"minor","highway":"residential","sidewalk":"unknown","lanes":0,"name":"굴레방로7길","oneway":false},"geometry":{"type":"LineString","coordinates":[[126.9550104,37.5563309],[126.9550067,37.556449],[126.9548698,37.5566198]]}},{"type":"Feature","properties":{"class":"minor","highway":"residential","sidewalk":"unknown","lanes":0,"name":"굴레방로","oneway":false},"geometry":{"type":"LineString","coordinates":[[126.9545296,37.556452],[126.9548698,37.5566198],[126.9549752,37.5566748],[126.9552631,37.5566865],[126.9555604,37.5565402]]}},{"type":"Feature","properties":{"class":"minor","highway":"residential","sidewalk":"unknown","lanes":0,"name":"굴레방로9길","oneway":false},"geometry":{"type":"LineString","coordinates":[[126.9545034,37.5569643],[126.9546217,37.556967],[126.9547381,37.5569451],[126.9553656,37.5569809],[126.9553476,37.5568383]]}},{"type":"Feature","properties":{"class":"minor","highway":"residential","sidewalk":"unknown","lanes":0,"name":"신촌로","oneway":false},"geometry":{"type":"LineString","coordinates":[[126.9553656,37.5569809],[126.9553764,37.5570095],[126.9553391,37.5572826]]}},{"type":"Feature","properties":{"class":"minor","highway":"residential","sidewalk":"unknown","lanes":0,"name":"신촌로32길","oneway":false},"geometry":{"type":"LineString","coordinates":[[126.9532492,37.5569035],[126.9545034,37.5569643]]}},{"type":"Feature","properties":{"class":"minor","highway":"residential","sidewalk":"unknown","lanes":0,"name":"숭문16가길","oneway":false},"geometry":{"type":"LineString","coordinates":[[126.9470678,37.5553475],[126.9470843,37.5558291]]}},{"type":"Feature","properties":{"class":"minor","highway":"residential","sidewalk":"unknown","lanes":0,"name":"숭문16길","oneway":false},"geometry":{"type":"LineString","coordinates":[[126.9477559,37.5558071],[126.9477552,37.5553413]]}},{"type":"Feature","properties":{"class":"alley","highway":"service","sidewalk":"unknown","lanes":0,"name":"","oneway":false},"geometry":{"type":"LineString","coordinates":[[126.9475849,37.5563779],[126.9476261,37.5563113],[126.9476575,37.5562541],[126.9477661,37.556205],[126.9478007,37.5561384],[126.9478566,37.5561029],[126.9479614,37.5560494]]}},{"type":"Feature","properties":{"class":"minor","highway":"residential","sidewalk":"unknown","lanes":0,"name":"대흥로30길","oneway":false},"geometry":{"type":"LineString","coordinates":[[126.948576,37.5557944],[126.9485544,37.5564299]]}},{"type":"Feature","properties":{"class":"minor","highway":"residential","sidewalk":"unknown","lanes":0,"name":"신촌로","oneway":false},"geometry":{"type":"LineString","coordinates":[[126.9493928,37.5569019],[126.9493816,37.5564778]]}},{"type":"Feature","properties":{"class":"minor","highway":"residential","sidewalk":"unknown","lanes":0,"name":"이화여대2길","oneway":false},"geometry":{"type":"LineString","coordinates":[[126.945881,37.5573445],[126.9462323,37.5573649],[126.9462426,37.5573655],[126.9466294,37.557388],[126.9482627,37.5574719],[126.948665,37.5574917],[126.9487864,37.5575479]]}},{"type":"Feature","properties":{"class":"minor","highway":"residential","sidewalk":"unknown","lanes":0,"name":"신촌역로","oneway":false},"geometry":{"type":"LineString","coordinates":[[126.9421819,37.5578761],[126.9427096,37.557895],[126.9427812,37.5579006]]}},{"type":"Feature","properties":{"class":"minor","highway":"residential","sidewalk":"unknown","lanes":0,"name":"이화여대5길","oneway":false},"geometry":{"type":"LineString","coordinates":[[126.943439,37.5583259],[126.9446118,37.5583611],[126.9457812,37.5583961]]}},{"type":"Feature","properties":{"class":"minor","highway":"residential","sidewalk":"unknown","lanes":0,"name":"이화여대8길","oneway":false},"geometry":{"type":"LineString","coordinates":[[126.9457452,37.5587741],[126.9461356,37.5587872],[126.9465552,37.5588014],[126.947787,37.5588203],[126.9478416,37.5588124],[126.9479879,37.558791],[126.948766,37.5588868],[126.9490482,37.5589321],[126.9491127,37.5589739]]}},{"type":"Feature","properties":{"class":"minor","highway":"residential","sidewalk":"unknown","lanes":0,"name":"이화여대길","oneway":false},"geometry":{"type":"LineString","coordinates":[[126.943382,37.559143],[126.943381,37.5591955],[126.9433842,37.5592279],[126.9433905,37.5593661],[126.9433848,37.5594778]]}},{"type":"Feature","properties":{"class":"minor","highway":"residential","sidewalk":"unknown","lanes":0,"name":"이화여대1길","oneway":false},"geometry":{"type":"LineString","coordinates":[[126.943501,37.557206],[126.9434817,37.5575959],[126.9434715,37.5577346],[126.9434558,37.5579386]]}},{"type":"Feature","properties":{"class":"minor","highway":"residential","sidewalk":"unknown","lanes":0,"name":"이화여대3길","oneway":false},"geometry":{"type":"LineString","coordinates":[[126.9446118,37.5583611],[126.9446402,37.5579832]]}},{"type":"Feature","properties":{"class":"minor","highway":"residential","sidewalk":"unknown","lanes":0,"name":"이화여대5길","oneway":false},"geometry":{"type":"LineString","coordinates":[[126.9445842,37.5587273],[126.9446118,37.5583611]]}},{"type":"Feature","properties":{"class":"minor","highway":"residential","sidewalk":"unknown","lanes":0,"name":"이화여대1안길","oneway":false},"geometry":{"type":"LineString","coordinates":[[126.9446402,37.5579832],[126.9446648,37.5576573],[126.9446937,37.5572754]]}},{"type":"Feature","properties":{"class":"minor","highway":"residential","sidewalk":"unknown","lanes":0,"name":"신촌로","oneway":false},"geometry":{"type":"LineString","coordinates":[[126.9446304,37.5572717],[126.9446763,37.5567805]]}},{"type":"Feature","properties":{"class":"alley","highway":"service","sidewalk":"unknown","lanes":0,"name":"","oneway":false},"geometry":{"type":"LineString","coordinates":[[126.9463468,37.5592099],[126.9464958,37.5592145],[126.946733,37.5592218],[126.9468314,37.5592248],[126.9471767,37.5592354],[126.9473682,37.5592413],[126.9474884,37.5592794],[126.9476144,37.5593194],[126.9477964,37.5593607],[126.9478544,37.5594121],[126.9479665,37.5594193],[126.9480896,37.5594271],[126.9482563,37.5594378],[126.9485024,37.5594535],[126.9486175,37.5594609],[126.9487145,37.5595306],[126.9488075,37.5595334],[126.9488359,37.5595343],[126.9490662,37.5596064],[126.9491402,37.5596007],[126.9493228,37.5595865],[126.9498684,37.5597757]]}},{"type":"Feature","properties":{"class":"minor","highway":"residential","sidewalk":"unknown","lanes":0,"name":"이화여대2가길","oneway":false},"geometry":{"type":"LineString","coordinates":[[126.9461857,37.5580524],[126.9465935,37.5580725]]}},{"type":"Feature","properties":{"class":"minor","highway":"residential","sidewalk":"unknown","lanes":0,"name":"이화여대길","oneway":false},"geometry":{"type":"LineString","coordinates":[[126.9461857,37.5580524],[126.9458156,37.5580341]]}},{"type":"Feature","properties":{"class":"minor","highway":"residential","sidewalk":"unknown","lanes":0,"name":"북아현로1길","oneway":false},"geometry":{"type":"LineString","coordinates":[[126.9565525,37.5589649],[126.9563793,37.558988],[126.956111,37.5590237],[126.9559592,37.559031],[126.9558074,37.5590101],[126.9556477,37.5589632],[126.9555365,37.5589306],[126.9554852,37.5589155],[126.9553083,37.5588466],[126.9551109,37.5587698],[126.9548096,37.5586539],[126.9547606,37.558646],[126.9546075,37.5586214],[126.9543724,37.5586243],[126.9541525,37.5586955],[126.9539155,37.558807],[126.9537672,37.5589328],[126.9535908,37.5591188],[126.9533118,37.5594582],[126.9532039,37.5598289],[126.9531398,37.5599701],[126.9530491,37.5603835],[126.9530174,37.5605277],[126.9529849,37.5606395],[126.9529555,37.5607666],[126.9528994,37.5609445]]}},{"type":"Feature","properties":{"class":"minor","highway":"residential","sidewalk":"unknown","lanes":0,"name":"북아현로1가길","oneway":false},"geometry":{"type":"LineString","coordinates":[[126.9535908,37.5591188],[126.9534782,37.5590648],[126.9531831,37.558922],[126.9529595,37.5588204],[126.9524315,37.5585864],[126.9521317,37.5584366],[126.9519762,37.558295],[126.9518867,37.5581079],[126.9518815,37.5579384],[126.9519151,37.5577046]]}},{"type":"Feature","properties":{"class":"minor","highway":"residential","sidewalk":"unknown","lanes":0,"name":"북아현로1나길","oneway":true},"geometry":{"type":"LineString","coordinates":[[126.9524315,37.5585864],[126.9522974,37.5586386],[126.952095,37.5586317],[126.9515948,37.5586114],[126.9514781,37.5587319],[126.9509395,37.5593591],[126.9509005,37.559516],[126.9511048,37.5596264],[126.9511014,37.5597842],[126.9510755,37.5600004],[126.9510338,37.5600588],[126.9509779,37.5601372],[126.9509412,37.5601595],[126.9507395,37.5602816]]}},{"type":"Feature","properties":{"class":"alley","highway":"service","sidewalk":"unknown","lanes":0,"name":"신촌로31안길","oneway":false},"geometry":{"type":"LineString","coordinates":[[126.9532063,37.557517],[126.9536927,37.5575487],[126.9536912,37.5576085],[126.9539817,37.5576316],[126.9544194,37.5576518]]}},{"type":"Feature","properties":{"class":"alley","highway":"service","sidewalk":"unknown","lanes":0,"name":"신촌로29가길","oneway":false},"geometry":{"type":"LineString","coordinates":[[126.9519292,37.5575172],[126.9526239,37.5575622],[126.9526316,37.5574914],[126.9532049,37.5575312]]}},{"type":"Feature","properties":{"class":"alley","highway":"service","sidewalk":"unknown","lanes":0,"name":"신촌로29가길","oneway":false},"geometry":{"type":"LineString","coordinates":[[126.9526239,37.5575622],[126.9526507,37.5575619],[126.9526328,37.5577442]]}},{"type":"Feature","properties":{"class":"minor","highway":"residential","sidewalk":"unknown","lanes":0,"name":"북아현로22나길","oneway":false},"geometry":{"type":"LineString","coordinates":[[126.95229,37.5663091],[126.952742,37.5662796],[126.9532645,37.5662455],[126.9535189,37.5662289],[126.9540222,37.566196],[126.9542588,37.566094],[126.9546062,37.5659443],[126.9549341,37.5659362],[126.9556308,37.5656194],[126.955969,37.5655544],[126.9561739,37.5654732],[126.9564934,37.5654949],[126.9565325,37.5654976],[126.9571575,37.5653514],[126.9581781,37.5653018]]}},{"type":"Feature","properties":{"class":"minor","highway":"residential","sidewalk":"unknown","lanes":0,"name":"북아현로","oneway":false},"geometry":{"type":"LineString","coordinates":[[126.9537555,37.5650755],[126.953659,37.5645913],[126.9536004,37.5643431],[126.9535157,37.5643032]]}},{"type":"Feature","properties":{"class":"minor","highway":"residential","sidewalk":"unknown","lanes":0,"name":"북아현로22마길","oneway":false},"geometry":{"type":"LineString","coordinates":[[126.9544473,37.5653711],[126.9546062,37.5659443]]}},{"type":"Feature","properties":{"class":"minor","highway":"residential","sidewalk":"unknown","lanes":0,"name":"북아현로22길","oneway":false},"geometry":{"type":"LineString","coordinates":[[126.9544473,37.5653711],[126.9543514,37.5649897]]}},{"type":"Feature","properties":{"class":"minor","highway":"residential","sidewalk":"unknown","lanes":0,"name":"북아현로20길","oneway":false},"geometry":{"type":"LineString","coordinates":[[126.9542312,37.5645066],[126.9543514,37.5649897]]}},{"type":"Feature","properties":{"class":"minor","highway":"residential","sidewalk":"unknown","lanes":0,"name":"북아현로","oneway":false},"geometry":{"type":"LineString","coordinates":[[126.9542312,37.5645066],[126.953947,37.5640597],[126.9538589,37.5639913]]}},{"type":"Feature","properties":{"class":"minor","highway":"residential","sidewalk":"unknown","lanes":0,"name":"북아현로","oneway":false},"geometry":{"type":"LineString","coordinates":[[126.9554997,37.5625695],[126.9550066,37.5624025],[126.9549763,37.5623741]]}},{"type":"Feature","properties":{"class":"minor","highway":"residential","sidewalk":"unknown","lanes":0,"name":"북아현로14길","oneway":false},"geometry":{"type":"LineString","coordinates":[[126.9561866,37.5632854],[126.9562073,37.5627898]]}},{"type":"Feature","properties":{"class":"minor","highway":"residential","sidewalk":"unknown","lanes":0,"name":"북아현로20길","oneway":false},"geometry":{"type":"LineString","coordinates":[[126.9552792,37.5643305],[126.9554751,37.5648294]]}},{"type":"Feature","properties":{"class":"minor","highway":"residential","sidewalk":"unknown","lanes":0,"name":"북아현로18길","oneway":false},"geometry":{"type":"LineString","coordinates":[[126.9552792,37.5643305],[126.9551341,37.5639603]]}},{"type":"Feature","properties":{"class":"minor","highway":"residential","sidewalk":"unknown","lanes":0,"name":"북아현로20길","oneway":false},"geometry":{"type":"LineString","coordinates":[[126.9547154,37.5644176],[126.954866,37.5649155]]}},{"type":"Feature","properties":{"class":"minor","highway":"residential","sidewalk":"unknown","lanes":0,"name":"북아현로20길","oneway":false},"geometry":{"type":"LineString","coordinates":[[126.9560142,37.564217],[126.956159,37.5647327]]}},{"type":"Feature","properties":{"class":"minor","highway":"residential","sidewalk":"unknown","lanes":0,"name":"북아현로20길","oneway":false},"geometry":{"type":"LineString","coordinates":[[126.9568494,37.564088],[126.9569692,37.5646182]]}},{"type":"Feature","properties":{"class":"minor","highway":"residential","sidewalk":"unknown","lanes":0,"name":"북아현로20길","oneway":false},"geometry":{"type":"LineString","coordinates":[[126.9574389,37.563997],[126.9575689,37.5645334]]}},{"type":"Feature","properties":{"class":"minor","highway":"residential","sidewalk":"unknown","lanes":0,"name":"북아현로22마길","oneway":false},"geometry":{"type":"LineString","coordinates":[[126.9565039,37.5650647],[126.9565325,37.5654976]]}},{"type":"Feature","properties":{"class":"minor","highway":"residential","sidewalk":"unknown","lanes":0,"name":"경기대로9길","oneway":false},"geometry":{"type":"LineString","coordinates":[[126.9590945,37.5644081],[126.9595433,37.5645138],[126.9596719,37.5645476],[126.9600448,37.5644522],[126.9614011,37.5640206],[126.9614801,37.5640021],[126.9615592,37.5639936],[126.9616571,37.5639906],[126.9617347,37.5639962],[126.9617829,37.5640052],[126.961897,37.5640383],[126.9619829,37.5640785],[126.9620427,37.5641182],[126.9626573,37.5646341],[126.9627148,37.5646681],[126.9627714,37.5646885],[126.9628303,37.5647014],[126.9629598,37.5647126],[126.9630232,37.5647145],[126.963082,37.5647091],[126.9631854,37.5646907],[126.9632644,37.5646687],[126.9637969,37.5644757],[126.9638702,37.5644593]]}},{"type":"Feature","properties":{"class":"minor","highway":"residential","sidewalk":"unknown","lanes":0,"name":"북아현로14나길","oneway":false},"geometry":{"type":"LineString","coordinates":[[126.9590945,37.5644081],[126.9589766,37.5642407],[126.9587131,37.5640508],[126.9586624,37.5639445],[126.9586896,37.563834],[126.9587494,37.5637377],[126.9589359,37.5634377],[126.9589957,37.5632956],[126.9590093,37.5631861],[126.9590396,37.5629411],[126.9590627,37.5627543],[126.9590564,37.5626839],[126.9590446,37.5625533],[126.9590157,37.5623469]]}},{"type":"Feature","properties":{"class":"minor","highway":"residential","sidewalk":"no","lanes":0,"name":"북아현로14나길","oneway":false},"geometry":{"type":"LineString","coordinates":[[126.9590157,37.5623469],[126.9590146,37.562314],[126.9590066,37.5620637],[126.9590863,37.5619462],[126.9591064,37.5619044]]}},{"type":"Feature","properties":{"class":"minor","highway":"residential","sidewalk":"unknown","lanes":0,"name":"북아현로4길","oneway":false},"geometry":{"type":"LineString","coordinates":[[126.9599443,37.5605995],[126.9599604,37.5605649],[126.9599178,37.5604802],[126.9598182,37.5602821]]}},{"type":"Feature","properties":{"class":"alley","highway":"living_street","sidewalk":"unknown","lanes":0,"name":"신촌로37길","oneway":false},"geometry":{"type":"LineString","coordinates":[[126.9568733,37.5578571],[126.9572171,37.5578483],[126.9575752,37.5579515],[126.9577495,37.5580018],[126.9580678,37.5580731],[126.9584339,37.5581552],[126.9585951,37.5581891],[126.9587727,37.5582265],[126.9589109,37.5582378],[126.9593742,37.5582758],[126.9597324,37.5583153],[126.9598058,37.5583285],[126.9599818,37.55836],[126.9601293,37.5583781],[126.960478,37.558478],[126.960698,37.5585311],[126.9608999,37.5585798]]}},{"type":"Feature","properties":{"class":"minor","highway":"residential","sidewalk":"unknown","lanes":0,"name":"북아현로4길","oneway":false},"geometry":{"type":"LineString","coordinates":[[126.957562,37.559851],[126.9579373,37.5593907]]}},{"type":"Feature","properties":{"class":"minor","highway":"residential","sidewalk":"unknown","lanes":0,"name":"북아현로6길","oneway":false},"geometry":{"type":"LineString","coordinates":[[126.957562,37.559851],[126.9581944,37.5600716],[126.958234,37.5600863],[126.9584047,37.5601497],[126.9584839,37.5602056],[126.9586273,37.5603437],[126.9586888,37.5604899],[126.9587625,37.5606157]]}},{"type":"Feature","properties":{"class":"minor","highway":"residential","sidewalk":"unknown","lanes":0,"name":"북아현로","oneway":false},"geometry":{"type":"LineString","coordinates":[[126.9570814,37.5604121],[126.9569294,37.5603779],[126.9563562,37.5602839]]}},{"type":"Feature","properties":{"class":"minor","highway":"residential","sidewalk":"unknown","lanes":0,"name":"북아현로","oneway":false},"geometry":{"type":"LineString","coordinates":[[126.9569294,37.5603779],[126.9568842,37.5602568],[126.956751,37.5598264],[126.9566529,37.559761]]}},{"type":"Feature","properties":{"class":"minor","highway":"residential","sidewalk":"unknown","lanes":0,"name":"북아현로10길","oneway":false},"geometry":{"type":"LineString","coordinates":[[126.9557623,37.5619775],[126.9565601,37.5622483],[126.9570479,37.5624139]]}},{"type":"Feature","properties":{"class":"minor","highway":"residential","sidewalk":"unknown","lanes":0,"name":"북아현로4길","oneway":false},"geometry":{"type":"LineString","coordinates":[[126.9584047,37.5601497],[126.958695,37.5599407]]}},{"type":"Feature","properties":{"class":"minor","highway":"residential","sidewalk":"unknown","lanes":0,"name":"북아현로4길","oneway":false},"geometry":{"type":"LineString","coordinates":[[126.958234,37.5600863],[126.9582978,37.5599322],[126.9586018,37.5597962]]}},{"type":"Feature","properties":{"class":"minor","highway":"residential","sidewalk":"unknown","lanes":0,"name":"북아현로4아길","oneway":false},"geometry":{"type":"LineString","coordinates":[[126.9592943,37.5604935],[126.9587625,37.5606157]]}},{"type":"Feature","properties":{"class":"minor","highway":"residential","sidewalk":"unknown","lanes":0,"name":"북아현로4마길","oneway":false},"geometry":{"type":"LineString","coordinates":[[126.9600817,37.560134],[126.9602027,37.5604066],[126.9602675,37.5605489]]}},{"type":"Feature","properties":{"class":"minor","highway":"residential","sidewalk":"unknown","lanes":0,"name":"북아현로4마길","oneway":false},"geometry":{"type":"LineString","coordinates":[[126.9598182,37.5602821],[126.9600817,37.560134],[126.9602655,37.5600575],[126.9604696,37.5599912]]}},{"type":"Feature","properties":{"class":"minor","highway":"residential","sidewalk":"unknown","lanes":0,"name":"북아현로4마길","oneway":false},"geometry":{"type":"LineString","coordinates":[[126.9590323,37.5588384],[126.959148,37.558938],[126.9594275,37.5590601],[126.959574,37.5591974],[126.959597,37.5592299],[126.9596795,37.5593465],[126.9597086,37.5593877],[126.9597882,37.5595003],[126.9598328,37.5595632],[126.9598861,37.5596427],[126.9599529,37.5597897],[126.9600239,37.5599399],[126.9600817,37.560134]]}},{"type":"Feature","properties":{"class":"minor","highway":"residential","sidewalk":"unknown","lanes":0,"name":"북아현로4길","oneway":false},"geometry":{"type":"LineString","coordinates":[[126.9602675,37.5605489],[126.9602836,37.5606803]]}},{"type":"Feature","properties":{"class":"minor","highway":"residential","sidewalk":"unknown","lanes":0,"name":"북아현로4가길","oneway":false},"geometry":{"type":"LineString","coordinates":[[126.9579373,37.5593907],[126.9579771,37.5593213],[126.9579955,37.5592893],[126.9580306,37.559274],[126.9586073,37.5590232],[126.9587153,37.5589763],[126.9590323,37.5588384],[126.9591741,37.5587677],[126.9595076,37.5586037],[126.9596387,37.5585346],[126.9599818,37.55836]]}},{"type":"Feature","properties":{"class":"minor","highway":"residential","sidewalk":"unknown","lanes":0,"name":"북아현로4다길","oneway":false},"geometry":{"type":"LineString","coordinates":[[126.9586073,37.5590232],[126.9584007,37.5588762],[126.9581023,37.558725],[126.9578358,37.5585447],[126.9576499,37.5583935],[126.9576075,37.5583436],[126.9575741,37.5583043],[126.9575595,37.5581763],[126.9575752,37.5579515]]}},{"type":"Feature","properties":{"class":"minor","highway":"residential","sidewalk":"unknown","lanes":0,"name":"북아현로2길","oneway":false},"geometry":{"type":"LineString","coordinates":[[126.9564539,37.5585502],[126.9570441,37.5585313]]}},{"type":"Feature","properties":{"class":"minor","highway":"residential","sidewalk":"unknown","lanes":0,"name":"북아현로2길","oneway":false},"geometry":{"type":"LineString","coordinates":[[126.9570441,37.5585313],[126.9570865,37.5586989],[126.9572272,37.5592541]]}},{"type":"Feature","properties":{"class":"minor","highway":"residential","sidewalk":"unknown","lanes":0,"name":"북아현로4길","oneway":false},"geometry":{"type":"LineString","coordinates":[[126.9572272,37.5592541],[126.957562,37.559851]]}},{"type":"Feature","properties":{"class":"minor","highway":"residential","sidewalk":"unknown","lanes":0,"name":"북아현로4나길","oneway":false},"geometry":{"type":"LineString","coordinates":[[126.9569656,37.5582214],[126.9571946,37.5582107],[126.9573462,37.5583002],[126.9573302,37.558415],[126.9572928,37.5586836]]}},{"type":"Feature","properties":{"class":"minor","highway":"residential","sidewalk":"unknown","lanes":0,"name":"북아현로4다길","oneway":false},"geometry":{"type":"LineString","coordinates":[[126.9573302,37.558415],[126.9575431,37.5584537],[126.9576075,37.5583436]]}},{"type":"Feature","properties":{"class":"minor","highway":"residential","sidewalk":"unknown","lanes":0,"name":"북아현로4라길","oneway":false},"geometry":{"type":"LineString","coordinates":[[126.9576075,37.5583436],[126.957715,37.5583163],[126.957808,37.5582868],[126.9579617,37.5582641],[126.9580919,37.5582447]]}},{"type":"Feature","properties":{"class":"minor","highway":"residential","sidewalk":"unknown","lanes":0,"name":"신촌로37길","oneway":false},"geometry":{"type":"LineString","coordinates":[[126.9591741,37.5587677],[126.9590366,37.5587107],[126.9587963,37.5586111],[126.9587194,37.5585084],[126.958737,37.558421],[126.9585212,37.5583438],[126.9585951,37.5581891]]}},{"type":"Feature","properties":{"class":"minor","highway":"residential","sidewalk":"unknown","lanes":0,"name":"북아현로4라길","oneway":false},"geometry":{"type":"LineString","coordinates":[[126.9587194,37.5585084],[126.9585856,37.5585286],[126.9585353,37.5586833]]}},{"type":"Feature","properties":{"class":"minor","highway":"residential","sidewalk":"unknown","lanes":0,"name":"","oneway":false},"geometry":{"type":"LineString","coordinates":[[126.958737,37.558421],[126.9588804,37.5583862],[126.9589109,37.5582378]]}},{"type":"Feature","properties":{"class":"minor","highway":"residential","sidewalk":"unknown","lanes":0,"name":"신촌로37길","oneway":false},"geometry":{"type":"LineString","coordinates":[[126.9590366,37.5587107],[126.9592125,37.5584335],[126.9593615,37.55842],[126.9593742,37.5582758]]}},{"type":"Feature","properties":{"class":"minor","highway":"residential","sidewalk":"unknown","lanes":0,"name":"북아현로4가길","oneway":false},"geometry":{"type":"LineString","coordinates":[[126.9593615,37.55842],[126.9595076,37.5586037]]}},{"type":"Feature","properties":{"class":"minor","highway":"residential","sidewalk":"unknown","lanes":0,"name":"북아현로4가길","oneway":false},"geometry":{"type":"LineString","coordinates":[[126.9602448,37.5586513],[126.9602032,37.5587839]]}},{"type":"Feature","properties":{"class":"alley","highway":"service","sidewalk":"unknown","lanes":0,"name":"신촌로","oneway":false},"geometry":{"type":"LineString","coordinates":[[126.9575917,37.5573997],[126.9576209,37.5577064],[126.9580578,37.5578068],[126.9580911,37.5577556],[126.958261,37.5576463]]}},{"type":"Feature","properties":{"class":"alley","highway":"service","sidewalk":"unknown","lanes":0,"name":"신촌로","oneway":false},"geometry":{"type":"LineString","coordinates":[[126.958491,37.5573412],[126.958503,37.5576507],[126.9585103,37.5577159],[126.958564,37.5577604]]}},{"type":"Feature","properties":{"class":"minor","highway":"residential","sidewalk":"unknown","lanes":0,"name":"북아현로4마길","oneway":false},"geometry":{"type":"LineString","coordinates":[[126.9597882,37.5595003],[126.9602121,37.5593361]]}},{"type":"Feature","properties":{"class":"minor","highway":"residential","sidewalk":"unknown","lanes":0,"name":"","oneway":false},"geometry":{"type":"LineString","coordinates":[[126.9602831,37.559134],[126.9604093,37.5590896],[126.9604032,37.5591976],[126.9603504,37.5592121]]}},{"type":"Feature","properties":{"class":"minor","highway":"residential","sidewalk":"unknown","lanes":0,"name":"북아현로4마길","oneway":false},"geometry":{"type":"LineString","coordinates":[[126.9602831,37.559134],[126.9603504,37.5592121],[126.9604276,37.5592991]]}},{"type":"Feature","properties":{"class":"minor","highway":"residential","sidewalk":"unknown","lanes":0,"name":"북아현로4가길","oneway":false},"geometry":{"type":"LineString","coordinates":[[126.9597437,37.5588281],[126.9600028,37.5590171],[126.9600752,37.5590994],[126.9601477,37.5591817]]}},{"type":"Feature","properties":{"class":"minor","highway":"residential","sidewalk":"unknown","lanes":0,"name":"북아현로4가길","oneway":false},"geometry":{"type":"LineString","coordinates":[[126.9600752,37.5590994],[126.9601938,37.5589994]]}},{"type":"Feature","properties":{"class":"minor","highway":"residential","sidewalk":"unknown","lanes":0,"name":"북아현로4바길","oneway":false},"geometry":{"type":"LineString","coordinates":[[126.9589373,37.560052],[126.9590169,37.5598905],[126.9588954,37.5597009],[126.9587963,37.5595464]]}},{"type":"Feature","properties":{"class":"minor","highway":"residential","sidewalk":"unknown","lanes":0,"name":"북아현로4길","oneway":false},"geometry":{"type":"LineString","coordinates":[[126.958618,37.5598214],[126.9588954,37.5597009]]}},{"type":"Feature","properties":{"class":"minor","highway":"residential","sidewalk":"unknown","lanes":0,"name":"북아현로4사길","oneway":false},"geometry":{"type":"LineString","coordinates":[[126.9588954,37.5597009],[126.9593059,37.5595337]]}},{"type":"Feature","properties":{"class":"minor","highway":"residential","sidewalk":"unknown","lanes":0,"name":"북아현로4마길","oneway":false},"geometry":{"type":"LineString","coordinates":[[126.9593059,37.5595337],[126.9597086,37.5593877]]}},{"type":"Feature","properties":{"class":"minor","highway":"residential","sidewalk":"unknown","lanes":0,"name":"북아현로4가길","oneway":false},"geometry":{"type":"LineString","coordinates":[[126.9580306,37.559274],[126.9582241,37.5593635],[126.9583928,37.5593249],[126.9585293,37.5592475],[126.9586144,37.5591992],[126.9586998,37.5591105],[126.9587058,37.5590813],[126.958714,37.5590413],[126.9587153,37.5589763]]}},{"type":"Feature","properties":{"class":"minor","highway":"residential","sidewalk":"unknown","lanes":0,"name":"북아현로4바길","oneway":false},"geometry":{"type":"LineString","coordinates":[[126.9587963,37.5595464],[126.9586307,37.5594232],[126.9585293,37.5592475]]}},{"type":"Feature","properties":{"class":"minor","highway":"residential","sidewalk":"unknown","lanes":0,"name":"북아현로4가길","oneway":false},"geometry":{"type":"LineString","coordinates":[[126.9587058,37.5590813],[126.9588238,37.5591428],[126.9590522,37.5594453]]}},{"type":"Feature","properties":{"class":"minor","highway":"residential","sidewalk":"unknown","lanes":0,"name":"북아현로4사길","oneway":false},"geometry":{"type":"LineString","coordinates":[[126.9590169,37.5598905],[126.9594565,37.5597281]]}},{"type":"Feature","properties":{"class":"minor","highway":"residential","sidewalk":"unknown","lanes":0,"name":"북아현로4마길","oneway":false},"geometry":{"type":"LineString","coordinates":[[126.9594565,37.5597281],[126.9598328,37.5595632]]}},{"type":"Feature","properties":{"class":"minor","highway":"residential","sidewalk":"unknown","lanes":0,"name":"경기대로","oneway":false},"geometry":{"type":"LineString","coordinates":[[126.9607628,37.5604669],[126.9608233,37.56048],[126.9609501,37.5605904],[126.9610037,37.5606159],[126.9611861,37.5606436],[126.9612988,37.5606457],[126.9614141,37.5606117],[126.9615134,37.5604947],[126.9615482,37.5604735],[126.9617843,37.5604161],[126.9618605,37.560412]]}},{"type":"Feature","properties":{"class":"minor","highway":"residential","sidewalk":"unknown","lanes":0,"name":"북아현로4차길","oneway":false},"geometry":{"type":"LineString","coordinates":[[126.9602836,37.5606803],[126.9600391,37.5609739],[126.9597796,37.5611463],[126.9597232,37.5612507],[126.9597251,37.5613782],[126.9596841,37.5614513],[126.9596018,37.5616552],[126.9595118,37.5617567],[126.9594503,37.5618551],[126.9594112,37.5618825],[126.9593324,37.5620183]]}},{"type":"Feature","properties":{"class":"minor","highway":"residential","sidewalk":"unknown","lanes":0,"name":"북아현로4자길","oneway":false},"geometry":{"type":"LineString","coordinates":[[126.9594955,37.5612601],[126.9597251,37.5613782]]}},{"type":"Feature","properties":{"class":"minor","highway":"residential","sidewalk":"unknown","lanes":0,"name":"북아현로4자길","oneway":false},"geometry":{"type":"LineString","coordinates":[[126.9594955,37.5612601],[126.9591291,37.5611269]]}},{"type":"Feature","properties":{"class":"alley","highway":"service","sidewalk":"unknown","lanes":0,"name":"북아현로14나길","oneway":false},"geometry":{"type":"LineString","coordinates":[[126.9591064,37.5619044],[126.9593044,37.5620252],[126.9593324,37.5620183]]}},{"type":"Feature","properties":{"class":"minor","highway":"residential","sidewalk":"unknown","lanes":0,"name":"북아현로4자길","oneway":false},"geometry":{"type":"LineString","coordinates":[[126.9591064,37.5619044],[126.9594955,37.5612601],[126.9595065,37.5612438],[126.9599443,37.5605995]]}},{"type":"Feature","properties":{"class":"alley","highway":"service","sidewalk":"unknown","lanes":0,"name":"경기대로3길","oneway":false},"geometry":{"type":"LineString","coordinates":[[126.9593324,37.5620183],[126.9596251,37.5621268]]}},{"type":"Feature","properties":{"class":"minor","highway":"residential","sidewalk":"unknown","lanes":0,"name":"경기대로","oneway":false},"geometry":{"type":"LineString","coordinates":[[126.961425,37.5615805],[126.9618603,37.5616311]]}},{"type":"Feature","properties":{"class":"minor","highway":"residential","sidewalk":"unknown","lanes":0,"name":"경기대로1길","oneway":false},"geometry":{"type":"LineString","coordinates":[[126.9606356,37.5607718],[126.9607648,37.560935],[126.9608161,37.5610242],[126.9608308,37.5610843],[126.9610509,37.5611192],[126.9614837,37.5613401],[126.9615791,37.5613964],[126.9616671,37.561472],[126.9618529,37.5614928]]}},{"type":"Feature","properties":{"class":"minor","highway":"residential","sidewalk":"unknown","lanes":0,"name":"경기대로","oneway":false},"geometry":{"type":"LineString","coordinates":[[126.9618483,37.561406],[126.9617625,37.5613944],[126.9617503,37.5609835],[126.961271,37.5609331]]}},{"type":"Feature","properties":{"class":"minor","highway":"residential","sidewalk":"unknown","lanes":0,"name":"경기대로5길","oneway":false},"geometry":{"type":"LineString","coordinates":[[126.9619852,37.5628199],[126.9618244,37.5628661],[126.9615769,37.5628328],[126.9614741,37.5628957],[126.9613014,37.562955],[126.9605175,37.5632001]]}},{"type":"Feature","properties":{"class":"minor","highway":"residential","sidewalk":"unknown","lanes":0,"name":"","oneway":false},"geometry":{"type":"LineString","coordinates":[[126.9615769,37.5628328],[126.9613481,37.5627514],[126.9612802,37.5626424]]}},{"type":"Feature","properties":{"class":"minor","highway":"residential","sidewalk":"unknown","lanes":0,"name":"경기대로7길","oneway":false},"geometry":{"type":"LineString","coordinates":[[126.959361,37.5642347],[126.9594777,37.5642589],[126.9604436,37.5639448],[126.9602956,37.5636325]]}},{"type":"Feature","properties":{"class":"minor","highway":"residential","sidewalk":"unknown","lanes":0,"name":"북아현로14가길","oneway":false},"geometry":{"type":"LineString","coordinates":[[126.9576887,37.5632594],[126.9579141,37.56324],[126.9580918,37.5632245],[126.9581146,37.5632226],[126.9581831,37.5631741],[126.9582168,37.5631746],[126.9590093,37.5631861]]}},{"type":"Feature","properties":{"class":"minor","highway":"residential","sidewalk":"unknown","lanes":0,"name":"북아현로14가길","oneway":false},"geometry":{"type":"LineString","coordinates":[[126.9580918,37.5632245],[126.9581048,37.5634222],[126.9583005,37.5634765],[126.9583689,37.5635482],[126.9586893,37.5634978],[126.9589359,37.5634377]]}},{"type":"Feature","properties":{"class":"minor","highway":"residential","sidewalk":"unknown","lanes":0,"name":"북아현로14가길","oneway":false},"geometry":{"type":"LineString","coordinates":[[126.9583689,37.5635482],[126.9583665,37.5636471],[126.9585719,37.5636762],[126.9587494,37.5637377]]}},{"type":"Feature","properties":{"class":"minor","highway":"residential","sidewalk":"unknown","lanes":0,"name":"북아현로14가길","oneway":false},"geometry":{"type":"LineString","coordinates":[[126.9582168,37.5631746],[126.958281,37.5630621],[126.9585276,37.5629817],[126.9586527,37.5629764],[126.9587473,37.5629282],[126.9590396,37.5629411]]}},{"type":"Feature","properties":{"class":"minor","highway":"residential","sidewalk":"unknown","lanes":0,"name":"북아현로12길","oneway":false},"geometry":{"type":"LineString","coordinates":[[126.9581301,37.5629592],[126.9581458,37.5628398],[126.9583654,37.5627889],[126.9584871,37.5627483],[126.9585581,37.5627246],[126.9587372,37.562663],[126.9590564,37.5626839]]}},{"type":"Feature","properties":{"class":"minor","highway":"residential","sidewalk":"unknown","lanes":0,"name":"북아현로12길","oneway":false},"geometry":{"type":"LineString","coordinates":[[126.9585276,37.5629817],[126.9584871,37.5627483]]}},{"type":"Feature","properties":{"class":"minor","highway":"residential","sidewalk":"unknown","lanes":0,"name":"북아현로14나길","oneway":false},"geometry":{"type":"LineString","coordinates":[[126.9585699,37.5618647],[126.9586447,37.5618909],[126.9587292,37.5621325],[126.9588214,37.5621619],[126.9588739,37.5622634],[126.9588765,37.5623436],[126.9590157,37.5623469]]}},{"type":"Feature","properties":{"class":"minor","highway":"residential","sidewalk":"unknown","lanes":0,"name":"북아현로10길","oneway":false},"geometry":{"type":"LineString","coordinates":[[126.9570612,37.5622169],[126.9572559,37.5622057],[126.9573939,37.5621692],[126.9575833,37.5621496],[126.957693,37.5621355],[126.9578381,37.5621678],[126.9579938,37.5622225],[126.9580451,37.5622464]]}},{"type":"Feature","properties":{"class":"minor","highway":"residential","sidewalk":"unknown","lanes":0,"name":"북아현로10길","oneway":false},"geometry":{"type":"LineString","coordinates":[[126.9578381,37.5621678],[126.9579625,37.5620826],[126.9580883,37.5620969],[126.9581581,37.5620119]]}},{"type":"Feature","properties":{"class":"minor","highway":"residential","sidewalk":"unknown","lanes":0,"name":"북아현로","oneway":false},"geometry":{"type":"LineString","coordinates":[[126.9558137,37.5618032],[126.956016,37.5618597],[126.9567153,37.5619373],[126.956889,37.5619566]]}},{"type":"Feature","properties":{"class":"minor","highway":"residential","sidewalk":"unknown","lanes":0,"name":"북아현로14길","oneway":false},"geometry":{"type":"LineString","coordinates":[[126.9562611,37.5628064],[126.9564244,37.5625125]]}},{"type":"Feature","properties":{"class":"minor","highway":"residential","sidewalk":"unknown","lanes":0,"name":"북아현로12길","oneway":false},"geometry":{"type":"LineString","coordinates":[[126.9564244,37.5625125],[126.9565601,37.5622483]]}},{"type":"Feature","properties":{"class":"minor","highway":"residential","sidewalk":"unknown","lanes":0,"name":"북아현로10길","oneway":false},"geometry":{"type":"LineString","coordinates":[[126.9565601,37.5622483],[126.9566885,37.5620264],[126.9567153,37.5619373]]}},{"type":"Feature","properties":{"class":"minor","highway":"residential","sidewalk":"unknown","lanes":0,"name":"","oneway":false},"geometry":{"type":"LineString","coordinates":[[126.956889,37.5619566],[126.9568768,37.5620652]]}},{"type":"Feature","properties":{"class":"minor","highway":"residential","sidewalk":"unknown","lanes":0,"name":"북아현로10길","oneway":false},"geometry":{"type":"LineString","coordinates":[[126.9570479,37.5624139],[126.9570612,37.5622169],[126.9570553,37.5620845],[126.95707,37.5619275]]}},{"type":"Feature","properties":{"class":"minor","highway":"residential","sidewalk":"unknown","lanes":0,"name":"북아현로14길","oneway":false},"geometry":{"type":"LineString","coordinates":[[126.9573055,37.5631359],[126.9574413,37.5628466]]}},{"type":"Feature","properties":{"class":"minor","highway":"residential","sidewalk":"unknown","lanes":0,"name":"독립문로8길","oneway":false},"geometry":{"type":"LineString","coordinates":[[126.9586772,37.565891],[126.9587558,37.5657874],[126.9588761,37.5656569],[126.9589257,37.5655587],[126.9590212,37.565504],[126.9591964,37.565476],[126.9593995,37.5654968],[126.9596406,37.5655186],[126.9599723,37.5655596],[126.9600693,37.5655214],[126.9601991,37.5654258],[126.9607983,37.5649457],[126.9608751,37.5649102],[126.9609632,37.5649177],[126.9610904,37.5650092],[126.9611589,37.5651197],[126.9612276,37.5654328],[126.9612547,37.5654894],[126.9613437,37.5655161],[126.9614402,37.5654774],[126.9615022,37.5654226],[126.9615306,37.5653568],[126.9615394,37.5652403],[126.9615394,37.5651954],[126.9615632,37.5651722],[126.9615977,37.5651772],[126.9616715,37.5653322],[126.9616997,37.5655214]]}},{"type":"Feature","properties":{"class":"minor","highway":"residential","sidewalk":"unknown","lanes":0,"name":"경기대로11길","oneway":false},"geometry":{"type":"LineString","coordinates":[[126.9645347,37.5658032],[126.96425,37.5657961],[126.9641466,37.5657907],[126.9639479,37.5657757],[126.9637303,37.5657525],[126.9635553,37.5657175],[126.9631856,37.5656376],[126.9631081,37.5656322],[126.9629093,37.5656182],[126.9626549,37.5655853],[126.9624006,37.5655717],[126.9622612,37.5655155],[126.9621145,37.5654632],[126.9619996,37.5654515],[126.9616997,37.5655214],[126.9617472,37.5657464]]}},{"type":"Feature","properties":{"class":"minor","highway":"residential","sidewalk":"unknown","lanes":0,"name":"독립문로8길","oneway":false},"geometry":{"type":"LineString","coordinates":[[126.9586772,37.565891],[126.9588768,37.5659537],[126.9590109,37.5660223],[126.9590638,37.5660772],[126.9591267,37.5662153],[126.9592642,37.566319],[126.9593504,37.5663535]]}},{"type":"Feature","properties":{"class":"minor","highway":"residential","sidewalk":"unknown","lanes":0,"name":"경기대로9안길","oneway":false},"geometry":{"type":"LineString","coordinates":[[126.9595433,37.5645138],[126.9594753,37.5646579],[126.959338,37.5647801],[126.9595459,37.5649908],[126.9595798,37.5650112],[126.9598225,37.5651572],[126.9599511,37.5652126],[126.9599967,37.5652323],[126.9601991,37.5654258]]}},{"type":"Feature","properties":{"class":"minor","highway":"residential","sidewalk":"unknown","lanes":0,"name":"경기대로9안길","oneway":false},"geometry":{"type":"LineString","coordinates":[[126.9599511,37.5652126],[126.960094,37.5651004],[126.9603252,37.5649354],[126.9603501,37.5649177],[126.960555,37.5648263]]}},{"type":"Feature","properties":{"class":"minor","highway":"residential","sidewalk":"unknown","lanes":0,"name":"경기대로9안길","oneway":false},"geometry":{"type":"LineString","coordinates":[[126.9603252,37.5649354],[126.9601613,37.5647385],[126.9601514,37.5646846],[126.9614186,37.5642681],[126.9615992,37.56421],[126.9616025,37.5642092],[126.9615592,37.5639936]]}},{"type":"Feature","properties":{"class":"minor","highway":"residential","sidewalk":"unknown","lanes":0,"name":"독립문로8길","oneway":false},"geometry":{"type":"LineString","coordinates":[[126.9591964,37.565476],[126.9591669,37.5651085],[126.9592283,37.5650395],[126.9595177,37.5651593]]}},{"type":"Feature","properties":{"class":"minor","highway":"residential","sidewalk":"unknown","lanes":0,"name":"독립문로8길","oneway":false},"geometry":{"type":"LineString","coordinates":[[126.9593995,37.5654968],[126.9595177,37.5651593],[126.9595798,37.5650112]]}},{"type":"Feature","properties":{"class":"minor","highway":"residential","sidewalk":"unknown","lanes":0,"name":"북아현로22나길","oneway":false},"geometry":{"type":"LineString","coordinates":[[126.95865,37.5648708],[126.9588566,37.5649951],[126.9589338,37.5650354],[126.9591669,37.5651085]]}},{"type":"Feature","properties":{"class":"minor","highway":"residential","sidewalk":"unknown","lanes":0,"name":"북아현로22나길","oneway":false},"geometry":{"type":"LineString","coordinates":[[126.9583484,37.5656527],[126.958816,37.5651897],[126.9588566,37.5649951]]}},{"type":"Feature","properties":{"class":"minor","highway":"residential","sidewalk":"unknown","lanes":0,"name":"충정로5길","oneway":false},"geometry":{"type":"LineString","coordinates":[[126.9620595,37.5629433],[126.962278,37.5628772],[126.9624815,37.5628156],[126.9627373,37.5627805],[126.962969,37.5627579],[126.9632382,37.5627466],[126.9633739,37.5627441],[126.9634612,37.5627224],[126.9637401,37.5626888],[126.9639891,37.5626488],[126.9641475,37.562611],[126.9642436,37.562588]]}},{"type":"Feature","properties":{"class":"minor","highway":"residential","sidewalk":"unknown","lanes":0,"name":"경기대로","oneway":false},"geometry":{"type":"LineString","coordinates":[[126.9618557,37.5616825],[126.9626349,37.5617528],[126.9629294,37.5617796]]}},{"type":"Feature","properties":{"class":"minor","highway":"residential","sidewalk":"unknown","lanes":0,"name":"경기대로","oneway":false},"geometry":{"type":"LineString","coordinates":[[126.9624997,37.5609237],[126.9625572,37.5610573],[126.9627116,37.5612812],[126.9629294,37.5617796],[126.9630603,37.5621867]]}},{"type":"Feature","properties":{"class":"minor","highway":"residential","sidewalk":"unknown","lanes":0,"name":"충정로7길","oneway":false},"geometry":{"type":"LineString","coordinates":[[126.9626178,37.5636984],[126.9627956,37.5635738],[126.9628229,37.5635546],[126.9629567,37.5634698],[126.9635337,37.563431],[126.9642245,37.5633727],[126.9645366,37.563309],[126.9645569,37.5633016],[126.964691,37.5632524]]}},{"type":"Feature","properties":{"class":"minor","highway":"residential","sidewalk":"unknown","lanes":0,"name":"충정로7길","oneway":false},"geometry":{"type":"LineString","coordinates":[[126.9629567,37.5634698],[126.962934,37.5633488],[126.9627928,37.5632089],[126.9627373,37.5627805]]}},{"type":"Feature","properties":{"class":"minor","highway":"residential","sidewalk":"unknown","lanes":0,"name":"경기대로","oneway":false},"geometry":{"type":"LineString","coordinates":[[126.9623028,37.563348],[126.9625692,37.5633208],[126.9629567,37.5634698]]}},{"type":"Feature","properties":{"class":"minor","highway":"residential","sidewalk":"unknown","lanes":0,"name":"충정로9길","oneway":false},"geometry":{"type":"LineString","coordinates":[[126.9638702,37.5644593],[126.9640041,37.5644242],[126.964777,37.5643927],[126.964788,37.5643923],[126.9648799,37.5643847],[126.9651284,37.5643584],[126.9651921,37.5643517]]}},{"type":"Feature","properties":{"class":"minor","highway":"residential","sidewalk":"unknown","lanes":0,"name":"","oneway":true},"geometry":{"type":"LineString","coordinates":[[126.9642308,37.5635283],[126.9648467,37.5643408],[126.9648799,37.5643847]]}},{"type":"Feature","properties":{"class":"minor","highway":"residential","sidewalk":"unknown","lanes":0,"name":"새창로12길","oneway":false},"geometry":{"type":"LineString","coordinates":[[126.9582061,37.5394425],[126.957574,37.5391379],[126.9572827,37.5390092],[126.9571856,37.5388309],[126.9565849,37.5382111],[126.9562536,37.5378177],[126.9555176,37.537217],[126.9554637,37.537202],[126.9554125,37.5372165],[126.9553264,37.5372583],[126.9550362,37.5374202],[126.9549751,37.5374284],[126.9549103,37.5374173],[126.954806,37.5373821],[126.9541983,37.5370316],[126.9541732,37.537045],[126.9538482,37.5372187],[126.9537396,37.5372768]]}},{"type":"Feature","properties":{"class":"minor","highway":"residential","sidewalk":"unknown","lanes":0,"name":"새창로14길","oneway":false},"geometry":{"type":"LineString","coordinates":[[126.9597062,37.5372352],[126.9593286,37.5378161],[126.9592091,37.5380025],[126.9590725,37.5382134],[126.9587269,37.5387485],[126.9586538,37.5388789],[126.958361,37.5393964]]}},{"type":"Feature","properties":{"class":"minor","highway":"residential","sidewalk":"unknown","lanes":0,"name":"효창원로25다길","oneway":false},"geometry":{"type":"LineString","coordinates":[[126.9565368,37.5365245],[126.9567075,37.5369219],[126.9568268,37.5371677],[126.9569622,37.5374176],[126.957139,37.5377142],[126.9572996,37.5380001]]}},{"type":"Feature","properties":{"class":"minor","highway":"residential","sidewalk":"unknown","lanes":0,"name":"효창원로12길","oneway":false},"geometry":{"type":"LineString","coordinates":[[126.957574,37.5391379],[126.9587269,37.5387485]]}},{"type":"Feature","properties":{"class":"minor","highway":"residential","sidewalk":"unknown","lanes":0,"name":"효창원로37나길","oneway":false},"geometry":{"type":"LineString","coordinates":[[126.9578168,37.5380829],[126.9579524,37.5383214]]}},{"type":"Feature","properties":{"class":"minor","highway":"residential","sidewalk":"unknown","lanes":0,"name":"효창원로37라길","oneway":false},"geometry":{"type":"LineString","coordinates":[[126.9578168,37.5380829],[126.9589077,37.537738]]}},{"type":"Feature","properties":{"class":"minor","highway":"residential","sidewalk":"unknown","lanes":0,"name":"효창원로37나길","oneway":false},"geometry":{"type":"LineString","coordinates":[[126.9575478,37.5375695],[126.9576798,37.5378119],[126.9578168,37.5380829]]}},{"type":"Feature","properties":{"class":"minor","highway":"residential","sidewalk":"unknown","lanes":0,"name":"효창원로37마길","oneway":false},"geometry":{"type":"LineString","coordinates":[[126.9579524,37.5383214],[126.9590069,37.5379797]]}},{"type":"Feature","properties":{"class":"minor","highway":"residential","sidewalk":"unknown","lanes":0,"name":"도화2길","oneway":false},"geometry":{"type":"LineString","coordinates":[[126.9488147,37.5399459],[126.9492159,37.5395296],[126.9492739,37.5395042],[126.9497252,37.5391914],[126.9499551,37.539032],[126.9502695,37.5389635]]}},{"type":"Feature","properties":{"class":"minor","highway":"residential","sidewalk":"unknown","lanes":0,"name":"도화4길","oneway":false},"geometry":{"type":"LineString","coordinates":[[126.9516543,37.5403427],[126.9516797,37.5402471],[126.9516857,37.5402245],[126.9517137,37.5401481],[126.9517257,37.5401153],[126.951747,37.5400574],[126.9517558,37.539931],[126.9517595,37.5398779],[126.9517427,37.5397199],[126.9517392,37.5396869],[126.9517339,37.5396367],[126.9517302,37.5396021],[126.9517074,37.539378]]}},{"type":"Feature","properties":{"class":"minor","highway":"residential","sidewalk":"unknown","lanes":0,"name":"새창로6나길","oneway":false},"geometry":{"type":"LineString","coordinates":[[126.9524304,37.5419382],[126.9524642,37.5418574],[126.9525223,37.5417874],[126.9529198,37.5415402],[126.9527857,37.5412953],[126.952648,37.5410265],[126.9525016,37.5409034],[126.9522889,37.5408143],[126.9521162,37.5407083],[126.9519097,37.5405728],[126.9517833,37.5404589],[126.9516543,37.5403427]]}},{"type":"Feature","properties":{"class":"minor","highway":"residential","sidewalk":"unknown","lanes":0,"name":"새창로6나길","oneway":false},"geometry":{"type":"LineString","coordinates":[[126.9529198,37.5415402],[126.9531007,37.5415738],[126.9533271,37.5416095],[126.95346,37.5416535]]}},{"type":"Feature","properties":{"class":"minor","highway":"residential","sidewalk":"unknown","lanes":0,"name":"새창로6가길","oneway":false},"geometry":{"type":"LineString","coordinates":[[126.9527857,37.5412953],[126.9539719,37.541325],[126.9541785,37.5413763]]}},{"type":"Feature","properties":{"class":"minor","highway":"residential","sidewalk":"unknown","lanes":0,"name":"새창로6라길","oneway":false},"geometry":{"type":"LineString","coordinates":[[126.9529761,37.5407368],[126.9543688,37.5407781]]}},{"type":"Feature","properties":{"class":"minor","highway":"residential","sidewalk":"unknown","lanes":0,"name":"새창로6다길","oneway":false},"geometry":{"type":"LineString","coordinates":[[126.952648,37.5410265],[126.9528497,37.5408446],[126.9529761,37.5407368],[126.9530704,37.5406132],[126.9531559,37.5405011],[126.9531842,37.5404639],[126.9534587,37.5404817],[126.9543608,37.5405401],[126.9543688,37.5407781],[126.9543767,37.5410655]]}},{"type":"Feature","properties":{"class":"alley","highway":"service","sidewalk":"unknown","lanes":0,"name":"새창로6다길","oneway":false},"geometry":{"type":"LineString","coordinates":[[126.9531559,37.5405011],[126.9527187,37.5403129],[126.952616,37.5402687],[126.9526531,37.5402018],[126.9526831,37.5401573]]}},{"type":"Feature","properties":{"class":"minor","highway":"residential","sidewalk":"unknown","lanes":0,"name":"새창로6다길","oneway":false},"geometry":{"type":"LineString","coordinates":[[126.9526831,37.5401573],[126.9534587,37.5404817]]}},{"type":"Feature","properties":{"class":"alley","highway":"service","sidewalk":"unknown","lanes":0,"name":"","oneway":false},"geometry":{"type":"LineString","coordinates":[[126.9516144,37.5393099],[126.9519855,37.5389618],[126.9519603,37.5389414],[126.9515671,37.5386239]]}},{"type":"Feature","properties":{"class":"alley","highway":"service","sidewalk":"unknown","lanes":0,"name":"","oneway":false},"geometry":{"type":"LineString","coordinates":[[126.9553702,37.5406361],[126.9552463,37.5405243],[126.955086,37.5403795],[126.9548601,37.5401757],[126.9548094,37.5401299],[126.9547123,37.5399946],[126.954643,37.539898],[126.9545422,37.5397181]]}},{"type":"Feature","properties":{"class":"minor","highway":"residential","sidewalk":"unknown","lanes":0,"name":"새창로4길","oneway":false},"geometry":{"type":"LineString","coordinates":[[126.9509789,37.5409124],[126.9511985,37.5411313],[126.9514428,37.5413745],[126.9516393,37.5416118],[126.9518176,37.541832],[126.951944,37.5420385]]}},{"type":"Feature","properties":{"class":"minor","highway":"residential","sidewalk":"unknown","lanes":0,"name":"도화길","oneway":false},"geometry":{"type":"LineString","coordinates":[[126.9508348,37.5418828],[126.9508357,37.5418373],[126.9508423,37.5415058],[126.9507803,37.5412831],[126.9507353,37.5412541]]}},{"type":"Feature","properties":{"class":"minor","highway":"residential","sidewalk":"unknown","lanes":0,"name":"새창로4가길","oneway":false},"geometry":{"type":"LineString","coordinates":[[126.9518176,37.541832],[126.9521897,37.5416827],[126.9527857,37.5412953]]}},{"type":"Feature","properties":{"class":"minor","highway":"residential","sidewalk":"unknown","lanes":0,"name":"새창로4나길","oneway":false},"geometry":{"type":"LineString","coordinates":[[126.9516393,37.5416118],[126.9519883,37.5414748],[126.952648,37.5410265]]}},{"type":"Feature","properties":{"class":"minor","highway":"residential","sidewalk":"unknown","lanes":0,"name":"새창로4길","oneway":false},"geometry":{"type":"LineString","coordinates":[[126.9508423,37.5415058],[126.9512438,37.5414518],[126.9514428,37.5413745]]}},{"type":"Feature","properties":{"class":"minor","highway":"residential","sidewalk":"unknown","lanes":0,"name":"새창로4다길","oneway":false},"geometry":{"type":"LineString","coordinates":[[126.9514428,37.5413745],[126.9522889,37.5408143]]}},{"type":"Feature","properties":{"class":"minor","highway":"residential","sidewalk":"unknown","lanes":0,"name":"새창로4라길","oneway":false},"geometry":{"type":"LineString","coordinates":[[126.9511985,37.5411313],[126.9516267,37.5407951],[126.9518951,37.5405843],[126.9519097,37.5405728]]}},{"type":"Feature","properties":{"class":"minor","highway":"residential","sidewalk":"unknown","lanes":0,"name":"새창로6길","oneway":false},"geometry":{"type":"LineString","coordinates":[[126.9519097,37.5405728],[126.9519672,37.5404699],[126.9528497,37.5408446]]}},{"type":"Feature","properties":{"class":"alley","highway":"service","sidewalk":"unknown","lanes":0,"name":"새창로6다길","oneway":false},"geometry":{"type":"LineString","coordinates":[[126.952644,37.5406005],[126.9529761,37.5407368]]}},{"type":"Feature","properties":{"class":"alley","highway":"service","sidewalk":"unknown","lanes":0,"name":"새창로6다길","oneway":false},"geometry":{"type":"LineString","coordinates":[[126.9526847,37.5404517],[126.9530704,37.5406132]]}},{"type":"Feature","properties":{"class":"minor","highway":"residential","sidewalk":"unknown","lanes":0,"name":"도화길","oneway":false},"geometry":{"type":"LineString","coordinates":[[126.9508357,37.5418373],[126.9513413,37.5417601],[126.9516306,37.5416161],[126.9516393,37.5416118]]}},{"type":"Feature","properties":{"class":"alley","highway":"service","sidewalk":"unknown","lanes":0,"name":"새창로","oneway":false},"geometry":{"type":"LineString","coordinates":[[126.9513712,37.5421612],[126.9513692,37.5420202],[126.9513413,37.5417601]]}},{"type":"Feature","properties":{"class":"alley","highway":"service","sidewalk":"unknown","lanes":0,"name":"새창로4길","oneway":false},"geometry":{"type":"LineString","coordinates":[[126.9518176,37.541832],[126.9513692,37.5420202]]}},{"type":"Feature","properties":{"class":"minor","highway":"residential","sidewalk":"yes","lanes":0,"name":"충정로6길","oneway":false},"geometry":{"type":"LineString","coordinates":[[126.9661744,37.5625267],[126.966394,37.5625152],[126.9666785,37.5624798],[126.9670851,37.5624218],[126.9674551,37.5623186],[126.9674778,37.5623115],[126.9678657,37.5621897],[126.9680083,37.5621396],[126.9682234,37.5620641],[126.9685283,37.5619674],[126.9687207,37.5618927]]}},{"type":"Feature","properties":{"class":"minor","highway":"residential","sidewalk":"unknown","lanes":0,"name":"","oneway":false},"geometry":{"type":"LineString","coordinates":[[126.9667376,37.5612793],[126.9663176,37.5616007],[126.9657308,37.5611594]]}},{"type":"Feature","properties":{"class":"minor","highway":"residential","sidewalk":"unknown","lanes":0,"name":"충정로","oneway":false},"geometry":{"type":"LineString","coordinates":[[126.9663176,37.5616007],[126.9664082,37.5616845],[126.9663459,37.5623296],[126.9658225,37.5623684],[126.9657722,37.5623725],[126.9652249,37.5623729],[126.9646671,37.562353],[126.9644587,37.5623412],[126.9642966,37.5623151]]}},{"type":"Feature","properties":{"class":"minor","highway":"residential","sidewalk":"unknown","lanes":0,"name":"중림로7길","oneway":false},"geometry":{"type":"LineString","coordinates":[[126.9672648,37.557966],[126.9673639,37.5580906],[126.9674261,37.5583861],[126.9680815,37.5585114],[126.9685926,37.5585018]]}},{"type":"Feature","properties":{"class":"alley","highway":"service","sidewalk":"unknown","lanes":0,"name":"","oneway":false},"geometry":{"type":"LineString","coordinates":[[126.9662944,37.5585169],[126.9665367,37.5587226],[126.9671004,37.5586647],[126.967384,37.5586637]]}},{"type":"Feature","properties":{"class":"minor","highway":"residential","sidewalk":"unknown","lanes":0,"name":"중림로8길","oneway":false},"geometry":{"type":"LineString","coordinates":[[126.9659334,37.5574865],[126.9671806,37.5576024],[126.9671443,37.5577933],[126.9672648,37.557966]]}},{"type":"Feature","properties":{"class":"minor","highway":"residential","sidewalk":"unknown","lanes":0,"name":"손기정로5길","oneway":false},"geometry":{"type":"LineString","coordinates":[[126.9615936,37.5569366],[126.9617449,37.5573872],[126.9618103,37.5575793]]}},{"type":"Feature","properties":{"class":"minor","highway":"residential","sidewalk":"unknown","lanes":0,"name":"손기정로3길","oneway":false},"geometry":{"type":"LineString","coordinates":[[126.9618103,37.5575793],[126.9616931,37.5577062],[126.9615402,37.557804],[126.9612617,37.5579211],[126.9609582,37.5582114]]}},{"type":"Feature","properties":{"class":"minor","highway":"residential","sidewalk":"unknown","lanes":0,"name":"손기정로1길","oneway":false},"geometry":{"type":"LineString","coordinates":[[126.9604748,37.5578409],[126.9607625,37.5580471],[126.9609582,37.5582114],[126.9613795,37.5585373],[126.961436,37.5585869],[126.9617203,37.5587617],[126.9618452,37.5588344],[126.9619517,37.5588825],[126.9621625,37.5589431],[126.962383,37.5589927],[126.9627705,37.5590276]]}},{"type":"Feature","properties":{"class":"minor","highway":"residential","sidewalk":"unknown","lanes":0,"name":"서소문로2길","oneway":false},"geometry":{"type":"LineString","coordinates":[[126.9639537,37.5571547],[126.9636976,37.5572139],[126.9634389,37.5572879],[126.9631962,37.557381],[126.9631444,37.5574494],[126.9631254,37.5575046],[126.963117,37.5576144]]}},{"type":"Feature","properties":{"class":"minor","highway":"residential","sidewalk":"unknown","lanes":0,"name":"서소문로2길","oneway":false},"geometry":{"type":"LineString","coordinates":[[126.963117,37.5576144],[126.96349,37.5576138],[126.9637162,37.5575942],[126.9638145,37.5575612],[126.9639171,37.5575168],[126.9640738,37.5574401]]}},{"type":"Feature","properties":{"class":"minor","highway":"residential","sidewalk":"unknown","lanes":0,"name":"서소문로2길","oneway":false},"geometry":{"type":"LineString","coordinates":[[126.9628301,37.5584311],[126.9626727,37.558274],[126.9625514,37.5581867]]}},{"type":"Feature","properties":{"class":"minor","highway":"residential","sidewalk":"unknown","lanes":0,"name":"만리재로37길","oneway":false},"geometry":{"type":"LineString","coordinates":[[126.9668625,37.5566505],[126.9670839,37.5566505],[126.9675778,37.5566011],[126.9680376,37.556475],[126.9684059,37.5564611]]}},{"type":"Feature","properties":{"class":"minor","highway":"residential","sidewalk":"unknown","lanes":0,"name":"만리재로37길","oneway":false},"geometry":{"type":"LineString","coordinates":[[126.9668625,37.5566505],[126.9667518,37.5567012],[126.9664293,37.5570528],[126.9661652,37.5571003],[126.9656495,37.5571337],[126.9656847,37.5568635],[126.9651243,37.556742],[126.9652129,37.5566377],[126.9650801,37.5566428],[126.9650723,37.5566526]]}},{"type":"Feature","properties":{"class":"minor","highway":"residential","sidewalk":"unknown","lanes":0,"name":"서소문로2길","oneway":false},"geometry":{"type":"LineString","coordinates":[[126.9639537,37.5571547],[126.9642291,37.5571676],[126.9644886,37.557056],[126.9648926,37.556862],[126.9650149,37.5567886],[126.9650723,37.5566526]]}},{"type":"Feature","properties":{"class":"minor","highway":"residential","sidewalk":"unknown","lanes":0,"name":"만리재로33길","oneway":false},"geometry":{"type":"LineString","coordinates":[[126.9669831,37.5545501],[126.9668631,37.5548066],[126.9668101,37.5549506],[126.9669603,37.5552249],[126.9672393,37.5555651],[126.9673597,37.5556458],[126.9675152,37.55575]]}},{"type":"Feature","properties":{"class":"minor","highway":"residential","sidewalk":"unknown","lanes":0,"name":"","oneway":false},"geometry":{"type":"LineString","coordinates":[[126.9675152,37.55575],[126.9677219,37.5558801]]}},{"type":"Feature","properties":{"class":"minor","highway":"residential","sidewalk":"unknown","lanes":0,"name":"만리재로","oneway":false},"geometry":{"type":"LineString","coordinates":[[126.9675206,37.5559484],[126.9677219,37.5558801],[126.9678271,37.5558086],[126.9680229,37.5557205],[126.9680637,37.5556431]]}},{"type":"Feature","properties":{"class":"minor","highway":"residential","sidewalk":"unknown","lanes":0,"name":"만리재로","oneway":false},"geometry":{"type":"LineString","coordinates":[[126.9677219,37.5558801],[126.9678233,37.5560217],[126.9679106,37.5561471],[126.9680908,37.5560542],[126.9682924,37.5559475]]}},{"type":"Feature","properties":{"class":"minor","highway":"residential","sidewalk":"unknown","lanes":0,"name":"손기정로6길","oneway":false},"geometry":{"type":"LineString","coordinates":[[126.9612603,37.5566869],[126.9614732,37.5565413],[126.9618718,37.5561904]]}},{"type":"Feature","properties":{"class":"minor","highway":"residential","sidewalk":"unknown","lanes":0,"name":"손기정로10길","oneway":false},"geometry":{"type":"LineString","coordinates":[[126.9621441,37.5564916],[126.9618718,37.5561904]]}},{"type":"Feature","properties":{"class":"minor","highway":"residential","sidewalk":"unknown","lanes":0,"name":"손기정로10길","oneway":false},"geometry":{"type":"LineString","coordinates":[[126.9618718,37.5561904],[126.9617513,37.5560424],[126.9616517,37.5559636],[126.9615001,37.5559209]]}},{"type":"Feature","properties":{"class":"minor","highway":"residential","sidewalk":"unknown","lanes":0,"name":"손기정로12길","oneway":false},"geometry":{"type":"LineString","coordinates":[[126.9618636,37.5556728],[126.9624,37.5558802],[126.9627566,37.5559965]]}},{"type":"Feature","properties":{"class":"minor","highway":"residential","sidewalk":"unknown","lanes":0,"name":"손기정로4길","oneway":false},"geometry":{"type":"LineString","coordinates":[[126.9612005,37.5559736],[126.9614208,37.5560634]]}},{"type":"Feature","properties":{"class":"minor","highway":"residential","sidewalk":"unknown","lanes":0,"name":"손기정로12길","oneway":false},"geometry":{"type":"LineString","coordinates":[[126.9618636,37.5556728],[126.9616199,37.5555603],[126.9614269,37.5555094],[126.9612853,37.5554713],[126.961121,37.5554498],[126.960923,37.5554266],[126.9607799,37.5554209]]}},{"type":"Feature","properties":{"class":"minor","highway":"residential","sidewalk":"unknown","lanes":0,"name":"환일7길","oneway":false},"geometry":{"type":"LineString","coordinates":[[126.9609272,37.5543449],[126.9611397,37.5543375],[126.9611202,37.5545061],[126.9611153,37.5547077],[126.961127,37.5548478],[126.9612107,37.5550761],[126.9613183,37.5551808],[126.9616093,37.5553126],[126.9619144,37.5554474],[126.9618636,37.5556728]]}},{"type":"Feature","properties":{"class":"minor","highway":"residential","sidewalk":"unknown","lanes":0,"name":"환일7안길","oneway":false},"geometry":{"type":"LineString","coordinates":[[126.9611397,37.5543375],[126.9611691,37.5542444],[126.9612325,37.5540942],[126.9612742,37.553973],[126.9612789,37.5539505]]}},{"type":"Feature","properties":{"class":"minor","highway":"residential","sidewalk":"unknown","lanes":0,"name":"환일7길","oneway":false},"geometry":{"type":"LineString","coordinates":[[126.9619144,37.5554474],[126.9619956,37.5553339],[126.9620205,37.5551381],[126.9620597,37.5548558],[126.9620763,37.5546496],[126.9621252,37.5544596]]}},{"type":"Feature","properties":{"class":"minor","highway":"residential","sidewalk":"unknown","lanes":0,"name":"마포대로24길","oneway":false},"geometry":{"type":"LineString","coordinates":[[126.9573664,37.5545417],[126.9576924,37.5544385],[126.9581387,37.5542972],[126.9581826,37.5542846],[126.9583781,37.5542285],[126.958466,37.5541997],[126.9585173,37.5541829],[126.9589568,37.5540391],[126.9590458,37.55401],[126.9592139,37.5539427],[126.9594809,37.553835],[126.9596665,37.5537602],[126.9597456,37.5537295],[126.9601905,37.5534211]]}},{"type":"Feature","properties":{"class":"minor","highway":"residential","sidewalk":"unknown","lanes":0,"name":"마포대로24길","oneway":false},"geometry":{"type":"LineString","coordinates":[[126.9601905,37.5534211],[126.9603767,37.5532822],[126.9606333,37.5530731],[126.960758,37.5529715],[126.9608582,37.5528898],[126.9618467,37.5520751],[126.9618913,37.5519467],[126.9618411,37.5517032],[126.962252,37.551397]]}},{"type":"Feature","properties":{"class":"minor","highway":"residential","sidewalk":"unknown","lanes":0,"name":"환일길","oneway":false},"geometry":{"type":"LineString","coordinates":[[126.9609733,37.5541606],[126.9607732,37.5540955],[126.9605364,37.5539764],[126.9604525,37.5539469],[126.9604193,37.5539352],[126.9601046,37.5538483]]}},{"type":"Feature","properties":{"class":"minor","highway":"residential","sidewalk":"unknown","lanes":0,"name":"환일8길","oneway":false},"geometry":{"type":"LineString","coordinates":[[126.9598744,37.5540264],[126.959941,37.5540008],[126.9601046,37.5538483],[126.9602619,37.5537014],[126.9603128,37.5536522],[126.9604124,37.5535559],[126.9604195,37.553549],[126.9606065,37.5533681]]}},{"type":"Feature","properties":{"class":"minor","highway":"residential","sidewalk":"unknown","lanes":0,"name":"환일8길","oneway":false},"geometry":{"type":"LineString","coordinates":[[126.9601905,37.5534211],[126.9604195,37.553549]]}},{"type":"Feature","properties":{"class":"minor","highway":"residential","sidewalk":"unknown","lanes":0,"name":"마포대로20길","oneway":false},"geometry":{"type":"LineString","coordinates":[[126.9593289,37.5520332],[126.9596225,37.5524885],[126.9596287,37.5524981],[126.9596424,37.5525192],[126.9598805,37.5528875],[126.9601905,37.5534211]]}},{"type":"Feature","properties":{"class":"minor","highway":"residential","sidewalk":"unknown","lanes":0,"name":"마포대로24안길","oneway":false},"geometry":{"type":"LineString","coordinates":[[126.9597456,37.5537295],[126.9598744,37.5540264],[126.9598831,37.5540611],[126.9601333,37.5543745],[126.9601432,37.5543834],[126.9602308,37.5544623],[126.9604756,37.5546721],[126.9604977,37.5546911],[126.9608454,37.5549496]]}},{"type":"Feature","properties":{"class":"minor","highway":"residential","sidewalk":"unknown","lanes":0,"name":"마포대로","oneway":false},"geometry":{"type":"LineString","coordinates":[[126.9554756,37.5507751],[126.9564918,37.5504218]]}},{"type":"Feature","properties":{"class":"minor","highway":"residential","sidewalk":"unknown","lanes":0,"name":"마포대로","oneway":false},"geometry":{"type":"LineString","coordinates":[[126.9551191,37.5505092],[126.9552996,37.5504596]]}},{"type":"Feature","properties":{"class":"minor","highway":"residential","sidewalk":"unknown","lanes":0,"name":"마포대로","oneway":false},"geometry":{"type":"LineString","coordinates":[[126.9562169,37.549859],[126.9551582,37.5501922]]}},{"type":"Feature","properties":{"class":"minor","highway":"residential","sidewalk":"unknown","lanes":0,"name":"마포대로14나길","oneway":false},"geometry":{"type":"LineString","coordinates":[[126.955634,37.5486084],[126.9555591,37.5484629],[126.9550401,37.5474553],[126.9548641,37.5470465],[126.9547233,37.5470441]]}},{"type":"Feature","properties":{"class":"minor","highway":"residential","sidewalk":"unknown","lanes":0,"name":"마포대로16나길","oneway":false},"geometry":{"type":"LineString","coordinates":[[126.9582168,37.5513559],[126.9580826,37.5514337],[126.9579691,37.5514789]]}},{"type":"Feature","properties":{"class":"minor","highway":"residential","sidewalk":"unknown","lanes":0,"name":"마포대로12길","oneway":true},"geometry":{"type":"LineString","coordinates":[[126.9547323,37.5482083],[126.9548086,37.5480637],[126.9548403,37.5479179],[126.9548149,37.5475908],[126.9547705,37.5473416],[126.9546858,37.5470906],[126.9547233,37.5470441],[126.9546931,37.5469583],[126.9545857,37.5466526],[126.9544991,37.5464611],[126.9544152,37.5462754],[126.9543498,37.5461513]]}},{"type":"Feature","properties":{"class":"minor","highway":"residential","sidewalk":"unknown","lanes":0,"name":"마포대로12길","oneway":false},"geometry":{"type":"LineString","coordinates":[[126.9547323,37.5482083],[126.9549224,37.5482446],[126.955087,37.5482761],[126.9553877,37.5484208],[126.9555591,37.5484629]]}},{"type":"Feature","properties":{"class":"minor","highway":"residential","sidewalk":"unknown","lanes":0,"name":"마포대로10길","oneway":false},"geometry":{"type":"LineString","coordinates":[[126.9536897,37.5474256],[126.9541978,37.5472017],[126.9547233,37.5470441]]}},{"type":"Feature","properties":{"class":"minor","highway":"residential","sidewalk":"unknown","lanes":0,"name":"만리재옛길","oneway":false},"geometry":{"type":"LineString","coordinates":[[126.9554554,37.5460295],[126.9550645,37.5462008],[126.9548327,37.5462962]]}},{"type":"Feature","properties":{"class":"minor","highway":"residential","sidewalk":"unknown","lanes":0,"name":"백범로","oneway":false},"geometry":{"type":"LineString","coordinates":[[126.9530973,37.5430704],[126.9533653,37.5434543]]}},{"type":"Feature","properties":{"class":"minor","highway":"residential","sidewalk":"unknown","lanes":0,"name":"임정로21길","oneway":false},"geometry":{"type":"LineString","coordinates":[[126.9571094,37.5440668],[126.9569831,37.5438973],[126.9568702,37.5436619],[126.9567185,37.5435007],[126.9565155,37.543324],[126.9564399,37.5431498],[126.9567056,37.5429506]]}},{"type":"Feature","properties":{"class":"minor","highway":"residential","sidewalk":"unknown","lanes":0,"name":"백범로39길","oneway":false},"geometry":{"type":"LineString","coordinates":[[126.956073,37.5416867],[126.9561419,37.5417617],[126.9561596,37.5417809],[126.9562014,37.5417843],[126.9565512,37.5416629],[126.9566019,37.5417243],[126.9567382,37.5418895],[126.9568806,37.5420621],[126.9570013,37.5422058]]}},{"type":"Feature","properties":{"class":"alley","highway":"service","sidewalk":"unknown","lanes":0,"name":"백범로39길","oneway":false},"geometry":{"type":"LineString","coordinates":[[126.9561596,37.5417809],[126.9561397,37.54183],[126.9562175,37.541917],[126.9563665,37.5420835],[126.9565058,37.5422392],[126.9568806,37.5420621]]}},{"type":"Feature","properties":{"class":"minor","highway":"residential","sidewalk":"unknown","lanes":0,"name":"임정로15길","oneway":false},"geometry":{"type":"LineString","coordinates":[[126.9576837,37.5437896],[126.9573768,37.5435442],[126.9570952,37.5433041],[126.9567056,37.5429506],[126.9566051,37.54295],[126.956408,37.5428171]]}},{"type":"Feature","properties":{"class":"minor","highway":"residential","sidewalk":"unknown","lanes":0,"name":"임정로15길","oneway":false},"geometry":{"type":"LineString","coordinates":[[126.9567056,37.5429506],[126.9568883,37.5428202],[126.9572856,37.5425365]]}},{"type":"Feature","properties":{"class":"alley","highway":"service","sidewalk":"unknown","lanes":0,"name":"임정로13길","oneway":false},"geometry":{"type":"LineString","coordinates":[[126.9568883,37.5428202],[126.9566223,37.5425748],[126.9570512,37.5423047]]}},{"type":"Feature","properties":{"class":"minor","highway":"residential","sidewalk":"unknown","lanes":0,"name":"임정로11길","oneway":false},"geometry":{"type":"LineString","coordinates":[[126.9586932,37.5432579],[126.9586686,37.5430837],[126.9584732,37.5428691],[126.9582533,37.5426276]]}},{"type":"Feature","properties":{"class":"alley","highway":"service","sidewalk":"unknown","lanes":0,"name":"임정로13길","oneway":false},"geometry":{"type":"LineString","coordinates":[[126.9572856,37.5425365],[126.9575945,37.5423851],[126.9578268,37.5427173],[126.9577888,37.5428926]]}},{"type":"Feature","properties":{"class":"minor","highway":"residential","sidewalk":"unknown","lanes":0,"name":"임정로11길","oneway":false},"geometry":{"type":"LineString","coordinates":[[126.9575945,37.5423851],[126.9578644,37.5422653],[126.9582533,37.5426276]]}},{"type":"Feature","properties":{"class":"minor","highway":"residential","sidewalk":"unknown","lanes":0,"name":"임정로13길","oneway":false},"geometry":{"type":"LineString","coordinates":[[126.9577005,37.542943],[126.9577888,37.5428926],[126.9582533,37.5426276]]}},{"type":"Feature","properties":{"class":"minor","highway":"residential","sidewalk":"unknown","lanes":0,"name":"백범로45길","oneway":false},"geometry":{"type":"LineString","coordinates":[[126.9581866,37.5410527],[126.9582235,37.5412456],[126.9582336,37.5413193],[126.9583195,37.5416235]]}},{"type":"Feature","properties":{"class":"alley","highway":"service","sidewalk":"unknown","lanes":0,"name":"백범로45길","oneway":false},"geometry":{"type":"LineString","coordinates":[[126.9582336,37.5413193],[126.9576361,37.5414371]]}},{"type":"Feature","properties":{"class":"minor","highway":"residential","sidewalk":"unknown","lanes":0,"name":"백범로45길","oneway":false},"geometry":{"type":"LineString","coordinates":[[126.9576987,37.5417265],[126.9583195,37.5416235],[126.9586103,37.5415901]]}},{"type":"Feature","properties":{"class":"minor","highway":"residential","sidewalk":"unknown","lanes":0,"name":"백범로45길","oneway":false},"geometry":{"type":"LineString","coordinates":[[126.9586103,37.5415901],[126.9587644,37.5414709],[126.9587376,37.5412858],[126.9586633,37.5412549],[126.9582235,37.5412456]]}},{"type":"Feature","properties":{"class":"minor","highway":"residential","sidewalk":"unknown","lanes":0,"name":"백범로45길","oneway":false},"geometry":{"type":"LineString","coordinates":[[126.9587644,37.5414709],[126.9591018,37.5416992]]}},{"type":"Feature","properties":{"class":"minor","highway":"residential","sidewalk":"unknown","lanes":0,"name":"백범로45길","oneway":false},"geometry":{"type":"LineString","coordinates":[[126.9581866,37.5410527],[126.9596275,37.5414158]]}},{"type":"Feature","properties":{"class":"minor","highway":"residential","sidewalk":"unknown","lanes":0,"name":"효창원로69가길","oneway":false},"geometry":{"type":"LineString","coordinates":[[126.9618138,37.5415403],[126.9615124,37.5415781],[126.9612867,37.541558],[126.9611085,37.5416022],[126.9607877,37.5415151],[126.9607377,37.5414685]]}},{"type":"Feature","properties":{"class":"alley","highway":"service","sidewalk":"unknown","lanes":0,"name":"효창원로59길","oneway":false},"geometry":{"type":"LineString","coordinates":[[126.9607634,37.5395786],[126.9607801,37.5396565],[126.9607891,37.5396913],[126.9608178,37.5398026],[126.9608739,37.5399473],[126.9609975,37.5400476],[126.961138,37.5398916],[126.9612363,37.5397335],[126.9613655,37.5395486],[126.9613835,37.539536],[126.9614949,37.5394585]]}},{"type":"Feature","properties":{"class":"minor","highway":"residential","sidewalk":"unknown","lanes":0,"name":"백범로51길","oneway":false},"geometry":{"type":"LineString","coordinates":[[126.9587539,37.5404337],[126.9588614,37.5404545],[126.9594865,37.5405688],[126.9596397,37.5406279],[126.9598659,37.5407275],[126.960057,37.5407807],[126.9602121,37.5408128],[126.960244,37.5408194],[126.9603944,37.5409789],[126.9605184,37.5411143],[126.9605454,37.5411704],[126.9605621,37.541205],[126.9607377,37.5414685]]}},{"type":"Feature","properties":{"class":"alley","highway":"service","sidewalk":"unknown","lanes":0,"name":"백범로51길","oneway":false},"geometry":{"type":"LineString","coordinates":[[126.9602121,37.5408128],[126.9602847,37.5407484],[126.9603965,37.5407098],[126.9605367,37.5407098],[126.9607583,37.5407871],[126.9607868,37.5408758],[126.9606648,37.541095],[126.9605454,37.5411704]]}},{"type":"Feature","properties":{"class":"minor","highway":"residential","sidewalk":"unknown","lanes":0,"name":"효창원로69나길","oneway":false},"geometry":{"type":"LineString","coordinates":[[126.9597607,37.5416115],[126.9600295,37.5415658],[126.9602571,37.5416148],[126.9603361,37.5416274],[126.9605436,37.5417128],[126.9611636,37.5419641]]}},{"type":"Feature","properties":{"class":"minor","highway":"residential","sidewalk":"unknown","lanes":0,"name":"효창원로69가길","oneway":false},"geometry":{"type":"LineString","coordinates":[[126.9603361,37.5416274],[126.960493,37.5414692],[126.9607377,37.5414685]]}},{"type":"Feature","properties":{"class":"minor","highway":"residential","sidewalk":"unknown","lanes":0,"name":"효창원로69가길","oneway":false},"geometry":{"type":"LineString","coordinates":[[126.9600295,37.5415658],[126.9599509,37.5413809],[126.9604397,37.5412317],[126.9605621,37.541205]]}},{"type":"Feature","properties":{"class":"minor","highway":"residential","sidewalk":"unknown","lanes":0,"name":"백범로47가길","oneway":false},"geometry":{"type":"LineString","coordinates":[[126.95846,37.5423646],[126.9587201,37.542417],[126.9589287,37.5424861]]}},{"type":"Feature","properties":{"class":"minor","highway":"residential","sidewalk":"unknown","lanes":0,"name":"효창원로69길","oneway":false},"geometry":{"type":"LineString","coordinates":[[126.9584732,37.5428691],[126.958686,37.5427047],[126.9590734,37.5427372],[126.9594746,37.5427709]]}},{"type":"Feature","properties":{"class":"minor","highway":"residential","sidewalk":"unknown","lanes":0,"name":"효창원로69길","oneway":false},"geometry":{"type":"LineString","coordinates":[[126.9589287,37.5424861],[126.9590734,37.5427372]]}},{"type":"Feature","properties":{"class":"minor","highway":"residential","sidewalk":"unknown","lanes":0,"name":"효창원로69길","oneway":false},"geometry":{"type":"LineString","coordinates":[[126.960552,37.5422742],[126.9608641,37.5426645]]}},{"type":"Feature","properties":{"class":"alley","highway":"service","sidewalk":"unknown","lanes":0,"name":"백범로45길","oneway":false},"geometry":{"type":"LineString","coordinates":[[126.9585797,37.5418137],[126.9586103,37.5415901]]}},{"type":"Feature","properties":{"class":"minor","highway":"residential","sidewalk":"unknown","lanes":0,"name":"효창원로69길","oneway":false},"geometry":{"type":"LineString","coordinates":[[126.9615376,37.5417564],[126.9615668,37.5420088],[126.9616498,37.5423014]]}},{"type":"Feature","properties":{"class":"minor","highway":"residential","sidewalk":"unknown","lanes":0,"name":"원효로80길","oneway":false},"geometry":{"type":"LineString","coordinates":[[126.9683709,37.5380349],[126.9679927,37.5382889],[126.9676064,37.5385483],[126.9672887,37.5387617]]}},{"type":"Feature","properties":{"class":"minor","highway":"residential","sidewalk":"unknown","lanes":0,"name":"원효로80길","oneway":false},"geometry":{"type":"LineString","coordinates":[[126.9686186,37.5393766],[126.9682288,37.5390576],[126.9676064,37.5385483]]}},{"type":"Feature","properties":{"class":"minor","highway":"residential","sidewalk":"unknown","lanes":0,"name":"백범로77길","oneway":false},"geometry":{"type":"LineString","coordinates":[[126.966774,37.5408533],[126.9667106,37.5408052],[126.9663953,37.5405658],[126.9661929,37.5404121],[126.9660065,37.5402824],[126.9658499,37.5401846],[126.9652665,37.5398351],[126.9649508,37.5395767],[126.964582,37.5390754],[126.9643975,37.5388487],[126.9642663,37.5386543],[126.9642227,37.5385657]]}},{"type":"Feature","properties":{"class":"alley","highway":"service","sidewalk":"unknown","lanes":0,"name":"원효로71길","oneway":false},"geometry":{"type":"LineString","coordinates":[[126.9650126,37.5373922],[126.9649493,37.5374676],[126.9648964,37.5375305],[126.9647888,37.5376341],[126.96463,37.5377255],[126.9645122,37.5377823],[126.9643684,37.5378635],[126.9641762,37.5379098],[126.9639862,37.537955],[126.9637441,37.5380098],[126.9636882,37.5380715],[126.963337,37.5381388],[126.9628636,37.5382303],[126.9624599,37.5383318],[126.9620422,37.538429],[126.961936,37.5384537],[126.9618357,37.5384716],[126.9617441,37.5384768],[126.9616608,37.5384721],[126.9615899,37.5384797],[126.9611732,37.5385892],[126.9610692,37.5386165]]}},{"type":"Feature","properties":{"class":"minor","highway":"residential","sidewalk":"unknown","lanes":0,"name":"백범로74길","oneway":false},"geometry":{"type":"LineString","coordinates":[[126.9625501,37.537306],[126.9625403,37.5378095],[126.9625446,37.5380483]]}},{"type":"Feature","properties":{"class":"minor","highway":"residential","sidewalk":"unknown","lanes":0,"name":"백범로74길","oneway":false},"geometry":{"type":"LineString","coordinates":[[126.9628329,37.5380632],[126.9628338,37.5378903],[126.9636284,37.5379347]]}},{"type":"Feature","properties":{"class":"minor","highway":"residential","sidewalk":"unknown","lanes":0,"name":"백범로74길","oneway":false},"geometry":{"type":"LineString","coordinates":[[126.9614615,37.5378872],[126.9614833,37.5383175]]}},{"type":"Feature","properties":{"class":"minor","highway":"residential","sidewalk":"unknown","lanes":0,"name":"효창원로55길","oneway":false},"geometry":{"type":"LineString","coordinates":[[126.9597293,37.5384889],[126.9600728,37.5386378],[126.9603329,37.5387506],[126.9606842,37.5386654],[126.9610475,37.5385768]]}},{"type":"Feature","properties":{"class":"minor","highway":"residential","sidewalk":"unknown","lanes":0,"name":"새창로20길","oneway":false},"geometry":{"type":"LineString","coordinates":[[126.9590725,37.5382134],[126.9593909,37.5383497],[126.9597293,37.5384889]]}},{"type":"Feature","properties":{"class":"minor","highway":"residential","sidewalk":"unknown","lanes":0,"name":"청파로47가길","oneway":false},"geometry":{"type":"LineString","coordinates":[[126.96693,37.54487],[126.9668411,37.5446218],[126.9668041,37.5444607],[126.9668001,37.5444431],[126.966713,37.5442563],[126.9666157,37.5441019],[126.9665929,37.5440822],[126.966545,37.5440406],[126.9664236,37.5439354],[126.9662495,37.5437709],[126.9660343,37.5436329],[126.9658192,37.5435455],[126.9655068,37.5435049],[126.9654575,37.5435017],[126.9649869,37.5434765],[126.9649104,37.5434799],[126.9647239,37.5434726],[126.9644106,37.5434602],[126.96388,37.5434879],[126.9638035,37.5431914]]}},{"type":"Feature","properties":{"class":"minor","highway":"residential","sidewalk":"unknown","lanes":0,"name":"효창원로76길","oneway":false},"geometry":{"type":"LineString","coordinates":[[126.9637163,37.5431657],[126.9638035,37.5431914],[126.9641394,37.5430757],[126.9645795,37.5429241]]}},{"type":"Feature","properties":{"class":"minor","highway":"residential","sidewalk":"unknown","lanes":0,"name":"효창원로76길","oneway":false},"geometry":{"type":"LineString","coordinates":[[126.9633927,37.5433569],[126.9636589,37.543268],[126.9638035,37.5431914]]}},{"type":"Feature","properties":{"class":"minor","highway":"residential","sidewalk":"unknown","lanes":0,"name":"효창원로76길","oneway":false},"geometry":{"type":"LineString","coordinates":[[126.9641394,37.5430757],[126.9646256,37.5432643],[126.9647239,37.5434726]]}},{"type":"Feature","properties":{"class":"minor","highway":"residential","sidewalk":"unknown","lanes":0,"name":"효창원로","oneway":false},"geometry":{"type":"LineString","coordinates":[[126.9622763,37.5412722],[126.962723,37.5413172],[126.9631823,37.5414276],[126.9635964,37.541501],[126.9640481,37.5415773]]}},{"type":"Feature","properties":{"class":"minor","highway":"residential","sidewalk":"unknown","lanes":0,"name":"효창원로72길","oneway":false},"geometry":{"type":"LineString","coordinates":[[126.9621478,37.5417375],[126.9624342,37.5418635],[126.9624891,37.5420911],[126.962745,37.542136],[126.9630898,37.5423003],[126.9633939,37.5424503],[126.963998,37.5425708],[126.9641141,37.5422538]]}},{"type":"Feature","properties":{"class":"minor","highway":"residential","sidewalk":"unknown","lanes":0,"name":"효창원로66길","oneway":false},"geometry":{"type":"LineString","coordinates":[[126.9619005,37.5406292],[126.9620744,37.5406572],[126.9624773,37.5407327],[126.9628644,37.5408153],[126.9633354,37.5409051],[126.9637257,37.5409796],[126.9641794,37.5410799],[126.9648414,37.5411868]]}},{"type":"Feature","properties":{"class":"minor","highway":"residential","sidewalk":"unknown","lanes":0,"name":"효창원로64길","oneway":false},"geometry":{"type":"LineString","coordinates":[[126.9617302,37.5400751],[126.9618576,37.5401022],[126.9621548,37.5401655],[126.9625397,37.5402291]]}},{"type":"Feature","properties":{"class":"minor","highway":"residential","sidewalk":"unknown","lanes":0,"name":"효창원로64길","oneway":false},"geometry":{"type":"LineString","coordinates":[[126.9638216,37.5405234],[126.9642804,37.5406032]]}},{"type":"Feature","properties":{"class":"minor","highway":"residential","sidewalk":"unknown","lanes":0,"name":"효창원로62길","oneway":false},"geometry":{"type":"LineString","coordinates":[[126.9625106,37.5399978],[126.9627574,37.5400339],[126.9630668,37.5401103],[126.9634005,37.540175]]}},{"type":"Feature","properties":{"class":"minor","highway":"residential","sidewalk":"unknown","lanes":0,"name":"효창원로62길","oneway":false},"geometry":{"type":"LineString","coordinates":[[126.9623464,37.5396894],[126.9626027,37.5393668]]}},{"type":"Feature","properties":{"class":"minor","highway":"residential","sidewalk":"unknown","lanes":0,"name":"효창원로62가길","oneway":false},"geometry":{"type":"LineString","coordinates":[[126.9622184,37.539674],[126.9621544,37.5395075],[126.9621824,37.5394501],[126.9622362,37.5393835],[126.9624206,37.5393353],[126.9626027,37.5393668]]}},{"type":"Feature","properties":{"class":"minor","highway":"residential","sidewalk":"unknown","lanes":0,"name":"원효로77가길","oneway":false},"geometry":{"type":"LineString","coordinates":[[126.9646848,37.5397701],[126.9647859,37.5398818],[126.9648957,37.5399762],[126.9650218,37.5400781],[126.9651408,37.540154],[126.9652483,37.5402206],[126.9654164,37.5402577],[126.9655752,37.5402558],[126.965783,37.5402317],[126.9660065,37.5402824]]}},{"type":"Feature","properties":{"class":"minor","highway":"residential","sidewalk":"unknown","lanes":0,"name":"원효로81길","oneway":false},"geometry":{"type":"LineString","coordinates":[[126.9660865,37.5388565],[126.9664445,37.5392967],[126.9667255,37.5396785],[126.9668253,37.5397437],[126.9669848,37.5396411],[126.9671836,37.53948],[126.967356,37.5393295],[126.9676494,37.5390734]]}},{"type":"Feature","properties":{"class":"minor","highway":"residential","sidewalk":"unknown","lanes":0,"name":"원효로83길","oneway":false},"geometry":{"type":"LineString","coordinates":[[126.967356,37.5393295],[126.9680763,37.5399277]]}},{"type":"Feature","properties":{"class":"minor","highway":"residential","sidewalk":"unknown","lanes":0,"name":"원효로83길","oneway":false},"geometry":{"type":"LineString","coordinates":[[126.9671836,37.53948],[126.9678976,37.5400605]]}},{"type":"Feature","properties":{"class":"minor","highway":"residential","sidewalk":"unknown","lanes":0,"name":"원효로83길","oneway":false},"geometry":{"type":"LineString","coordinates":[[126.9669848,37.5396411],[126.967678,37.5402273]]}},{"type":"Feature","properties":{"class":"minor","highway":"residential","sidewalk":"unknown","lanes":0,"name":"원효로83길","oneway":false},"geometry":{"type":"LineString","coordinates":[[126.9675064,37.5403726],[126.967678,37.5402273],[126.9678976,37.5400605],[126.9680763,37.5399277],[126.9683969,37.5396895]]}},{"type":"Feature","properties":{"class":"minor","highway":"residential","sidewalk":"unknown","lanes":0,"name":"원효로89길","oneway":false},"geometry":{"type":"LineString","coordinates":[[126.9683083,37.5407363],[126.967678,37.5402273]]}},{"type":"Feature","properties":{"class":"minor","highway":"residential","sidewalk":"no","lanes":0,"name":"원효로89길","oneway":false},"geometry":{"type":"LineString","coordinates":[[126.9678976,37.5400605],[126.9681025,37.5402237],[126.9685326,37.5405717]]}},{"type":"Feature","properties":{"class":"minor","highway":"residential","sidewalk":"unknown","lanes":0,"name":"원효로81길","oneway":false},"geometry":{"type":"LineString","coordinates":[[126.9668253,37.5397437],[126.9667418,37.539775],[126.9666465,37.5397229],[126.9665661,37.539674],[126.9663837,37.5397473],[126.9664376,37.539871],[126.9665245,37.540068]]}},{"type":"Feature","properties":{"class":"minor","highway":"residential","sidewalk":"unknown","lanes":0,"name":"원효로81길","oneway":false},"geometry":{"type":"LineString","coordinates":[[126.9664376,37.539871],[126.9667418,37.539775]]}},{"type":"Feature","properties":{"class":"minor","highway":"residential","sidewalk":"unknown","lanes":0,"name":"백범로77길","oneway":false},"geometry":{"type":"LineString","coordinates":[[126.9663953,37.5405658],[126.9665297,37.5403006]]}},{"type":"Feature","properties":{"class":"minor","highway":"residential","sidewalk":"unknown","lanes":0,"name":"원효로89길","oneway":false},"geometry":{"type":"LineString","coordinates":[[126.9678306,37.5408162],[126.9678326,37.5406768],[126.9675064,37.5403726]]}},{"type":"Feature","properties":{"class":"minor","highway":"residential","sidewalk":"unknown","lanes":0,"name":"효창원로64길","oneway":false},"geometry":{"type":"LineString","coordinates":[[126.9625397,37.5402291],[126.9624773,37.5407327]]}},{"type":"Feature","properties":{"class":"minor","highway":"residential","sidewalk":"unknown","lanes":0,"name":"효창원로62길","oneway":false},"geometry":{"type":"LineString","coordinates":[[126.9627574,37.5400339],[126.962808,37.539823]]}},{"type":"Feature","properties":{"class":"minor","highway":"residential","sidewalk":"unknown","lanes":0,"name":"효창원로64길","oneway":false},"geometry":{"type":"LineString","coordinates":[[126.9620744,37.5406572],[126.9621548,37.5401655]]}},{"type":"Feature","properties":{"class":"minor","highway":"residential","sidewalk":"unknown","lanes":0,"name":"효창원로66길","oneway":false},"geometry":{"type":"LineString","coordinates":[[126.9624773,37.5407327],[126.9623602,37.541106],[126.9622763,37.5412722],[126.9620914,37.5412749]]}},{"type":"Feature","properties":{"class":"minor","highway":"residential","sidewalk":"unknown","lanes":0,"name":"효창원로66길","oneway":false},"geometry":{"type":"LineString","coordinates":[[126.9628644,37.5408153],[126.962723,37.5413172],[126.9626493,37.5416061]]}},{"type":"Feature","properties":{"class":"minor","highway":"residential","sidewalk":"unknown","lanes":0,"name":"효창원로66길","oneway":false},"geometry":{"type":"LineString","coordinates":[[126.9633354,37.5409051],[126.9631823,37.5414276],[126.9631132,37.5416631]]}},{"type":"Feature","properties":{"class":"minor","highway":"residential","sidewalk":"unknown","lanes":0,"name":"효창원로66길","oneway":false},"geometry":{"type":"LineString","coordinates":[[126.9637257,37.5409796],[126.9635964,37.541501],[126.9635397,37.5417471]]}},{"type":"Feature","properties":{"class":"minor","highway":"residential","sidewalk":"unknown","lanes":0,"name":"효창원로66길","oneway":false},"geometry":{"type":"LineString","coordinates":[[126.9641794,37.5410799],[126.9640481,37.5415773],[126.9639806,37.5418515]]}},{"type":"Feature","properties":{"class":"minor","highway":"residential","sidewalk":"unknown","lanes":0,"name":"청파로47가길","oneway":false},"geometry":{"type":"LineString","coordinates":[[126.966545,37.5440406],[126.966589,37.5439775],[126.9664684,37.5438236],[126.9665978,37.5437419],[126.9668214,37.5434457],[126.9669097,37.5433477],[126.967119,37.5433081]]}},{"type":"Feature","properties":{"class":"minor","highway":"residential","sidewalk":"unknown","lanes":0,"name":"청파로43길","oneway":false},"geometry":{"type":"LineString","coordinates":[[126.9665929,37.5440822],[126.9670316,37.5440202],[126.967251,37.5439892],[126.9673834,37.5439586],[126.9674128,37.5439519],[126.9676778,37.5439245],[126.9677658,37.5439192],[126.9679392,37.5438699],[126.9681188,37.5438189],[126.9683365,37.5437209],[126.9685807,37.5436603],[126.9688808,37.543602],[126.9690038,37.5436038],[126.9690935,37.5436051],[126.9691761,37.5435676]]}},{"type":"Feature","properties":{"class":"minor","highway":"residential","sidewalk":"unknown","lanes":0,"name":"청파로43라길","oneway":false},"geometry":{"type":"LineString","coordinates":[[126.9666997,37.5432142],[126.9670506,37.5431271],[126.9675876,37.5429913],[126.9681187,37.5428556]]}},{"type":"Feature","properties":{"class":"minor","highway":"residential","sidewalk":"unknown","lanes":0,"name":"청파로43길","oneway":false},"geometry":{"type":"LineString","coordinates":[[126.9675876,37.5429913],[126.9679392,37.5438699]]}},{"type":"Feature","properties":{"class":"minor","highway":"residential","sidewalk":"unknown","lanes":0,"name":"청파로43길","oneway":false},"geometry":{"type":"LineString","coordinates":[[126.9670506,37.5431271],[126.967119,37.5433081],[126.9673834,37.5439586]]}},{"type":"Feature","properties":{"class":"alley","highway":"living_street","sidewalk":"unknown","lanes":0,"name":"청파로43길","oneway":false},"geometry":{"type":"LineString","coordinates":[[126.9670404,37.5436905],[126.9668794,37.5437969],[126.9670316,37.5440202]]}},{"type":"Feature","properties":{"class":"minor","highway":"residential","sidewalk":"unknown","lanes":0,"name":"청파로47길","oneway":false},"geometry":{"type":"LineString","coordinates":[[126.9678103,37.5447004],[126.967631,37.5444634],[126.9675798,37.544366],[126.9675465,37.5441934],[126.9676244,37.5440689],[126.9676342,37.5440532],[126.9676778,37.5439245]]}},{"type":"Feature","properties":{"class":"minor","highway":"residential","sidewalk":"unknown","lanes":0,"name":"청파로47길","oneway":false},"geometry":{"type":"LineString","coordinates":[[126.9676244,37.5440689],[126.9678897,37.5441792],[126.9679563,37.5441913],[126.9680513,37.5442649]]}},{"type":"Feature","properties":{"class":"minor","highway":"residential","sidewalk":"unknown","lanes":0,"name":"청파로47가길","oneway":false},"geometry":{"type":"LineString","coordinates":[[126.9674714,37.544759],[126.9673932,37.5444596],[126.9671924,37.5443966],[126.967099,37.5444781],[126.9668041,37.5444607]]}},{"type":"Feature","properties":{"class":"minor","highway":"residential","sidewalk":"unknown","lanes":0,"name":"청파로77가길","oneway":false},"geometry":{"type":"LineString","coordinates":[[126.9675493,37.5515248],[126.9682822,37.5514326],[126.9683145,37.5514311],[126.9684096,37.5514265],[126.9686775,37.551439]]}},{"type":"Feature","properties":{"class":"minor","highway":"residential","sidewalk":"unknown","lanes":0,"name":"만리재로26가길","oneway":false},"geometry":{"type":"LineString","coordinates":[[126.9639298,37.552263],[126.9639959,37.5522012],[126.9641538,37.5521894],[126.964263,37.5521829],[126.9643723,37.5522024],[126.9644461,37.5522051],[126.9646169,37.5522113],[126.9646714,37.5522132],[126.9647667,37.5522227],[126.9648244,37.5522284],[126.9650675,37.5523551],[126.965256,37.5524146],[126.965454,37.5525348],[126.9655537,37.5525846]]}},{"type":"Feature","properties":{"class":"minor","highway":"residential","sidewalk":"unknown","lanes":0,"name":"만리재로24길","oneway":false},"geometry":{"type":"LineString","coordinates":[[126.9642916,37.5518393],[126.9643491,37.5519812],[126.9646169,37.5522113]]}},{"type":"Feature","properties":{"class":"alley","highway":"pedestrian","sidewalk":"unknown","lanes":0,"name":"효창원로104다길","oneway":false},"geometry":{"type":"LineString","coordinates":[[126.965189,37.5511338],[126.9652445,37.5511738],[126.9653979,37.5512369],[126.9655143,37.5512723],[126.9655673,37.5513059]]}},{"type":"Feature","properties":{"class":"minor","highway":"residential","sidewalk":"unknown","lanes":0,"name":"효창원로104다길","oneway":false},"geometry":{"type":"LineString","coordinates":[[126.9656465,37.5516958],[126.9657859,37.5516243],[126.9658023,37.551594],[126.9657599,37.5515279],[126.9656192,37.5513688],[126.9655673,37.5513059]]}},{"type":"Feature","properties":{"class":"minor","highway":"residential","sidewalk":"unknown","lanes":0,"name":"효창원로104다길","oneway":false},"geometry":{"type":"LineString","coordinates":[[126.9660344,37.5516167],[126.9658023,37.551594]]}},{"type":"Feature","properties":{"class":"minor","highway":"residential","sidewalk":"unknown","lanes":0,"name":"효창원로104라길","oneway":false},"geometry":{"type":"LineString","coordinates":[[126.9655673,37.5513059],[126.9657299,37.5511868],[126.9658132,37.5511013],[126.9658214,37.5510396],[126.965749,37.5509659],[126.9656151,37.5508652],[126.9655455,37.5507472],[126.9654799,37.5505967],[126.9654253,37.5504862],[126.9654214,37.5503931]]}},{"type":"Feature","properties":{"class":"minor","highway":"residential","sidewalk":"unknown","lanes":0,"name":"효창원로104길","oneway":false},"geometry":{"type":"LineString","coordinates":[[126.965869,37.5503813],[126.9658648,37.5508111],[126.9662384,37.5508259],[126.9663408,37.5503756]]}},{"type":"Feature","properties":{"class":"minor","highway":"residential","sidewalk":"unknown","lanes":0,"name":"청파로71길","oneway":false},"geometry":{"type":"LineString","coordinates":[[126.9673128,37.5497429],[126.9677198,37.5497408],[126.9680222,37.5497391],[126.9681029,37.5497292],[126.9684991,37.5495704],[126.968566,37.5495435],[126.9688329,37.5494419],[126.9689195,37.5494203],[126.9691905,37.549457]]}},{"type":"Feature","properties":{"class":"minor","highway":"residential","sidewalk":"unknown","lanes":0,"name":"청파로71가길","oneway":false},"geometry":{"type":"LineString","coordinates":[[126.967316,37.5501697],[126.9673128,37.5497429],[126.9673199,37.5493831]]}},{"type":"Feature","properties":{"class":"minor","highway":"residential","sidewalk":"unknown","lanes":0,"name":"청파로71가길","oneway":false},"geometry":{"type":"LineString","coordinates":[[126.9677227,37.5501753],[126.9677198,37.5497408]]}},{"type":"Feature","properties":{"class":"minor","highway":"residential","sidewalk":"unknown","lanes":0,"name":"만리재로7길","oneway":false},"geometry":{"type":"LineString","coordinates":[[126.9580568,37.5492965],[126.958476,37.5491625],[126.9585795,37.5491294],[126.9588381,37.549051],[126.9592628,37.548914],[126.9594208,37.5488705],[126.9596035,37.548808]]}},{"type":"Feature","properties":{"class":"minor","highway":"residential","sidewalk":"unknown","lanes":0,"name":"만리재옛4길","oneway":false},"geometry":{"type":"LineString","coordinates":[[126.958829,37.5485471],[126.9587901,37.5484699],[126.9587291,37.5484183],[126.9586234,37.548401],[126.9583802,37.54838],[126.9583411,37.5483784],[126.9581633,37.5483709],[126.9580547,37.5483851],[126.9578875,37.548407],[126.9577052,37.5484529],[126.9576314,37.5484715],[126.9573947,37.5485365]]}},{"type":"Feature","properties":{"class":"minor","highway":"residential","sidewalk":"unknown","lanes":0,"name":"만리재로","oneway":false},"geometry":{"type":"LineString","coordinates":[[126.958829,37.5485471],[126.9591397,37.548486],[126.9592726,37.5484174]]}},{"type":"Feature","properties":{"class":"minor","highway":"residential","sidewalk":"unknown","lanes":0,"name":"만리재로12가길","oneway":false},"geometry":{"type":"LineString","coordinates":[[126.9610908,37.549584],[126.9612912,37.5496092],[126.9613986,37.5496025],[126.961496,37.5495969],[126.9615713,37.5495797],[126.9616751,37.5495265],[126.9618001,37.5494811],[126.9622114,37.5493912],[126.9623589,37.5493484],[126.9625167,37.5493065],[126.9629046,37.549248],[126.963062,37.5492364]]}},{"type":"Feature","properties":{"class":"minor","highway":"residential","sidewalk":"unknown","lanes":0,"name":"효창원로94길","oneway":false},"geometry":{"type":"LineString","coordinates":[[126.9634445,37.5484205],[126.963722,37.548324],[126.9638845,37.5482675],[126.9643135,37.548234],[126.9647042,37.5481986],[126.9651001,37.548145]]}},{"type":"Feature","properties":{"class":"minor","highway":"residential","sidewalk":"unknown","lanes":0,"name":"효창원로93길","oneway":false},"geometry":{"type":"LineString","coordinates":[[126.9610918,37.5470949],[126.9612274,37.5472579],[126.9613565,37.5473765],[126.9615067,37.5475059],[126.9616084,37.5475465],[126.9617966,37.5475653],[126.9618625,37.5475719],[126.9620271,37.5477371],[126.9622313,37.5479298],[126.9623296,37.5480549],[126.9623726,37.5482509],[126.9624184,37.5483278],[126.9624949,37.5484469],[126.9626465,37.5484821],[126.962878,37.5484161],[126.9629938,37.5484082],[126.9630436,37.5484096],[126.9634445,37.5484205]]}},{"type":"Feature","properties":{"class":"minor","highway":"residential","sidewalk":"unknown","lanes":0,"name":"임정로19길","oneway":false},"geometry":{"type":"LineString","coordinates":[[126.957566,37.5457269],[126.9573354,37.5452037],[126.9571018,37.5446737]]}},{"type":"Feature","properties":{"class":"minor","highway":"residential","sidewalk":"unknown","lanes":0,"name":"임정로","oneway":false},"geometry":{"type":"LineString","coordinates":[[126.9575723,37.5451327],[126.9580577,37.5449954]]}},{"type":"Feature","properties":{"class":"alley","highway":"service","sidewalk":"unknown","lanes":0,"name":"","oneway":false},"geometry":{"type":"LineString","coordinates":[[126.9583229,37.5472807],[126.9583301,37.5469514],[126.9581679,37.5468541],[126.9580249,37.5467146],[126.958005,37.5466951],[126.9578375,37.5465329],[126.957763,37.5464608]]}},{"type":"Feature","properties":{"class":"alley","highway":"service","sidewalk":"unknown","lanes":0,"name":"","oneway":false},"geometry":{"type":"LineString","coordinates":[[126.9569128,37.5462118],[126.9571475,37.5460137],[126.9571522,37.5459275],[126.9571206,37.5458645],[126.9570817,37.5457867],[126.9569842,37.54568]]}},{"type":"Feature","properties":{"class":"minor","highway":"residential","sidewalk":"unknown","lanes":0,"name":"만리재로1길","oneway":false},"geometry":{"type":"LineString","coordinates":[[126.9524885,37.5448206],[126.9525878,37.5447931],[126.9534789,37.5449716],[126.9538396,37.545039],[126.9541959,37.5451127],[126.954618,37.5451619]]}},{"type":"Feature","properties":{"class":"minor","highway":"residential","sidewalk":"unknown","lanes":0,"name":"만리재옛12길","oneway":false},"geometry":{"type":"LineString","coordinates":[[126.9594634,37.5500041],[126.9595434,37.5498785],[126.9596804,37.5498962],[126.9603079,37.5499771]]}},{"type":"Feature","properties":{"class":"minor","highway":"residential","sidewalk":"unknown","lanes":0,"name":"효창원로94나길","oneway":false},"geometry":{"type":"LineString","coordinates":[[126.9637832,37.548854],[126.9638033,37.5488127],[126.9639714,37.5486871],[126.9640583,37.5486274],[126.9641252,37.548552],[126.9643152,37.5483379],[126.9643135,37.548234]]}},{"type":"Feature","properties":{"class":"minor","highway":"residential","sidewalk":"unknown","lanes":0,"name":"효창원로104마길","oneway":false},"geometry":{"type":"LineString","coordinates":[[126.9641876,37.5495039],[126.9643556,37.5495301],[126.9644763,37.5495705],[126.9645729,37.5496024],[126.9647446,37.5497109],[126.9648518,37.5497959],[126.9649591,37.5498597],[126.9651066,37.5498874],[126.9652263,37.5500154],[126.9653654,37.5502007],[126.9654504,37.5502405],[126.9654755,37.550386]]}},{"type":"Feature","properties":{"class":"minor","highway":"residential","sidewalk":"unknown","lanes":0,"name":"청파로71길","oneway":false},"geometry":{"type":"LineString","coordinates":[[126.9665687,37.5483696],[126.9665774,37.5489328],[126.9664763,37.5490757],[126.9664608,37.549277],[126.9664462,37.5493854],[126.9663397,37.5495522],[126.9663479,37.5497341],[126.9663288,37.5498186],[126.9662605,37.5498987],[126.9661676,37.5499637],[126.966113,37.5499897]]}},{"type":"Feature","properties":{"class":"minor","highway":"residential","sidewalk":"unknown","lanes":0,"name":"효창원로86다길","oneway":false},"geometry":{"type":"LineString","coordinates":[[126.9665687,37.5483696],[126.966183,37.5483708],[126.965817,37.5483696],[126.9654632,37.5483674],[126.9651036,37.5483652]]}},{"type":"Feature","properties":{"class":"minor","highway":"residential","sidewalk":"unknown","lanes":0,"name":"","oneway":false},"geometry":{"type":"LineString","coordinates":[[126.9677072,37.5480475],[126.9677676,37.5482788],[126.9677586,37.5486148]]}},{"type":"Feature","properties":{"class":"alley","highway":"service","sidewalk":"unknown","lanes":0,"name":"청파로71길","oneway":false},"geometry":{"type":"LineString","coordinates":[[126.9668193,37.5493092],[126.9668302,37.5490296],[126.9667551,37.5490041]]}},{"type":"Feature","properties":{"class":"minor","highway":"residential","sidewalk":"unknown","lanes":0,"name":"청파로73길","oneway":false},"geometry":{"type":"LineString","coordinates":[[126.9681267,37.5521029],[126.9678565,37.5521075],[126.9676134,37.5521227],[126.9671763,37.5521508],[126.966813,37.5521768],[126.9666354,37.5521985],[126.9664387,37.5522526],[126.9663377,37.5523414],[126.9662339,37.5524237],[126.9661301,37.5524475],[126.9659498,37.5524085],[126.9658498,37.5523049],[126.9658552,37.552216],[126.9659459,37.5520994],[126.9659576,37.5520936],[126.9660308,37.5520575],[126.9662473,37.5519936],[126.9663138,37.5519773],[126.9666833,37.5518863]]}},{"type":"Feature","properties":{"class":"minor","highway":"residential","sidewalk":"unknown","lanes":0,"name":"청파로89길","oneway":false},"geometry":{"type":"LineString","coordinates":[[126.9686487,37.5534806],[126.96834,37.5537451],[126.9680663,37.5540039],[126.9680668,37.5540792],[126.9677405,37.5540832],[126.9676847,37.5541834]]}},{"type":"Feature","properties":{"class":"alley","highway":"service","sidewalk":"unknown","lanes":0,"name":"청파로93길","oneway":false},"geometry":{"type":"LineString","coordinates":[[126.9678768,37.5542573],[126.9677506,37.5543409],[126.9676614,37.5543452],[126.9674693,37.5543046],[126.9672695,37.5542985],[126.9671491,37.5543229],[126.9670083,37.5542823]]}},{"type":"Feature","properties":{"class":"alley","highway":"service","sidewalk":"unknown","lanes":0,"name":"만리재로40길","oneway":false},"geometry":{"type":"LineString","coordinates":[[126.9677324,37.5548027],[126.9677629,37.5547718],[126.9679226,37.5546437]]}},{"type":"Feature","properties":{"class":"minor","highway":"residential","sidewalk":"unknown","lanes":0,"name":"청파로95길","oneway":false},"geometry":{"type":"LineString","coordinates":[[126.9679174,37.5549059],[126.9679473,37.5548795],[126.9680446,37.5548107],[126.9681304,37.5547868],[126.9685946,37.5546693],[126.9687592,37.5546269],[126.9689352,37.5545937],[126.9689883,37.5545837]]}},{"type":"Feature","properties":{"class":"alley","highway":"service","sidewalk":"unknown","lanes":0,"name":"만리재로40길","oneway":false},"geometry":{"type":"LineString","coordinates":[[126.9679219,37.5544876],[126.9680721,37.5546517]]}},{"type":"Feature","properties":{"class":"minor","highway":"residential","sidewalk":"unknown","lanes":0,"name":"만리재로28길","oneway":false},"geometry":{"type":"LineString","coordinates":[[126.9648355,37.5530375],[126.9651452,37.5528422],[126.9652039,37.5528442],[126.965269,37.5527992]]}},{"type":"Feature","properties":{"class":"minor","highway":"residential","sidewalk":"unknown","lanes":0,"name":"효창원로95길","oneway":false},"geometry":{"type":"LineString","coordinates":[[126.960974,37.548539],[126.9613168,37.5485238]]}},{"type":"Feature","properties":{"class":"minor","highway":"residential","sidewalk":"unknown","lanes":0,"name":"숭문5길","oneway":false},"geometry":{"type":"LineString","coordinates":[[126.9445762,37.5480071],[126.9446392,37.5479985],[126.9449041,37.5479993],[126.9453604,37.5480743],[126.9454467,37.5481093]]}},{"type":"Feature","properties":{"class":"minor","highway":"residential","sidewalk":"unknown","lanes":0,"name":"숭문길","oneway":false},"geometry":{"type":"LineString","coordinates":[[126.9454467,37.5481093],[126.9457203,37.548232]]}},{"type":"Feature","properties":{"class":"minor","highway":"residential","sidewalk":"unknown","lanes":0,"name":"숭문4안길","oneway":false},"geometry":{"type":"LineString","coordinates":[[126.9460801,37.5477077],[126.9461846,37.5476567],[126.9463213,37.5475339],[126.9463294,37.5474973],[126.9463374,37.5473698],[126.9465968,37.5472709],[126.9466443,37.5472577],[126.9468994,37.5471896]]}},{"type":"Feature","properties":{"class":"minor","highway":"residential","sidewalk":"unknown","lanes":0,"name":"숭문4길","oneway":true},"geometry":{"type":"LineString","coordinates":[[126.9461474,37.5477407],[126.945873,37.5480201],[126.9457203,37.548232]]}},{"type":"Feature","properties":{"class":"minor","highway":"residential","sidewalk":"unknown","lanes":0,"name":"숭문4안길","oneway":false},"geometry":{"type":"LineString","coordinates":[[126.9469815,37.5469679],[126.9468411,37.5470632],[126.9469018,37.5470973],[126.9468994,37.5471896],[126.9468982,37.5473565]]}},{"type":"Feature","properties":{"class":"minor","highway":"residential","sidewalk":"unknown","lanes":0,"name":"대흥로18가길","oneway":false},"geometry":{"type":"LineString","coordinates":[[126.9442724,37.5499539],[126.9442128,37.5497895],[126.9442383,37.5497286],[126.9441234,37.5496472],[126.9438887,37.5494167],[126.9438985,37.5493326],[126.9438641,37.5492135]]}},{"type":"Feature","properties":{"class":"minor","highway":"residential","sidewalk":"unknown","lanes":0,"name":"대흥로18나길","oneway":false},"geometry":{"type":"LineString","coordinates":[[126.9442383,37.5497286],[126.9443432,37.5497244],[126.944461,37.5495787],[126.9444254,37.5495104],[126.9444767,37.5494701],[126.9445224,37.5491755]]}},{"type":"Feature","properties":{"class":"minor","highway":"residential","sidewalk":"unknown","lanes":0,"name":"대흥로18나길","oneway":false},"geometry":{"type":"LineString","coordinates":[[126.944461,37.5495787],[126.9445901,37.549618],[126.9445718,37.5497313],[126.9446265,37.5497613],[126.9446508,37.5498802]]}},{"type":"Feature","properties":{"class":"minor","highway":"residential","sidewalk":"unknown","lanes":1,"name":"쪽길","oneway":false},"geometry":{"type":"LineString","coordinates":[[126.9451426,37.5524419],[126.9451155,37.5523905],[126.9447659,37.5519959],[126.9447525,37.5519321],[126.9443636,37.5515302],[126.9440655,37.5507871]]}},{"type":"Feature","properties":{"class":"alley","highway":"service","sidewalk":"unknown","lanes":0,"name":"대흥로","oneway":false},"geometry":{"type":"LineString","coordinates":[[126.9449642,37.5524902],[126.9447818,37.5525264],[126.944782,37.552637],[126.9447592,37.5526918]]}},{"type":"Feature","properties":{"class":"minor","highway":"residential","sidewalk":"unknown","lanes":0,"name":"고산18길","oneway":false},"geometry":{"type":"LineString","coordinates":[[126.9451922,37.5525344],[126.9450328,37.5526216],[126.945008,37.5526386],[126.9450086,37.5529215],[126.9449872,37.5529427],[126.9446974,37.5529715]]}},{"type":"Feature","properties":{"class":"alley","highway":"service","sidewalk":"unknown","lanes":0,"name":"경기대로7길","oneway":false},"geometry":{"type":"LineString","coordinates":[[126.9612276,37.5633415],[126.9613615,37.5635931]]}},{"type":"Feature","properties":{"class":"alley","highway":"service","sidewalk":"unknown","lanes":0,"name":"","oneway":false},"geometry":{"type":"LineString","coordinates":[[126.9569842,37.54568],[126.9566048,37.5457977],[126.9563664,37.5452653]]}},{"type":"Feature","properties":{"class":"alley","highway":"service","sidewalk":"unknown","lanes":0,"name":"","oneway":false},"geometry":{"type":"LineString","coordinates":[[126.9567169,37.5451604],[126.9568493,37.5454671],[126.9568779,37.5455333]]}},{"type":"Feature","properties":{"class":"alley","highway":"service","sidewalk":"unknown","lanes":0,"name":"","oneway":false},"geometry":{"type":"LineString","coordinates":[[126.9567169,37.5451604],[126.9569683,37.5450853],[126.9570304,37.5450668]]}},{"type":"Feature","properties":{"class":"alley","highway":"service","sidewalk":"unknown","lanes":0,"name":"","oneway":false},"geometry":{"type":"LineString","coordinates":[[126.9570304,37.5450668],[126.9570897,37.5452025],[126.9571552,37.5453521],[126.957181,37.5454112],[126.9571556,37.5454317],[126.9570171,37.5455437],[126.957062,37.5456767],[126.9571831,37.5457391],[126.9573063,37.5459743],[126.9573127,37.5461315]]}},{"type":"Feature","properties":{"class":"alley","highway":"service","sidewalk":"unknown","lanes":0,"name":"","oneway":false},"geometry":{"type":"LineString","coordinates":[[126.9545504,37.5437275],[126.9544818,37.5437209],[126.9543163,37.5437058]]}},{"type":"Feature","properties":{"class":"alley","highway":"service","sidewalk":"unknown","lanes":0,"name":"","oneway":false},"geometry":{"type":"LineString","coordinates":[[126.9533653,37.5434543],[126.9534314,37.5434271],[126.9536369,37.5433423]]}},{"type":"Feature","properties":{"class":"minor","highway":"residential","sidewalk":"unknown","lanes":0,"name":"마포대로6길","oneway":false},"geometry":{"type":"LineString","coordinates":[[126.9541959,37.5451127],[126.9533652,37.5454758],[126.9530619,37.5456083],[126.9525408,37.5457979]]}},{"type":"Feature","properties":{"class":"minor","highway":"residential","sidewalk":"no","lanes":0,"name":"마포대로","oneway":false},"geometry":{"type":"LineString","coordinates":[[126.9524885,37.5448206],[126.951996,37.5450525]]}},{"type":"Feature","properties":{"class":"minor","highway":"residential","sidewalk":"unknown","lanes":0,"name":"마포대로","oneway":false},"geometry":{"type":"LineString","coordinates":[[126.9531495,37.5480632],[126.9537176,37.5478528]]}},{"type":"Feature","properties":{"class":"alley","highway":"service","sidewalk":"unknown","lanes":0,"name":"","oneway":false},"geometry":{"type":"LineString","coordinates":[[126.9519427,37.5472528],[126.9520663,37.5472965],[126.9523567,37.5473483],[126.9526213,37.5476093],[126.9526342,37.5477577],[126.9528693,37.5481268],[126.952892,37.5481625],[126.9529698,37.5482847],[126.9524599,37.548694],[126.9521672,37.548694],[126.9519243,37.548694],[126.9518404,37.5488987]]}},{"type":"Feature","properties":{"class":"minor","highway":"residential","sidewalk":"unknown","lanes":0,"name":"백범로","oneway":false},"geometry":{"type":"LineString","coordinates":[[126.9595606,37.5396911],[126.9596474,37.5398651],[126.9596785,37.5399274]]}},{"type":"Feature","properties":{"class":"minor","highway":"residential","sidewalk":"unknown","lanes":0,"name":"백범로","oneway":false},"geometry":{"type":"LineString","coordinates":[[126.9562071,37.5401231],[126.9563881,37.5401927]]}},{"type":"Feature","properties":{"class":"minor","highway":"residential","sidewalk":"unknown","lanes":0,"name":"백범로45길","oneway":false},"geometry":{"type":"LineString","coordinates":[[126.9581866,37.5410527],[126.9581481,37.5408411],[126.9581636,37.5407673]]}},{"type":"Feature","properties":{"class":"alley","highway":"service","sidewalk":"unknown","lanes":0,"name":"","oneway":false},"geometry":{"type":"LineString","coordinates":[[126.957763,37.5464608],[126.9576859,37.5464005],[126.9576251,37.546361],[126.9575125,37.5462878],[126.9574578,37.5462384],[126.9574279,37.5462115],[126.9573127,37.5461315]]}},{"type":"Feature","properties":{"class":"alley","highway":"service","sidewalk":"unknown","lanes":0,"name":"","oneway":false},"geometry":{"type":"LineString","coordinates":[[126.9518404,37.5488987],[126.9517872,37.5489188],[126.9516585,37.5489675],[126.9515706,37.5490007],[126.9514209,37.5490573],[126.9513284,37.5490673],[126.951137,37.549088],[126.9504658,37.5488373]]}},{"type":"Feature","properties":{"class":"alley","highway":"service","sidewalk":"unknown","lanes":0,"name":"","oneway":false},"geometry":{"type":"LineString","coordinates":[[126.9504658,37.5488373],[126.9505561,37.5484228],[126.9509821,37.5484177],[126.9511023,37.548351],[126.9512539,37.5482668],[126.9513047,37.5482386],[126.951408,37.5481005],[126.9515177,37.5479418],[126.9516851,37.5477408],[126.9520663,37.5472965]]}},{"type":"Feature","properties":{"class":"alley","highway":"service","sidewalk":"unknown","lanes":0,"name":"","oneway":false},"geometry":{"type":"LineString","coordinates":[[126.9531495,37.5480632],[126.952892,37.5481625]]}},{"type":"Feature","properties":{"class":"minor","highway":"residential","sidewalk":"unknown","lanes":0,"name":"","oneway":false},"geometry":{"type":"LineString","coordinates":[[126.957978,37.5550833],[126.9582627,37.5548078],[126.9581826,37.5542846]]}},{"type":"Feature","properties":{"class":"minor","highway":"residential","sidewalk":"unknown","lanes":0,"name":"마포대로28길","oneway":false},"geometry":{"type":"LineString","coordinates":[[126.9582732,37.556118],[126.9584106,37.5560893],[126.9585466,37.556061]]}},{"type":"Feature","properties":{"class":"minor","highway":"residential","sidewalk":"unknown","lanes":0,"name":"마포대로28라길","oneway":false},"geometry":{"type":"LineString","coordinates":[[126.958913,37.5549005],[126.9589175,37.5551274],[126.9590159,37.5551286],[126.9591605,37.555123],[126.9594503,37.5551052],[126.9596279,37.5550924],[126.95968,37.555086],[126.959737,37.5550798],[126.9598391,37.5550381],[126.95998,37.5549663]]}},{"type":"Feature","properties":{"class":"minor","highway":"residential","sidewalk":"unknown","lanes":0,"name":"도화4길","oneway":false},"geometry":{"type":"LineString","coordinates":[[126.9517392,37.5396869],[126.9518616,37.5396423],[126.9519715,37.5395998],[126.9520493,37.5395466],[126.9522559,37.53957],[126.952295,37.5397437],[126.9524009,37.5397879],[126.9526548,37.539907]]}},{"type":"Feature","properties":{"class":"alley","highway":"service","sidewalk":"unknown","lanes":0,"name":"","oneway":false},"geometry":{"type":"LineString","coordinates":[[126.9682071,37.5422125],[126.9680995,37.5419341],[126.9680827,37.5418906],[126.9675208,37.5419452],[126.9674596,37.5419395],[126.9669321,37.5418903],[126.9662811,37.5418797],[126.9662868,37.5419273]]}},{"type":"Feature","properties":{"class":"alley","highway":"service","sidewalk":"unknown","lanes":0,"name":"","oneway":false},"geometry":{"type":"LineString","coordinates":[[126.9663418,37.542611],[126.9663164,37.5426633],[126.9663012,37.5427143],[126.9663328,37.5428254]]}},{"type":"Feature","properties":{"class":"alley","highway":"service","sidewalk":"unknown","lanes":0,"name":"","oneway":false},"geometry":{"type":"LineString","coordinates":[[126.9496679,37.5488186],[126.9496876,37.5489374],[126.9495264,37.5492318],[126.9494771,37.5493825],[126.9494218,37.5495514],[126.9494021,37.5496641],[126.9494174,37.5497433],[126.9494469,37.5498953],[126.9495289,37.550079],[126.9495615,37.5502061],[126.9495696,37.5502271],[126.9496529,37.5504423],[126.9497319,37.5505349],[126.9497462,37.5505506],[126.9501609,37.5510047],[126.9504101,37.551241]]}},{"type":"Feature","properties":{"class":"alley","highway":"service","sidewalk":"unknown","lanes":0,"name":"","oneway":false},"geometry":{"type":"LineString","coordinates":[[126.9495289,37.550079],[126.9498842,37.5500839],[126.9501042,37.5504808],[126.950242,37.5505872]]}},{"type":"Feature","properties":{"class":"alley","highway":"service","sidewalk":"unknown","lanes":0,"name":"","oneway":false},"geometry":{"type":"LineString","coordinates":[[126.9498842,37.5500839],[126.9499271,37.5500441],[126.9499737,37.5497776]]}},{"type":"Feature","properties":{"class":"alley","highway":"service","sidewalk":"unknown","lanes":0,"name":"","oneway":false},"geometry":{"type":"LineString","coordinates":[[126.9498842,37.5500839],[126.9498287,37.5500015],[126.9498631,37.5497668]]}},{"type":"Feature","properties":{"class":"alley","highway":"service","sidewalk":"unknown","lanes":0,"name":"","oneway":false},"geometry":{"type":"LineString","coordinates":[[126.9494218,37.5495514],[126.9494772,37.5495216],[126.9496744,37.5495354],[126.9497957,37.549485]]}},{"type":"Feature","properties":{"class":"alley","highway":"service","sidewalk":"unknown","lanes":0,"name":"","oneway":false},"geometry":{"type":"LineString","coordinates":[[126.9497957,37.549485],[126.9498675,37.5494857],[126.9498982,37.549486],[126.9499779,37.5494949],[126.9500673,37.5495049],[126.9500955,37.5495081],[126.9501378,37.5492997]]}},{"type":"Feature","properties":{"class":"alley","highway":"service","sidewalk":"unknown","lanes":0,"name":"","oneway":false},"geometry":{"type":"LineString","coordinates":[[126.9498982,37.549486],[126.9499351,37.549271]]}},{"type":"Feature","properties":{"class":"alley","highway":"service","sidewalk":"unknown","lanes":0,"name":"","oneway":false},"geometry":{"type":"LineString","coordinates":[[126.9514208,37.5492606],[126.9515872,37.5495492],[126.9516928,37.5495119],[126.9517495,37.5495141],[126.9520958,37.5495274],[126.9522764,37.5497002]]}},{"type":"Feature","properties":{"class":"alley","highway":"service","sidewalk":"unknown","lanes":0,"name":"","oneway":false},"geometry":{"type":"LineString","coordinates":[[126.9515872,37.5495492],[126.9514928,37.5496115],[126.9511503,37.5498374],[126.9510545,37.5499011],[126.9506013,37.5502026],[126.9504819,37.550282],[126.9504503,37.5504467],[126.9505458,37.5505446],[126.9506621,37.5506639],[126.9507231,37.5507265],[126.9507573,37.5507616]]}},{"type":"Feature","properties":{"class":"alley","highway":"service","sidewalk":"unknown","lanes":0,"name":"","oneway":false},"geometry":{"type":"LineString","coordinates":[[126.9507573,37.5507616],[126.9508219,37.5508347],[126.9509242,37.5509377],[126.9510925,37.5511128],[126.9513161,37.5513454],[126.9514271,37.5514609],[126.9515287,37.5515666],[126.9515319,37.5515914],[126.9515402,37.5516566]]}},{"type":"Feature","properties":{"class":"alley","highway":"service","sidewalk":"unknown","lanes":0,"name":"","oneway":false},"geometry":{"type":"LineString","coordinates":[[126.9510826,37.5508278],[126.9508219,37.5508347]]}},{"type":"Feature","properties":{"class":"alley","highway":"service","sidewalk":"unknown","lanes":0,"name":"","oneway":false},"geometry":{"type":"LineString","coordinates":[[126.9507573,37.5507616],[126.9509138,37.5506594],[126.9510905,37.5505439],[126.9512825,37.5504184],[126.9515385,37.5502512],[126.9516395,37.5501852],[126.9518369,37.5500562],[126.9521192,37.5498718],[126.9520501,37.549805],[126.9517495,37.5495141]]}},{"type":"Feature","properties":{"class":"alley","highway":"service","sidewalk":"unknown","lanes":0,"name":"","oneway":false},"geometry":{"type":"LineString","coordinates":[[126.9511511,37.5494561],[126.9510868,37.5494969],[126.950916,37.5496051],[126.9511503,37.5498374]]}},{"type":"Feature","properties":{"class":"alley","highway":"service","sidewalk":"unknown","lanes":0,"name":"","oneway":false},"geometry":{"type":"LineString","coordinates":[[126.9504819,37.550282],[126.950348,37.5501365],[126.9503523,37.5500357],[126.9505317,37.5499072],[126.9506591,37.5498159],[126.950617,37.5497721],[126.9505638,37.5497167]]}},{"type":"Feature","properties":{"class":"alley","highway":"service","sidewalk":"unknown","lanes":0,"name":"공덕현대아파트단지길","oneway":false},"geometry":{"type":"LineString","coordinates":[[126.9496679,37.5488186],[126.9500348,37.5478644],[126.9501048,37.5478357],[126.9505321,37.5479319],[126.9501882,37.5489032]]}},{"type":"Feature","properties":{"class":"alley","highway":"service","sidewalk":"unknown","lanes":0,"name":"","oneway":false},"geometry":{"type":"LineString","coordinates":[[126.9513717,37.5505474],[126.9515405,37.5506611],[126.9516967,37.5508225]]}},{"type":"Feature","properties":{"class":"alley","highway":"service","sidewalk":"unknown","lanes":0,"name":"","oneway":false},"geometry":{"type":"LineString","coordinates":[[126.9547236,37.5513077],[126.9543924,37.5512524],[126.9544444,37.5510536],[126.9544273,37.5509886]]}},{"type":"Feature","properties":{"class":"alley","highway":"service","sidewalk":"unknown","lanes":0,"name":"","oneway":false},"geometry":{"type":"LineString","coordinates":[[126.9543924,37.5512524],[126.9541548,37.5512368]]}},{"type":"Feature","properties":{"class":"minor","highway":"residential","sidewalk":"unknown","lanes":1,"name":"북아현로6길","oneway":false},"geometry":{"type":"LineString","coordinates":[[126.9584459,37.5613471],[126.9580354,37.561263],[126.9582785,37.5606813],[126.9584839,37.5602056]]}},{"type":"Feature","properties":{"class":"minor","highway":"residential","sidewalk":"unknown","lanes":0,"name":"북아현로6길","oneway":false},"geometry":{"type":"LineString","coordinates":[[126.9572833,37.5601828],[126.9580923,37.5603697]]}},{"type":"Feature","properties":{"class":"minor","highway":"residential","sidewalk":"unknown","lanes":0,"name":"북아현로6길","oneway":false},"geometry":{"type":"LineString","coordinates":[[126.9570814,37.5604121],[126.9579466,37.5606337]]}},{"type":"Feature","properties":{"class":"minor","highway":"residential","sidewalk":"unknown","lanes":0,"name":"북아현로6길","oneway":false},"geometry":{"type":"LineString","coordinates":[[126.9568901,37.5606867],[126.9578378,37.5609023]]}},{"type":"Feature","properties":{"class":"minor","highway":"residential","sidewalk":"unknown","lanes":0,"name":"북아현로6길","oneway":false},"geometry":{"type":"LineString","coordinates":[[126.9567551,37.560937],[126.957828,37.5611947]]}},{"type":"Feature","properties":{"class":"minor","highway":"residential","sidewalk":"unknown","lanes":0,"name":"","oneway":false},"geometry":{"type":"LineString","coordinates":[[126.9547323,37.5482083],[126.9544152,37.5476112],[126.9543638,37.5475143],[126.9541978,37.5472017]]}},{"type":"Feature","properties":{"class":"alley","highway":"service","sidewalk":"unknown","lanes":0,"name":"","oneway":true},"geometry":{"type":"LineString","coordinates":[[126.9400418,37.5628656],[126.9399423,37.5629662],[126.9399041,37.5630005],[126.9398402,37.5630563]]}},{"type":"Feature","properties":{"class":"alley","highway":"service","sidewalk":"unknown","lanes":0,"name":"","oneway":false},"geometry":{"type":"LineString","coordinates":[[126.9398644,37.5614547],[126.9401106,37.5616294]]}},{"type":"Feature","properties":{"class":"alley","highway":"service","sidewalk":"unknown","lanes":0,"name":"에비슨길","oneway":false},"geometry":{"type":"LineString","coordinates":[[126.9400418,37.5628656],[126.9399851,37.5628268],[126.9398178,37.5626735],[126.9394383,37.5623905],[126.9392079,37.5622949],[126.9385905,37.5618024],[126.9386991,37.5617203],[126.9380651,37.5612155],[126.9379669,37.5610878],[126.9379446,37.5610549],[126.9378756,37.5609533],[126.9378578,37.5609]]}},{"type":"Feature","properties":{"class":"alley","highway":"service","sidewalk":"unknown","lanes":0,"name":"","oneway":true},"geometry":{"type":"LineString","coordinates":[[126.9398402,37.5630563],[126.9398966,37.5630472],[126.9399244,37.5630516],[126.9399479,37.5630633],[126.9404069,37.5633693],[126.9404343,37.5633782],[126.9404769,37.5633791],[126.9405759,37.5633558],[126.9406592,37.5633301],[126.940756,37.5632876],[126.9408868,37.5631822],[126.9409339,37.5631238]]}},{"type":"Feature","properties":{"class":"alley","highway":"service","sidewalk":"unknown","lanes":0,"name":"알렌길","oneway":false},"geometry":{"type":"LineString","coordinates":[[126.9396938,37.5616092],[126.9396529,37.5616464],[126.9395516,37.5617384],[126.9396272,37.5618085],[126.9397747,37.5618938],[126.9401438,37.5621604],[126.9401381,37.5622115],[126.9400351,37.5623034],[126.9399647,37.5623663],[126.9399459,37.5624077],[126.9399676,37.5624328]]}},{"type":"Feature","properties":{"class":"alley","highway":"service","sidewalk":"unknown","lanes":0,"name":"","oneway":false},"geometry":{"type":"LineString","coordinates":[[126.9417005,37.5639765],[126.9417682,37.5639564],[126.9422769,37.5638449],[126.9425051,37.563761],[126.9428146,37.5635475],[126.942829,37.5635149],[126.9428668,37.5634607]]}},{"type":"Feature","properties":{"class":"alley","highway":"service","sidewalk":"unknown","lanes":0,"name":"연대동문길","oneway":false},"geometry":{"type":"LineString","coordinates":[[126.9428668,37.5634607],[126.9430601,37.5632817],[126.9430925,37.5632162]]}},{"type":"Feature","properties":{"class":"minor","highway":"residential","sidewalk":"unknown","lanes":0,"name":"연대동문길","oneway":false},"geometry":{"type":"LineString","coordinates":[[126.94316,37.5628956],[126.943142,37.5629136],[126.9430144,37.563041],[126.9430038,37.5630861],[126.9430201,37.5631263],[126.9430925,37.5632162],[126.9437645,37.5637091],[126.9437838,37.5637233],[126.9442419,37.5640893],[126.9446116,37.5643967],[126.9451976,37.5650041],[126.9453187,37.565143],[126.9455611,37.5654232],[126.9459226,37.5658234],[126.9460211,37.5659323],[126.9461734,37.5662055],[126.9461869,37.5664336],[126.9461555,37.5665355],[126.9461278,37.5666373],[126.945816,37.5674755],[126.9455154,37.5684061],[126.9453199,37.5691004]]}},{"type":"Feature","properties":{"class":"alley","highway":"service","sidewalk":"unknown","lanes":0,"name":"","oneway":false},"geometry":{"type":"LineString","coordinates":[[126.9428267,37.5658063],[126.9433272,37.5660525],[126.9434315,37.5661038],[126.9440806,37.566237],[126.9441637,37.5662073],[126.9444646,37.5659684],[126.9445736,37.5659236],[126.9446351,37.5659079],[126.9447446,37.56588]]}},{"type":"Feature","properties":{"class":"alley","highway":"service","sidewalk":"unknown","lanes":0,"name":"연대동문길","oneway":false},"geometry":{"type":"LineString","coordinates":[[126.9435484,37.564185],[126.9443158,37.564761]]}},{"type":"Feature","properties":{"class":"alley","highway":"service","sidewalk":"unknown","lanes":0,"name":"","oneway":false},"geometry":{"type":"LineString","coordinates":[[126.9388777,37.5607147],[126.9389159,37.5606787],[126.9390191,37.5605805],[126.9391149,37.5604983],[126.9395363,37.5607842],[126.9395646,37.56076],[126.9396938,37.5606397],[126.9397156,37.5606173],[126.939737,37.5605906],[126.9397516,37.5605408],[126.9398261,37.5604772],[126.9398706,37.5604466],[126.9398981,37.5604432],[126.9399218,37.5604427],[126.9399417,37.5604482],[126.9399939,37.5604754],[126.9403061,37.5607031],[126.9405214,37.5608625],[126.9406104,37.5609284],[126.9407649,37.5610842]]}},{"type":"Feature","properties":{"class":"alley","highway":"service","sidewalk":"unknown","lanes":0,"name":"","oneway":false},"geometry":{"type":"LineString","coordinates":[[126.9491559,37.5407442],[126.9494144,37.5405923],[126.9494774,37.5405553],[126.9495329,37.5405008],[126.9496794,37.5403764],[126.9498225,37.5403184],[126.9499152,37.5402953]]}},{"type":"Feature","properties":{"class":"minor","highway":"residential","sidewalk":"unknown","lanes":0,"name":"마포대로","oneway":false},"geometry":{"type":"LineString","coordinates":[[126.9482567,37.5413199],[126.9483748,37.5412259],[126.9485046,37.5411317],[126.9487024,37.5409397],[126.9490673,37.5406942]]}},{"type":"Feature","properties":{"class":"alley","highway":"service","sidewalk":"unknown","lanes":0,"name":"","oneway":false},"geometry":{"type":"LineString","coordinates":[[126.9499152,37.5402953],[126.9499809,37.5402631],[126.9500319,37.5402269],[126.9502013,37.5401135],[126.9503759,37.5400786],[126.9504437,37.5400357],[126.9505535,37.5399337],[126.9507802,37.5397153],[126.9510402,37.5394678],[126.9514841,37.5397809],[126.9512145,37.5400012]]}},{"type":"Feature","properties":{"class":"alley","highway":"service","sidewalk":"unknown","lanes":0,"name":"","oneway":false},"geometry":{"type":"LineString","coordinates":[[126.9512145,37.5400012],[126.9507802,37.5397153]]}},{"type":"Feature","properties":{"class":"alley","highway":"service","sidewalk":"unknown","lanes":0,"name":"","oneway":false},"geometry":{"type":"LineString","coordinates":[[126.9505535,37.5399337],[126.9510592,37.5402517],[126.9508277,37.5404612],[126.9503759,37.5400786]]}},{"type":"Feature","properties":{"class":"alley","highway":"service","sidewalk":"unknown","lanes":0,"name":"","oneway":false},"geometry":{"type":"LineString","coordinates":[[126.9500319,37.5402269],[126.9506205,37.5406266],[126.9504479,37.5407729],[126.9498225,37.5403184]]}},{"type":"Feature","properties":{"class":"alley","highway":"service","sidewalk":"unknown","lanes":0,"name":"","oneway":false},"geometry":{"type":"LineString","coordinates":[[126.9494774,37.5405553],[126.9489079,37.5401403],[126.9489724,37.5400006],[126.9490909,37.5400587]]}},{"type":"Feature","properties":{"class":"alley","highway":"service","sidewalk":"unknown","lanes":0,"name":"","oneway":false},"geometry":{"type":"LineString","coordinates":[[126.9489724,37.5400006],[126.9490915,37.5398524],[126.9493298,37.539619],[126.9494738,37.5397094],[126.9496717,37.5398535],[126.9495943,37.5399293],[126.9495139,37.5400086]]}},{"type":"Feature","properties":{"class":"alley","highway":"service","sidewalk":"unknown","lanes":0,"name":"","oneway":false},"geometry":{"type":"LineString","coordinates":[[126.9500319,37.5402269],[126.9495943,37.5399293]]}},{"type":"Feature","properties":{"class":"alley","highway":"service","sidewalk":"unknown","lanes":0,"name":"","oneway":false},"geometry":{"type":"LineString","coordinates":[[126.9494738,37.5397094],[126.949905,37.5393656],[126.9503348,37.5390229],[126.9504414,37.5391048],[126.9505962,37.5392238],[126.9510402,37.5394678]]}},{"type":"Feature","properties":{"class":"alley","highway":"service","sidewalk":"unknown","lanes":0,"name":"","oneway":false},"geometry":{"type":"LineString","coordinates":[[126.9504414,37.5391048],[126.9506752,37.5389171],[126.9516529,37.5396406],[126.9516405,37.5398224],[126.951623,37.5400789],[126.9514024,37.5402711]]}},{"type":"Feature","properties":{"class":"alley","highway":"service","sidewalk":"unknown","lanes":0,"name":"","oneway":false},"geometry":{"type":"LineString","coordinates":[[126.9514841,37.5397809],[126.9516405,37.5398224]]}},{"type":"Feature","properties":{"class":"alley","highway":"service","sidewalk":"unknown","lanes":0,"name":"","oneway":false},"geometry":{"type":"LineString","coordinates":[[126.9514024,37.5402711],[126.9513881,37.5402833],[126.9505472,37.5409989]]}},{"type":"Feature","properties":{"class":"alley","highway":"service","sidewalk":"unknown","lanes":0,"name":"","oneway":false},"geometry":{"type":"LineString","coordinates":[[126.9505472,37.5409989],[126.9504001,37.5410313],[126.9502257,37.5411499],[126.9499697,37.5413241]]}},{"type":"Feature","properties":{"class":"alley","highway":"service","sidewalk":"unknown","lanes":0,"name":"","oneway":false},"geometry":{"type":"LineString","coordinates":[[126.9494144,37.5405923],[126.9502257,37.5411499]]}},{"type":"Feature","properties":{"class":"alley","highway":"service","sidewalk":"unknown","lanes":0,"name":"","oneway":false},"geometry":{"type":"LineString","coordinates":[[126.9506205,37.5406266],[126.9508277,37.5404612]]}},{"type":"Feature","properties":{"class":"alley","highway":"service","sidewalk":"unknown","lanes":0,"name":"","oneway":false},"geometry":{"type":"LineString","coordinates":[[126.9510592,37.5402517],[126.9511927,37.5401502],[126.9513881,37.5402833]]}},{"type":"Feature","properties":{"class":"alley","highway":"service","sidewalk":"unknown","lanes":0,"name":"","oneway":false},"geometry":{"type":"LineString","coordinates":[[126.9503759,37.5400786],[126.9500142,37.539824],[126.9501463,37.5396865],[126.9501058,37.5394999],[126.949905,37.5393656]]}},{"type":"Feature","properties":{"class":"minor","highway":"residential","sidewalk":"unknown","lanes":0,"name":"도화2길","oneway":false},"geometry":{"type":"LineString","coordinates":[[126.9492159,37.5395296],[126.9487844,37.5394558]]}},{"type":"Feature","properties":{"class":"minor","highway":"residential","sidewalk":"unknown","lanes":0,"name":"도화2길","oneway":false},"geometry":{"type":"LineString","coordinates":[[126.9487751,37.5388503],[126.9490149,37.5388145],[126.9491856,37.5388689],[126.9492131,37.5389171],[126.9493621,37.5389653],[126.9494131,37.5391115],[126.9493543,37.5392826],[126.9492699,37.5394366],[126.9492739,37.5395042]]}},{"type":"Feature","properties":{"class":"alley","highway":"service","sidewalk":"unknown","lanes":0,"name":"도화길","oneway":false},"geometry":{"type":"LineString","coordinates":[[126.9482806,37.5403229],[126.9483425,37.5402324],[126.9483699,37.5400311]]}},{"type":"Feature","properties":{"class":"alley","highway":"service","sidewalk":"unknown","lanes":0,"name":"도화2안길","oneway":false},"geometry":{"type":"LineString","coordinates":[[126.9488105,37.5398821],[126.9486234,37.5399068],[126.9484699,37.5398589],[126.9484075,37.5398979],[126.9482408,37.5398196],[126.9480771,37.5397165]]}},{"type":"Feature","properties":{"class":"alley","highway":"service","sidewalk":"unknown","lanes":0,"name":"도화길","oneway":false},"geometry":{"type":"LineString","coordinates":[[126.9478744,37.5401656],[126.9480602,37.539944]]}},{"type":"Feature","properties":{"class":"alley","highway":"service","sidewalk":"unknown","lanes":0,"name":"도화길","oneway":false},"geometry":{"type":"LineString","coordinates":[[126.9476215,37.54004],[126.9478667,37.5399033]]}},{"type":"Feature","properties":{"class":"minor","highway":"residential","sidewalk":"unknown","lanes":0,"name":"삼개로1길","oneway":false},"geometry":{"type":"LineString","coordinates":[[126.9487628,37.539317],[126.9481006,37.5392221],[126.9478971,37.5392231],[126.9474764,37.5392253]]}},{"type":"Feature","properties":{"class":"alley","highway":"service","sidewalk":"unknown","lanes":0,"name":"삼개로","oneway":false},"geometry":{"type":"LineString","coordinates":[[126.9474605,37.5388481],[126.9476612,37.5388404],[126.9478971,37.5392231]]}},{"type":"Feature","properties":{"class":"alley","highway":"service","sidewalk":"unknown","lanes":0,"name":"삼개로1길","oneway":false},"geometry":{"type":"LineString","coordinates":[[126.9478971,37.5392231],[126.9478421,37.5395628],[126.9478841,37.5395961]]}},{"type":"Feature","properties":{"class":"alley","highway":"service","sidewalk":"unknown","lanes":0,"name":"삼개로1길","oneway":false},"geometry":{"type":"LineString","coordinates":[[126.9481006,37.5392221],[126.9481073,37.5391267],[126.9480268,37.5389758],[126.9481171,37.5389323],[126.948274,37.5389105],[126.9483779,37.5389494],[126.9483819,37.5390256],[126.9487712,37.5389977]]}},{"type":"Feature","properties":{"class":"alley","highway":"service","sidewalk":"unknown","lanes":0,"name":"삼개로3길","oneway":false},"geometry":{"type":"LineString","coordinates":[[126.9476777,37.538573],[126.9478738,37.5386321],[126.9479327,37.5387079]]}},{"type":"Feature","properties":{"class":"alley","highway":"service","sidewalk":"unknown","lanes":0,"name":"삼개로5길","oneway":false},"geometry":{"type":"LineString","coordinates":[[126.9476777,37.538573],[126.9478249,37.5382818]]}},{"type":"Feature","properties":{"class":"minor","highway":"residential","sidewalk":"unknown","lanes":0,"name":"삼개로5길","oneway":false},"geometry":{"type":"LineString","coordinates":[[126.9488058,37.5376606],[126.9487248,37.5376604],[126.9483535,37.5376599],[126.9481469,37.5377796],[126.9481785,37.5379222],[126.9482045,37.5380387],[126.9482089,37.5380584],[126.948082,37.5381846],[126.9479574,37.5382649],[126.9479393,37.5382685],[126.9478651,37.5382832],[126.9478249,37.5382818],[126.9477676,37.5382798],[126.9477103,37.5382778],[126.94744,37.5382683]]}},{"type":"Feature","properties":{"class":"minor","highway":"residential","sidewalk":"unknown","lanes":0,"name":"도화2안길","oneway":false},"geometry":{"type":"LineString","coordinates":[[126.9488147,37.5399459],[126.9488105,37.5398821],[126.9487844,37.5394558],[126.9487628,37.539317],[126.9487712,37.5389977],[126.9487751,37.5388503],[126.9487788,37.53871],[126.9487918,37.5384105],[126.9488121,37.5379415],[126.9488058,37.5379213],[126.9487688,37.5378022],[126.9487248,37.5376604]]}},{"type":"Feature","properties":{"class":"alley","highway":"service","sidewalk":"unknown","lanes":0,"name":"삼개로5길","oneway":false},"geometry":{"type":"LineString","coordinates":[[126.9477676,37.5382798],[126.9477867,37.5381699],[126.9479593,37.5380657],[126.9480751,37.5380315],[126.9482045,37.5380387]]}},{"type":"Feature","properties":{"class":"alley","highway":"service","sidewalk":"unknown","lanes":0,"name":"삼개로5길","oneway":false},"geometry":{"type":"LineString","coordinates":[[126.9477103,37.5382778],[126.9477181,37.5380673],[126.947877,37.5379226],[126.94803,37.5378931],[126.9481785,37.5379222]]}},{"type":"Feature","properties":{"class":"alley","highway":"service","sidewalk":"unknown","lanes":0,"name":"삼개로5안길","oneway":false},"geometry":{"type":"LineString","coordinates":[[126.9483026,37.5380331],[126.9483497,37.5379926],[126.9485909,37.5379273],[126.9486104,37.5379267],[126.9488058,37.5379213]]}},{"type":"Feature","properties":{"class":"alley","highway":"service","sidewalk":"unknown","lanes":0,"name":"삼개로5안길","oneway":false},"geometry":{"type":"LineString","coordinates":[[126.9479393,37.5382685],[126.9482201,37.5383952],[126.9482809,37.5383366]]}},{"type":"Feature","properties":{"class":"alley","highway":"service","sidewalk":"unknown","lanes":0,"name":"삼개로5안길","oneway":false},"geometry":{"type":"LineString","coordinates":[[126.9482809,37.5383366],[126.9484075,37.5384111],[126.9485614,37.5383074],[126.9484682,37.5382042],[126.9483026,37.5380331]]}},{"type":"Feature","properties":{"class":"alley","highway":"service","sidewalk":"unknown","lanes":0,"name":"삼개로3길","oneway":false},"geometry":{"type":"LineString","coordinates":[[126.9484488,37.5387231],[126.9484523,37.5385568],[126.9485262,37.5384973],[126.9486143,37.5384935],[126.9486834,37.5384312],[126.9487918,37.5384105]]}},{"type":"Feature","properties":{"class":"alley","highway":"service","sidewalk":"unknown","lanes":0,"name":"알렌길","oneway":true},"geometry":{"type":"LineString","coordinates":[[126.9387348,37.5601967],[126.9385764,37.5602522],[126.9385716,37.5602545],[126.9385677,37.5602571],[126.9385484,37.5602738],[126.9385314,37.5602886],[126.9384926,37.5603357],[126.9384785,37.5603589],[126.9384737,37.5603982],[126.9384757,37.5604177],[126.9384893,37.5604419],[126.9385017,37.5604588],[126.9385191,37.5604757],[126.9385637,37.5605051],[126.9386298,37.5605486],[126.9387162,37.5606055],[126.9388777,37.5607147],[126.9398204,37.5613717],[126.9403886,37.5617542]]}},{"type":"Feature","properties":{"class":"minor","highway":"residential","sidewalk":"unknown","lanes":0,"name":"대흥로29길","oneway":false},"geometry":{"type":"LineString","coordinates":[[126.9429499,37.5560973],[126.9440155,37.5561713],[126.9444352,37.5561955],[126.9447404,37.5560796],[126.9451376,37.5560828],[126.9458717,37.5560887]]}},{"type":"Feature","properties":{"class":"major","highway":"secondary","sidewalk":"likely","lanes":0,"name":"백범로","oneway":false},"geometry":{"type":"LineString","coordinates":[[126.9675338,37.5376518],[126.9672915,37.5377361],[126.9667575,37.5378958],[126.966365,37.5380132]]}},{"type":"Feature","properties":{"class":"major","highway":"trunk_link","sidewalk":"likely","lanes":0,"name":"","oneway":true},"geometry":{"type":"LineString","coordinates":[[126.9386933,37.5400862],[126.9390888,37.5399271],[126.939206,37.5398191],[126.9393095,37.5397295],[126.9394808,37.539606],[126.9403878,37.5391016],[126.9405597,37.5390022],[126.9406622,37.538929]]}},{"type":"Feature","properties":{"class":"major","highway":"trunk_link","sidewalk":"likely","lanes":1,"name":"","oneway":true},"geometry":{"type":"LineString","coordinates":[[126.9397265,37.5391218],[126.9402768,37.5383702],[126.9405816,37.5377376]]}},{"type":"Feature","properties":{"class":"major","highway":"trunk_link","sidewalk":"likely","lanes":0,"name":"","oneway":true},"geometry":{"type":"LineString","coordinates":[[126.9406622,37.538929],[126.9407946,37.538842],[126.9408878,37.5387466],[126.9414278,37.537985],[126.9414812,37.5378804],[126.9415297,37.5377695]]}},{"type":"Feature","properties":{"class":"major","highway":"trunk_link","sidewalk":"likely","lanes":0,"name":"","oneway":true},"geometry":{"type":"LineString","coordinates":[[126.9407658,37.5393104],[126.9405616,37.5395994],[126.9404782,37.5396728],[126.9403891,37.539718],[126.9402768,37.5397546],[126.9401744,37.5397679],[126.9400733,37.539768],[126.9399778,37.5397544],[126.9398818,37.5397212],[126.9397912,37.5396776],[126.9397207,37.5396183],[126.9396699,37.5395529],[126.9396323,37.5394659],[126.9396142,37.5393859],[126.9396227,37.5392915],[126.9396594,37.5392169],[126.9397265,37.5391218]]}},{"type":"Feature","properties":{"class":"alley","highway":"service","sidewalk":"unknown","lanes":0,"name":"","oneway":false},"geometry":{"type":"LineString","coordinates":[[126.9674261,37.5583861],[126.967384,37.5586637],[126.9673572,37.5588973],[126.9676523,37.5589441],[126.9676979,37.559044],[126.9676845,37.5592566],[126.9671802,37.5592503],[126.9671829,37.5590291],[126.9676979,37.559044]]}},{"type":"Feature","properties":{"class":"alley","highway":"service","sidewalk":"unknown","lanes":0,"name":"","oneway":false},"geometry":{"type":"LineString","coordinates":[[126.9680446,37.5593261],[126.9679186,37.5593774],[126.9677335,37.5593929],[126.9675244,37.5593616],[126.9671802,37.5592503]]}},{"type":"Feature","properties":{"class":"alley","highway":"service","sidewalk":"unknown","lanes":0,"name":"","oneway":false},"geometry":{"type":"LineString","coordinates":[[126.967384,37.5586637],[126.9675211,37.5586647],[126.9676953,37.5586879],[126.9677104,37.558578],[126.9675393,37.558554],[126.9675211,37.5586647]]}},{"type":"Feature","properties":{"class":"alley","highway":"service","sidewalk":"unknown","lanes":0,"name":"알렌길","oneway":false},"geometry":{"type":"LineString","coordinates":[[126.9409339,37.5631238],[126.9411825,37.5632985],[126.941268,37.5633061]]}},{"type":"Feature","properties":{"class":"alley","highway":"service","sidewalk":"unknown","lanes":0,"name":"","oneway":true},"geometry":{"type":"LineString","coordinates":[[126.9403886,37.5617542],[126.940178,37.5619161],[126.9396938,37.5616092]]}},{"type":"Feature","properties":{"class":"alley","highway":"service","sidewalk":"unknown","lanes":0,"name":"알렌길","oneway":true},"geometry":{"type":"LineString","coordinates":[[126.9414647,37.5633124],[126.9414671,37.5633355],[126.9414612,37.5633581],[126.9414472,37.5633787],[126.9414216,37.563398],[126.9413843,37.5634095],[126.9413542,37.5634109],[126.9413203,37.5634031],[126.9412918,37.5633867],[126.9412721,37.5633635],[126.9412649,37.5633448],[126.9412635,37.5633253],[126.941268,37.5633061],[126.9412833,37.5632824],[126.9413076,37.5632639],[126.9413381,37.5632526],[126.9413716,37.5632498],[126.9414044,37.5632559],[126.9414329,37.56327],[126.9414541,37.5632907],[126.9414647,37.5633124]]}},{"type":"Feature","properties":{"class":"alley","highway":"service","sidewalk":"unknown","lanes":0,"name":"알렌길","oneway":false},"geometry":{"type":"LineString","coordinates":[[126.9417005,37.5639765],[126.9417233,37.5640424],[126.9417531,37.5641259],[126.9418396,37.5643372],[126.9419444,37.5646032],[126.9419765,37.5646824],[126.9419919,37.5647511],[126.942015,37.5651113],[126.9420604,37.5653024],[126.9420772,37.5653531],[126.942087,37.5653753],[126.9422164,37.5656843],[126.9422966,37.5658607],[126.9423159,37.5659503],[126.9423188,37.5660374],[126.9423085,37.5661836],[126.9423055,37.5662434],[126.9422991,37.5663723],[126.9422953,37.5664419],[126.942365,37.5665055]]}},{"type":"Feature","properties":{"class":"alley","highway":"service","sidewalk":"unknown","lanes":0,"name":"알렌길","oneway":false},"geometry":{"type":"LineString","coordinates":[[126.9414216,37.563398],[126.9414725,37.5634479],[126.9415123,37.5635371],[126.9416704,37.5638993],[126.9417005,37.5639765]]}},{"type":"Feature","properties":{"class":"alley","highway":"service","sidewalk":"unknown","lanes":0,"name":"","oneway":false},"geometry":{"type":"LineString","coordinates":[[126.9413763,37.5630733],[126.9414352,37.5631758],[126.9415573,37.563259],[126.9418215,37.5634542]]}},{"type":"Feature","properties":{"class":"alley","highway":"service","sidewalk":"unknown","lanes":0,"name":"","oneway":true},"geometry":{"type":"LineString","coordinates":[[126.9415573,37.563259],[126.9414612,37.5633581]]}},{"type":"Feature","properties":{"class":"minor","highway":"residential","sidewalk":"unknown","lanes":0,"name":"마포대로4길","oneway":false},"geometry":{"type":"LineString","coordinates":[[126.94744,37.5382683],[126.9469933,37.5382972],[126.9466467,37.5383196]]}},{"type":"Feature","properties":{"class":"alley","highway":"service","sidewalk":"unknown","lanes":0,"name":"삼개로","oneway":false},"geometry":{"type":"LineString","coordinates":[[126.9469933,37.5382972],[126.9470413,37.5381651],[126.9471001,37.538003],[126.9470254,37.5379733],[126.9470021,37.5379196],[126.9472398,37.5376591]]}},{"type":"Feature","properties":{"class":"minor","highway":"residential","sidewalk":"unknown","lanes":0,"name":"마포대로4길","oneway":false},"geometry":{"type":"LineString","coordinates":[[126.9466467,37.5383196],[126.946231,37.5384442]]}},{"type":"Feature","properties":{"class":"minor","highway":"residential","sidewalk":"unknown","lanes":0,"name":"마포대로4라길","oneway":false},"geometry":{"type":"LineString","coordinates":[[126.9462037,37.5377383],[126.9460842,37.5382702]]}},{"type":"Feature","properties":{"class":"minor","highway":"residential","sidewalk":"unknown","lanes":0,"name":"마포대로4가길","oneway":false},"geometry":{"type":"LineString","coordinates":[[126.9448825,37.5380389],[126.9462119,37.538935]]}},{"type":"Feature","properties":{"class":"minor","highway":"residential","sidewalk":"unknown","lanes":0,"name":"마포대로","oneway":false},"geometry":{"type":"LineString","coordinates":[[126.9448825,37.5380389],[126.9445555,37.5382805],[126.9445191,37.5383051],[126.9444097,37.5383792]]}},{"type":"Feature","properties":{"class":"minor","highway":"residential","sidewalk":"unknown","lanes":0,"name":"마포대로4가길","oneway":false},"geometry":{"type":"LineString","coordinates":[[126.9448825,37.5380389],[126.9446988,37.537888],[126.9443613,37.5375887],[126.9446811,37.5373369],[126.9446975,37.537324],[126.9450184,37.537128]]}},{"type":"Feature","properties":{"class":"alley","highway":"living_street","sidewalk":"unknown","lanes":0,"name":"새창로6길","oneway":false},"geometry":{"type":"LineString","coordinates":[[126.9518404,37.5408753],[126.9519343,37.5408115],[126.9520255,37.5407923],[126.9521162,37.5407083]]}},{"type":"Feature","properties":{"class":"major","highway":"tertiary","sidewalk":"likely","lanes":0,"name":"임정로","oneway":true},"geometry":{"type":"LineString","coordinates":[[126.9615899,37.5468375],[126.9610492,37.5466878],[126.9606868,37.5464961],[126.9599672,37.54616],[126.9598766,37.5461177],[126.9591959,37.5458319],[126.958846,37.5456977],[126.9585087,37.5454804],[126.9581502,37.5452112],[126.9580577,37.5449954],[126.9579425,37.5447267],[126.9578292,37.5444622],[126.9577944,37.5443811],[126.9577354,37.5441995],[126.9577064,37.5441102],[126.9576644,37.5439072],[126.9576837,37.5437896],[126.9577881,37.5435956],[126.9579941,37.5434517],[126.9581324,37.5433496],[126.9583796,37.5432625],[126.9585515,37.5432579],[126.9586932,37.5432579]]}},{"type":"Feature","properties":{"class":"major","highway":"primary","sidewalk":"likely","lanes":0,"name":"서소문로","oneway":true},"geometry":{"type":"LineString","coordinates":[[126.9658611,37.5605761],[126.9662784,37.5607638],[126.9667595,37.561095],[126.9670378,37.5612424],[126.9675374,37.5614201]]}},{"type":"Feature","properties":{"class":"major","highway":"primary","sidewalk":"likely","lanes":3,"name":"서소문로","oneway":true},"geometry":{"type":"LineString","coordinates":[[126.9643075,37.5596017],[126.9641329,37.559593],[126.9640119,37.5595325],[126.963912,37.5594846],[126.9637518,37.5593998],[126.9635401,37.5593408],[126.9634153,37.5593151],[126.963294,37.5593101],[126.9630746,37.559312]]}},{"type":"Feature","properties":{"class":"major","highway":"primary","sidewalk":"likely","lanes":0,"name":"서소문로","oneway":false},"geometry":{"type":"LineString","coordinates":[[126.9643075,37.5596017],[126.9645912,37.5597796]]}},{"type":"Feature","properties":{"class":"major","highway":"primary","sidewalk":"likely","lanes":0,"name":"신촌로","oneway":true},"geometry":{"type":"LineString","coordinates":[[126.961545,37.5590831],[126.9608999,37.5585798],[126.9603491,37.5581339],[126.9600689,37.5579071],[126.9597016,37.5576097]]}},{"type":"Feature","properties":{"class":"minor","highway":"residential","sidewalk":"unknown","lanes":0,"name":"삼개로","oneway":false},"geometry":{"type":"LineString","coordinates":[[126.9474967,37.5399916],[126.9475,37.5397844],[126.9474764,37.5392253],[126.9474605,37.5388481],[126.9474554,37.5387262],[126.9474502,37.5385855],[126.9474433,37.538396],[126.94744,37.5382683],[126.9474246,37.5377456],[126.9473676,37.5374735],[126.9473607,37.537307],[126.9473395,37.5367962],[126.9473442,37.5364318],[126.9473463,37.5362681],[126.9474158,37.5361166],[126.9475417,37.5359817],[126.9478035,37.5357824],[126.9479703,37.5356143]]}},{"type":"Feature","properties":{"class":"minor","highway":"residential","sidewalk":"unknown","lanes":0,"name":"도화길","oneway":false},"geometry":{"type":"LineString","coordinates":[[126.9474967,37.5399916],[126.9468275,37.5396926],[126.9462815,37.5395752],[126.9460681,37.539585]]}},{"type":"Feature","properties":{"class":"major","highway":"secondary","sidewalk":"likely","lanes":0,"name":"새창로","oneway":false},"geometry":{"type":"LineString","coordinates":[[126.9553702,37.5406361],[126.9547022,37.5410786],[126.95435,37.54131],[126.9541785,37.5413763],[126.9536819,37.5415681],[126.95347,37.54165],[126.95346,37.5416535],[126.9528906,37.5418336],[126.9524304,37.5419382],[126.951944,37.5420385],[126.9513712,37.5421612]]}},{"type":"Feature","properties":{"class":"alley","highway":"service","sidewalk":"unknown","lanes":0,"name":"","oneway":false},"geometry":{"type":"LineString","coordinates":[[126.9538482,37.5372187],[126.9539941,37.5373634],[126.9541698,37.5375378],[126.954445,37.5378107],[126.9546776,37.5379259],[126.9547575,37.5380071],[126.954986,37.5382391],[126.9552934,37.5382928],[126.9555389,37.5383357],[126.9557414,37.538538],[126.9558326,37.5386292],[126.9560002,37.5387967],[126.9561514,37.5389478],[126.9563016,37.5390978],[126.9566153,37.5394114],[126.957018,37.5398138]]}},{"type":"Feature","properties":{"class":"major","highway":"secondary","sidewalk":"likely","lanes":0,"name":"새창로","oneway":false},"geometry":{"type":"LineString","coordinates":[[126.957018,37.5398138],[126.9562071,37.5401231]]}},{"type":"Feature","properties":{"class":"major","highway":"secondary","sidewalk":"likely","lanes":0,"name":"새창로","oneway":false},"geometry":{"type":"LineString","coordinates":[[126.958361,37.5393964],[126.9582061,37.5394425],[126.9574303,37.5396724],[126.957018,37.5398138]]}},{"type":"Feature","properties":{"class":"major","highway":"secondary","sidewalk":"likely","lanes":0,"name":"백범로","oneway":true},"geometry":{"type":"LineString","coordinates":[[126.9509325,37.5438781],[126.9509985,37.5438527]]}},{"type":"Feature","properties":{"class":"major","highway":"secondary","sidewalk":"likely","lanes":0,"name":"새창로","oneway":false},"geometry":{"type":"LineString","coordinates":[[126.9562071,37.5401231],[126.9553702,37.5406361]]}},{"type":"Feature","properties":{"class":"major","highway":"primary","sidewalk":"likely","lanes":0,"name":"신촌로","oneway":true},"geometry":{"type":"LineString","coordinates":[[126.9561831,37.5573367],[126.9565241,37.5573389],[126.9575851,37.5572754],[126.9588702,37.5572037],[126.9591993,37.5571854]]}},{"type":"Feature","properties":{"class":"major","highway":"tertiary","sidewalk":"likely","lanes":0,"name":"손기정로","oneway":false},"geometry":{"type":"LineString","coordinates":[[126.9627566,37.5559965],[126.9628871,37.5559308],[126.9634464,37.5556491],[126.9635643,37.5555584],[126.963736,37.5552947],[126.963913,37.5550651],[126.964031,37.554963],[126.9642003,37.5549277],[126.9643368,37.5548992],[126.9646694,37.5549247],[126.9649394,37.5549265]]}},{"type":"Feature","properties":{"class":"major","highway":"primary","sidewalk":"likely","lanes":0,"name":"만리재로","oneway":true},"geometry":{"type":"LineString","coordinates":[[126.9629392,37.5519312],[126.9624642,37.551548]]}},{"type":"Feature","properties":{"class":"major","highway":"tertiary","sidewalk":"likely","lanes":0,"name":"만리재옛길","oneway":false},"geometry":{"type":"LineString","coordinates":[[126.9570591,37.5481682],[126.957301,37.5484337],[126.9573947,37.5485365],[126.9577137,37.548908],[126.9578671,37.5490817],[126.9580568,37.5492965],[126.9583084,37.5494148],[126.9584626,37.5494935],[126.9586129,37.5495711],[126.9588828,37.5497079],[126.9594634,37.5500041],[126.9600905,37.5504187],[126.9602051,37.5504945],[126.9602724,37.550539],[126.9603178,37.5505653],[126.9611332,37.5510378],[126.961314,37.5511173],[126.9615554,37.5511913],[126.9616364,37.5512079]]}},{"type":"Feature","properties":{"class":"minor","highway":"residential","sidewalk":"unknown","lanes":0,"name":"마포대로14길","oneway":false},"geometry":{"type":"LineString","coordinates":[[126.9545353,37.5489525],[126.9548611,37.5488505],[126.955634,37.5486084],[126.9559268,37.5485267],[126.9562503,37.5484397],[126.9563725,37.5484067],[126.9566939,37.54832],[126.9569747,37.5482435],[126.9570035,37.5482357],[126.9570591,37.5481682]]}},{"type":"Feature","properties":{"class":"major","highway":"primary","sidewalk":"likely","lanes":8,"name":"마포대로","oneway":true},"geometry":{"type":"LineString","coordinates":[[126.9545353,37.5489525],[126.9548565,37.5495917],[126.9548737,37.5496247],[126.9551582,37.5501922],[126.9552359,37.5503257],[126.9552996,37.5504596]]}},{"type":"Feature","properties":{"class":"major","highway":"primary","sidewalk":"likely","lanes":8,"name":"마포대로","oneway":true},"geometry":{"type":"LineString","coordinates":[[126.9573664,37.5545417],[126.9573792,37.5545666],[126.95765,37.5551476],[126.9577998,37.5554545],[126.957946,37.555741],[126.9580813,37.5559459],[126.9581688,37.5560262],[126.9582732,37.556118],[126.9583463,37.5561824],[126.9591244,37.5568673],[126.959153,37.556894],[126.9592348,37.5569703],[126.9593114,37.5570426],[126.9594848,37.5571695]]}},{"type":"Feature","properties":{"class":"minor","highway":"residential","sidewalk":"unknown","lanes":0,"name":"굴레방로","oneway":false},"geometry":{"type":"LineString","coordinates":[[126.9561831,37.5573367],[126.9561973,37.557421]]}},{"type":"Feature","properties":{"class":"major","highway":"primary","sidewalk":"likely","lanes":3,"name":"마포대로","oneway":true},"geometry":{"type":"LineString","coordinates":[[126.9571564,37.5546125],[126.9566221,37.5535009],[126.9564776,37.5531916],[126.9560815,37.5524209],[126.9560563,37.5523831],[126.9557714,37.5518278],[126.9557061,37.5516914],[126.9553238,37.550893],[126.9552293,37.5507116]]}},{"type":"Feature","properties":{"class":"major","highway":"tertiary","sidewalk":"likely","lanes":0,"name":"굴레방로","oneway":false},"geometry":{"type":"LineString","coordinates":[[126.9571564,37.5546125],[126.9567565,37.5547399],[126.9563929,37.5548557],[126.956112,37.5550093],[126.95596,37.55517],[126.9558171,37.5555282],[126.9555584,37.5563323],[126.95555,37.55643],[126.9555604,37.5565402],[126.9556668,37.556727],[126.9558004,37.5568727],[126.956067,37.55711],[126.9561112,37.5571832],[126.9561831,37.5573367]]}},{"type":"Feature","properties":{"class":"minor","highway":"residential","sidewalk":"unknown","lanes":2,"name":"북아현로","oneway":false},"geometry":{"type":"LineString","coordinates":[[126.9562089,37.5574896],[126.9562404,37.5576272],[126.9562538,37.5576853],[126.9563118,37.557936],[126.9564539,37.5585502],[126.95647,37.55862],[126.9565525,37.5589649],[126.9565677,37.5590443],[126.9565691,37.5590516],[126.9566237,37.5593365],[126.9566486,37.5594514],[126.95667,37.55955],[126.9566529,37.559761],[126.95664,37.55992],[126.9565201,37.5600751],[126.9564318,37.5601892],[126.9563562,37.5602839],[126.95621,37.56049],[126.9559421,37.5609433],[126.9559594,37.5611695],[126.9559583,37.5612204],[126.9559452,37.5613955],[126.9558137,37.5618032],[126.95579,37.56191],[126.9557623,37.5619775],[126.9556847,37.5621571]]}},{"type":"Feature","properties":{"class":"major","highway":"primary","sidewalk":"likely","lanes":0,"name":"신촌로","oneway":true},"geometry":{"type":"LineString","coordinates":[[126.9562089,37.5574896],[126.9560073,37.5574771],[126.9553199,37.5574345],[126.9544473,37.5573807],[126.9541657,37.557363],[126.9532268,37.5573057],[126.9522393,37.5572437],[126.9519644,37.5572267]]}},{"type":"Feature","properties":{"class":"major","highway":"secondary","sidewalk":"likely","lanes":0,"name":"백범로","oneway":true},"geometry":{"type":"LineString","coordinates":[[126.941883,37.5478347],[126.9420388,37.5477584],[126.9421835,37.5476953],[126.9427925,37.54743],[126.9437429,37.5470159],[126.943937,37.5469313],[126.9451342,37.5464098],[126.9456304,37.5461936],[126.9458072,37.5461166],[126.9459862,37.546038],[126.9461063,37.5459853]]}},{"type":"Feature","properties":{"class":"minor","highway":"residential","sidewalk":"unknown","lanes":0,"name":"마포대로11길","oneway":false},"geometry":{"type":"LineString","coordinates":[[126.9516792,37.5492484],[126.9514208,37.5492606],[126.9513086,37.5492425],[126.9512323,37.5492302],[126.9510416,37.54915],[126.9503678,37.5488998]]}},{"type":"Feature","properties":{"class":"major","highway":"primary","sidewalk":"likely","lanes":3,"name":"마포대로","oneway":true},"geometry":{"type":"LineString","coordinates":[[126.9540881,37.5485784],[126.9537176,37.5478528],[126.9536019,37.5476443],[126.9531787,37.5469777]]}},{"type":"Feature","properties":{"class":"major","highway":"primary","sidewalk":"likely","lanes":0,"name":"마포대로","oneway":true},"geometry":{"type":"LineString","coordinates":[[126.9531787,37.5469777],[126.9530534,37.5467494],[126.952788,37.5464108],[126.9520047,37.5452821]]}},{"type":"Feature","properties":{"class":"major","highway":"primary","sidewalk":"likely","lanes":5,"name":"마포대로","oneway":true},"geometry":{"type":"LineString","coordinates":[[126.9520047,37.5452821],[126.951754,37.5449796],[126.9515512,37.5448226],[126.95118,37.5443091],[126.9510212,37.5440159]]}},{"type":"Feature","properties":{"class":"major","highway":"secondary","sidewalk":"likely","lanes":0,"name":"백범로","oneway":true},"geometry":{"type":"LineString","coordinates":[[126.9461063,37.5459853],[126.9462332,37.5459309],[126.9463846,37.545865],[126.9474922,37.5453825],[126.9486639,37.5448721],[126.9488119,37.5448075],[126.9492842,37.5446018]]}},{"type":"Feature","properties":{"class":"major","highway":"secondary","sidewalk":"likely","lanes":0,"name":"토정로","oneway":false},"geometry":{"type":"LineString","coordinates":[[126.9442357,37.5394555],[126.9436067,37.5399302]]}},{"type":"Feature","properties":{"class":"minor","highway":"residential","sidewalk":"unknown","lanes":0,"name":"토정로37길","oneway":false},"geometry":{"type":"LineString","coordinates":[[126.9454907,37.5414383],[126.9467481,37.5424739],[126.9473132,37.5429572],[126.9477284,37.5433013],[126.9478025,37.5433637]]}},{"type":"Feature","properties":{"class":"major","highway":"secondary","sidewalk":"likely","lanes":0,"name":"독막로","oneway":false},"geometry":{"type":"LineString","coordinates":[[126.9478025,37.5433637],[126.9476794,37.5434252],[126.94711,37.54371],[126.9465035,37.5439956],[126.9458554,37.5443041],[126.9455378,37.5444742],[126.9450379,37.5448092],[126.9447852,37.5449739],[126.9445152,37.5451471],[126.9442276,37.5453408],[126.9440385,37.5454664],[126.9437571,37.5456265],[126.9435912,37.5457026],[126.94318,37.54586],[126.943144,37.5458704],[126.9429233,37.5459364],[126.9428115,37.5459698],[126.9427695,37.5459834],[126.94249,37.54608],[126.94198,37.54624],[126.941908,37.5462623],[126.9418153,37.5462911],[126.9414597,37.5464015],[126.9414,37.54642],[126.9412443,37.546475],[126.94106,37.54654],[126.9409747,37.5465665],[126.94077,37.54663]]}},{"type":"Feature","properties":{"class":"major","highway":"secondary","sidewalk":"likely","lanes":0,"name":"독막로","oneway":false},"geometry":{"type":"LineString","coordinates":[[126.9325708,37.5474537],[126.9327807,37.5474481],[126.9338161,37.5474208],[126.9341305,37.5474124],[126.9342999,37.547408],[126.9344831,37.5474031],[126.9348166,37.5473943],[126.9348588,37.5473932],[126.9358307,37.5473675],[126.9369738,37.5473372],[126.937068,37.5473347],[126.937147,37.5473326],[126.9379115,37.5473124],[126.9381523,37.5473109],[126.93836,37.5473036],[126.9385062,37.547296],[126.9386871,37.5472748],[126.9387882,37.547263],[126.9389965,37.5472016],[126.9392089,37.5471337],[126.93952,37.54702],[126.9397828,37.5469379],[126.9400337,37.5468595],[126.94016,37.54682],[126.9402303,37.5467981],[126.94056,37.5466954],[126.94077,37.54663]]}},{"type":"Feature","properties":{"class":"major","highway":"primary","sidewalk":"likely","lanes":0,"name":"만리재로","oneway":true},"geometry":{"type":"LineString","coordinates":[[126.9551131,37.544674],[126.9553509,37.54489],[126.9556664,37.5451641],[126.9561344,37.5455503],[126.9563522,37.5457266],[126.956517,37.5458601],[126.9569128,37.5462118],[126.9579594,37.5471637],[126.9580698,37.5472641]]}},{"type":"Feature","properties":{"class":"minor","highway":"residential","sidewalk":"unknown","lanes":0,"name":"효창목길","oneway":false},"geometry":{"type":"LineString","coordinates":[[126.9591808,37.5472677],[126.9589943,37.5472523],[126.9588449,37.5472426],[126.9587639,37.5472463],[126.9587272,37.5472479],[126.9586291,37.5472675]]}},{"type":"Feature","properties":{"class":"minor","highway":"residential","sidewalk":"unknown","lanes":0,"name":"효창목길","oneway":false},"geometry":{"type":"LineString","coordinates":[[126.9606845,37.5472718],[126.9606062,37.547455],[126.9605907,37.547716],[126.9605619,37.5477727],[126.9605301,37.547814],[126.9604907,37.5478478],[126.9604444,37.5478856],[126.960382,37.547914],[126.9603197,37.5479269],[126.960239,37.5479324],[126.9601214,37.5479246],[126.96001,37.5479154],[126.959914,37.5478883],[126.9598589,37.5478588],[126.9597977,37.5478223],[126.9597404,37.5477744],[126.9596891,37.5477282],[126.959557,37.5475923],[126.9593908,37.5474395],[126.9591808,37.5472677]]}},{"type":"Feature","properties":{"class":"major","highway":"tertiary","sidewalk":"likely","lanes":0,"name":"임정로","oneway":true},"geometry":{"type":"LineString","coordinates":[[126.9586932,37.5432579],[126.9587746,37.5432579],[126.9590751,37.5433259],[126.9595144,37.5433838],[126.9597321,37.543392],[126.9602268,37.5433626],[126.9604062,37.5431064],[126.9605744,37.5429084],[126.9606369,37.5428349],[126.9607289,37.5427563],[126.9607904,37.5427037],[126.9608641,37.5426645],[126.9611537,37.5425104],[126.9616498,37.5423014],[126.9621431,37.5420936]]}},{"type":"Feature","properties":{"class":"major","highway":"tertiary","sidewalk":"likely","lanes":0,"name":"효창원로","oneway":false},"geometry":{"type":"LineString","coordinates":[[126.9614159,37.5393102],[126.9614949,37.5394585],[126.961551,37.5395986],[126.9615598,37.539622],[126.9617302,37.5400751],[126.9619005,37.5406292],[126.961967,37.5408099],[126.9620244,37.5409832],[126.9620914,37.5412749],[126.9621259,37.5414397],[126.9621381,37.5415034],[126.9621478,37.5417375],[126.9621431,37.5420936],[126.9621542,37.5425527],[126.9622589,37.5428458],[126.962341,37.5433037],[126.9623306,37.5434134],[126.9623029,37.5437028],[126.9631516,37.543861],[126.9634929,37.5439495],[126.9637124,37.5441779],[126.9637895,37.5444836],[126.96356,37.54498]]}},{"type":"Feature","properties":{"class":"major","highway":"primary","sidewalk":"likely","lanes":6,"name":"원효로","oneway":false},"geometry":{"type":"LineString","coordinates":[[126.966365,37.5380132],[126.9665742,37.5381402],[126.9666545,37.538189],[126.9669318,37.538448],[126.966936,37.5384517],[126.9672887,37.5387617],[126.96756,37.539],[126.9676494,37.5390734],[126.9682884,37.5395979],[126.9683969,37.5396895],[126.9690473,37.5402177],[126.9697656,37.5407915],[126.9700432,37.5410132],[126.9706044,37.5414922],[126.9708137,37.5416287]]}},{"type":"Feature","properties":{"class":"major","highway":"primary","sidewalk":"likely","lanes":2,"name":"만리재로","oneway":true},"geometry":{"type":"LineString","coordinates":[[126.9689227,37.5552764],[126.9687526,37.5552777],[126.968607,37.5552789],[126.9684815,37.5552685],[126.9683638,37.555241],[126.968259,37.5551934],[126.9680359,37.555069],[126.9678575,37.5549715],[126.9676491,37.554855],[126.9674505,37.5547503],[126.9672329,37.5546458],[126.9669831,37.5545501],[126.9666463,37.5544409],[126.966362,37.5543794],[126.9661321,37.554309],[126.9659048,37.5542367],[126.9657432,37.5541553],[126.96552,37.55402],[126.9652905,37.5538758],[126.9652011,37.553812],[126.9647305,37.553466],[126.9645286,37.5532933],[126.9643882,37.5531695],[126.9639653,37.5527882],[126.9635609,37.5524357],[126.9629392,37.5519312]]}},{"type":"Feature","properties":{"class":"major","highway":"tertiary","sidewalk":"likely","lanes":0,"name":"효창원로","oneway":false},"geometry":{"type":"LineString","coordinates":[[126.96356,37.54498],[126.9631936,37.5455952],[126.9631871,37.5456159],[126.9631649,37.5456869],[126.9631346,37.5457838],[126.9631708,37.545985],[126.9632935,37.5462472],[126.9633243,37.546313],[126.96334,37.5464384],[126.9633412,37.5464802]]}},{"type":"Feature","properties":{"class":"minor","highway":"residential","sidewalk":"unknown","lanes":0,"name":"북아현로","oneway":false},"geometry":{"type":"LineString","coordinates":[[126.9535157,37.5643032],[126.95291,37.56482],[126.9527823,37.5649296],[126.9525931,37.5651332]]}},{"type":"Feature","properties":{"class":"minor","highway":"residential","sidewalk":"unknown","lanes":0,"name":"북아현로19길","oneway":false},"geometry":{"type":"LineString","coordinates":[[126.9529737,37.5639916],[126.9525703,37.5638339],[126.952067,37.5636581],[126.9519072,37.5635782],[126.951756,37.5634231]]}},{"type":"Feature","properties":{"class":"minor","highway":"residential","sidewalk":"unknown","lanes":0,"name":"북아현로","oneway":false},"geometry":{"type":"LineString","coordinates":[[126.9521081,37.5650252],[126.9525931,37.5651332]]}},{"type":"Feature","properties":{"class":"minor","highway":"residential","sidewalk":"unknown","lanes":0,"name":"이화여대8길","oneway":false},"geometry":{"type":"LineString","coordinates":[[126.9491127,37.5589739],[126.9491656,37.5590335],[126.9494253,37.5595273],[126.9495615,37.5596037],[126.9498684,37.5597757]]}},{"type":"Feature","properties":{"class":"minor","highway":"residential","sidewalk":"unknown","lanes":0,"name":"북아현로","oneway":false},"geometry":{"type":"LineString","coordinates":[[126.9556847,37.5621571],[126.9556482,37.5622556],[126.9555846,37.5623966],[126.9554997,37.5625695],[126.95544,37.56265],[126.95535,37.56274],[126.9552317,37.5628832],[126.9551932,37.5629249],[126.95505,37.56308],[126.9549469,37.5632239],[126.9548683,37.5633022],[126.9545679,37.5634623],[126.954548,37.5634769],[126.95419,37.56374],[126.9538589,37.5639913],[126.9535157,37.5643032]]}},{"type":"Feature","properties":{"class":"major","highway":"tertiary","sidewalk":"likely","lanes":0,"name":"중림로","oneway":false},"geometry":{"type":"LineString","coordinates":[[126.9689705,37.5569435],[126.9687744,37.5570454],[126.9687425,37.557062],[126.9684181,37.557229],[126.96803,37.55751],[126.96731,37.55794],[126.9672648,37.557966],[126.9668318,37.5582148],[126.9665778,37.5583607],[126.96637,37.55848],[126.9662944,37.5585169],[126.9662411,37.5585429],[126.9655139,37.5588982],[126.96531,37.55897],[126.9652514,37.5589798],[126.9652025,37.5589879],[126.96513,37.559],[126.9644171,37.5590765],[126.9641141,37.5590946],[126.9641025,37.5590953],[126.9640684,37.5590938],[126.963702,37.5591274]]}},{"type":"Feature","properties":{"class":"major","highway":"primary","sidewalk":"likely","lanes":0,"name":"서소문로","oneway":true},"geometry":{"type":"LineString","coordinates":[[126.9681476,37.5617592],[126.9678852,37.5616957],[126.9674427,37.561573]]}},{"type":"Feature","properties":{"class":"minor","highway":"residential","sidewalk":"unknown","lanes":0,"name":"북아현로22나길","oneway":false},"geometry":{"type":"LineString","coordinates":[[126.9581781,37.5653018],[126.95865,37.5648708],[126.9588888,37.5646397],[126.9590945,37.5644081]]}},{"type":"Feature","properties":{"class":"major","highway":"secondary","sidewalk":"likely","lanes":0,"name":"경기대로","oneway":false},"geometry":{"type":"LineString","coordinates":[[126.9638702,37.5644593],[126.9641511,37.5647832],[126.9642424,37.564886],[126.9642839,37.5649458],[126.9642931,37.564959],[126.9644623,37.5653265],[126.9645087,37.5654919],[126.9645347,37.5658032],[126.964551,37.5659653],[126.9645412,37.5661057],[126.9645277,37.5662142],[126.9644978,37.566336],[126.9644061,37.5665586],[126.964084,37.5670653]]}},{"type":"Feature","properties":{"class":"major","highway":"trunk_link","sidewalk":"likely","lanes":0,"name":"","oneway":true},"geometry":{"type":"LineString","coordinates":[[126.9437991,37.5373938],[126.943886,37.5377568],[126.9439718,37.5379269],[126.9441367,37.5381874]]}},{"type":"Feature","properties":{"class":"major","highway":"primary","sidewalk":"likely","lanes":5,"name":"마포대로","oneway":true},"geometry":{"type":"LineString","coordinates":[[126.9443681,37.5385475],[126.9439179,37.5382376],[126.9434293,37.5379407],[126.9426057,37.537501]]}},{"type":"Feature","properties":{"class":"major","highway":"trunk_link","sidewalk":"likely","lanes":0,"name":"","oneway":true},"geometry":{"type":"LineString","coordinates":[[126.941418,37.5385061],[126.9411981,37.5386026]]}},{"type":"Feature","properties":{"class":"major","highway":"primary","sidewalk":"likely","lanes":5,"name":"마포대로","oneway":true},"geometry":{"type":"LineString","coordinates":[[126.942698,37.5373249],[126.944037,37.5381231],[126.9441367,37.5381874]]}},{"type":"Feature","properties":{"class":"major","highway":"primary","sidewalk":"likely","lanes":5,"name":"마포대로","oneway":true},"geometry":{"type":"LineString","coordinates":[[126.9497409,37.542379],[126.9490779,37.5419015],[126.9482567,37.5413199],[126.9480067,37.5411451],[126.9469597,37.5404355],[126.9462801,37.5399453],[126.9460878,37.5397871]]}},{"type":"Feature","properties":{"class":"major","highway":"tertiary","sidewalk":"likely","lanes":0,"name":"손기정로","oneway":false},"geometry":{"type":"LineString","coordinates":[[126.9604748,37.5578409],[126.9610504,37.5573756],[126.9615936,37.5569366],[126.961805,37.5567657],[126.9621441,37.5564916],[126.9623585,37.5563183],[126.9627566,37.5559965]]}},{"type":"Feature","properties":{"class":"major","highway":"primary","sidewalk":"likely","lanes":0,"name":"새문안로","oneway":true},"geometry":{"type":"LineString","coordinates":[[126.9670182,37.5663216],[126.9667735,37.5660668],[126.9666872,37.5659741]]}},{"type":"Feature","properties":{"class":"minor","highway":"residential","sidewalk":"unknown","lanes":0,"name":"토정로25안길","oneway":false},"geometry":{"type":"LineString","coordinates":[[126.9403511,37.5443551],[126.9403678,37.5443885],[126.9404335,37.5445016],[126.940574,37.544459]]}},{"type":"Feature","properties":{"class":"minor","highway":"residential","sidewalk":"unknown","lanes":0,"name":"토정로27길","oneway":false},"geometry":{"type":"LineString","coordinates":[[126.9400695,37.5432062],[126.9402498,37.543261]]}},{"type":"Feature","properties":{"class":"minor","highway":"residential","sidewalk":"unknown","lanes":0,"name":"토정로27길","oneway":false},"geometry":{"type":"LineString","coordinates":[[126.940849,37.5418693],[126.9409069,37.5419362],[126.9409499,37.5419757]]}},{"type":"Feature","properties":{"class":"minor","highway":"residential","sidewalk":"unknown","lanes":0,"name":"백범로10길","oneway":false},"geometry":{"type":"LineString","coordinates":[[126.9401497,37.5481448],[126.9399746,37.5482061],[126.9396628,37.5484148],[126.9391896,37.5487315],[126.938871,37.5491196],[126.9389015,37.5491874],[126.9390428,37.5491837],[126.9392121,37.5491774]]}},{"type":"Feature","properties":{"class":"alley","highway":"service","sidewalk":"unknown","lanes":0,"name":"","oneway":false},"geometry":{"type":"LineString","coordinates":[[126.9433103,37.551394],[126.9432702,37.551394],[126.943199,37.5513941],[126.9430228,37.5513292],[126.9427018,37.5511842],[126.9420712,37.5513132],[126.9422203,37.5514336],[126.9424001,37.5515171],[126.9426935,37.5516534]]}},{"type":"Feature","properties":{"class":"alley","highway":"service","sidewalk":"unknown","lanes":0,"name":"","oneway":false},"geometry":{"type":"LineString","coordinates":[[126.9408095,37.5501429],[126.9407299,37.5500845],[126.9405716,37.5499994],[126.9401258,37.5499228],[126.9396677,37.5498442]]}},{"type":"Feature","properties":{"class":"alley","highway":"service","sidewalk":"unknown","lanes":0,"name":"","oneway":false},"geometry":{"type":"LineString","coordinates":[[126.9421024,37.5506976],[126.9420834,37.5507239],[126.9420582,37.5507422],[126.9420156,37.5507519],[126.9419861,37.5507495]]}},{"type":"Feature","properties":{"class":"alley","highway":"service","sidewalk":"unknown","lanes":0,"name":"","oneway":false},"geometry":{"type":"LineString","coordinates":[[126.9407919,37.5478722],[126.9406644,37.5477138],[126.9404426,37.5478342],[126.9405427,37.5479673],[126.9405196,37.5480382],[126.9404472,37.5481005],[126.940381,37.5481249],[126.9403085,37.5481102],[126.9402531,37.5480663]]}},{"type":"Feature","properties":{"class":"alley","highway":"service","sidewalk":"unknown","lanes":0,"name":"","oneway":false},"geometry":{"type":"LineString","coordinates":[[126.9404426,37.5478342],[126.9403272,37.5477171],[126.9402727,37.5477],[126.9402235,37.5477012]]}},{"type":"Feature","properties":{"class":"alley","highway":"service","sidewalk":"unknown","lanes":0,"name":"","oneway":false},"geometry":{"type":"LineString","coordinates":[[126.9406644,37.5477138],[126.9408467,37.5476147]]}},{"type":"Feature","properties":{"class":"alley","highway":"pedestrian","sidewalk":"unknown","lanes":0,"name":"","oneway":false},"geometry":{"type":"LineString","coordinates":[[126.9455972,37.5603239],[126.9456844,37.5602804],[126.9457787,37.5602333],[126.947291,37.5618859],[126.9471809,37.5619436],[126.9470861,37.5619967],[126.9455972,37.5603239]]}},{"type":"Feature","properties":{"class":"alley","highway":"service","sidewalk":"unknown","lanes":0,"name":"백범로","oneway":false},"geometry":{"type":"LineString","coordinates":[[126.9406438,37.549019],[126.9404099,37.5490708],[126.940278,37.5487418],[126.9402282,37.5486691]]}},{"type":"Feature","properties":{"class":"alley","highway":"service","sidewalk":"unknown","lanes":0,"name":"","oneway":false},"geometry":{"type":"LineString","coordinates":[[126.9428319,37.5498998],[126.9428401,37.5498307],[126.9428433,37.5497608],[126.9428498,37.549698]]}},{"type":"Feature","properties":{"class":"alley","highway":"service","sidewalk":"unknown","lanes":0,"name":"","oneway":false},"geometry":{"type":"LineString","coordinates":[[126.9414428,37.5496226],[126.9414504,37.5495522],[126.9414628,37.5494298],[126.9414818,37.5493659]]}},{"type":"Feature","properties":{"class":"alley","highway":"service","sidewalk":"unknown","lanes":0,"name":"","oneway":false},"geometry":{"type":"LineString","coordinates":[[126.9428498,37.549698],[126.942876,37.5495249]]}},{"type":"Feature","properties":{"class":"alley","highway":"service","sidewalk":"unknown","lanes":0,"name":"","oneway":false},"geometry":{"type":"LineString","coordinates":[[126.9414818,37.5493659],[126.9415852,37.5490523]]}},{"type":"Feature","properties":{"class":"alley","highway":"pedestrian","sidewalk":"unknown","lanes":0,"name":"서울로 7017","oneway":false},"geometry":{"type":"LineString","coordinates":[[126.9755763,37.5571282],[126.9752134,37.5569952],[126.9748885,37.5568717],[126.9748308,37.5568477],[126.9744111,37.5567013],[126.9740609,37.5565717],[126.9739089,37.5565395],[126.9737277,37.5565275],[126.9733625,37.5565075],[126.9730757,37.5565423],[126.9720522,37.5566667],[126.9716655,37.5566754],[126.9715112,37.5566806],[126.9711693,37.5566954],[126.97081,37.5566953],[126.9705237,37.556704],[126.9703677,37.5567034],[126.9702072,37.5567028],[126.9698821,37.5567141],[126.9693662,37.5566977],[126.969262,37.5566799],[126.9691916,37.5566586],[126.9691273,37.5566308],[126.9690585,37.5566001],[126.9690108,37.556562],[126.9689518,37.5565216],[126.9688938,37.5564747],[126.9688427,37.556424],[126.9687876,37.5563646],[126.9687125,37.5562767],[126.9683529,37.5558169],[126.9681592,37.5555857],[126.9678985,37.5552755],[126.9677786,37.5551372]]}},{"type":"Feature","properties":{"class":"minor","highway":"residential","sidewalk":"yes","lanes":0,"name":"","oneway":false},"geometry":{"type":"LineString","coordinates":[[126.9686725,37.5646105],[126.9680897,37.564514],[126.9679599,37.564485]]}},{"type":"Feature","properties":{"class":"minor","highway":"residential","sidewalk":"yes","lanes":0,"name":"","oneway":false},"geometry":{"type":"LineString","coordinates":[[126.9674055,37.5652305],[126.9674978,37.5652895],[126.9680835,37.5656854],[126.9684601,37.565895]]}},{"type":"Feature","properties":{"class":"minor","highway":"residential","sidewalk":"unknown","lanes":0,"name":"","oneway":true},"geometry":{"type":"LineString","coordinates":[[126.9633749,37.5466879],[126.9633338,37.5466816],[126.9632971,37.5466655],[126.9632685,37.5466412],[126.9632509,37.5466113],[126.9632457,37.5465786],[126.9632535,37.5465461],[126.9632734,37.5465172],[126.9633036,37.5464945],[126.9633412,37.5464802],[126.9633828,37.5464758],[126.9634241,37.5464819],[126.9634611,37.5464978],[126.9634899,37.546522],[126.9635079,37.5465521],[126.9635132,37.5465851],[126.9635053,37.5466178],[126.9634851,37.546647],[126.9634545,37.5466697],[126.9634165,37.5466838],[126.9633749,37.5466879]]}},{"type":"Feature","properties":{"class":"minor","highway":"residential","sidewalk":"unknown","lanes":0,"name":"마포대로11가길","oneway":false},"geometry":{"type":"LineString","coordinates":[[126.9494595,37.5488178],[126.9495016,37.5485822],[126.9496164,37.548199],[126.9497326,37.5477411],[126.9493322,37.54773]]}},{"type":"Feature","properties":{"class":"alley","highway":"service","sidewalk":"unknown","lanes":0,"name":"","oneway":false},"geometry":{"type":"LineString","coordinates":[[126.9662868,37.5419273],[126.9654007,37.5420761],[126.9653236,37.5421104],[126.9650833,37.5422176],[126.9652409,37.5429944],[126.9653559,37.5429922],[126.9654232,37.5433375],[126.9654575,37.5435017]]}},{"type":"Feature","properties":{"class":"alley","highway":"service","sidewalk":"unknown","lanes":0,"name":"","oneway":false},"geometry":{"type":"LineString","coordinates":[[126.9663418,37.542611],[126.9663554,37.5425606],[126.9663428,37.5424955],[126.9662868,37.5419273]]}},{"type":"Feature","properties":{"class":"minor","highway":"residential","sidewalk":"unknown","lanes":0,"name":"고산길","oneway":false},"geometry":{"type":"LineString","coordinates":[[126.9442202,37.5546767],[126.9447028,37.5544856],[126.9450973,37.5544225],[126.9452832,37.5543928],[126.9453756,37.5543797],[126.945711,37.5543893],[126.9459031,37.5543452]]}},{"type":"Feature","properties":{"class":"alley","highway":"service","sidewalk":"unknown","lanes":0,"name":"","oneway":false},"geometry":{"type":"LineString","coordinates":[[126.9458189,37.5630246],[126.9460057,37.5627044],[126.9461088,37.5623084],[126.946505,37.5623611],[126.9468733,37.5621944]]}},{"type":"Feature","properties":{"class":"major","highway":"secondary","sidewalk":"likely","lanes":0,"name":"신촌역로","oneway":false},"geometry":{"type":"LineString","coordinates":[[126.9403886,37.5591234],[126.9408797,37.5591263],[126.941214,37.559129],[126.9416043,37.5591355],[126.9419895,37.5591418]]}},{"type":"Feature","properties":{"class":"minor","highway":"residential","sidewalk":"unknown","lanes":0,"name":"대흥로24길","oneway":false},"geometry":{"type":"LineString","coordinates":[[126.9465802,37.5543195],[126.9467978,37.5543291],[126.9469545,37.5543349],[126.9471325,37.5543399],[126.9474927,37.5543738],[126.9477523,37.5544243],[126.9479306,37.5544892],[126.9481475,37.55458],[126.9483315,37.5546649],[126.9484836,37.5547785],[126.9486089,37.5548941],[126.9488343,37.5551791],[126.9489931,37.5553811],[126.9491121,37.5555066],[126.9493439,37.5557043],[126.9496711,37.5559212],[126.9498445,37.556026]]}},{"type":"Feature","properties":{"class":"minor","highway":"residential","sidewalk":"unknown","lanes":0,"name":"대흥로24길","oneway":false},"geometry":{"type":"LineString","coordinates":[[126.9485877,37.5550548],[126.9487274,37.555216],[126.9488613,37.5553704]]}},{"type":"Feature","properties":{"class":"major","highway":"primary","sidewalk":"likely","lanes":0,"name":"성산로","oneway":true},"geometry":{"type":"LineString","coordinates":[[126.9393424,37.5600204],[126.939466,37.5600264],[126.9396425,37.5600365],[126.9397007,37.5600442],[126.9397538,37.5600559],[126.9400086,37.560135],[126.940236,37.5602223]]}},{"type":"Feature","properties":{"class":"major","highway":"secondary","sidewalk":"likely","lanes":0,"name":"신촌역로","oneway":true},"geometry":{"type":"LineString","coordinates":[[126.9428221,37.5586141],[126.9428215,37.5586628],[126.9427966,37.5589662]]}},{"type":"Feature","properties":{"class":"major","highway":"secondary","sidewalk":"likely","lanes":0,"name":"신촌역로","oneway":true},"geometry":{"type":"LineString","coordinates":[[126.9427303,37.5586125],[126.9427413,37.5584475],[126.9427812,37.5579006],[126.9427851,37.5578364],[126.9427803,37.5577076],[126.9427995,37.5571686],[126.94282,37.5568614],[126.9428273,37.5566747]]}},{"type":"Feature","properties":{"class":"major","highway":"secondary","sidewalk":"likely","lanes":0,"name":"신촌역로","oneway":true},"geometry":{"type":"LineString","coordinates":[[126.9419895,37.5591418],[126.9420906,37.5591105],[126.942155,37.5590987],[126.94221,37.5590659],[126.9424056,37.5589443],[126.9424625,37.558917],[126.9425216,37.5589016]]}},{"type":"Feature","properties":{"class":"major","highway":"tertiary","sidewalk":"likely","lanes":0,"name":"이화여대길","oneway":true},"geometry":{"type":"LineString","coordinates":[[126.9456887,37.559188],[126.9445376,37.5591632],[126.9444809,37.559162],[126.9436416,37.5591439]]}},{"type":"Feature","properties":{"class":"major","highway":"primary_link","sidewalk":"likely","lanes":0,"name":"","oneway":true},"geometry":{"type":"LineString","coordinates":[[126.9403846,37.5598803],[126.9404513,37.5600271],[126.9404602,37.5600555],[126.9404758,37.5600846],[126.9404948,37.5601174],[126.9405126,37.5601425],[126.9406529,37.5603407],[126.9407974,37.560517]]}},{"type":"Feature","properties":{"class":"major","highway":"primary","sidewalk":"likely","lanes":0,"name":"충정로","oneway":true},"geometry":{"type":"LineString","coordinates":[[126.9652318,37.5640557],[126.964691,37.5632524],[126.9642436,37.562588],[126.9642022,37.5625265]]}},{"type":"Feature","properties":{"class":"major","highway":"primary","sidewalk":"likely","lanes":0,"name":"충정로","oneway":true},"geometry":{"type":"LineString","coordinates":[[126.966295,37.5655361],[126.9659453,37.5650257],[126.9658446,37.5648905],[126.9656853,37.5646766],[126.9655101,37.5644339],[126.9653087,37.5641692],[126.9652318,37.5640557]]}},{"type":"Feature","properties":{"class":"major","highway":"primary","sidewalk":"likely","lanes":0,"name":"충정로","oneway":true},"geometry":{"type":"LineString","coordinates":[[126.964093,37.5623618],[126.9639394,37.5621323]]}},{"type":"Feature","properties":{"class":"major","highway":"primary","sidewalk":"likely","lanes":0,"name":"충정로","oneway":true},"geometry":{"type":"LineString","coordinates":[[126.9642022,37.5625265],[126.964093,37.5623618]]}},{"type":"Feature","properties":{"class":"major","highway":"primary","sidewalk":"likely","lanes":0,"name":"충정로","oneway":true},"geometry":{"type":"LineString","coordinates":[[126.9644373,37.5625385],[126.9645685,37.5627335],[126.9655027,37.5641215]]}},{"type":"Feature","properties":{"class":"major","highway":"primary","sidewalk":"likely","lanes":0,"name":"충정로","oneway":true},"geometry":{"type":"LineString","coordinates":[[126.9643231,37.5623565],[126.9644373,37.5625385]]}},{"type":"Feature","properties":{"class":"major","highway":"primary","sidewalk":"likely","lanes":0,"name":"충정로","oneway":true},"geometry":{"type":"LineString","coordinates":[[126.9627751,37.5598935],[126.9629704,37.5601649],[126.9633567,37.5607416],[126.9635509,37.5610581],[126.9635729,37.561098],[126.9637287,37.5613797],[126.9641229,37.5620645],[126.9642966,37.5623151],[126.9643231,37.5623565]]}},{"type":"Feature","properties":{"class":"major","highway":"primary","sidewalk":"likely","lanes":0,"name":"서소문로","oneway":true},"geometry":{"type":"LineString","coordinates":[[126.9630746,37.559312],[126.9623499,37.5593325],[126.9621291,37.5593224],[126.9618672,37.5592599],[126.961545,37.5590831]]}},{"type":"Feature","properties":{"class":"major","highway":"primary","sidewalk":"likely","lanes":0,"name":"신촌로","oneway":true},"geometry":{"type":"LineString","coordinates":[[126.9615265,37.5588336],[126.9618526,37.5591156],[126.9621291,37.5593224]]}},{"type":"Feature","properties":{"class":"major","highway":"primary","sidewalk":"likely","lanes":0,"name":"신촌로","oneway":true},"geometry":{"type":"LineString","coordinates":[[126.9594848,37.5571695],[126.9603977,37.5579049],[126.9615265,37.5588336]]}},{"type":"Feature","properties":{"class":"major","highway":"primary","sidewalk":"likely","lanes":3,"name":"서소문로","oneway":true},"geometry":{"type":"LineString","coordinates":[[126.9615265,37.5588336],[126.9618594,37.5589674],[126.962064,37.5590291],[126.9621462,37.5590458],[126.9627603,37.5591247],[126.9630742,37.5591369],[126.9633011,37.5591485]]}},{"type":"Feature","properties":{"class":"major","highway":"primary","sidewalk":"likely","lanes":0,"name":"신촌로","oneway":true},"geometry":{"type":"LineString","coordinates":[[126.9597016,37.5576097],[126.9595927,37.5575624],[126.9591515,37.557369],[126.9590146,37.5573456],[126.9589136,37.557335],[126.9588705,37.557333],[126.958816,37.5573304],[126.9586629,37.55733],[126.958491,37.5573412],[126.9575917,37.5573997],[126.9568327,37.557449],[126.9564306,37.5574752],[126.9562089,37.5574896]]}},{"type":"Feature","properties":{"class":"minor","highway":"unclassified","sidewalk":"unknown","lanes":0,"name":"","oneway":true},"geometry":{"type":"LineString","coordinates":[[126.9455414,37.5600279],[126.9455047,37.5600311],[126.9454688,37.5600246],[126.9454375,37.5600092],[126.9454143,37.5599865],[126.9454017,37.559959],[126.9454011,37.5599298],[126.9454125,37.559902],[126.9454348,37.5598788],[126.9454655,37.5598625],[126.9455011,37.5598551],[126.9455379,37.5598574],[126.945571,37.5598686],[126.9455978,37.5598877],[126.9456156,37.5599126],[126.9456224,37.5599406],[126.9456175,37.5599689],[126.945601,37.559995],[126.9455747,37.5600155],[126.9455414,37.5600279]]}},{"type":"Feature","properties":{"class":"minor","highway":"unclassified","sidewalk":"unknown","lanes":0,"name":"","oneway":false},"geometry":{"type":"LineString","coordinates":[[126.9455379,37.5598574],[126.9456887,37.559188]]}},{"type":"Feature","properties":{"class":"minor","highway":"unclassified","sidewalk":"unknown","lanes":0,"name":"","oneway":false},"geometry":{"type":"LineString","coordinates":[[126.9455047,37.5600311],[126.9454221,37.560084],[126.9437091,37.5600653],[126.9434809,37.560083],[126.9433591,37.5601628]]}},{"type":"Feature","properties":{"class":"minor","highway":"residential","sidewalk":"unknown","lanes":0,"name":"","oneway":false},"geometry":{"type":"LineString","coordinates":[[126.9433591,37.5601628],[126.9433041,37.5613591],[126.9429325,37.5616848]]}},{"type":"Feature","properties":{"class":"minor","highway":"residential","sidewalk":"unknown","lanes":0,"name":"","oneway":false},"geometry":{"type":"LineString","coordinates":[[126.9429325,37.5616848],[126.942067,37.5610064],[126.9413724,37.5604851]]}},{"type":"Feature","properties":{"class":"minor","highway":"residential","sidewalk":"unknown","lanes":0,"name":"","oneway":false},"geometry":{"type":"LineString","coordinates":[[126.942067,37.5610064],[126.9416334,37.5613316],[126.9415888,37.5613649]]}},{"type":"Feature","properties":{"class":"major","highway":"secondary","sidewalk":"likely","lanes":0,"name":"신촌기차역","oneway":false},"geometry":{"type":"LineString","coordinates":[[126.9425417,37.5588899],[126.9425771,37.5588765],[126.9426155,37.5588698],[126.9426549,37.5588702],[126.942693,37.5588778],[126.942728,37.5588921],[126.9427579,37.5589123],[126.9427812,37.5589375],[126.9427966,37.5589662],[126.9428034,37.5589978],[126.9428006,37.5590298],[126.9427883,37.5590604],[126.9427674,37.5590879],[126.9427427,37.5591082],[126.9427111,37.5591249],[126.942648,37.5591394],[126.942605,37.5591382],[126.9425638,37.5591285],[126.9425269,37.5591109],[126.9424968,37.5590866],[126.9424753,37.5590571],[126.9424637,37.5590243],[126.9424628,37.5589902],[126.9424727,37.558957],[126.9424927,37.5589269],[126.9425216,37.5589016]]}},{"type":"Feature","properties":{"class":"major","highway":"secondary","sidewalk":"likely","lanes":0,"name":"신촌역로","oneway":true},"geometry":{"type":"LineString","coordinates":[[126.9425417,37.5588899],[126.9426813,37.5587164],[126.9427154,37.5586755],[126.9427303,37.5586125]]}},{"type":"Feature","properties":{"class":"alley","highway":"service","sidewalk":"unknown","lanes":0,"name":"청파로93길","oneway":false},"geometry":{"type":"LineString","coordinates":[[126.966241,37.5534951],[126.9664556,37.5535266],[126.966442,37.5536303]]}},{"type":"Feature","properties":{"class":"alley","highway":"service","sidewalk":"unknown","lanes":0,"name":"청파로93길","oneway":false},"geometry":{"type":"LineString","coordinates":[[126.9664556,37.5535266],[126.9664917,37.5534569]]}},{"type":"Feature","properties":{"class":"minor","highway":"residential","sidewalk":"unknown","lanes":0,"name":"청파로89길","oneway":false},"geometry":{"type":"LineString","coordinates":[[126.966305,37.5529284],[126.9667801,37.5529369]]}},{"type":"Feature","properties":{"class":"alley","highway":"service","sidewalk":"unknown","lanes":0,"name":"청파로93길","oneway":false},"geometry":{"type":"LineString","coordinates":[[126.9672695,37.5542985],[126.9672941,37.5541522],[126.9671251,37.5541246]]}},{"type":"Feature","properties":{"class":"alley","highway":"service","sidewalk":"unknown","lanes":0,"name":"청파로95길","oneway":false},"geometry":{"type":"LineString","coordinates":[[126.9679687,37.5546863],[126.9680446,37.5548107]]}},{"type":"Feature","properties":{"class":"alley","highway":"service","sidewalk":"unknown","lanes":0,"name":"만리재로40길","oneway":false},"geometry":{"type":"LineString","coordinates":[[126.9679687,37.5546863],[126.9680721,37.5546517],[126.9683059,37.554573],[126.9683829,37.5545993],[126.9685594,37.5545856],[126.9685532,37.5545523],[126.968633,37.5545095],[126.9686465,37.5544747],[126.9686448,37.5543513]]}},{"type":"Feature","properties":{"class":"major","highway":"primary","sidewalk":"likely","lanes":6,"name":"원효로","oneway":false},"geometry":{"type":"LineString","coordinates":[[126.9656823,37.5376919],[126.9658872,37.5377918],[126.9660716,37.5378773],[126.966365,37.5380132]]}},{"type":"Feature","properties":{"class":"minor","highway":"residential","sidewalk":"unknown","lanes":0,"name":"효창원로39길","oneway":false},"geometry":{"type":"LineString","coordinates":[[126.9592091,37.5380025],[126.9590874,37.5376238],[126.9590093,37.5374591],[126.9588889,37.5372053],[126.9588189,37.5370868]]}},{"type":"Feature","properties":{"class":"minor","highway":"residential","sidewalk":"unknown","lanes":0,"name":"효창원로25다길","oneway":false},"geometry":{"type":"LineString","coordinates":[[126.9572996,37.5380001],[126.9574127,37.5381771],[126.9575656,37.5384133],[126.9576566,37.5385535],[126.9573344,37.5386529],[126.957014,37.5381515],[126.9570105,37.5381332],[126.9570119,37.5381162],[126.9570235,37.5381017],[126.9572996,37.5380001]]}},{"type":"Feature","properties":{"class":"minor","highway":"residential","sidewalk":"unknown","lanes":0,"name":"새창로20가길","oneway":false},"geometry":{"type":"LineString","coordinates":[[126.9593909,37.5383497],[126.9596525,37.537947],[126.9597521,37.5377931]]}},{"type":"Feature","properties":{"class":"minor","highway":"residential","sidewalk":"unknown","lanes":0,"name":"새창로14길","oneway":false},"geometry":{"type":"LineString","coordinates":[[126.9593286,37.5378161],[126.9596525,37.537947],[126.9600006,37.5380795]]}},{"type":"Feature","properties":{"class":"alley","highway":"service","sidewalk":"unknown","lanes":0,"name":"청파로85길","oneway":false},"geometry":{"type":"LineString","coordinates":[[126.966678,37.5527183],[126.9666592,37.5525904],[126.9666243,37.5525904],[126.9666056,37.5523948],[126.9664714,37.5524033]]}},{"type":"Feature","properties":{"class":"major","highway":"secondary","sidewalk":"likely","lanes":0,"name":"신촌역로","oneway":true},"geometry":{"type":"LineString","coordinates":[[126.9403846,37.5598803],[126.9403935,37.5599617],[126.9403894,37.5599935],[126.9403815,37.5600293],[126.9403606,37.5600692],[126.9403308,37.5601096],[126.940236,37.5602223],[126.9401784,37.5603005],[126.9401265,37.5603672]]}},{"type":"Feature","properties":{"class":"major","highway":"primary_link","sidewalk":"likely","lanes":0,"name":"","oneway":true},"geometry":{"type":"LineString","coordinates":[[126.9409536,37.5602416],[126.9408618,37.5602714],[126.9408339,37.5602826],[126.9408097,37.5603021],[126.9407956,37.5603194],[126.9407817,37.5603405],[126.9407748,37.5603937],[126.9407974,37.560517]]}},{"type":"Feature","properties":{"class":"major","highway":"primary_link","sidewalk":"likely","lanes":0,"name":"","oneway":true},"geometry":{"type":"LineString","coordinates":[[126.9404948,37.5601174],[126.9405484,37.5601498],[126.9406156,37.5602006],[126.9406702,37.5602241],[126.940709,37.5602364],[126.9407453,37.5602428],[126.940814,37.5602476],[126.9409536,37.5602416]]}},{"type":"Feature","properties":{"class":"alley","highway":"service","sidewalk":"unknown","lanes":0,"name":"","oneway":false},"geometry":{"type":"LineString","coordinates":[[126.9683617,37.5578876],[126.9680767,37.5580214],[126.9678657,37.5581177]]}},{"type":"Feature","properties":{"class":"alley","highway":"service","sidewalk":"unknown","lanes":0,"name":"","oneway":false},"geometry":{"type":"LineString","coordinates":[[126.968,37.5581684],[126.9681215,37.5581177],[126.9680767,37.5580214]]}},{"type":"Feature","properties":{"class":"minor","highway":"residential","sidewalk":"unknown","lanes":0,"name":"만리재로7길","oneway":false},"geometry":{"type":"LineString","coordinates":[[126.9584626,37.5494935],[126.9585952,37.5493351],[126.9585986,37.549242],[126.958594,37.5492151],[126.9585795,37.5491294],[126.9585696,37.5488571],[126.958569,37.548742]]}},{"type":"Feature","properties":{"class":"minor","highway":"residential","sidewalk":"unknown","lanes":0,"name":"만리재옛8길","oneway":false},"geometry":{"type":"LineString","coordinates":[[126.958569,37.548742],[126.9588071,37.5486862],[126.9588678,37.5486024],[126.958829,37.5485471]]}},{"type":"Feature","properties":{"class":"major","highway":"tertiary","sidewalk":"likely","lanes":0,"name":"토정로32길","oneway":false},"geometry":{"type":"LineString","coordinates":[[126.9414706,37.5407823],[126.9415135,37.5408178],[126.9418467,37.5411524]]}},{"type":"Feature","properties":{"class":"alley","highway":"service","sidewalk":"unknown","lanes":0,"name":"","oneway":false},"geometry":{"type":"LineString","coordinates":[[126.9632935,37.5462472],[126.9633901,37.5462047],[126.9637752,37.5462349],[126.964196,37.5462679],[126.9647441,37.5463109],[126.9653233,37.5463563]]}},{"type":"Feature","properties":{"class":"alley","highway":"service","sidewalk":"unknown","lanes":0,"name":"","oneway":false},"geometry":{"type":"LineString","coordinates":[[126.9637752,37.5462349],[126.963846,37.5457538],[126.9640411,37.5457688],[126.9645623,37.545809],[126.9647924,37.5458267],[126.9650793,37.5458489],[126.9653434,37.5458839]]}},{"type":"Feature","properties":{"class":"alley","highway":"service","sidewalk":"unknown","lanes":0,"name":"","oneway":false},"geometry":{"type":"LineString","coordinates":[[126.963846,37.5457538],[126.9637347,37.5457429]]}},{"type":"Feature","properties":{"class":"alley","highway":"service","sidewalk":"unknown","lanes":0,"name":"","oneway":false},"geometry":{"type":"LineString","coordinates":[[126.9647441,37.5463109],[126.9647924,37.5458267],[126.9648278,37.5454712],[126.9648473,37.5452754],[126.9648582,37.5451661]]}},{"type":"Feature","properties":{"class":"alley","highway":"service","sidewalk":"unknown","lanes":0,"name":"","oneway":false},"geometry":{"type":"LineString","coordinates":[[126.9646873,37.5454668],[126.9648278,37.5454712]]}},{"type":"Feature","properties":{"class":"alley","highway":"service","sidewalk":"unknown","lanes":0,"name":"","oneway":false},"geometry":{"type":"LineString","coordinates":[[126.9641699,37.5464882],[126.9641634,37.5465434],[126.9644477,37.5465562],[126.9644151,37.5465923]]}},{"type":"Feature","properties":{"class":"alley","highway":"service","sidewalk":"unknown","lanes":0,"name":"수련교수회관-행파관","oneway":false},"geometry":{"type":"LineString","coordinates":[[126.9644477,37.5465562],[126.9645854,37.5465635]]}},{"type":"Feature","properties":{"class":"alley","highway":"service","sidewalk":"unknown","lanes":0,"name":"","oneway":false},"geometry":{"type":"LineString","coordinates":[[126.9648601,37.5451372],[126.9648716,37.5448804]]}},{"type":"Feature","properties":{"class":"alley","highway":"service","sidewalk":"unknown","lanes":0,"name":"","oneway":true},"geometry":{"type":"LineString","coordinates":[[126.941988,37.5620485],[126.9419302,37.5620038],[126.9416395,37.5617598],[126.9415153,37.5616691],[126.9410764,37.5613489],[126.9408262,37.5611663],[126.9407649,37.5610842],[126.9407983,37.5610233],[126.9408528,37.5609209]]}},{"type":"Feature","properties":{"class":"alley","highway":"service","sidewalk":"unknown","lanes":0,"name":"","oneway":false},"geometry":{"type":"LineString","coordinates":[[126.9650793,37.5458489],[126.9650644,37.5456371]]}},{"type":"Feature","properties":{"class":"alley","highway":"service","sidewalk":"unknown","lanes":0,"name":"","oneway":false},"geometry":{"type":"LineString","coordinates":[[126.9647441,37.5463109],[126.964737,37.5463539]]}},{"type":"Feature","properties":{"class":"alley","highway":"service","sidewalk":"unknown","lanes":0,"name":"","oneway":false},"geometry":{"type":"LineString","coordinates":[[126.9640411,37.5457688],[126.9640911,37.5453538],[126.9640235,37.5453465]]}},{"type":"Feature","properties":{"class":"alley","highway":"service","sidewalk":"unknown","lanes":0,"name":"","oneway":false},"geometry":{"type":"LineString","coordinates":[[126.963846,37.5457538],[126.9638319,37.5456886]]}},{"type":"Feature","properties":{"class":"alley","highway":"service","sidewalk":"unknown","lanes":0,"name":"","oneway":false},"geometry":{"type":"LineString","coordinates":[[126.9645623,37.545809],[126.9645927,37.5455912]]}},{"type":"Feature","properties":{"class":"alley","highway":"service","sidewalk":"unknown","lanes":0,"name":"","oneway":false},"geometry":{"type":"LineString","coordinates":[[126.9648278,37.5454712],[126.9649566,37.5454684]]}},{"type":"Feature","properties":{"class":"alley","highway":"service","sidewalk":"unknown","lanes":0,"name":"","oneway":false},"geometry":{"type":"LineString","coordinates":[[126.9648473,37.5452754],[126.964961,37.5453035]]}},{"type":"Feature","properties":{"class":"major","highway":"primary_link","sidewalk":"likely","lanes":0,"name":"","oneway":true},"geometry":{"type":"LineString","coordinates":[[126.9672164,37.5655014],[126.9671497,37.5656393],[126.9671229,37.5657116],[126.9671121,37.5657754],[126.967105,37.5658328],[126.9671063,37.5658755],[126.9671068,37.5658944],[126.9671255,37.5659625],[126.9672114,37.5661708],[126.9672471,37.5662905]]}},{"type":"Feature","properties":{"class":"minor","highway":"residential","sidewalk":"unknown","lanes":0,"name":"","oneway":false},"geometry":{"type":"LineString","coordinates":[[126.9531831,37.558922],[126.9531868,37.5591145],[126.9531399,37.5591823],[126.952509,37.5596276]]}},{"type":"Feature","properties":{"class":"minor","highway":"residential","sidewalk":"unknown","lanes":0,"name":"신촌로29나길","oneway":false},"geometry":{"type":"LineString","coordinates":[[126.9519151,37.5577046],[126.9509201,37.5576274]]}},{"type":"Feature","properties":{"class":"minor","highway":"residential","sidewalk":"unknown","lanes":0,"name":"신촌로27길","oneway":false},"geometry":{"type":"LineString","coordinates":[[126.9509533,37.557164],[126.9509308,37.557478],[126.9509201,37.5576274]]}},{"type":"Feature","properties":{"class":"minor","highway":"residential","sidewalk":"unknown","lanes":0,"name":"신촌로27길","oneway":false},"geometry":{"type":"LineString","coordinates":[[126.9509201,37.5576274],[126.9498614,37.557576],[126.9489176,37.5575388],[126.9487864,37.5575479]]}},{"type":"Feature","properties":{"class":"minor","highway":"residential","sidewalk":"unknown","lanes":0,"name":"굴레방로5길","oneway":false},"geometry":{"type":"LineString","coordinates":[[126.9551463,37.5553319],[126.9553003,37.555345],[126.9558171,37.5555282]]}},{"type":"Feature","properties":{"class":"minor","highway":"residential","sidewalk":"unknown","lanes":0,"name":"","oneway":false},"geometry":{"type":"LineString","coordinates":[[126.9517943,37.5524213],[126.9518027,37.5525672],[126.9518018,37.5529121],[126.9518423,37.5530902],[126.9519113,37.5533241],[126.9519301,37.5534165],[126.9519829,37.5536064],[126.952017,37.5537039],[126.9520526,37.5537659],[126.9521744,37.5539789],[126.9522183,37.554026],[126.9522526,37.5540628],[126.9524017,37.5542227],[126.9524267,37.5542384],[126.9526663,37.5543895],[126.9527757,37.5544435],[126.9528676,37.5544781],[126.9529133,37.5544931],[126.9534629,37.5546729]]}},{"type":"Feature","properties":{"class":"alley","highway":"service","sidewalk":"unknown","lanes":0,"name":"","oneway":false},"geometry":{"type":"LineString","coordinates":[[126.9497957,37.549485],[126.9498027,37.5494293]]}},{"type":"Feature","properties":{"class":"alley","highway":"service","sidewalk":"unknown","lanes":0,"name":"","oneway":false},"geometry":{"type":"LineString","coordinates":[[126.9496876,37.5489374],[126.9499058,37.5490114],[126.9501281,37.5490307],[126.9503905,37.5490535],[126.9504877,37.5490619]]}},{"type":"Feature","properties":{"class":"minor","highway":"residential","sidewalk":"unknown","lanes":0,"name":"신촌로33길","oneway":false},"geometry":{"type":"LineString","coordinates":[[126.9543988,37.5578458],[126.9552604,37.5578961],[126.95532,37.5578996]]}},{"type":"Feature","properties":{"class":"alley","highway":"service","sidewalk":"unknown","lanes":0,"name":"","oneway":false},"geometry":{"type":"LineString","coordinates":[[126.9501912,37.5461464],[126.9502822,37.5462746],[126.9504831,37.5465452],[126.9504723,37.5465853],[126.9504543,37.5466184],[126.9498792,37.5469443],[126.9498681,37.5469958],[126.9502304,37.5473141],[126.9505016,37.5471866]]}},{"type":"Feature","properties":{"class":"alley","highway":"service","sidewalk":"unknown","lanes":0,"name":"","oneway":false},"geometry":{"type":"LineString","coordinates":[[126.9482976,37.5501217],[126.9482344,37.55002],[126.9481776,37.5499287]]}},{"type":"Feature","properties":{"class":"minor","highway":"residential","sidewalk":"unknown","lanes":0,"name":"","oneway":false},"geometry":{"type":"LineString","coordinates":[[126.9672761,37.5536631],[126.9677268,37.5537671],[126.9677405,37.5540832]]}},{"type":"Feature","properties":{"class":"alley","highway":"service","sidewalk":"unknown","lanes":0,"name":"효창원로95길","oneway":false},"geometry":{"type":"LineString","coordinates":[[126.9630459,37.5486769],[126.9630474,37.5488348]]}},{"type":"Feature","properties":{"class":"minor","highway":"residential","sidewalk":"unknown","lanes":0,"name":"만리재로12나길","oneway":false},"geometry":{"type":"LineString","coordinates":[[126.961666,37.5492516],[126.9618001,37.5494811]]}},{"type":"Feature","properties":{"class":"minor","highway":"residential","sidewalk":"unknown","lanes":0,"name":"만리재로10길","oneway":false},"geometry":{"type":"LineString","coordinates":[[126.9600554,37.548932],[126.9602638,37.5490366]]}},{"type":"Feature","properties":{"class":"alley","highway":"service","sidewalk":"unknown","lanes":0,"name":"백범로","oneway":false},"geometry":{"type":"LineString","coordinates":[[126.9595606,37.5396911],[126.9595658,37.5396522],[126.9595941,37.5396202],[126.960779,37.5393501],[126.9608235,37.5393483],[126.9608599,37.5393679],[126.9608986,37.5394204]]}},{"type":"Feature","properties":{"class":"minor","highway":"residential","sidewalk":"unknown","lanes":0,"name":"백범로","oneway":false},"geometry":{"type":"LineString","coordinates":[[126.9568438,37.5403604],[126.9569899,37.5404079],[126.9575263,37.5406148],[126.9575502,37.540633],[126.9576056,37.5407148]]}},{"type":"Feature","properties":{"class":"minor","highway":"residential","sidewalk":"unknown","lanes":0,"name":"백범교/백범로","oneway":false},"geometry":{"type":"LineString","coordinates":[[126.9563881,37.5401927],[126.9568438,37.5403604]]}},{"type":"Feature","properties":{"class":"alley","highway":"service","sidewalk":"unknown","lanes":0,"name":"","oneway":false},"geometry":{"type":"LineString","coordinates":[[126.9590959,37.5398807],[126.9595606,37.5396911]]}},{"type":"Feature","properties":{"class":"alley","highway":"service","sidewalk":"unknown","lanes":0,"name":"","oneway":false},"geometry":{"type":"LineString","coordinates":[[126.9588911,37.5399808],[126.9590959,37.5398807]]}},{"type":"Feature","properties":{"class":"minor","highway":"residential","sidewalk":"unknown","lanes":0,"name":"북아현로10길","oneway":false},"geometry":{"type":"LineString","coordinates":[[126.9568768,37.5620652],[126.9570553,37.5620845]]}},{"type":"Feature","properties":{"class":"minor","highway":"residential","sidewalk":"unknown","lanes":0,"name":"","oneway":false},"geometry":{"type":"LineString","coordinates":[[126.9532371,37.5657287],[126.9526809,37.5657835]]}},{"type":"Feature","properties":{"class":"minor","highway":"residential","sidewalk":"unknown","lanes":0,"name":"충정로11길","oneway":false},"geometry":{"type":"LineString","coordinates":[[126.9655176,37.5658526],[126.9655709,37.5655539]]}},{"type":"Feature","properties":{"class":"minor","highway":"residential","sidewalk":"unknown","lanes":0,"name":"충정로","oneway":false},"geometry":{"type":"LineString","coordinates":[[126.9658425,37.5656146],[126.9658743,37.565253],[126.9658872,37.5651065],[126.9659453,37.5650257]]}},{"type":"Feature","properties":{"class":"minor","highway":"residential","sidewalk":"unknown","lanes":0,"name":"충정로7길","oneway":false},"geometry":{"type":"LineString","coordinates":[[126.9642308,37.5635283],[126.9642245,37.5633727]]}},{"type":"Feature","properties":{"class":"minor","highway":"residential","sidewalk":"unknown","lanes":0,"name":"충정로","oneway":false},"geometry":{"type":"LineString","coordinates":[[126.9631508,37.5608162],[126.9630142,37.5608277],[126.9626145,37.5608615],[126.9624997,37.5609237]]}},{"type":"Feature","properties":{"class":"minor","highway":"residential","sidewalk":"unknown","lanes":0,"name":"북아현로4마길","oneway":false},"geometry":{"type":"LineString","coordinates":[[126.9596795,37.5593465],[126.9601477,37.5591817],[126.9602831,37.559134]]}},{"type":"Feature","properties":{"class":"minor","highway":"residential","sidewalk":"unknown","lanes":0,"name":"북아현로4길","oneway":false},"geometry":{"type":"LineString","coordinates":[[126.9595527,37.5606011],[126.9599178,37.5604802]]}},{"type":"Feature","properties":{"class":"minor","highway":"residential","sidewalk":"unknown","lanes":0,"name":"북아현로2안길","oneway":false},"geometry":{"type":"LineString","coordinates":[[126.9568733,37.5578571],[126.9569656,37.5582214],[126.9570441,37.5585313]]}},{"type":"Feature","properties":{"class":"minor","highway":"residential","sidewalk":"unknown","lanes":0,"name":"신촌로27안길","oneway":false},"geometry":{"type":"LineString","coordinates":[[126.9497989,37.5573835],[126.9498466,37.557404],[126.9498475,37.5574639],[126.9498614,37.557576]]}},{"type":"Feature","properties":{"class":"alley","highway":"service","sidewalk":"unknown","lanes":0,"name":"연대동문길","oneway":false},"geometry":{"type":"LineString","coordinates":[[126.9444435,37.5646261],[126.9450388,37.5652342],[126.9453402,37.5655362],[126.9455611,37.5654232]]}},{"type":"Feature","properties":{"class":"minor","highway":"residential","sidewalk":"unknown","lanes":0,"name":"삼개로","oneway":false},"geometry":{"type":"LineString","coordinates":[[126.9474502,37.5385855],[126.9476777,37.538573]]}},{"type":"Feature","properties":{"class":"minor","highway":"residential","sidewalk":"unknown","lanes":0,"name":"삼개로5안길","oneway":false},"geometry":{"type":"LineString","coordinates":[[126.9482045,37.5380387],[126.9483026,37.5380331]]}},{"type":"Feature","properties":{"class":"minor","highway":"residential","sidewalk":"unknown","lanes":0,"name":"","oneway":false},"geometry":{"type":"LineString","coordinates":[[126.9534629,37.5546729],[126.9540581,37.5548906],[126.9545249,37.5550614],[126.9551463,37.5553319]]}},{"type":"Feature","properties":{"class":"minor","highway":"residential","sidewalk":"unknown","lanes":0,"name":"마포대로11길","oneway":false},"geometry":{"type":"LineString","coordinates":[[126.9528402,37.5496562],[126.9527271,37.549543],[126.9523096,37.5493145],[126.9516792,37.5492484]]}},{"type":"Feature","properties":{"class":"minor","highway":"residential","sidewalk":"unknown","lanes":0,"name":"마포대로18길","oneway":false},"geometry":{"type":"LineString","coordinates":[[126.9564571,37.5512883],[126.9566242,37.5516682],[126.9567157,37.5518477],[126.9569241,37.5522569]]}},{"type":"Feature","properties":{"class":"minor","highway":"residential","sidewalk":"unknown","lanes":0,"name":"임정로19길","oneway":false},"geometry":{"type":"LineString","coordinates":[[126.9569417,37.5447196],[126.9567012,37.5441606]]}},{"type":"Feature","properties":{"class":"major","highway":"tertiary","sidewalk":"likely","lanes":0,"name":"새창로","oneway":false},"geometry":{"type":"LineString","coordinates":[[126.9516988,37.5425779],[126.9513712,37.5421612]]}},{"type":"Feature","properties":{"class":"alley","highway":"living_street","sidewalk":"unknown","lanes":0,"name":"새창로4라길","oneway":false},"geometry":{"type":"LineString","coordinates":[[126.9516267,37.5407951],[126.9518404,37.5408753]]}},{"type":"Feature","properties":{"class":"alley","highway":"living_street","sidewalk":"unknown","lanes":0,"name":"새창로6길","oneway":false},"geometry":{"type":"LineString","coordinates":[[126.9517833,37.5404589],[126.9515293,37.5406498],[126.951481,37.5407306],[126.9516267,37.5407951]]}},{"type":"Feature","properties":{"class":"minor","highway":"residential","sidewalk":"unknown","lanes":0,"name":"도화길","oneway":false},"geometry":{"type":"LineString","coordinates":[[126.949512,37.5415341],[126.9498541,37.5412476]]}},{"type":"Feature","properties":{"class":"alley","highway":"service","sidewalk":"unknown","lanes":0,"name":"도화길","oneway":false},"geometry":{"type":"LineString","coordinates":[[126.9486234,37.5399068],[126.9484012,37.5403673]]}},{"type":"Feature","properties":{"class":"minor","highway":"residential","sidewalk":"unknown","lanes":0,"name":"대흥로14길","oneway":false},"geometry":{"type":"LineString","coordinates":[[126.9396845,37.544757],[126.9400015,37.5447658],[126.9400764,37.5447796]]}},{"type":"Feature","properties":{"class":"minor","highway":"residential","sidewalk":"unknown","lanes":0,"name":"큰우물로","oneway":false},"geometry":{"type":"LineString","coordinates":[[126.9411437,37.5444649],[126.9411143,37.5444383],[126.9410907,37.5444169],[126.9409834,37.5442356],[126.9409607,37.5442113]]}},{"type":"Feature","properties":{"class":"minor","highway":"residential","sidewalk":"unknown","lanes":0,"name":"","oneway":false},"geometry":{"type":"LineString","coordinates":[[126.9431358,37.5434583],[126.9429611,37.5433258],[126.9428856,37.5432618]]}},{"type":"Feature","properties":{"class":"minor","highway":"residential","sidewalk":"unknown","lanes":0,"name":"대흥로","oneway":false},"geometry":{"type":"LineString","coordinates":[[126.9453201,37.5522548],[126.9451155,37.5523905],[126.9449779,37.5524191],[126.9449642,37.5524902]]}},{"type":"Feature","properties":{"class":"minor","highway":"residential","sidewalk":"unknown","lanes":0,"name":"고산길","oneway":false},"geometry":{"type":"LineString","coordinates":[[126.9420847,37.5551638],[126.9421534,37.5550065]]}},{"type":"Feature","properties":{"class":"minor","highway":"residential","sidewalk":"unknown","lanes":0,"name":"신촌로24안길","oneway":false},"geometry":{"type":"LineString","coordinates":[[126.9418326,37.5553422],[126.9420605,37.5553594]]}},{"type":"Feature","properties":{"class":"minor","highway":"residential","sidewalk":"unknown","lanes":0,"name":"신촌로24길","oneway":false},"geometry":{"type":"LineString","coordinates":[[126.9414029,37.5555784],[126.940824,37.5553807]]}},{"type":"Feature","properties":{"class":"minor","highway":"residential","sidewalk":"unknown","lanes":0,"name":"마포대로","oneway":false},"geometry":{"type":"LineString","coordinates":[[126.9550239,37.5517664],[126.9557714,37.5518278]]}},{"type":"Feature","properties":{"class":"major","highway":"primary","sidewalk":"likely","lanes":5,"name":"마포대로","oneway":true},"geometry":{"type":"LineString","coordinates":[[126.9441367,37.5381874],[126.9444097,37.5383792],[126.9446314,37.5385344]]}},{"type":"Feature","properties":{"class":"major","highway":"trunk_link","sidewalk":"likely","lanes":0,"name":"","oneway":true},"geometry":{"type":"LineString","coordinates":[[126.9420456,37.5375943],[126.9416689,37.5381135],[126.941529,37.5382634],[126.9414303,37.5383622],[126.9411981,37.5386026],[126.9410704,37.5386783]]}},{"type":"Feature","properties":{"class":"major","highway":"primary_link","sidewalk":"likely","lanes":0,"name":"","oneway":true},"geometry":{"type":"LineString","coordinates":[[126.9658813,37.5380418],[126.9658931,37.5379893],[126.9658935,37.5379495],[126.9658917,37.5378979],[126.9658903,37.5378653],[126.9658872,37.5377918]]}},{"type":"Feature","properties":{"class":"alley","highway":"service","sidewalk":"unknown","lanes":0,"name":"","oneway":false},"geometry":{"type":"LineString","coordinates":[[126.9603455,37.5382905],[126.9600728,37.5386378]]}},{"type":"Feature","properties":{"class":"minor","highway":"residential","sidewalk":"unknown","lanes":0,"name":"","oneway":false},"geometry":{"type":"LineString","coordinates":[[126.9603455,37.5382905],[126.9606842,37.5386654]]}},{"type":"Feature","properties":{"class":"minor","highway":"residential","sidewalk":"unknown","lanes":0,"name":"","oneway":false},"geometry":{"type":"LineString","coordinates":[[126.9600728,37.5386378],[126.9598313,37.5389667],[126.9594962,37.5388172]]}},{"type":"Feature","properties":{"class":"alley","highway":"service","sidewalk":"unknown","lanes":0,"name":"","oneway":false},"geometry":{"type":"LineString","coordinates":[[126.9603329,37.5387506],[126.960172,37.5389688]]}},{"type":"Feature","properties":{"class":"alley","highway":"service","sidewalk":"unknown","lanes":0,"name":"","oneway":false},"geometry":{"type":"LineString","coordinates":[[126.9583028,37.5518632],[126.9583736,37.5520249],[126.9584072,37.5521014],[126.9585456,37.5524174],[126.958559,37.5524479],[126.9585794,37.5524945],[126.9587003,37.5527703],[126.958811,37.5530232],[126.9588946,37.5532139],[126.9589554,37.5533527],[126.9590805,37.5536383],[126.9590955,37.5536725],[126.9592139,37.5539427]]}},{"type":"Feature","properties":{"class":"alley","highway":"service","sidewalk":"unknown","lanes":0,"name":"","oneway":false},"geometry":{"type":"LineString","coordinates":[[126.9627956,37.5635738],[126.9634307,37.5634958],[126.9634935,37.5637956]]}},{"type":"Feature","properties":{"class":"alley","highway":"service","sidewalk":"unknown","lanes":0,"name":"","oneway":false},"geometry":{"type":"LineString","coordinates":[[126.944232,37.5533789],[126.9439619,37.5533821]]}},{"type":"Feature","properties":{"class":"alley","highway":"service","sidewalk":"unknown","lanes":0,"name":"","oneway":false},"geometry":{"type":"LineString","coordinates":[[126.9442069,37.5541391],[126.9440929,37.5541419],[126.9440127,37.5541147]]}},{"type":"Feature","properties":{"class":"minor","highway":"residential","sidewalk":"unknown","lanes":0,"name":"","oneway":false},"geometry":{"type":"LineString","coordinates":[[126.9450233,37.5548396],[126.9450242,37.554725],[126.9450606,37.5546374],[126.9450662,37.554624],[126.9450983,37.5545472],[126.9450973,37.5544225]]}},{"type":"Feature","properties":{"class":"minor","highway":"residential","sidewalk":"unknown","lanes":0,"name":"","oneway":false},"geometry":{"type":"LineString","coordinates":[[126.9515536,37.5615525],[126.9516131,37.5615514],[126.9516915,37.5615499],[126.9518894,37.5610592]]}},{"type":"Feature","properties":{"class":"alley","highway":"service","sidewalk":"unknown","lanes":0,"name":"","oneway":false},"geometry":{"type":"LineString","coordinates":[[126.9590077,37.5518187],[126.9591409,37.5516714],[126.9592582,37.5515416],[126.9594608,37.5513177],[126.9595298,37.5512413],[126.9596405,37.5511189],[126.9598572,37.5508792],[126.9599102,37.5508206],[126.960023,37.5506959],[126.9602051,37.5504945]]}},{"type":"Feature","properties":{"class":"alley","highway":"service","sidewalk":"unknown","lanes":0,"name":"","oneway":false},"geometry":{"type":"LineString","coordinates":[[126.9551015,37.5424741],[126.9551776,37.5424995],[126.9552822,37.5425321],[126.9557119,37.5423438]]}},{"type":"Feature","properties":{"class":"minor","highway":"residential","sidewalk":"unknown","lanes":0,"name":"만리재로","oneway":true},"geometry":{"type":"LineString","coordinates":[[126.9560752,37.5451579],[126.9563366,37.5453911],[126.9561344,37.5455503]]}},{"type":"Feature","properties":{"class":"alley","highway":"service","sidewalk":"unknown","lanes":0,"name":"","oneway":true},"geometry":{"type":"LineString","coordinates":[[126.9551131,37.544674],[126.955244,37.5445715],[126.9554227,37.5444446],[126.9558798,37.5447992],[126.9559743,37.5448725],[126.9559816,37.5449914],[126.9560752,37.5451579]]}},{"type":"Feature","properties":{"class":"alley","highway":"service","sidewalk":"unknown","lanes":0,"name":"","oneway":false},"geometry":{"type":"LineString","coordinates":[[126.9564972,37.5443815],[126.9564547,37.5442991],[126.9562354,37.5443677],[126.9562129,37.5444285],[126.9562908,37.5445613],[126.9563303,37.5446286],[126.9559743,37.5448725]]}},{"type":"Feature","properties":{"class":"alley","highway":"service","sidewalk":"unknown","lanes":0,"name":"","oneway":false},"geometry":{"type":"LineString","coordinates":[[126.9549514,37.5427546],[126.9550212,37.5427797],[126.9552816,37.5431672],[126.9553072,37.5432074],[126.9553642,37.5432969],[126.9554294,37.5433991],[126.9555367,37.5435676],[126.9557611,37.543661],[126.9558158,37.5437482],[126.955828,37.5437677],[126.9559343,37.5439371],[126.9560838,37.5441755],[126.9562258,37.5441195],[126.9564938,37.5440139],[126.9566467,37.5439535],[126.956507,37.5437308],[126.9563776,37.5437113],[126.9563151,37.5436168],[126.956213,37.5434625],[126.9560892,37.5432754],[126.9558513,37.5429158],[126.9559411,37.5428785],[126.956039,37.5428377],[126.9559455,37.5426966],[126.9558148,37.5424992],[126.9557119,37.5423438]]}},{"type":"Feature","properties":{"class":"alley","highway":"service","sidewalk":"unknown","lanes":0,"name":"","oneway":false},"geometry":{"type":"LineString","coordinates":[[126.9558513,37.5429158],[126.955644,37.5430073],[126.9554573,37.5430896],[126.9552816,37.5431672]]}},{"type":"Feature","properties":{"class":"alley","highway":"service","sidewalk":"unknown","lanes":0,"name":"","oneway":false},"geometry":{"type":"LineString","coordinates":[[126.9555367,37.5435676],[126.9553194,37.5436476],[126.9551823,37.5436365],[126.9545775,37.543892],[126.9545205,37.5439182]]}},{"type":"Feature","properties":{"class":"alley","highway":"service","sidewalk":"unknown","lanes":0,"name":"","oneway":false},"geometry":{"type":"LineString","coordinates":[[126.9563664,37.5452653],[126.9564818,37.5452308],[126.9565897,37.5451985],[126.9566781,37.545172],[126.9567169,37.5451604]]}},{"type":"Feature","properties":{"class":"minor","highway":"residential","sidewalk":"unknown","lanes":0,"name":"","oneway":true},"geometry":{"type":"LineString","coordinates":[[126.9580698,37.5472641],[126.9581881,37.5472809],[126.9583229,37.5472807]]}},{"type":"Feature","properties":{"class":"major","highway":"primary_link","sidewalk":"likely","lanes":0,"name":"","oneway":true},"geometry":{"type":"LineString","coordinates":[[126.9586291,37.5472675],[126.9585825,37.5473412],[126.9585218,37.5473868],[126.9584845,37.5474318],[126.9584708,37.5474983],[126.9584712,37.5475625],[126.9584914,37.5476149]]}},{"type":"Feature","properties":{"class":"alley","highway":"service","sidewalk":"unknown","lanes":0,"name":"","oneway":false},"geometry":{"type":"LineString","coordinates":[[126.9583301,37.5469514],[126.9583955,37.5468613],[126.9585563,37.5466841],[126.9585441,37.5465018],[126.9582956,37.5463191]]}},{"type":"Feature","properties":{"class":"alley","highway":"service","sidewalk":"unknown","lanes":0,"name":"","oneway":false},"geometry":{"type":"LineString","coordinates":[[126.957983,37.5465448],[126.9580736,37.5464794],[126.9582956,37.5463191],[126.9580922,37.5461194],[126.957932,37.546231],[126.9577628,37.5463532],[126.957983,37.5465448]]}},{"type":"Feature","properties":{"class":"alley","highway":"service","sidewalk":"unknown","lanes":0,"name":"","oneway":false},"geometry":{"type":"LineString","coordinates":[[126.9596397,37.5406279],[126.9597663,37.5405785],[126.9600279,37.540682],[126.9602296,37.5406068]]}},{"type":"Feature","properties":{"class":"alley","highway":"service","sidewalk":"unknown","lanes":0,"name":"","oneway":false},"geometry":{"type":"LineString","coordinates":[[126.959549,37.5658176],[126.9602917,37.5660483],[126.9604686,37.5662237],[126.9605844,37.5663384],[126.960808,37.5665156],[126.9609466,37.5665827],[126.9612674,37.566738],[126.9614585,37.5667927],[126.9615764,37.566738],[126.9616333,37.5666058],[126.9616865,37.5665261],[126.9617065,37.5664963],[126.9617471,37.566435],[126.9618254,37.566433],[126.9618691,37.5664318],[126.9619504,37.5664802],[126.9619829,37.5665027],[126.9621293,37.5665446],[126.9624035,37.5665517],[126.9625033,37.5665543],[126.9628814,37.5666381],[126.9631067,37.5666832],[126.9632676,37.5667154],[126.9635278,37.5667734],[126.9636254,37.5668088]]}},{"type":"Feature","properties":{"class":"minor","highway":"residential","sidewalk":"unknown","lanes":0,"name":"","oneway":false},"geometry":{"type":"LineString","coordinates":[[126.9631081,37.5656322],[126.9630421,37.5658891]]}},{"type":"Feature","properties":{"class":"minor","highway":"residential","sidewalk":"unknown","lanes":0,"name":"","oneway":false},"geometry":{"type":"LineString","coordinates":[[126.9658225,37.5623684],[126.96584,37.562274]]}},{"type":"Feature","properties":{"class":"alley","highway":"service","sidewalk":"unknown","lanes":0,"name":"","oneway":false},"geometry":{"type":"LineString","coordinates":[[126.9640998,37.5574801],[126.9642736,37.5574443],[126.9644013,37.5574363],[126.9644281,37.5574346],[126.9645744,37.5574056],[126.9646049,37.5572574],[126.9648651,37.5572316],[126.9649545,37.557201]]}},{"type":"Feature","properties":{"class":"alley","highway":"service","sidewalk":"unknown","lanes":0,"name":"","oneway":false},"geometry":{"type":"LineString","coordinates":[[126.9644013,37.5574363],[126.9643894,37.5574975]]}},{"type":"Feature","properties":{"class":"alley","highway":"service","sidewalk":"unknown","lanes":0,"name":"","oneway":false},"geometry":{"type":"LineString","coordinates":[[126.9652025,37.5589879],[126.965145,37.558919],[126.9648791,37.5586005],[126.9648439,37.5585583],[126.9648179,37.5585272],[126.9647294,37.5584486],[126.9645666,37.558457],[126.9645229,37.5584458],[126.964425,37.5584205],[126.9643825,37.5582887],[126.9643825,37.558241],[126.9644462,37.5581596],[126.9645276,37.5581175],[126.964653,37.5580667],[126.9646869,37.558053],[126.9648006,37.558006],[126.9648497,37.5579857],[126.9649665,37.5579155],[126.96497,37.5577472],[126.9650904,37.5576406],[126.9651402,37.5576266],[126.9652603,37.5575929],[126.965312,37.5576145],[126.9653948,37.557649],[126.9654301,37.5577275],[126.9654433,37.5577454],[126.9654932,37.5578132],[126.9656036,37.5579632],[126.9656743,37.5580895],[126.9657659,37.5581678],[126.9658088,37.5582045],[126.965951,37.5581306],[126.9660247,37.5580923],[126.9660637,37.5579773],[126.9662265,37.557865],[126.966368,37.5578201],[126.9663993,37.5578178],[126.9665521,37.5578061],[126.9667043,37.5579913],[126.9667892,37.5580783],[126.9668318,37.5582148]]}},{"type":"Feature","properties":{"class":"alley","highway":"service","sidewalk":"unknown","lanes":0,"name":"","oneway":false},"geometry":{"type":"LineString","coordinates":[[126.9648791,37.5586005],[126.9650162,37.5585336],[126.9650952,37.5584951],[126.9652316,37.5584285],[126.9654786,37.558308],[126.9655116,37.5582919],[126.9655833,37.5582569],[126.9657659,37.5581678]]}},{"type":"Feature","properties":{"class":"alley","highway":"service","sidewalk":"unknown","lanes":0,"name":"","oneway":false},"geometry":{"type":"LineString","coordinates":[[126.9652316,37.5584285],[126.9653381,37.558558],[126.9655823,37.5584514],[126.9654786,37.558308]]}},{"type":"Feature","properties":{"class":"alley","highway":"service","sidewalk":"unknown","lanes":0,"name":"","oneway":false},"geometry":{"type":"LineString","coordinates":[[126.9650952,37.5584951],[126.9650338,37.5584458]]}},{"type":"Feature","properties":{"class":"alley","highway":"service","sidewalk":"unknown","lanes":0,"name":"","oneway":false},"geometry":{"type":"LineString","coordinates":[[126.9655833,37.5582569],[126.9655151,37.5581652]]}},{"type":"Feature","properties":{"class":"alley","highway":"service","sidewalk":"unknown","lanes":0,"name":"","oneway":false},"geometry":{"type":"LineString","coordinates":[[126.9660637,37.5579773],[126.9659873,37.5578691],[126.9659646,37.557837]]}},{"type":"Feature","properties":{"class":"alley","highway":"service","sidewalk":"unknown","lanes":0,"name":"","oneway":false},"geometry":{"type":"LineString","coordinates":[[126.9663993,37.5578178],[126.9666052,37.5580783]]}},{"type":"Feature","properties":{"class":"alley","highway":"service","sidewalk":"unknown","lanes":0,"name":"","oneway":false},"geometry":{"type":"LineString","coordinates":[[126.9654932,37.5578132],[126.9656734,37.5577291],[126.9657107,37.5577117],[126.9658088,37.5576658]]}},{"type":"Feature","properties":{"class":"alley","highway":"service","sidewalk":"unknown","lanes":0,"name":"","oneway":false},"geometry":{"type":"LineString","coordinates":[[126.965312,37.5576145],[126.9652826,37.5575769],[126.9652451,37.557529]]}},{"type":"Feature","properties":{"class":"alley","highway":"service","sidewalk":"unknown","lanes":0,"name":"","oneway":false},"geometry":{"type":"LineString","coordinates":[[126.9652826,37.5575769],[126.9654585,37.5574891]]}},{"type":"Feature","properties":{"class":"alley","highway":"service","sidewalk":"unknown","lanes":0,"name":"","oneway":false},"geometry":{"type":"LineString","coordinates":[[126.96497,37.5577472],[126.9648745,37.5576406],[126.9650762,37.5575424]]}},{"type":"Feature","properties":{"class":"alley","highway":"service","sidewalk":"unknown","lanes":0,"name":"","oneway":false},"geometry":{"type":"LineString","coordinates":[[126.9648006,37.558006],[126.964663,37.5578375],[126.9645524,37.5577023],[126.9643401,37.5577921]]}},{"type":"Feature","properties":{"class":"alley","highway":"service","sidewalk":"unknown","lanes":0,"name":"","oneway":false},"geometry":{"type":"LineString","coordinates":[[126.9645229,37.5584458],[126.9644356,37.5585019]]}},{"type":"Feature","properties":{"class":"alley","highway":"service","sidewalk":"unknown","lanes":0,"name":"","oneway":false},"geometry":{"type":"LineString","coordinates":[[126.9662411,37.5585429],[126.9660667,37.5582951],[126.965951,37.5581306]]}},{"type":"Feature","properties":{"class":"minor","highway":"residential","sidewalk":"unknown","lanes":0,"name":"","oneway":false},"geometry":{"type":"LineString","coordinates":[[126.9673597,37.5556458],[126.9671886,37.5557641],[126.9671685,37.555778],[126.9670391,37.5558781],[126.9669805,37.5559831],[126.967036,37.556093],[126.9671623,37.5561248],[126.967198,37.5561369],[126.9672278,37.5561469],[126.9673127,37.5561756],[126.9673502,37.5561883],[126.9673533,37.5563178],[126.9672732,37.5564301],[126.9671438,37.556457],[126.9669127,37.556413],[126.9668379,37.5563525],[126.9667918,37.5562473],[126.9666786,37.5559147],[126.9666539,37.5558586],[126.96662,37.5557706],[126.9666139,37.5556851],[126.9666601,37.5555655],[126.9667248,37.5555313],[126.9667648,37.5555044]]}},{"type":"Feature","properties":{"class":"minor","highway":"residential","sidewalk":"unknown","lanes":0,"name":"","oneway":false},"geometry":{"type":"LineString","coordinates":[[126.9668101,37.5549506],[126.9666377,37.5550656],[126.9665205,37.5552941],[126.9663132,37.555242],[126.9662622,37.5551208],[126.9660423,37.5550613]]}},{"type":"Feature","properties":{"class":"minor","highway":"residential","sidewalk":"unknown","lanes":0,"name":"","oneway":false},"geometry":{"type":"LineString","coordinates":[[126.9666377,37.5550656],[126.9660262,37.5549337],[126.96612,37.5548508],[126.9662059,37.5547296],[126.9662837,37.5545829],[126.966362,37.5543794]]}},{"type":"Feature","properties":{"class":"minor","highway":"residential","sidewalk":"unknown","lanes":0,"name":"","oneway":false},"geometry":{"type":"LineString","coordinates":[[126.965382,37.5544741],[126.9655246,37.5545467]]}},{"type":"Feature","properties":{"class":"alley","highway":"service","sidewalk":"unknown","lanes":0,"name":"","oneway":false},"geometry":{"type":"LineString","coordinates":[[126.9649394,37.5549265],[126.9650757,37.5549344],[126.9652571,37.554994]]}},{"type":"Feature","properties":{"class":"minor","highway":"residential","sidewalk":"unknown","lanes":0,"name":"","oneway":false},"geometry":{"type":"LineString","coordinates":[[126.9642003,37.5549277],[126.9637679,37.5546705],[126.9634475,37.5546851]]}},{"type":"Feature","properties":{"class":"minor","highway":"residential","sidewalk":"unknown","lanes":0,"name":"","oneway":false},"geometry":{"type":"LineString","coordinates":[[126.9637679,37.5546705],[126.9636499,37.5545854],[126.9636338,37.5545471],[126.9636365,37.5544982],[126.9636553,37.5544642]]}},{"type":"Feature","properties":{"class":"minor","highway":"residential","sidewalk":"unknown","lanes":0,"name":"","oneway":false},"geometry":{"type":"LineString","coordinates":[[126.9634464,37.5556491],[126.9633081,37.5554218]]}},{"type":"Feature","properties":{"class":"alley","highway":"service","sidewalk":"unknown","lanes":0,"name":"","oneway":false},"geometry":{"type":"LineString","coordinates":[[126.96179,37.5523653],[126.9618781,37.5523371],[126.9624138,37.5523243],[126.9624382,37.5523826],[126.9625055,37.5525431],[126.9625122,37.5525608],[126.9625468,37.5526522],[126.962617,37.5528376]]}},{"type":"Feature","properties":{"class":"minor","highway":"residential","sidewalk":"unknown","lanes":0,"name":"","oneway":false},"geometry":{"type":"LineString","coordinates":[[126.9635609,37.5524357],[126.9633669,37.5527164],[126.9632439,37.5529472],[126.9632319,37.5531671]]}},{"type":"Feature","properties":{"class":"minor","highway":"residential","sidewalk":"unknown","lanes":0,"name":"","oneway":false},"geometry":{"type":"LineString","coordinates":[[126.9591409,37.5516714],[126.9594039,37.551807],[126.9594478,37.5518041],[126.9599376,37.5517709]]}},{"type":"Feature","properties":{"class":"minor","highway":"residential","sidewalk":"unknown","lanes":0,"name":"","oneway":false},"geometry":{"type":"LineString","coordinates":[[126.9594608,37.5513177],[126.95931,37.5512384],[126.9591005,37.5511283],[126.9590366,37.5510947],[126.9589577,37.5511447],[126.9588643,37.5512521],[126.9588242,37.5512983],[126.9587923,37.551335]]}},{"type":"Feature","properties":{"class":"minor","highway":"residential","sidewalk":"unknown","lanes":0,"name":"","oneway":false},"geometry":{"type":"LineString","coordinates":[[126.9599102,37.5508206],[126.9600959,37.5509245],[126.9601307,37.5510224],[126.9602488,37.5510939],[126.9603813,37.5511742],[126.9604151,37.5511946],[126.9601844,37.5514647],[126.9602729,37.55152]]}},{"type":"Feature","properties":{"class":"minor","highway":"residential","sidewalk":"unknown","lanes":0,"name":"","oneway":false},"geometry":{"type":"LineString","coordinates":[[126.9601307,37.5510224],[126.9600822,37.551075],[126.9599275,37.5512425],[126.9598598,37.5513158]]}},{"type":"Feature","properties":{"class":"minor","highway":"residential","sidewalk":"unknown","lanes":0,"name":"","oneway":false},"geometry":{"type":"LineString","coordinates":[[126.9607715,37.5516542],[126.9606062,37.5515608],[126.9605692,37.5516072],[126.9604737,37.5515535]]}},{"type":"Feature","properties":{"class":"minor","highway":"residential","sidewalk":"unknown","lanes":0,"name":"","oneway":false},"geometry":{"type":"LineString","coordinates":[[126.9606062,37.5515608],[126.9604956,37.5514919],[126.9604675,37.5514753],[126.9606671,37.5512765],[126.9607078,37.5512359]]}},{"type":"Feature","properties":{"class":"minor","highway":"residential","sidewalk":"unknown","lanes":0,"name":"","oneway":false},"geometry":{"type":"LineString","coordinates":[[126.9607715,37.5516542],[126.9609821,37.5514265]]}},{"type":"Feature","properties":{"class":"minor","highway":"residential","sidewalk":"unknown","lanes":0,"name":"","oneway":false},"geometry":{"type":"LineString","coordinates":[[126.9589357,37.5519212],[126.9590077,37.5518187]]}},{"type":"Feature","properties":{"class":"minor","highway":"residential","sidewalk":"unknown","lanes":0,"name":"마포대로","oneway":false},"geometry":{"type":"LineString","coordinates":[[126.9564015,37.5526741],[126.9566221,37.5526915],[126.9567623,37.5527026],[126.9569456,37.5527401],[126.957237,37.5527494],[126.9570618,37.5522272]]}},{"type":"Feature","properties":{"class":"minor","highway":"residential","sidewalk":"unknown","lanes":0,"name":"마포대로24길","oneway":false},"geometry":{"type":"LineString","coordinates":[[126.9569456,37.5527401],[126.9569656,37.5527841],[126.9571385,37.5531657],[126.9571924,37.5532847],[126.9572087,37.5533167],[126.95741,37.5537039],[126.9576924,37.5544385]]}},{"type":"Feature","properties":{"class":"minor","highway":"residential","sidewalk":"unknown","lanes":0,"name":"","oneway":false},"geometry":{"type":"LineString","coordinates":[[126.958559,37.5524479],[126.9586793,37.552414]]}},{"type":"Feature","properties":{"class":"minor","highway":"residential","sidewalk":"unknown","lanes":0,"name":"","oneway":false},"geometry":{"type":"LineString","coordinates":[[126.9585794,37.5524945],[126.958474,37.5525262]]}},{"type":"Feature","properties":{"class":"minor","highway":"residential","sidewalk":"unknown","lanes":0,"name":"","oneway":false},"geometry":{"type":"LineString","coordinates":[[126.9585466,37.556061],[126.9593105,37.5559979],[126.9594688,37.5559879],[126.9596123,37.5559789]]}},{"type":"Feature","properties":{"class":"minor","highway":"residential","sidewalk":"unknown","lanes":0,"name":"","oneway":false},"geometry":{"type":"LineString","coordinates":[[126.9592348,37.5569703],[126.9594525,37.5568376],[126.9597604,37.5567065]]}},{"type":"Feature","properties":{"class":"alley","highway":"service","sidewalk":"unknown","lanes":0,"name":"","oneway":false},"geometry":{"type":"LineString","coordinates":[[126.9594525,37.5568376],[126.959622,37.5566902],[126.9595234,37.5565599],[126.9590453,37.5561384]]}},{"type":"Feature","properties":{"class":"minor","highway":"residential","sidewalk":"unknown","lanes":0,"name":"","oneway":false},"geometry":{"type":"LineString","coordinates":[[126.9526878,37.5552359],[126.9527576,37.5553313],[126.9527761,37.5553851],[126.9527807,37.5554466],[126.9528148,37.5555089],[126.952901,37.5555672]]}},{"type":"Feature","properties":{"class":"alley","highway":"service","sidewalk":"unknown","lanes":0,"name":"","oneway":false},"geometry":{"type":"LineString","coordinates":[[126.9547822,37.55579],[126.9545927,37.5556874],[126.9545159,37.5556488]]}},{"type":"Feature","properties":{"class":"minor","highway":"residential","sidewalk":"unknown","lanes":0,"name":"","oneway":false},"geometry":{"type":"LineString","coordinates":[[126.9555794,37.5541391],[126.9553224,37.5540873]]}},{"type":"Feature","properties":{"class":"minor","highway":"residential","sidewalk":"unknown","lanes":0,"name":"","oneway":false},"geometry":{"type":"LineString","coordinates":[[126.9539297,37.552501],[126.9540895,37.5525397],[126.9541876,37.5525953]]}},{"type":"Feature","properties":{"class":"minor","highway":"residential","sidewalk":"unknown","lanes":0,"name":"","oneway":false},"geometry":{"type":"LineString","coordinates":[[126.9524267,37.5542384],[126.9524683,37.5541408],[126.952574,37.5540119],[126.9527,37.5540054]]}},{"type":"Feature","properties":{"class":"minor","highway":"residential","sidewalk":"unknown","lanes":0,"name":"","oneway":false},"geometry":{"type":"LineString","coordinates":[[126.9539163,37.5524497],[126.9536984,37.5524764]]}},{"type":"Feature","properties":{"class":"alley","highway":"service","sidewalk":"unknown","lanes":0,"name":"","oneway":false},"geometry":{"type":"LineString","coordinates":[[126.9531084,37.550664],[126.9530201,37.5506809],[126.9529026,37.5507034]]}},{"type":"Feature","properties":{"class":"alley","highway":"service","sidewalk":"unknown","lanes":0,"name":"","oneway":false},"geometry":{"type":"LineString","coordinates":[[126.9513877,37.5500292],[126.9513354,37.549987],[126.9511503,37.5498374]]}},{"type":"Feature","properties":{"class":"alley","highway":"service","sidewalk":"unknown","lanes":0,"name":"","oneway":false},"geometry":{"type":"LineString","coordinates":[[126.9513086,37.5492425],[126.9513284,37.5490673]]}},{"type":"Feature","properties":{"class":"alley","highway":"service","sidewalk":"unknown","lanes":0,"name":"","oneway":false},"geometry":{"type":"LineString","coordinates":[[126.9513284,37.5490673],[126.9512171,37.5490044],[126.9511887,37.5489884],[126.9510531,37.5489118],[126.9510059,37.5488851]]}},{"type":"Feature","properties":{"class":"alley","highway":"service","sidewalk":"unknown","lanes":0,"name":"","oneway":false},"geometry":{"type":"LineString","coordinates":[[126.9519243,37.548694],[126.9518588,37.5486326]]}},{"type":"Feature","properties":{"class":"alley","highway":"service","sidewalk":"unknown","lanes":0,"name":"","oneway":false},"geometry":{"type":"LineString","coordinates":[[126.9528693,37.5481268],[126.9528471,37.5481516],[126.9528286,37.5481724]]}},{"type":"Feature","properties":{"class":"alley","highway":"service","sidewalk":"unknown","lanes":0,"name":"","oneway":false},"geometry":{"type":"LineString","coordinates":[[126.9528471,37.5481516],[126.9526587,37.5479451],[126.9526233,37.5479623],[126.9525428,37.548016]]}},{"type":"Feature","properties":{"class":"alley","highway":"service","sidewalk":"unknown","lanes":0,"name":"","oneway":false},"geometry":{"type":"LineString","coordinates":[[126.9526233,37.5479623],[126.952372,37.5477543]]}},{"type":"Feature","properties":{"class":"alley","highway":"service","sidewalk":"unknown","lanes":0,"name":"","oneway":false},"geometry":{"type":"LineString","coordinates":[[126.952372,37.5477543],[126.9522564,37.5478554],[126.9521813,37.5479212]]}},{"type":"Feature","properties":{"class":"alley","highway":"service","sidewalk":"unknown","lanes":0,"name":"","oneway":false},"geometry":{"type":"LineString","coordinates":[[126.9522564,37.5478554],[126.9520327,37.5477023]]}},{"type":"Feature","properties":{"class":"alley","highway":"service","sidewalk":"unknown","lanes":0,"name":"","oneway":false},"geometry":{"type":"LineString","coordinates":[[126.9515843,37.5462465],[126.9510118,37.5461407]]}},{"type":"Feature","properties":{"class":"alley","highway":"service","sidewalk":"unknown","lanes":0,"name":"","oneway":false},"geometry":{"type":"LineString","coordinates":[[126.9509172,37.5463699],[126.9509777,37.5463857]]}},{"type":"Feature","properties":{"class":"alley","highway":"service","sidewalk":"unknown","lanes":0,"name":"","oneway":false},"geometry":{"type":"LineString","coordinates":[[126.951558,37.5459573],[126.9514141,37.5459245],[126.951187,37.5458728],[126.9509577,37.5458205],[126.9508165,37.5457897],[126.9505784,37.5457359],[126.9503965,37.5456926]]}},{"type":"Feature","properties":{"class":"alley","highway":"service","sidewalk":"unknown","lanes":0,"name":"","oneway":false},"geometry":{"type":"LineString","coordinates":[[126.9517671,37.5462124],[126.9517656,37.5462328],[126.9517706,37.5462612],[126.9518342,37.5463244],[126.9518698,37.5463401],[126.9518912,37.5463683],[126.9519739,37.5464766],[126.9519908,37.5465151],[126.9519979,37.5465571],[126.9519882,37.5466325],[126.9519686,37.5467012],[126.9519165,37.5468494],[126.9518627,37.5469908],[126.9518203,37.5471155],[126.9516053,37.5470582],[126.9513108,37.5469867],[126.9513785,37.546798]]}},{"type":"Feature","properties":{"class":"alley","highway":"service","sidewalk":"unknown","lanes":0,"name":"","oneway":false},"geometry":{"type":"LineString","coordinates":[[126.951867,37.5464406],[126.9518912,37.5463683]]}},{"type":"Feature","properties":{"class":"alley","highway":"service","sidewalk":"unknown","lanes":0,"name":"","oneway":false},"geometry":{"type":"LineString","coordinates":[[126.9517759,37.5466569],[126.9519686,37.5467012]]}},{"type":"Feature","properties":{"class":"alley","highway":"service","sidewalk":"unknown","lanes":0,"name":"","oneway":false},"geometry":{"type":"LineString","coordinates":[[126.9517139,37.5468051],[126.9519165,37.5468494]]}},{"type":"Feature","properties":{"class":"alley","highway":"service","sidewalk":"unknown","lanes":0,"name":"","oneway":false},"geometry":{"type":"LineString","coordinates":[[126.9516685,37.5469512],[126.9518627,37.5469908]]}},{"type":"Feature","properties":{"class":"alley","highway":"service","sidewalk":"unknown","lanes":0,"name":"","oneway":false},"geometry":{"type":"LineString","coordinates":[[126.9518203,37.5471155],[126.9517685,37.5472665],[126.9516871,37.5473025],[126.951565,37.5472764],[126.9515505,37.5473131],[126.951426,37.5476236],[126.9513209,37.5478785],[126.9514492,37.5479223]]}},{"type":"Feature","properties":{"class":"alley","highway":"service","sidewalk":"unknown","lanes":0,"name":"","oneway":false},"geometry":{"type":"LineString","coordinates":[[126.9513209,37.5478785],[126.9509248,37.5477422],[126.9509762,37.5475903]]}},{"type":"Feature","properties":{"class":"alley","highway":"service","sidewalk":"unknown","lanes":0,"name":"","oneway":false},"geometry":{"type":"LineString","coordinates":[[126.9506866,37.5481324],[126.9507587,37.5481529],[126.9508717,37.5481851],[126.9510004,37.5482217],[126.9510621,37.548194],[126.9511294,37.5480723],[126.9512043,37.5479367],[126.9509575,37.5478517]]}},{"type":"Feature","properties":{"class":"alley","highway":"service","sidewalk":"unknown","lanes":0,"name":"","oneway":true},"geometry":{"type":"LineString","coordinates":[[126.9508437,37.5454719],[126.9507977,37.5454118],[126.9507829,37.545383],[126.9507894,37.5453561],[126.9508118,37.5453374],[126.9508632,37.5453135]]}},{"type":"Feature","properties":{"class":"alley","highway":"service","sidewalk":"unknown","lanes":0,"name":"","oneway":true},"geometry":{"type":"LineString","coordinates":[[126.9510267,37.5452738],[126.9510864,37.5452507],[126.9511353,37.5452543],[126.9511757,37.5452662],[126.95122,37.5452697],[126.9512968,37.5452576]]}},{"type":"Feature","properties":{"class":"alley","highway":"service","sidewalk":"unknown","lanes":0,"name":"","oneway":true},"geometry":{"type":"LineString","coordinates":[[126.9506002,37.5442002],[126.9504733,37.544334],[126.9504244,37.5443641],[126.9504121,37.5444016],[126.9504293,37.5444441],[126.9504655,37.5444786],[126.9505314,37.5444954],[126.9505585,37.5445107],[126.9505733,37.5445354],[126.9505683,37.5445594],[126.9505509,37.5445758],[126.9505162,37.5445848],[126.9504217,37.5445594],[126.9503867,37.5445348],[126.9503421,37.5445452],[126.9500446,37.5446711],[126.9500167,37.5447045],[126.9499963,37.5447441],[126.9499876,37.5447873],[126.9499849,37.5449028]]}},{"type":"Feature","properties":{"class":"alley","highway":"service","sidewalk":"unknown","lanes":0,"name":"","oneway":false},"geometry":{"type":"LineString","coordinates":[[126.9492119,37.5453218],[126.9492913,37.5452883],[126.9493588,37.5452575]]}},{"type":"Feature","properties":{"class":"alley","highway":"service","sidewalk":"unknown","lanes":0,"name":"","oneway":false},"geometry":{"type":"LineString","coordinates":[[126.9492119,37.5453218],[126.9491293,37.5453583],[126.9490685,37.5453831],[126.9490514,37.5454415]]}},{"type":"Feature","properties":{"class":"alley","highway":"service","sidewalk":"unknown","lanes":0,"name":"","oneway":false},"geometry":{"type":"LineString","coordinates":[[126.9475267,37.5486746],[126.947391,37.5487284],[126.9473798,37.5488946],[126.9472699,37.5489371],[126.9469604,37.5490566],[126.9468568,37.5490966],[126.9467066,37.5490881]]}},{"type":"Feature","properties":{"class":"alley","highway":"service","sidewalk":"unknown","lanes":0,"name":"","oneway":false},"geometry":{"type":"LineString","coordinates":[[126.9467066,37.5490881],[126.9466664,37.5490222],[126.9464004,37.5491074],[126.9462853,37.5491442],[126.946248,37.5491562],[126.9458001,37.5493794]]}},{"type":"Feature","properties":{"class":"alley","highway":"service","sidewalk":"unknown","lanes":0,"name":"","oneway":false},"geometry":{"type":"LineString","coordinates":[[126.9462853,37.5491442],[126.9463821,37.5492667],[126.9465189,37.5492285],[126.9466986,37.5495241]]}},{"type":"Feature","properties":{"class":"alley","highway":"service","sidewalk":"unknown","lanes":0,"name":"","oneway":false},"geometry":{"type":"LineString","coordinates":[[126.9474396,37.5496751],[126.9473831,37.5495904],[126.9473611,37.5495581]]}},{"type":"Feature","properties":{"class":"alley","highway":"service","sidewalk":"unknown","lanes":0,"name":"","oneway":false},"geometry":{"type":"LineString","coordinates":[[126.9469604,37.5490566],[126.9469971,37.5491187],[126.9470525,37.5492126],[126.9470794,37.5492582],[126.9471385,37.5492327]]}},{"type":"Feature","properties":{"class":"alley","highway":"service","sidewalk":"unknown","lanes":0,"name":"","oneway":false},"geometry":{"type":"LineString","coordinates":[[126.9472699,37.5489371],[126.9473208,37.5490307],[126.947236,37.5490618],[126.9471411,37.5490966]]}},{"type":"Feature","properties":{"class":"alley","highway":"service","sidewalk":"unknown","lanes":0,"name":"","oneway":false},"geometry":{"type":"LineString","coordinates":[[126.947391,37.5487284],[126.9472853,37.5486847],[126.9471304,37.5487457],[126.9470017,37.5486458],[126.9466798,37.5487734],[126.9467126,37.5488445],[126.9467308,37.548884],[126.9466664,37.5490222]]}},{"type":"Feature","properties":{"class":"alley","highway":"service","sidewalk":"unknown","lanes":0,"name":"","oneway":false},"geometry":{"type":"LineString","coordinates":[[126.9466798,37.5487734],[126.9466436,37.5487215],[126.9466101,37.5486734],[126.9466691,37.5486502],[126.9468519,37.5485784],[126.9469131,37.5485544]]}},{"type":"Feature","properties":{"class":"alley","highway":"service","sidewalk":"unknown","lanes":0,"name":"","oneway":false},"geometry":{"type":"LineString","coordinates":[[126.9464004,37.5491074],[126.9462721,37.5488563]]}},{"type":"Feature","properties":{"class":"alley","highway":"service","sidewalk":"unknown","lanes":0,"name":"","oneway":false},"geometry":{"type":"LineString","coordinates":[[126.9464371,37.5505724],[126.9469519,37.5506703],[126.9470218,37.5505593]]}},{"type":"Feature","properties":{"class":"alley","highway":"service","sidewalk":"unknown","lanes":0,"name":"","oneway":false},"geometry":{"type":"LineString","coordinates":[[126.9469519,37.5506703],[126.9471666,37.5507337],[126.9474237,37.55086],[126.9475963,37.5509212],[126.9477361,37.5509273],[126.947868,37.5508915],[126.9479624,37.5508207],[126.9480154,37.550748],[126.9480701,37.5506519],[126.9481322,37.550504],[126.9481213,37.5504349],[126.9481183,37.550416],[126.9481107,37.5503679],[126.947784,37.5502746],[126.9476594,37.5502295],[126.9476175,37.5501965],[126.9475759,37.5500798]]}},{"type":"Feature","properties":{"class":"alley","highway":"service","sidewalk":"unknown","lanes":0,"name":"","oneway":false},"geometry":{"type":"LineString","coordinates":[[126.9481183,37.550416],[126.9485774,37.5503679],[126.9487116,37.5504019],[126.9488671,37.550487],[126.9489261,37.550572],[126.949071,37.5507039],[126.9491783,37.5507081],[126.9492855,37.5506911],[126.9493446,37.5506996],[126.9493928,37.5507422],[126.9493982,37.5508017],[126.9493875,37.5508527],[126.9492963,37.5508825],[126.9492265,37.5508697],[126.949189,37.550806],[126.9491783,37.5507549],[126.9491783,37.5507081]]}},{"type":"Feature","properties":{"class":"alley","highway":"service","sidewalk":"unknown","lanes":0,"name":"","oneway":false},"geometry":{"type":"LineString","coordinates":[[126.9492265,37.5508697],[126.9491139,37.5510399],[126.9490227,37.5512398],[126.9492104,37.5514737],[126.9491353,37.5516183],[126.94891,37.5517246],[126.9490441,37.5518777],[126.9492587,37.5518309],[126.9495269,37.5517841],[126.9498166,37.5517076],[126.9499829,37.551597],[126.9499293,37.5514481],[126.9498381,37.5513248],[126.9497614,37.551264],[126.9497308,37.5512398]]}},{"type":"Feature","properties":{"class":"alley","highway":"service","sidewalk":"unknown","lanes":0,"name":"","oneway":false},"geometry":{"type":"LineString","coordinates":[[126.9499781,37.5520327],[126.9498683,37.5520745],[126.9496185,37.5521696],[126.9493311,37.5521604],[126.9491585,37.5521548],[126.9490277,37.5521271],[126.9488853,37.5520604],[126.9487942,37.5520086],[126.9486316,37.5518724],[126.9485864,37.5518346],[126.9485014,37.5517433],[126.9481902,37.5517286],[126.9476264,37.5517066],[126.9473522,37.5516798],[126.9471396,37.55167],[126.9470749,37.5516114],[126.9470379,37.5514795],[126.9470133,37.5514107],[126.947004,37.5512934],[126.947,37.5510272],[126.9469815,37.5509783],[126.9465933,37.5510147]]}},{"type":"Feature","properties":{"class":"alley","highway":"service","sidewalk":"unknown","lanes":0,"name":"","oneway":false},"geometry":{"type":"LineString","coordinates":[[126.9469815,37.5509783],[126.9472584,37.5509819],[126.947534,37.5510375],[126.9479449,37.5510782],[126.9480757,37.5510893],[126.9480617,37.5512744],[126.9476414,37.5512596]]}},{"type":"Feature","properties":{"class":"alley","highway":"service","sidewalk":"unknown","lanes":0,"name":"","oneway":false},"geometry":{"type":"LineString","coordinates":[[126.9480757,37.5510893],[126.9482718,37.5511041],[126.9485053,37.5511819],[126.9487528,37.5513299],[126.9487948,37.5513707],[126.9487902,37.5515447],[126.9486734,37.5516076],[126.9485014,37.5517433]]}},{"type":"Feature","properties":{"class":"minor","highway":"residential","sidewalk":"unknown","lanes":0,"name":"","oneway":false},"geometry":{"type":"LineString","coordinates":[[126.9429456,37.5556869],[126.9430745,37.5551544],[126.9431497,37.5548437],[126.9435326,37.5546808],[126.9442202,37.5546767]]}},{"type":"Feature","properties":{"class":"minor","highway":"residential","sidewalk":"unknown","lanes":0,"name":"","oneway":false},"geometry":{"type":"LineString","coordinates":[[126.9430745,37.5551544],[126.9432072,37.5551823],[126.9433364,37.5552096]]}},{"type":"Feature","properties":{"class":"alley","highway":"service","sidewalk":"unknown","lanes":0,"name":"","oneway":false},"geometry":{"type":"LineString","coordinates":[[126.9565201,37.5600751],[126.9562605,37.5599605],[126.9561064,37.5599654],[126.9558508,37.5599685],[126.9557806,37.5599475]]}},{"type":"Feature","properties":{"class":"minor","highway":"residential","sidewalk":"unknown","lanes":0,"name":"","oneway":false},"geometry":{"type":"LineString","coordinates":[[126.9546075,37.5586214],[126.9546071,37.5584767]]}},{"type":"Feature","properties":{"class":"alley","highway":"service","sidewalk":"unknown","lanes":0,"name":"","oneway":false},"geometry":{"type":"LineString","coordinates":[[126.9529595,37.5588204],[126.9531059,37.5585781],[126.9531503,37.5585167]]}},{"type":"Feature","properties":{"class":"minor","highway":"residential","sidewalk":"unknown","lanes":0,"name":"","oneway":false},"geometry":{"type":"LineString","coordinates":[[126.9530174,37.5605277],[126.9531546,37.5605588],[126.9534141,37.5606177]]}},{"type":"Feature","properties":{"class":"alley","highway":"service","sidewalk":"unknown","lanes":0,"name":"","oneway":false},"geometry":{"type":"LineString","coordinates":[[126.9501709,37.5599438],[126.9503173,37.5597186],[126.9503554,37.55966],[126.9504094,37.5595769],[126.9504764,37.5594738],[126.9509002,37.5596354],[126.9509485,37.559695]]}},{"type":"Feature","properties":{"class":"alley","highway":"service","sidewalk":"unknown","lanes":0,"name":"","oneway":false},"geometry":{"type":"LineString","coordinates":[[126.9503554,37.55966],[126.950066,37.5595091],[126.9498434,37.559393],[126.9499454,37.5592187],[126.9501683,37.5593143],[126.9503764,37.5594036],[126.9504013,37.5594143],[126.9504764,37.5594738]]}},{"type":"Feature","properties":{"class":"alley","highway":"service","sidewalk":"unknown","lanes":0,"name":"","oneway":false},"geometry":{"type":"LineString","coordinates":[[126.9499454,37.5592187],[126.9498769,37.5591871],[126.9497052,37.5591078],[126.9495011,37.5590135],[126.9493928,37.5589635],[126.9492933,37.5589407],[126.9491656,37.5590335]]}},{"type":"Feature","properties":{"class":"alley","highway":"service","sidewalk":"unknown","lanes":0,"name":"","oneway":false},"geometry":{"type":"LineString","coordinates":[[126.9492933,37.5589407],[126.9494784,37.5584806],[126.9495269,37.5584365],[126.9496231,37.558393],[126.9497321,37.5584268],[126.950107,37.5585988],[126.9504916,37.5588163],[126.9510558,37.5590656],[126.9507554,37.5594058],[126.9504764,37.5594738]]}},{"type":"Feature","properties":{"class":"alley","highway":"service","sidewalk":"unknown","lanes":0,"name":"","oneway":false},"geometry":{"type":"LineString","coordinates":[[126.9503764,37.5594036],[126.9504787,37.5592524],[126.9505319,37.5591739],[126.9503514,37.5590925]]}},{"type":"Feature","properties":{"class":"alley","highway":"service","sidewalk":"unknown","lanes":0,"name":"","oneway":false},"geometry":{"type":"LineString","coordinates":[[126.9497052,37.5591078],[126.9498913,37.5588597]]}},{"type":"Feature","properties":{"class":"alley","highway":"service","sidewalk":"unknown","lanes":0,"name":"","oneway":false},"geometry":{"type":"LineString","coordinates":[[126.9496231,37.558393],[126.949696,37.5583681],[126.9498641,37.5584448]]}},{"type":"Feature","properties":{"class":"minor","highway":"residential","sidewalk":"unknown","lanes":0,"name":"","oneway":false},"geometry":{"type":"LineString","coordinates":[[126.9490482,37.5589321],[126.9491349,37.5587445],[126.9491564,37.5585893],[126.9491698,37.5584107]]}},{"type":"Feature","properties":{"class":"alley","highway":"service","sidewalk":"unknown","lanes":0,"name":"","oneway":false},"geometry":{"type":"LineString","coordinates":[[126.946733,37.5592218],[126.9467327,37.5593737],[126.9467325,37.5595203],[126.9467322,37.5596619]]}},{"type":"Feature","properties":{"class":"alley","highway":"service","sidewalk":"unknown","lanes":0,"name":"","oneway":false},"geometry":{"type":"LineString","coordinates":[[126.9468314,37.5592248],[126.9468346,37.5594179],[126.946837,37.5595593],[126.9469787,37.5595642]]}},{"type":"Feature","properties":{"class":"alley","highway":"service","sidewalk":"unknown","lanes":0,"name":"","oneway":false},"geometry":{"type":"LineString","coordinates":[[126.9468346,37.5594179],[126.9469787,37.5594323]]}},{"type":"Feature","properties":{"class":"alley","highway":"service","sidewalk":"unknown","lanes":0,"name":"","oneway":false},"geometry":{"type":"LineString","coordinates":[[126.9473682,37.5592413],[126.9473649,37.5594375],[126.9473627,37.5595692],[126.9473608,37.5596863]]}},{"type":"Feature","properties":{"class":"alley","highway":"service","sidewalk":"unknown","lanes":0,"name":"","oneway":false},"geometry":{"type":"LineString","coordinates":[[126.9474884,37.5592794],[126.947447,37.5597547],[126.9476566,37.5597596]]}},{"type":"Feature","properties":{"class":"alley","highway":"service","sidewalk":"unknown","lanes":0,"name":"","oneway":false},"geometry":{"type":"LineString","coordinates":[[126.9479665,37.5594193],[126.9479775,37.5596007],[126.9479862,37.5597431],[126.9479893,37.5597938]]}},{"type":"Feature","properties":{"class":"alley","highway":"service","sidewalk":"unknown","lanes":0,"name":"","oneway":false},"geometry":{"type":"LineString","coordinates":[[126.9480896,37.5594271],[126.9480927,37.5596115],[126.9480948,37.5597326],[126.9482845,37.5597399],[126.9483174,37.5597412]]}},{"type":"Feature","properties":{"class":"alley","highway":"service","sidewalk":"unknown","lanes":0,"name":"","oneway":false},"geometry":{"type":"LineString","coordinates":[[126.9480927,37.5596115],[126.9483094,37.5596178]]}},{"type":"Feature","properties":{"class":"alley","highway":"service","sidewalk":"unknown","lanes":0,"name":"","oneway":false},"geometry":{"type":"LineString","coordinates":[[126.9487145,37.5595306],[126.9486746,37.5598335],[126.9486617,37.5599317],[126.9484842,37.5600354],[126.9484889,37.5601242],[126.9488485,37.5601761],[126.9489621,37.5602306],[126.9491284,37.560254],[126.9492652,37.5601902],[126.949324,37.5601821],[126.9496542,37.560137],[126.9496863,37.5600158],[126.9495898,37.5599152]]}},{"type":"Feature","properties":{"class":"alley","highway":"service","sidewalk":"unknown","lanes":0,"name":"","oneway":false},"geometry":{"type":"LineString","coordinates":[[126.9495898,37.5599152],[126.9494485,37.5599127],[126.9492426,37.5599091],[126.9490451,37.5599056],[126.9489135,37.5599033]]}},{"type":"Feature","properties":{"class":"alley","highway":"service","sidewalk":"unknown","lanes":0,"name":"","oneway":false},"geometry":{"type":"LineString","coordinates":[[126.9490451,37.5599056],[126.9490662,37.5596064]]}},{"type":"Feature","properties":{"class":"alley","highway":"service","sidewalk":"unknown","lanes":0,"name":"","oneway":false},"geometry":{"type":"LineString","coordinates":[[126.9491402,37.5596007],[126.9492209,37.5594706],[126.9489848,37.5590581],[126.9486201,37.5590156],[126.9484451,37.5590056],[126.9481883,37.558991],[126.9479495,37.5589773],[126.9477964,37.5593607]]}},{"type":"Feature","properties":{"class":"alley","highway":"service","sidewalk":"unknown","lanes":0,"name":"","oneway":false},"geometry":{"type":"LineString","coordinates":[[126.9464958,37.5592145],[126.9466138,37.5589391],[126.9468301,37.5589452],[126.9470054,37.5589501],[126.9472203,37.5589562],[126.9474153,37.5589616],[126.9476741,37.5589689],[126.9478208,37.5589731]]}},{"type":"Feature","properties":{"class":"alley","highway":"service","sidewalk":"unknown","lanes":0,"name":"","oneway":false},"geometry":{"type":"LineString","coordinates":[[126.9471767,37.5592354],[126.9472203,37.5589562]]}},{"type":"Feature","properties":{"class":"alley","highway":"service","sidewalk":"unknown","lanes":0,"name":"","oneway":false},"geometry":{"type":"LineString","coordinates":[[126.9482563,37.5594378],[126.9482563,37.5593397],[126.9482563,37.5592249]]}},{"type":"Feature","properties":{"class":"alley","highway":"service","sidewalk":"unknown","lanes":0,"name":"","oneway":false},"geometry":{"type":"LineString","coordinates":[[126.9485024,37.5594535],[126.9484967,37.5592542]]}},{"type":"Feature","properties":{"class":"alley","highway":"service","sidewalk":"unknown","lanes":0,"name":"","oneway":false},"geometry":{"type":"LineString","coordinates":[[126.9504434,37.5600953],[126.9502172,37.5604365],[126.9502923,37.5604875]]}},{"type":"Feature","properties":{"class":"alley","highway":"service","sidewalk":"unknown","lanes":0,"name":"","oneway":false},"geometry":{"type":"LineString","coordinates":[[126.9561653,37.5472462],[126.9560108,37.5472665],[126.9559478,37.5472891],[126.9557239,37.547365],[126.9555924,37.5474077],[126.9553955,37.5474703],[126.9552097,37.5475329],[126.9551173,37.547331],[126.9550026,37.5471058],[126.9549594,37.5470405],[126.9548641,37.5470465]]}},{"type":"Feature","properties":{"class":"alley","highway":"service","sidewalk":"unknown","lanes":0,"name":"","oneway":false},"geometry":{"type":"LineString","coordinates":[[126.9548006,37.5430474],[126.9544989,37.5429684]]}},{"type":"Feature","properties":{"class":"alley","highway":"service","sidewalk":"unknown","lanes":0,"name":"","oneway":false},"geometry":{"type":"LineString","coordinates":[[126.9557119,37.5423438],[126.9558514,37.5422813],[126.9559751,37.5424334],[126.9564167,37.5425607],[126.9567628,37.5423968],[126.9566232,37.5422159],[126.9564234,37.5423064],[126.9562203,37.5421043]]}},{"type":"Feature","properties":{"class":"alley","highway":"service","sidewalk":"unknown","lanes":0,"name":"","oneway":false},"geometry":{"type":"LineString","coordinates":[[126.9553642,37.5432969],[126.9555052,37.5432354]]}},{"type":"Feature","properties":{"class":"alley","highway":"service","sidewalk":"unknown","lanes":0,"name":"","oneway":false},"geometry":{"type":"LineString","coordinates":[[126.9557611,37.543661],[126.9558985,37.5436006],[126.9560973,37.5435134],[126.956213,37.5434625]]}},{"type":"Feature","properties":{"class":"alley","highway":"service","sidewalk":"unknown","lanes":0,"name":"","oneway":false},"geometry":{"type":"LineString","coordinates":[[126.955828,37.5437677],[126.9559128,37.5437297]]}},{"type":"Feature","properties":{"class":"alley","highway":"service","sidewalk":"unknown","lanes":0,"name":"","oneway":false},"geometry":{"type":"LineString","coordinates":[[126.9553194,37.5436476],[126.9554305,37.5438052],[126.9552483,37.5438859],[126.9550756,37.5439625],[126.9549954,37.5439981]]}},{"type":"Feature","properties":{"class":"alley","highway":"service","sidewalk":"unknown","lanes":0,"name":"","oneway":false},"geometry":{"type":"LineString","coordinates":[[126.9550756,37.5439625],[126.9551477,37.5440566]]}},{"type":"Feature","properties":{"class":"alley","highway":"service","sidewalk":"unknown","lanes":0,"name":"","oneway":false},"geometry":{"type":"LineString","coordinates":[[126.9546027,37.5434385],[126.9547109,37.5433789],[126.9547844,37.5433993],[126.9549922,37.5433198]]}},{"type":"Feature","properties":{"class":"alley","highway":"service","sidewalk":"unknown","lanes":0,"name":"","oneway":false},"geometry":{"type":"LineString","coordinates":[[126.9549513,37.543253],[126.9549922,37.5433198],[126.955119,37.5435269]]}},{"type":"Feature","properties":{"class":"alley","highway":"service","sidewalk":"unknown","lanes":0,"name":"","oneway":false},"geometry":{"type":"LineString","coordinates":[[126.9569842,37.54568],[126.9569438,37.5456083]]}},{"type":"Feature","properties":{"class":"minor","highway":"residential","sidewalk":"unknown","lanes":0,"name":"","oneway":false},"geometry":{"type":"LineString","coordinates":[[126.9591675,37.5464536],[126.9590574,37.5463241]]}},{"type":"Feature","properties":{"class":"alley","highway":"service","sidewalk":"unknown","lanes":0,"name":"","oneway":false},"geometry":{"type":"LineString","coordinates":[[126.9563235,37.5399039],[126.9561869,37.539775],[126.9555101,37.5391368]]}},{"type":"Feature","properties":{"class":"alley","highway":"service","sidewalk":"unknown","lanes":0,"name":"","oneway":false},"geometry":{"type":"LineString","coordinates":[[126.9560138,37.5399243],[126.9561869,37.539775]]}},{"type":"Feature","properties":{"class":"alley","highway":"service","sidewalk":"unknown","lanes":0,"name":"","oneway":false},"geometry":{"type":"LineString","coordinates":[[126.9552934,37.5382928],[126.9552637,37.5385846],[126.9550418,37.5387117],[126.9553068,37.5389902],[126.955504,37.5388631],[126.9552637,37.5385846]]}},{"type":"Feature","properties":{"class":"alley","highway":"service","sidewalk":"unknown","lanes":0,"name":"","oneway":false},"geometry":{"type":"LineString","coordinates":[[126.955504,37.5388631],[126.9556395,37.5390097]]}},{"type":"Feature","properties":{"class":"alley","highway":"service","sidewalk":"unknown","lanes":0,"name":"","oneway":false},"geometry":{"type":"LineString","coordinates":[[126.9557443,37.5389364],[126.9560002,37.5387967]]}},{"type":"Feature","properties":{"class":"alley","highway":"service","sidewalk":"unknown","lanes":0,"name":"","oneway":false},"geometry":{"type":"LineString","coordinates":[[126.9563016,37.5390978],[126.9566809,37.5388973]]}},{"type":"Feature","properties":{"class":"alley","highway":"service","sidewalk":"unknown","lanes":0,"name":"","oneway":false},"geometry":{"type":"LineString","coordinates":[[126.9561514,37.5389478],[126.9565269,37.5387654]]}},{"type":"Feature","properties":{"class":"alley","highway":"service","sidewalk":"unknown","lanes":0,"name":"","oneway":false},"geometry":{"type":"LineString","coordinates":[[126.9558326,37.5386292],[126.9561918,37.5384399]]}},{"type":"Feature","properties":{"class":"alley","highway":"service","sidewalk":"unknown","lanes":0,"name":"","oneway":false},"geometry":{"type":"LineString","coordinates":[[126.9557414,37.538538],[126.9558313,37.538479],[126.9558683,37.5385108],[126.9560901,37.5384033]]}},{"type":"Feature","properties":{"class":"alley","highway":"service","sidewalk":"unknown","lanes":0,"name":"","oneway":false},"geometry":{"type":"LineString","coordinates":[[126.9566153,37.5394114],[126.9572147,37.539085],[126.9568307,37.5386332],[126.9561119,37.5379079],[126.9556181,37.537441],[126.9554912,37.5373209],[126.9548,37.5375505],[126.9542536,37.5372358],[126.9539941,37.5373634]]}},{"type":"Feature","properties":{"class":"alley","highway":"service","sidewalk":"unknown","lanes":0,"name":"","oneway":false},"geometry":{"type":"LineString","coordinates":[[126.9551082,37.5379171],[126.9551976,37.537878],[126.9554958,37.5377098],[126.9556359,37.5378579],[126.9552717,37.5380245]]}},{"type":"Feature","properties":{"class":"alley","highway":"service","sidewalk":"unknown","lanes":0,"name":"","oneway":false},"geometry":{"type":"LineString","coordinates":[[126.9540668,37.5381023],[126.9541322,37.5380393],[126.954001,37.5379093],[126.9538707,37.5377801]]}},{"type":"Feature","properties":{"class":"alley","highway":"service","sidewalk":"unknown","lanes":0,"name":"","oneway":false},"geometry":{"type":"LineString","coordinates":[[126.9547575,37.5380071],[126.9546048,37.5380937],[126.9543937,37.5382134],[126.9546578,37.5384609],[126.9547533,37.5385504]]}},{"type":"Feature","properties":{"class":"alley","highway":"service","sidewalk":"unknown","lanes":0,"name":"","oneway":false},"geometry":{"type":"LineString","coordinates":[[126.9545525,37.5386022],[126.9545137,37.5385639],[126.9542676,37.5383208]]}},{"type":"Feature","properties":{"class":"alley","highway":"service","sidewalk":"unknown","lanes":0,"name":"","oneway":false},"geometry":{"type":"LineString","coordinates":[[126.9545137,37.5385639],[126.9546578,37.5384609]]}},{"type":"Feature","properties":{"class":"alley","highway":"service","sidewalk":"unknown","lanes":0,"name":"","oneway":false},"geometry":{"type":"LineString","coordinates":[[126.954758,37.5384022],[126.9548327,37.5383541]]}},{"type":"Feature","properties":{"class":"alley","highway":"service","sidewalk":"unknown","lanes":0,"name":"","oneway":false},"geometry":{"type":"LineString","coordinates":[[126.9546048,37.5380937],[126.9548327,37.5383541],[126.9549214,37.5384282]]}},{"type":"Feature","properties":{"class":"alley","highway":"service","sidewalk":"unknown","lanes":0,"name":"","oneway":false},"geometry":{"type":"LineString","coordinates":[[126.9545422,37.5397181],[126.9534759,37.5394286],[126.953461,37.539394],[126.9533474,37.5391314],[126.953253,37.5389129],[126.9530322,37.5384025]]}},{"type":"Feature","properties":{"class":"alley","highway":"service","sidewalk":"unknown","lanes":0,"name":"","oneway":false},"geometry":{"type":"LineString","coordinates":[[126.9545235,37.5407136],[126.955086,37.5403795]]}},{"type":"Feature","properties":{"class":"alley","highway":"service","sidewalk":"unknown","lanes":0,"name":"","oneway":false},"geometry":{"type":"LineString","coordinates":[[126.9552463,37.5405243],[126.95538,37.5400002],[126.9556203,37.5399709],[126.9558175,37.5400882]]}},{"type":"Feature","properties":{"class":"alley","highway":"service","sidewalk":"unknown","lanes":0,"name":"","oneway":false},"geometry":{"type":"LineString","coordinates":[[126.95538,37.5400002],[126.955256,37.5399209],[126.9551002,37.5398213],[126.954998,37.5397559],[126.9550472,37.5395703],[126.9548875,37.5395307],[126.9543571,37.5393992],[126.9543078,37.5394628]]}},{"type":"Feature","properties":{"class":"alley","highway":"service","sidewalk":"unknown","lanes":0,"name":"","oneway":false},"geometry":{"type":"LineString","coordinates":[[126.9546221,37.5395507],[126.9543078,37.5394628],[126.95363,37.5392917]]}},{"type":"Feature","properties":{"class":"alley","highway":"service","sidewalk":"unknown","lanes":0,"name":"","oneway":false},"geometry":{"type":"LineString","coordinates":[[126.9554852,37.5395507],[126.9552942,37.5395019],[126.9552665,37.539431],[126.9549469,37.539339],[126.953994,37.5390645],[126.9537722,37.5387738],[126.9536304,37.5387372]]}},{"type":"Feature","properties":{"class":"alley","highway":"service","sidewalk":"unknown","lanes":0,"name":"","oneway":false},"geometry":{"type":"LineString","coordinates":[[126.953461,37.539394],[126.9535753,37.538958]]}},{"type":"Feature","properties":{"class":"alley","highway":"service","sidewalk":"unknown","lanes":0,"name":"","oneway":false},"geometry":{"type":"LineString","coordinates":[[126.9533042,37.5386111],[126.9531932,37.5385867],[126.9531871,37.5383179],[126.9532734,37.5381518],[126.9530577,37.5380785],[126.9529036,37.5381176]]}},{"type":"Feature","properties":{"class":"alley","highway":"service","sidewalk":"unknown","lanes":0,"name":"","oneway":false},"geometry":{"type":"LineString","coordinates":[[126.953253,37.5389129],[126.9529221,37.5388261],[126.952842,37.5385965]]}},{"type":"Feature","properties":{"class":"alley","highway":"service","sidewalk":"unknown","lanes":0,"name":"","oneway":false},"geometry":{"type":"LineString","coordinates":[[126.9547123,37.5399946],[126.954475,37.5399597]]}},{"type":"Feature","properties":{"class":"alley","highway":"service","sidewalk":"unknown","lanes":0,"name":"","oneway":false},"geometry":{"type":"LineString","coordinates":[[126.9545422,37.5397181],[126.9543825,37.5399206],[126.9531193,37.5396519],[126.9530752,37.5397655],[126.9530454,37.5398424]]}},{"type":"Feature","properties":{"class":"alley","highway":"service","sidewalk":"unknown","lanes":0,"name":"","oneway":false},"geometry":{"type":"LineString","coordinates":[[126.9530752,37.5397655],[126.9546598,37.5401551]]}},{"type":"Feature","properties":{"class":"alley","highway":"service","sidewalk":"unknown","lanes":0,"name":"","oneway":false},"geometry":{"type":"LineString","coordinates":[[126.9548601,37.5401757],[126.9546598,37.5401551],[126.9541422,37.5401698],[126.9531563,37.5399206]]}},{"type":"Feature","properties":{"class":"alley","highway":"service","sidewalk":"unknown","lanes":0,"name":"","oneway":false},"geometry":{"type":"LineString","coordinates":[[126.9541422,37.5401698],[126.9540744,37.5403994],[126.9546968,37.5404336]]}},{"type":"Feature","properties":{"class":"alley","highway":"service","sidewalk":"unknown","lanes":0,"name":"","oneway":false},"geometry":{"type":"LineString","coordinates":[[126.9540744,37.5403994],[126.9537355,37.5403555],[126.9535387,37.5402913],[126.9531809,37.5401747]]}},{"type":"Feature","properties":{"class":"alley","highway":"service","sidewalk":"unknown","lanes":0,"name":"","oneway":false},"geometry":{"type":"LineString","coordinates":[[126.9535387,37.5402913],[126.9534829,37.5403701],[126.9532148,37.5402651]]}},{"type":"Feature","properties":{"class":"alley","highway":"service","sidewalk":"unknown","lanes":0,"name":"","oneway":false},"geometry":{"type":"LineString","coordinates":[[126.9533474,37.5391314],[126.9530299,37.5391928],[126.9528307,37.5391541],[126.95279,37.5392476]]}},{"type":"Feature","properties":{"class":"alley","highway":"service","sidewalk":"unknown","lanes":0,"name":"","oneway":false},"geometry":{"type":"LineString","coordinates":[[126.9530299,37.5391928],[126.9529648,37.5393862],[126.9525858,37.5393255],[126.9525217,37.5393153]]}},{"type":"Feature","properties":{"class":"alley","highway":"service","sidewalk":"unknown","lanes":0,"name":"","oneway":false},"geometry":{"type":"LineString","coordinates":[[126.9525858,37.5393255],[126.9526558,37.5391057]]}},{"type":"Feature","properties":{"class":"alley","highway":"service","sidewalk":"unknown","lanes":0,"name":"","oneway":false},"geometry":{"type":"LineString","coordinates":[[126.9529648,37.5393862],[126.9530746,37.5396376],[126.952977,37.5398439],[126.9525623,37.5396989],[126.9524444,37.5395441],[126.9523794,37.5394861],[126.9522554,37.5394297],[126.9521111,37.5393636],[126.9520049,37.5393159],[126.9521075,37.539184],[126.9522137,37.539111],[126.9523128,37.5389651],[126.9523765,37.5388529]]}},{"type":"Feature","properties":{"class":"alley","highway":"service","sidewalk":"unknown","lanes":0,"name":"","oneway":false},"geometry":{"type":"LineString","coordinates":[[126.955256,37.5399209],[126.9553108,37.5397508]]}},{"type":"Feature","properties":{"class":"alley","highway":"service","sidewalk":"unknown","lanes":0,"name":"","oneway":false},"geometry":{"type":"LineString","coordinates":[[126.9551002,37.5398213],[126.9551284,37.5397168]]}},{"type":"Feature","properties":{"class":"alley","highway":"service","sidewalk":"unknown","lanes":0,"name":"","oneway":false},"geometry":{"type":"LineString","coordinates":[[126.9529451,37.5382195],[126.9529036,37.5381176],[126.9528217,37.5380025],[126.9526705,37.5379569],[126.9523282,37.5378537],[126.9521288,37.5377735],[126.9516196,37.5375688],[126.951545,37.5375389],[126.9514549,37.5374972],[126.95103,37.5373007],[126.9507779,37.537139],[126.9503541,37.5369944],[126.9501341,37.5369737],[126.949991,37.5369603],[126.9499464,37.5369561]]}},{"type":"Feature","properties":{"class":"alley","highway":"service","sidewalk":"unknown","lanes":0,"name":"","oneway":false},"geometry":{"type":"LineString","coordinates":[[126.9515671,37.5386239],[126.9511963,37.5383939],[126.9510568,37.5384024],[126.9509066,37.5385257],[126.9512285,37.5387469],[126.951309,37.5387342],[126.9517632,37.5390848],[126.9519603,37.5389414]]}},{"type":"Feature","properties":{"class":"alley","highway":"service","sidewalk":"unknown","lanes":0,"name":"","oneway":false},"geometry":{"type":"LineString","coordinates":[[126.9519855,37.5389618],[126.9523853,37.5386084],[126.9522861,37.5385446],[126.9519374,37.5388359]]}},{"type":"Feature","properties":{"class":"alley","highway":"service","sidewalk":"unknown","lanes":0,"name":"","oneway":false},"geometry":{"type":"LineString","coordinates":[[126.9523853,37.5386084],[126.9524293,37.5385495],[126.9525042,37.5384493],[126.9525711,37.5384233],[126.9527034,37.538372],[126.9527034,37.5383333],[126.9523659,37.5383623]]}},{"type":"Feature","properties":{"class":"alley","highway":"service","sidewalk":"unknown","lanes":0,"name":"","oneway":false},"geometry":{"type":"LineString","coordinates":[[126.9526705,37.5379569],[126.9525245,37.5380528],[126.9522196,37.5380625]]}},{"type":"Feature","properties":{"class":"alley","highway":"service","sidewalk":"unknown","lanes":0,"name":"","oneway":false},"geometry":{"type":"LineString","coordinates":[[126.9524293,37.5385495],[126.9521613,37.5383599],[126.9520569,37.5383473],[126.9519145,37.5383301],[126.9518234,37.5382961],[126.951818,37.5381685],[126.9514478,37.538177]]}},{"type":"Feature","properties":{"class":"alley","highway":"service","sidewalk":"unknown","lanes":0,"name":"","oneway":false},"geometry":{"type":"LineString","coordinates":[[126.9520569,37.5383473],[126.9521288,37.5377735]]}},{"type":"Feature","properties":{"class":"minor","highway":"residential","sidewalk":"unknown","lanes":0,"name":"","oneway":false},"geometry":{"type":"LineString","coordinates":[[126.9508445,37.5386718],[126.9504876,37.5384067],[126.9502758,37.537571]]}},{"type":"Feature","properties":{"class":"alley","highway":"service","sidewalk":"unknown","lanes":0,"name":"","oneway":false},"geometry":{"type":"LineString","coordinates":[[126.9502758,37.537571],[126.9505198,37.5375814],[126.9505895,37.5380281],[126.9508445,37.5386718]]}},{"type":"Feature","properties":{"class":"minor","highway":"residential","sidewalk":"unknown","lanes":0,"name":"","oneway":false},"geometry":{"type":"LineString","coordinates":[[126.9427181,37.5419159],[126.942825,37.54185],[126.9429531,37.541771]]}},{"type":"Feature","properties":{"class":"minor","highway":"residential","sidewalk":"unknown","lanes":0,"name":"","oneway":false},"geometry":{"type":"LineString","coordinates":[[126.9433455,37.5424901],[126.9434254,37.5424379],[126.9434628,37.5424136]]}},{"type":"Feature","properties":{"class":"minor","highway":"residential","sidewalk":"unknown","lanes":0,"name":"","oneway":false},"geometry":{"type":"LineString","coordinates":[[126.944505,37.5407138],[126.9440065,37.5411254],[126.9439724,37.5411536],[126.9438913,37.5411611],[126.9438521,37.5411648]]}},{"type":"Feature","properties":{"class":"alley","highway":"service","sidewalk":"unknown","lanes":0,"name":"","oneway":false},"geometry":{"type":"LineString","coordinates":[[126.9548875,37.5395307],[126.9549469,37.539339]]}},{"type":"Feature","properties":{"class":"minor","highway":"residential","sidewalk":"unknown","lanes":0,"name":"","oneway":false},"geometry":{"type":"LineString","coordinates":[[126.9424621,37.5430473],[126.942513,37.5429517]]}},{"type":"Feature","properties":{"class":"minor","highway":"residential","sidewalk":"unknown","lanes":0,"name":"","oneway":false},"geometry":{"type":"LineString","coordinates":[[126.9427559,37.5431344],[126.9428563,37.5430584],[126.9431052,37.5431104]]}},{"type":"Feature","properties":{"class":"minor","highway":"residential","sidewalk":"unknown","lanes":0,"name":"","oneway":false},"geometry":{"type":"LineString","coordinates":[[126.9428139,37.5420075],[126.9424937,37.5421906],[126.9424139,37.5422361],[126.9424175,37.5423091]]}},{"type":"Feature","properties":{"class":"alley","highway":"service","sidewalk":"unknown","lanes":0,"name":"","oneway":false},"geometry":{"type":"LineString","coordinates":[[126.9421292,37.5437835],[126.9420023,37.5436768],[126.941774,37.5434849],[126.9418476,37.5434342],[126.9418864,37.5434075],[126.9420354,37.5433048],[126.9422066,37.5431869],[126.9423119,37.5431144]]}},{"type":"Feature","properties":{"class":"alley","highway":"service","sidewalk":"unknown","lanes":0,"name":"","oneway":false},"geometry":{"type":"LineString","coordinates":[[126.9418476,37.5434342],[126.9418448,37.5433417],[126.9418023,37.5433081]]}},{"type":"Feature","properties":{"class":"alley","highway":"service","sidewalk":"unknown","lanes":0,"name":"","oneway":false},"geometry":{"type":"LineString","coordinates":[[126.941774,37.5434849],[126.9415607,37.5436276],[126.9413075,37.543797],[126.9412354,37.5438452],[126.9411617,37.5438946],[126.9410171,37.5437964],[126.940843,37.5436782],[126.9407316,37.5436026],[126.9406342,37.5435364],[126.9405706,37.5434933],[126.940477,37.5435763],[126.9403618,37.5436785],[126.9402167,37.5436645],[126.9400695,37.5432062]]}},{"type":"Feature","properties":{"class":"alley","highway":"service","sidewalk":"unknown","lanes":0,"name":"","oneway":false},"geometry":{"type":"LineString","coordinates":[[126.9405706,37.5434933],[126.9405636,37.543367],[126.9407052,37.5432733],[126.9407601,37.5432369],[126.9409171,37.5431331],[126.9409731,37.5430961],[126.941098,37.5430134],[126.9412112,37.543019],[126.9413422,37.5431201],[126.941774,37.5434849]]}},{"type":"Feature","properties":{"class":"alley","highway":"service","sidewalk":"unknown","lanes":0,"name":"","oneway":false},"geometry":{"type":"LineString","coordinates":[[126.9431358,37.5434583],[126.9434103,37.5437301],[126.9435914,37.5439094],[126.9435956,37.5439561],[126.9436222,37.5442563],[126.943955,37.544569],[126.9441029,37.5445153],[126.9442514,37.5445375],[126.9442071,37.544674]]}},{"type":"Feature","properties":{"class":"alley","highway":"service","sidewalk":"unknown","lanes":0,"name":"","oneway":false},"geometry":{"type":"LineString","coordinates":[[126.943955,37.544569],[126.9440043,37.5446325],[126.943779,37.5447915],[126.9436968,37.5448495],[126.9433326,37.5451064],[126.9434291,37.5451988],[126.9434805,37.5452481]]}},{"type":"Feature","properties":{"class":"alley","highway":"service","sidewalk":"unknown","lanes":0,"name":"","oneway":false},"geometry":{"type":"LineString","coordinates":[[126.9433326,37.5451064],[126.9431539,37.5451602],[126.9425575,37.5455765]]}},{"type":"Feature","properties":{"class":"minor","highway":"residential","sidewalk":"unknown","lanes":0,"name":"","oneway":false},"geometry":{"type":"LineString","coordinates":[[126.9429233,37.5459364],[126.9425575,37.5455765],[126.9423716,37.5454163],[126.9423262,37.5453772],[126.9418441,37.5449618],[126.9417769,37.5449039],[126.9414854,37.5446526],[126.9414224,37.5445983],[126.9413731,37.5445617],[126.941299,37.5445066],[126.941195,37.5444293]]}},{"type":"Feature","properties":{"class":"alley","highway":"service","sidewalk":"unknown","lanes":0,"name":"","oneway":false},"geometry":{"type":"LineString","coordinates":[[126.9423716,37.5454163],[126.9421293,37.545562],[126.9420294,37.5456118]]}},{"type":"Feature","properties":{"class":"alley","highway":"service","sidewalk":"unknown","lanes":0,"name":"","oneway":false},"geometry":{"type":"LineString","coordinates":[[126.9421293,37.545562],[126.941948,37.5454839],[126.9417285,37.5453193],[126.9416042,37.5452133]]}},{"type":"Feature","properties":{"class":"alley","highway":"service","sidewalk":"unknown","lanes":0,"name":"","oneway":false},"geometry":{"type":"LineString","coordinates":[[126.9418441,37.5449618],[126.9415789,37.5451326],[126.9414159,37.5450156],[126.9412834,37.5449207],[126.9411442,37.5449976],[126.9410144,37.5450694],[126.9410089,37.5451042],[126.9410003,37.5451578],[126.9409383,37.5451859]]}},{"type":"Feature","properties":{"class":"alley","highway":"service","sidewalk":"unknown","lanes":0,"name":"","oneway":false},"geometry":{"type":"LineString","coordinates":[[126.9412834,37.5449207],[126.9413277,37.5448239],[126.9411932,37.5447186]]}},{"type":"Feature","properties":{"class":"alley","highway":"service","sidewalk":"unknown","lanes":0,"name":"","oneway":false},"geometry":{"type":"LineString","coordinates":[[126.9413731,37.5445617],[126.9411932,37.5447186],[126.9409295,37.5448491]]}},{"type":"Feature","properties":{"class":"alley","highway":"service","sidewalk":"unknown","lanes":0,"name":"","oneway":false},"geometry":{"type":"LineString","coordinates":[[126.9434103,37.5437301],[126.9431167,37.5439175],[126.9430112,37.5438327],[126.9429022,37.5437451],[126.9428548,37.543707],[126.9426362,37.543856],[126.9425271,37.5439303],[126.9422755,37.5441017],[126.9421889,37.5441607],[126.9418992,37.5443581],[126.941974,37.5444166],[126.9420808,37.5445003],[126.9421894,37.5445854],[126.9417769,37.5449039]]}},{"type":"Feature","properties":{"class":"alley","highway":"service","sidewalk":"unknown","lanes":0,"name":"","oneway":false},"geometry":{"type":"LineString","coordinates":[[126.9426362,37.543856],[126.9428831,37.5440774],[126.9424407,37.5443665],[126.9423365,37.5442813],[126.9421889,37.5441607]]}},{"type":"Feature","properties":{"class":"alley","highway":"service","sidewalk":"unknown","lanes":0,"name":"","oneway":false},"geometry":{"type":"LineString","coordinates":[[126.9430112,37.5438327],[126.9432087,37.5437126]]}},{"type":"Feature","properties":{"class":"alley","highway":"service","sidewalk":"unknown","lanes":0,"name":"","oneway":false},"geometry":{"type":"LineString","coordinates":[[126.9429022,37.5437451],[126.9430335,37.5436591],[126.9431061,37.5436116]]}},{"type":"Feature","properties":{"class":"alley","highway":"service","sidewalk":"unknown","lanes":0,"name":"","oneway":false},"geometry":{"type":"LineString","coordinates":[[126.9420808,37.5445003],[126.9417541,37.5447257],[126.9416656,37.5446555],[126.9418198,37.5445361],[126.941974,37.5444166]]}},{"type":"Feature","properties":{"class":"alley","highway":"service","sidewalk":"unknown","lanes":0,"name":"","oneway":false},"geometry":{"type":"LineString","coordinates":[[126.9435956,37.5439561],[126.9434343,37.5440656],[126.9432988,37.5441575],[126.9432776,37.5441719],[126.9430267,37.5443421],[126.9429405,37.5444007],[126.942893,37.5444328],[126.9428148,37.5444859],[126.9427597,37.5445233],[126.9426704,37.5445839],[126.9426082,37.5446261],[126.9423664,37.5447902],[126.9423841,37.5448968],[126.9421859,37.5450287]]}},{"type":"Feature","properties":{"class":"alley","highway":"service","sidewalk":"unknown","lanes":0,"name":"","oneway":false},"geometry":{"type":"LineString","coordinates":[[126.9423841,37.5448968],[126.9424924,37.5449879],[126.9426008,37.545079],[126.9426779,37.5451438],[126.9425955,37.5451985],[126.9424498,37.5452951],[126.9423262,37.5453772]]}},{"type":"Feature","properties":{"class":"alley","highway":"service","sidewalk":"unknown","lanes":0,"name":"","oneway":false},"geometry":{"type":"LineString","coordinates":[[126.9426008,37.545079],[126.9423558,37.5452223]]}},{"type":"Feature","properties":{"class":"alley","highway":"service","sidewalk":"unknown","lanes":0,"name":"","oneway":false},"geometry":{"type":"LineString","coordinates":[[126.9424924,37.5449879],[126.9423169,37.5450961]]}},{"type":"Feature","properties":{"class":"alley","highway":"service","sidewalk":"unknown","lanes":0,"name":"","oneway":false},"geometry":{"type":"LineString","coordinates":[[126.9426082,37.5446261],[126.9426715,37.5446837],[126.9427223,37.5447299],[126.9427712,37.5447744],[126.9428626,37.5448575],[126.9429398,37.5449277],[126.9430014,37.5448892],[126.9430881,37.5448351],[126.9431273,37.5448106],[126.9432789,37.5447159],[126.9433397,37.544678],[126.9431973,37.5445252],[126.9430982,37.5444188],[126.9430267,37.5443421]]}},{"type":"Feature","properties":{"class":"alley","highway":"service","sidewalk":"unknown","lanes":0,"name":"","oneway":false},"geometry":{"type":"LineString","coordinates":[[126.9430982,37.5444188],[126.9431486,37.5443945],[126.9431946,37.5444422]]}},{"type":"Feature","properties":{"class":"alley","highway":"service","sidewalk":"unknown","lanes":0,"name":"","oneway":false},"geometry":{"type":"LineString","coordinates":[[126.9432988,37.5441575],[126.9436122,37.5444422]]}},{"type":"Feature","properties":{"class":"major","highway":"primary","sidewalk":"yes","lanes":8,"name":"통일로","oneway":true},"geometry":{"type":"LineString","coordinates":[[126.9653123,37.5671271],[126.9656305,37.5667777],[126.9659889,37.5663926],[126.966104,37.5662772],[126.9662118,37.5661783],[126.9664244,37.5659832],[126.9665825,37.5658697]]}},{"type":"Feature","properties":{"class":"major","highway":"primary","sidewalk":"likely","lanes":8,"name":"통일로","oneway":true},"geometry":{"type":"LineString","coordinates":[[126.9668554,37.5656627],[126.9671453,37.5652545],[126.9672624,37.5651126],[126.9674896,37.5648499],[126.9676441,37.5646169]]}},{"type":"Feature","properties":{"class":"major","highway":"primary_link","sidewalk":"likely","lanes":0,"name":"","oneway":true},"geometry":{"type":"LineString","coordinates":[[126.9454797,37.5566847],[126.9455449,37.5566409],[126.9456589,37.5565729],[126.9457649,37.556508],[126.9458624,37.5564273]]}},{"type":"Feature","properties":{"class":"major","highway":"primary_link","sidewalk":"likely","lanes":0,"name":"","oneway":true},"geometry":{"type":"LineString","coordinates":[[126.9462493,37.5568746],[126.9461337,37.5569237],[126.9458687,37.5570999]]}},{"type":"Feature","properties":{"class":"major","highway":"secondary_link","sidewalk":"likely","lanes":0,"name":"","oneway":true},"geometry":{"type":"LineString","coordinates":[[126.9434351,37.5500202],[126.9435313,37.5500259],[126.9435743,37.5499985],[126.9435974,37.549968],[126.943622,37.5499353],[126.9436529,37.5498732]]}},{"type":"Feature","properties":{"class":"major","highway":"primary_link","sidewalk":"likely","lanes":0,"name":"","oneway":true},"geometry":{"type":"LineString","coordinates":[[126.9558478,37.5573306],[126.9559666,37.5572725],[126.956023,37.5572321],[126.9560498,37.557181],[126.956067,37.55711]]}},{"type":"Feature","properties":{"class":"major","highway":"primary_link","sidewalk":"likely","lanes":0,"name":"","oneway":true},"geometry":{"type":"LineString","coordinates":[[126.956067,37.55711],[126.9562402,37.5571746],[126.9563475,37.5572384],[126.9565241,37.5573389]]}},{"type":"Feature","properties":{"class":"major","highway":"primary_link","sidewalk":"likely","lanes":0,"name":"","oneway":true},"geometry":{"type":"LineString","coordinates":[[126.9564306,37.5574752],[126.9563368,37.5575297],[126.9562697,37.5575808],[126.9562404,37.5576272]]}},{"type":"Feature","properties":{"class":"minor","highway":"residential","sidewalk":"unknown","lanes":0,"name":"굴레방로3길","oneway":false},"geometry":{"type":"LineString","coordinates":[[126.9563929,37.5548557],[126.9563127,37.5547208],[126.9561678,37.5546315],[126.9558091,37.5546199],[126.9557735,37.5546188],[126.9555278,37.5546139]]}},{"type":"Feature","properties":{"class":"alley","highway":"service","sidewalk":"unknown","lanes":0,"name":"","oneway":false},"geometry":{"type":"LineString","coordinates":[[126.9555828,37.5541077],[126.9557668,37.5540829],[126.9560096,37.5540532],[126.9563381,37.554033],[126.9564052,37.5540244],[126.9564427,37.5539734],[126.9563636,37.5538756],[126.9562161,37.5536704]]}},{"type":"Feature","properties":{"class":"major","highway":"tertiary","sidewalk":"likely","lanes":0,"name":"이화여대길","oneway":false},"geometry":{"type":"LineString","coordinates":[[126.9436416,37.5591439],[126.943382,37.559143],[126.9433165,37.5591419],[126.9429356,37.5591359],[126.9429047,37.5591355]]}},{"type":"Feature","properties":{"class":"major","highway":"tertiary","sidewalk":"likely","lanes":0,"name":"","oneway":false},"geometry":{"type":"LineString","coordinates":[[126.9429047,37.5591355],[126.9427674,37.5590879]]}},{"type":"Feature","properties":{"class":"minor","highway":"residential","sidewalk":"unknown","lanes":0,"name":"고산5길","oneway":false},"geometry":{"type":"LineString","coordinates":[[126.9397589,37.5555076],[126.9399352,37.5551711],[126.9401917,37.5546816],[126.9403352,37.5544077]]}},{"type":"Feature","properties":{"class":"alley","highway":"service","sidewalk":"unknown","lanes":0,"name":"","oneway":false},"geometry":{"type":"LineString","coordinates":[[126.9414157,37.5394817],[126.9412011,37.5396752],[126.9412225,37.5392201]]}},{"type":"Feature","properties":{"class":"alley","highway":"service","sidewalk":"unknown","lanes":0,"name":"","oneway":false},"geometry":{"type":"LineString","coordinates":[[126.9415417,37.5400048],[126.9412011,37.5396752],[126.9407102,37.5396454]]}},{"type":"Feature","properties":{"class":"major","highway":"primary_link","sidewalk":"likely","lanes":0,"name":"","oneway":true},"geometry":{"type":"LineString","coordinates":[[126.9562538,37.5576853],[126.9562037,37.5576291],[126.9561792,37.5576084],[126.9561551,37.5575845],[126.9561055,37.5575412],[126.9560739,37.5575186],[126.9560073,37.5574771]]}},{"type":"Feature","properties":{"class":"minor","highway":"residential","sidewalk":"unknown","lanes":0,"name":"","oneway":false},"geometry":{"type":"LineString","coordinates":[[126.9480506,37.556402],[126.9480702,37.5564921],[126.9481011,37.5565623],[126.9481279,37.556609],[126.9481574,37.5566484],[126.9482177,37.5567037],[126.948321,37.55676],[126.9484608,37.5568422]]}},{"type":"Feature","properties":{"class":"minor","highway":"residential","sidewalk":"unknown","lanes":0,"name":"","oneway":false},"geometry":{"type":"LineString","coordinates":[[126.961168,37.5470555],[126.9610492,37.5466878]]}},{"type":"Feature","properties":{"class":"major","highway":"primary_link","sidewalk":"likely","lanes":0,"name":"","oneway":true},"geometry":{"type":"LineString","coordinates":[[126.9654465,37.5544172],[126.9654556,37.5543267],[126.9654867,37.5542678],[126.9655019,37.55421],[126.9654952,37.5541552],[126.9654666,37.5541003],[126.9654191,37.554043],[126.9653394,37.5539624],[126.9652905,37.5538758]]}},{"type":"Feature","properties":{"class":"major","highway":"primary_link","sidewalk":"likely","lanes":0,"name":"","oneway":true},"geometry":{"type":"LineString","coordinates":[[126.951738,37.544093],[126.9515388,37.5441688],[126.951491,37.5441911],[126.951459,37.5442204],[126.9514399,37.5442638],[126.9514291,37.5443268]]}},{"type":"Feature","properties":{"class":"major","highway":"primary_link","sidewalk":"likely","lanes":0,"name":"","oneway":false},"geometry":{"type":"LineString","coordinates":[[126.9546629,37.549655],[126.9548565,37.5495917]]}},{"type":"Feature","properties":{"class":"major","highway":"primary_link","sidewalk":"likely","lanes":0,"name":"","oneway":true},"geometry":{"type":"LineString","coordinates":[[126.9641025,37.5590953],[126.9639936,37.5591379],[126.9639905,37.5591607],[126.9639632,37.5592097],[126.9639255,37.5592645],[126.9639104,37.5593576]]}},{"type":"Feature","properties":{"class":"major","highway":"primary_link","sidewalk":"likely","lanes":0,"name":"","oneway":true},"geometry":{"type":"LineString","coordinates":[[126.9667575,37.5378958],[126.9666526,37.5379642],[126.9666392,37.5379971],[126.9666338,37.5380365],[126.9666365,37.5380758],[126.9666545,37.538189]]}},{"type":"Feature","properties":{"class":"alley","highway":"service","sidewalk":"unknown","lanes":0,"name":"","oneway":false},"geometry":{"type":"LineString","coordinates":[[126.9665787,37.541023],[126.9662261,37.5411044]]}},{"type":"Feature","properties":{"class":"minor","highway":"residential","sidewalk":"unknown","lanes":0,"name":"","oneway":false},"geometry":{"type":"LineString","coordinates":[[126.9667106,37.5408052],[126.9666365,37.5408407],[126.966607,37.5408683],[126.9665855,37.5408875],[126.9665641,37.5409172],[126.9665787,37.541023],[126.9666277,37.5413758]]}},{"type":"Feature","properties":{"class":"minor","highway":"residential","sidewalk":"unknown","lanes":0,"name":"삼개로","oneway":false},"geometry":{"type":"LineString","coordinates":[[126.9471222,37.5403189],[126.9472172,37.5402359],[126.9474967,37.5399916]]}},{"type":"Feature","properties":{"class":"major","highway":"tertiary","sidewalk":"likely","lanes":0,"name":"효창원로","oneway":false},"geometry":{"type":"LineString","coordinates":[[126.9610475,37.5385768],[126.9610692,37.5386165]]}},{"type":"Feature","properties":{"class":"major","highway":"tertiary","sidewalk":"likely","lanes":0,"name":"효창원로","oneway":false},"geometry":{"type":"LineString","coordinates":[[126.9610692,37.5386165],[126.9612671,37.538939],[126.961336,37.5391116],[126.9613674,37.5392201],[126.9614159,37.5393102]]}},{"type":"Feature","properties":{"class":"major","highway":"tertiary","sidewalk":"likely","lanes":0,"name":"효창원로","oneway":false},"geometry":{"type":"LineString","coordinates":[[126.9609653,37.5384555],[126.9610475,37.5385768]]}},{"type":"Feature","properties":{"class":"major","highway":"tertiary","sidewalk":"likely","lanes":0,"name":"효창원로","oneway":false},"geometry":{"type":"LineString","coordinates":[[126.9609073,37.5383651],[126.9609653,37.5384555]]}},{"type":"Feature","properties":{"class":"major","highway":"tertiary","sidewalk":"likely","lanes":0,"name":"효창원로","oneway":false},"geometry":{"type":"LineString","coordinates":[[126.9606433,37.5379489],[126.9609073,37.5383651]]}},{"type":"Feature","properties":{"class":"minor","highway":"residential","sidewalk":"unknown","lanes":0,"name":"","oneway":false},"geometry":{"type":"LineString","coordinates":[[126.9606433,37.5379489],[126.9603455,37.5382905],[126.9600823,37.5379529]]}},{"type":"Feature","properties":{"class":"major","highway":"secondary","sidewalk":"likely","lanes":0,"name":"새창로","oneway":false},"geometry":{"type":"LineString","coordinates":[[126.9600823,37.5379529],[126.9600006,37.5380795]]}},{"type":"Feature","properties":{"class":"major","highway":"secondary","sidewalk":"likely","lanes":0,"name":"새창로","oneway":false},"geometry":{"type":"LineString","coordinates":[[126.9600006,37.5380795],[126.9597293,37.5384889],[126.9594962,37.5388172],[126.9593379,37.53904],[126.9592869,37.5391097],[126.9592145,37.5391539],[126.9589529,37.5392281],[126.9586252,37.5393187],[126.958361,37.5393964]]}},{"type":"Feature","properties":{"class":"alley","highway":"pedestrian","sidewalk":"unknown","lanes":0,"name":"","oneway":false},"geometry":{"type":"LineString","coordinates":[[126.9614077,37.5388526],[126.9614791,37.5390259],[126.9614852,37.5390406],[126.96151,37.5390522],[126.9617231,37.5389936],[126.961743,37.5389957],[126.9633341,37.538585],[126.9633659,37.5385767],[126.9633348,37.5385002],[126.9632963,37.5384061],[126.963293,37.538398],[126.9630524,37.5384015],[126.9628881,37.5384718],[126.9627702,37.538512],[126.962388,37.5385515],[126.9617222,37.5387651],[126.9613346,37.5387957],[126.9614077,37.5388526]]}},{"type":"Feature","properties":{"class":"alley","highway":"service","sidewalk":"unknown","lanes":0,"name":"","oneway":false},"geometry":{"type":"LineString","coordinates":[[126.9640705,37.5385014],[126.9640353,37.538422],[126.9639843,37.5382903],[126.9639702,37.5382733],[126.9639471,37.5382611],[126.9639181,37.5382496],[126.9638851,37.5382463],[126.9638474,37.5382505],[126.963607,37.5383115],[126.9635522,37.5383254],[126.9635057,37.5383278],[126.9634664,37.5383224],[126.9634316,37.5383081],[126.9634087,37.5382872],[126.963337,37.5381388]]}},{"type":"Feature","properties":{"class":"alley","highway":"service","sidewalk":"unknown","lanes":0,"name":"","oneway":false},"geometry":{"type":"LineString","coordinates":[[126.9635466,37.5457244],[126.9631649,37.5456869]]}},{"type":"Feature","properties":{"class":"alley","highway":"service","sidewalk":"unknown","lanes":0,"name":"","oneway":false},"geometry":{"type":"LineString","coordinates":[[126.9637347,37.5457429],[126.9635466,37.5457244]]}},{"type":"Feature","properties":{"class":"alley","highway":"service","sidewalk":"unknown","lanes":0,"name":"","oneway":false},"geometry":{"type":"LineString","coordinates":[[126.9656836,37.5458364],[126.9658747,37.5458395],[126.9658788,37.5460171]]}},{"type":"Feature","properties":{"class":"alley","highway":"service","sidewalk":"unknown","lanes":0,"name":"","oneway":false},"geometry":{"type":"LineString","coordinates":[[126.9656792,37.5457059],[126.9656836,37.5458364],[126.9656897,37.5460117],[126.9658788,37.5460171]]}},{"type":"Feature","properties":{"class":"alley","highway":"service","sidewalk":"unknown","lanes":0,"name":"","oneway":false},"geometry":{"type":"LineString","coordinates":[[126.9654328,37.5458461],[126.9654925,37.5457098],[126.9656792,37.5457059],[126.9660102,37.5456991]]}},{"type":"Feature","properties":{"class":"alley","highway":"service","sidewalk":"unknown","lanes":0,"name":"","oneway":false},"geometry":{"type":"LineString","coordinates":[[126.9641911,37.5463096],[126.9641699,37.5464882]]}},{"type":"Feature","properties":{"class":"alley","highway":"service","sidewalk":"unknown","lanes":0,"name":"","oneway":false},"geometry":{"type":"LineString","coordinates":[[126.964196,37.5462679],[126.9641911,37.5463096]]}},{"type":"Feature","properties":{"class":"major","highway":"primary_link","sidewalk":"likely","lanes":0,"name":"","oneway":true},"geometry":{"type":"LineString","coordinates":[[126.9458624,37.5564273],[126.9459397,37.5565367],[126.9460371,37.5566362],[126.9461311,37.5567187]]}},{"type":"Feature","properties":{"class":"major","highway":"primary","sidewalk":"likely","lanes":0,"name":"신촌로","oneway":true},"geometry":{"type":"LineString","coordinates":[[126.9429066,37.5565296],[126.9436698,37.5565748],[126.943989,37.5565946],[126.9454797,37.5566847],[126.9458567,37.5567077]]}},{"type":"Feature","properties":{"class":"major","highway":"primary","sidewalk":"likely","lanes":0,"name":"신촌로","oneway":true},"geometry":{"type":"LineString","coordinates":[[126.9458525,37.5568509],[126.9446763,37.5567805],[126.9435397,37.5567125],[126.942954,37.5566811]]}},{"type":"Feature","properties":{"class":"major","highway":"secondary","sidewalk":"likely","lanes":0,"name":"대흥로","oneway":false},"geometry":{"type":"LineString","coordinates":[[126.9458525,37.5568509],[126.9458567,37.5567077]]}},{"type":"Feature","properties":{"class":"major","highway":"primary","sidewalk":"likely","lanes":0,"name":"신촌로","oneway":true},"geometry":{"type":"LineString","coordinates":[[126.9428273,37.5566747],[126.9425811,37.5566642],[126.9422553,37.5566411],[126.9415316,37.5565861],[126.9412511,37.5565599],[126.9410297,37.5565293],[126.9406216,37.5563921],[126.9404017,37.5563197],[126.9399769,37.5561799],[126.9398137,37.5561196],[126.9388252,37.5558171]]}},{"type":"Feature","properties":{"class":"major","highway":"secondary","sidewalk":"likely","lanes":0,"name":"신촌역로","oneway":true},"geometry":{"type":"LineString","coordinates":[[126.9428273,37.5566747],[126.9429066,37.5565296]]}},{"type":"Feature","properties":{"class":"major","highway":"primary","sidewalk":"likely","lanes":0,"name":"신촌로","oneway":true},"geometry":{"type":"LineString","coordinates":[[126.9372009,37.55509],[126.9378891,37.5553198],[126.9384721,37.5555052],[126.9389274,37.5556571],[126.9390203,37.555693],[126.9400599,37.5560306],[126.9404769,37.556169],[126.9410833,37.5563648],[126.9412902,37.5564259],[126.9416257,37.5564657],[126.9422815,37.556501],[126.94259,37.5565149],[126.9429066,37.5565296]]}},{"type":"Feature","properties":{"class":"major","highway":"tertiary","sidewalk":"likely","lanes":0,"name":"중림로","oneway":true},"geometry":{"type":"LineString","coordinates":[[126.9635401,37.5593408],[126.9635806,37.5592002],[126.9635992,37.5591716],[126.963618,37.5591542],[126.963702,37.5591274]]}},{"type":"Feature","properties":{"class":"minor","highway":"residential","sidewalk":"unknown","lanes":0,"name":"충정로","oneway":false},"geometry":{"type":"LineString","coordinates":[[126.9630603,37.5621867],[126.96336,37.5622351],[126.9635239,37.5622372],[126.963814,37.562177],[126.963836,37.5621692],[126.9639394,37.5621323],[126.964023,37.5621018],[126.9640322,37.5620985],[126.9640595,37.5620886],[126.9641229,37.5620645]]}},{"type":"Feature","properties":{"class":"major","highway":"primary","sidewalk":"likely","lanes":0,"name":"충정로","oneway":true},"geometry":{"type":"LineString","coordinates":[[126.9639394,37.5621323],[126.9635563,37.5614503],[126.9633817,37.5611773],[126.9631508,37.5608162]]}},{"type":"Feature","properties":{"class":"major","highway":"primary","sidewalk":"likely","lanes":0,"name":"충정로","oneway":true},"geometry":{"type":"LineString","coordinates":[[126.9631508,37.5608162],[126.9629624,37.5605304],[126.9628237,37.5603085],[126.9626957,37.5601167],[126.9625251,37.5599207],[126.9622837,37.5597],[126.9622409,37.559665],[126.9620506,37.5595025]]}},{"type":"Feature","properties":{"class":"minor","highway":"residential","sidewalk":"unknown","lanes":0,"name":"충정로4길","oneway":false},"geometry":{"type":"LineString","coordinates":[[126.9643752,37.5601806],[126.9645013,37.5600063],[126.9645227,37.5599765],[126.9646696,37.5598288]]}},{"type":"Feature","properties":{"class":"major","highway":"primary","sidewalk":"likely","lanes":0,"name":"서소문로","oneway":false},"geometry":{"type":"LineString","coordinates":[[126.9645912,37.5597796],[126.9646696,37.5598288]]}},{"type":"Feature","properties":{"class":"major","highway":"primary","sidewalk":"likely","lanes":2,"name":"서소문로","oneway":false},"geometry":{"type":"LineString","coordinates":[[126.9646696,37.5598288],[126.9652729,37.5602072],[126.9656137,37.5604209],[126.9658611,37.5605761]]}},{"type":"Feature","properties":{"class":"minor","highway":"residential","sidewalk":"unknown","lanes":0,"name":"","oneway":false},"geometry":{"type":"LineString","coordinates":[[126.9660179,37.5600235],[126.9667771,37.5604966],[126.9671231,37.5607666],[126.9677585,37.5609816]]}},{"type":"Feature","properties":{"class":"major","highway":"primary","sidewalk":"likely","lanes":0,"name":"청파로","oneway":false},"geometry":{"type":"LineString","coordinates":[[126.9677585,37.5609816],[126.9683134,37.5598809],[126.9684178,37.5596737]]}},{"type":"Feature","properties":{"class":"minor","highway":"residential","sidewalk":"unknown","lanes":0,"name":"","oneway":false},"geometry":{"type":"LineString","coordinates":[[126.9635337,37.563431],[126.9633739,37.5627441]]}},{"type":"Feature","properties":{"class":"major","highway":"primary","sidewalk":"likely","lanes":3,"name":"마포대로","oneway":true},"geometry":{"type":"LineString","coordinates":[[126.9591993,37.5571854],[126.958992,37.5570178],[126.9589555,37.5569883],[126.9581501,37.5562901],[126.9578996,37.5560102],[126.9578396,37.5559135],[126.9577584,37.5557503],[126.9574961,37.5552959],[126.9571564,37.5546125]]}},{"type":"Feature","properties":{"class":"major","highway":"primary","sidewalk":"likely","lanes":0,"name":"신촌로","oneway":true},"geometry":{"type":"LineString","coordinates":[[126.9591993,37.5571854],[126.9594848,37.5571695]]}},{"type":"Feature","properties":{"class":"alley","highway":"service","sidewalk":"unknown","lanes":0,"name":"","oneway":false},"geometry":{"type":"LineString","coordinates":[[126.9504831,37.5465452],[126.9505786,37.5466656]]}},{"type":"Feature","properties":{"class":"major","highway":"primary_link","sidewalk":"likely","lanes":0,"name":"","oneway":true},"geometry":{"type":"LineString","coordinates":[[126.9510116,37.5436856],[126.9511574,37.5437017],[126.9512501,37.5436941],[126.9513113,37.5436832],[126.9514109,37.5436737]]}},{"type":"Feature","properties":{"class":"major","highway":"secondary","sidewalk":"likely","lanes":0,"name":"백범로","oneway":true},"geometry":{"type":"LineString","coordinates":[[126.9511018,37.5438118],[126.9511582,37.543785]]}},{"type":"Feature","properties":{"class":"major","highway":"primary","sidewalk":"likely","lanes":0,"name":"","oneway":true},"geometry":{"type":"LineString","coordinates":[[126.9510116,37.5436856],[126.9511582,37.543785]]}},{"type":"Feature","properties":{"class":"major","highway":"primary","sidewalk":"likely","lanes":3,"name":"만리재로","oneway":true},"geometry":{"type":"LineString","coordinates":[[126.9549235,37.544665],[126.9548635,37.5446452],[126.9547736,37.5446213],[126.9546144,37.5445912],[126.9540073,37.5444988],[126.9536506,37.5444323],[126.9525476,37.5442463],[126.9523301,37.5442041],[126.9521962,37.5441752],[126.951738,37.544093],[126.9515196,37.5440539]]}},{"type":"Feature","properties":{"class":"major","highway":"primary","sidewalk":"likely","lanes":3,"name":"만리재로","oneway":true},"geometry":{"type":"LineString","coordinates":[[126.9525892,37.5441809],[126.9536168,37.5443348],[126.9540093,37.5443975],[126.9542558,37.544431],[126.9545584,37.5444748],[126.9546526,37.5444884],[126.9548211,37.5445293],[126.9549754,37.5445862],[126.9550519,37.5446256],[126.9551131,37.544674]]}},{"type":"Feature","properties":{"class":"major","highway":"primary","sidewalk":"likely","lanes":5,"name":"마포대로","oneway":true},"geometry":{"type":"LineString","coordinates":[[126.9510116,37.5436856],[126.9511018,37.5438118]]}},{"type":"Feature","properties":{"class":"major","highway":"primary","sidewalk":"likely","lanes":0,"name":"만리재로","oneway":true},"geometry":{"type":"LineString","coordinates":[[126.9515196,37.5440539],[126.9511799,37.5439277]]}},{"type":"Feature","properties":{"class":"major","highway":"primary","sidewalk":"likely","lanes":0,"name":"만리재로","oneway":true},"geometry":{"type":"LineString","coordinates":[[126.9514697,37.5439491],[126.9520189,37.5440382]]}},{"type":"Feature","properties":{"class":"major","highway":"tertiary","sidewalk":"likely","lanes":0,"name":"백범로37길","oneway":true},"geometry":{"type":"LineString","coordinates":[[126.9545584,37.5444748],[126.9546502,37.5444432],[126.954709,37.5444048],[126.9547161,37.5443251],[126.9545205,37.5439182],[126.9544851,37.5438333],[126.9544762,37.543767],[126.9544818,37.5437209],[126.954502,37.5436572],[126.9546027,37.5434385],[126.9548006,37.5430474],[126.9549514,37.5427546],[126.9551015,37.5424741],[126.95508,37.5424057],[126.9550171,37.5423481],[126.954917,37.5423118],[126.9547624,37.5423106]]}},{"type":"Feature","properties":{"class":"major","highway":"secondary","sidewalk":"likely","lanes":0,"name":"백범로","oneway":true},"geometry":{"type":"LineString","coordinates":[[126.9384187,37.5498486],[126.9385564,37.5496275],[126.9386834,37.5494704],[126.9387801,37.5493767],[126.9389053,37.5492772],[126.9390428,37.5491837],[126.939242,37.5490595],[126.9393781,37.5489881],[126.9398263,37.548763],[126.94057,37.5484323],[126.9415177,37.5480138],[126.9417183,37.5479176],[126.941883,37.5478347]]}},{"type":"Feature","properties":{"class":"major","highway":"secondary","sidewalk":"likely","lanes":0,"name":"백범로","oneway":true},"geometry":{"type":"LineString","coordinates":[[126.9494297,37.5446646],[126.948927,37.5448832],[126.9487266,37.5449679],[126.9465385,37.5459117],[126.9464483,37.5459506]]}},{"type":"Feature","properties":{"class":"major","highway":"secondary","sidewalk":"likely","lanes":0,"name":"백범로","oneway":true},"geometry":{"type":"LineString","coordinates":[[126.9507814,37.5441216],[126.9506002,37.5442002],[126.9500026,37.5444272],[126.9494297,37.5446646]]}},{"type":"Feature","properties":{"class":"major","highway":"secondary","sidewalk":"likely","lanes":0,"name":"대흥로","oneway":false},"geometry":{"type":"LineString","coordinates":[[126.941951,37.5478974],[126.941883,37.5478347]]}},{"type":"Feature","properties":{"class":"alley","highway":"pedestrian","sidewalk":"unknown","lanes":0,"name":"백범로28길","oneway":false},"geometry":{"type":"LineString","coordinates":[[126.9474922,37.5453825],[126.9474574,37.5453355],[126.9474226,37.5452885],[126.9472165,37.5449985],[126.947183,37.5449486]]}},{"type":"Feature","properties":{"class":"alley","highway":"service","sidewalk":"unknown","lanes":0,"name":"","oneway":false},"geometry":{"type":"LineString","coordinates":[[126.9465385,37.5459117],[126.9465757,37.5459492],[126.9467318,37.5461068],[126.9475477,37.5469306],[126.9481055,37.5466787]]}},{"type":"Feature","properties":{"class":"alley","highway":"service","sidewalk":"unknown","lanes":0,"name":"","oneway":false},"geometry":{"type":"LineString","coordinates":[[126.9467318,37.5461068],[126.9474579,37.5457781]]}},{"type":"Feature","properties":{"class":"major","highway":"secondary_link","sidewalk":"likely","lanes":0,"name":"","oneway":true},"geometry":{"type":"LineString","coordinates":[[126.9464483,37.5459506],[126.9463846,37.545865]]}},{"type":"Feature","properties":{"class":"major","highway":"secondary","sidewalk":"likely","lanes":0,"name":"백범로","oneway":true},"geometry":{"type":"LineString","coordinates":[[126.9461627,37.5460738],[126.946048,37.5461233],[126.94568,37.5462821],[126.9452294,37.5464764],[126.9440979,37.5469645],[126.9439844,37.5470135],[126.9436735,37.5471476],[126.9428774,37.547491],[126.9426258,37.5475996],[126.9422393,37.5477663],[126.9420929,37.5478294],[126.941951,37.5478974]]}},{"type":"Feature","properties":{"class":"minor","highway":"residential","sidewalk":"unknown","lanes":0,"name":"백범로25길","oneway":false},"geometry":{"type":"LineString","coordinates":[[126.9461627,37.5460738],[126.946196,37.546126],[126.9467801,37.5467393],[126.9469815,37.5469679],[126.9472142,37.5472923],[126.9473022,37.5475157],[126.9473724,37.5481616],[126.9474341,37.548384],[126.9475267,37.5486746],[126.9475968,37.548815],[126.9476724,37.5489657]]}},{"type":"Feature","properties":{"class":"major","highway":"secondary","sidewalk":"likely","lanes":0,"name":"백범로","oneway":true},"geometry":{"type":"LineString","coordinates":[[126.9464483,37.5459506],[126.9462944,37.5460169],[126.9461627,37.5460738]]}},{"type":"Feature","properties":{"class":"major","highway":"secondary_link","sidewalk":"likely","lanes":0,"name":"","oneway":true},"geometry":{"type":"LineString","coordinates":[[126.9422393,37.5477663],[126.9421835,37.5476953]]}},{"type":"Feature","properties":{"class":"major","highway":"secondary","sidewalk":"likely","lanes":0,"name":"백범로","oneway":true},"geometry":{"type":"LineString","coordinates":[[126.9510212,37.5440159],[126.9507814,37.5441216]]}},{"type":"Feature","properties":{"class":"minor","highway":"residential","sidewalk":"unknown","lanes":0,"name":"","oneway":false},"geometry":{"type":"LineString","coordinates":[[126.962263,37.5470357],[126.9629002,37.5469985]]}},{"type":"Feature","properties":{"class":"minor","highway":"residential","sidewalk":"unknown","lanes":0,"name":"","oneway":false},"geometry":{"type":"LineString","coordinates":[[126.9628733,37.5466753],[126.9629002,37.5469985]]}},{"type":"Feature","properties":{"class":"minor","highway":"residential","sidewalk":"unknown","lanes":0,"name":"손기정로6길","oneway":false},"geometry":{"type":"LineString","coordinates":[[126.9604794,37.5561106],[126.9608113,37.5563537]]}},{"type":"Feature","properties":{"class":"minor","highway":"residential","sidewalk":"unknown","lanes":0,"name":"손기정로4길","oneway":false},"geometry":{"type":"LineString","coordinates":[[126.9608113,37.5563537],[126.9604602,37.5566724],[126.9605195,37.5567603]]}},{"type":"Feature","properties":{"class":"minor","highway":"residential","sidewalk":"unknown","lanes":0,"name":"숭문5길","oneway":true},"geometry":{"type":"LineString","coordinates":[[126.9441287,37.5479669],[126.9442638,37.5479457],[126.9444866,37.5479886],[126.9445762,37.5480071]]}},{"type":"Feature","properties":{"class":"minor","highway":"residential","sidewalk":"unknown","lanes":0,"name":"숭문길","oneway":true},"geometry":{"type":"LineString","coordinates":[[126.9450973,37.5490867],[126.9455412,37.5489821],[126.9455836,37.5489538]]}},{"type":"Feature","properties":{"class":"minor","highway":"residential","sidewalk":"unknown","lanes":0,"name":"숭문길","oneway":false},"geometry":{"type":"LineString","coordinates":[[126.9455836,37.5489538],[126.9455036,37.5487296],[126.9454498,37.5485695],[126.9454498,37.5482743],[126.9454467,37.5481093],[126.9454394,37.5477236],[126.9454352,37.5474981],[126.9454411,37.547441],[126.9454951,37.5469139],[126.945459,37.5468036]]}},{"type":"Feature","properties":{"class":"major","highway":"primary","sidewalk":"likely","lanes":0,"name":"만리재로","oneway":true},"geometry":{"type":"LineString","coordinates":[[126.9624642,37.551548],[126.9623701,37.551479],[126.962252,37.551397],[126.9621425,37.5513141],[126.9618845,37.5511152],[126.9615906,37.5508873],[126.961287,37.5506665],[126.9611042,37.5505172],[126.9609815,37.5504187],[126.9608598,37.5503066],[126.9607794,37.5502267],[126.9606351,37.5500559],[126.9605626,37.5499701],[126.9596035,37.548808],[126.9593236,37.5484729],[126.9592726,37.5484174],[126.9592165,37.5483564],[126.9591185,37.548271],[126.9588651,37.5480635],[126.9585992,37.547845],[126.9584019,37.5476829],[126.9581986,37.5475132]]}},{"type":"Feature","properties":{"class":"major","highway":"primary_link","sidewalk":"likely","lanes":0,"name":"","oneway":true},"geometry":{"type":"LineString","coordinates":[[126.9550344,37.544742],[126.9550219,37.54468],[126.9550457,37.544668],[126.9551131,37.544674]]}},{"type":"Feature","properties":{"class":"major","highway":"primary_link","sidewalk":"likely","lanes":0,"name":"","oneway":true},"geometry":{"type":"LineString","coordinates":[[126.9562793,37.5457898],[126.9562616,37.5457216],[126.9562951,37.5457019],[126.9563522,37.5457266]]}},{"type":"Feature","properties":{"class":"minor","highway":"residential","sidewalk":"unknown","lanes":0,"name":"마포대로14길","oneway":true},"geometry":{"type":"LineString","coordinates":[[126.958059,37.5473966],[126.957996,37.547433],[126.9578889,37.5474401],[126.9577921,37.5474603],[126.9577457,37.5474785],[126.9576206,37.5475541]]}},{"type":"Feature","properties":{"class":"minor","highway":"residential","sidewalk":"unknown","lanes":0,"name":"마포대로14길","oneway":true},"geometry":{"type":"LineString","coordinates":[[126.9576206,37.5475541],[126.9576496,37.5474845],[126.9578255,37.5472794],[126.9578504,37.5472486],[126.9578555,37.5472152]]}},{"type":"Feature","properties":{"class":"alley","highway":"service","sidewalk":"unknown","lanes":0,"name":"","oneway":true},"geometry":{"type":"LineString","coordinates":[[126.9517387,37.5461927],[126.9517394,37.5462094],[126.9517329,37.5462264],[126.9517293,37.5462302],[126.9517195,37.5462406],[126.951701,37.5462505],[126.9516794,37.5462549],[126.9516571,37.5462533],[126.9516368,37.5462459],[126.9516208,37.5462336],[126.9516108,37.5462177],[126.9516082,37.5462001],[126.9516126,37.5461837],[126.9516233,37.5461693],[126.9516393,37.5461583],[126.9516588,37.5461519],[126.9516799,37.5461507],[126.9517004,37.5461548],[126.9517181,37.5461639],[126.9517314,37.546177],[126.9517387,37.5461927]]}},{"type":"Feature","properties":{"class":"alley","highway":"service","sidewalk":"unknown","lanes":0,"name":"","oneway":true},"geometry":{"type":"LineString","coordinates":[[126.9515843,37.5462465],[126.9516002,37.546234],[126.9516108,37.5462177]]}},{"type":"Feature","properties":{"class":"alley","highway":"service","sidewalk":"unknown","lanes":0,"name":"","oneway":true},"geometry":{"type":"LineString","coordinates":[[126.9516571,37.5462533],[126.9516098,37.5462489],[126.9515843,37.5462465]]}},{"type":"Feature","properties":{"class":"alley","highway":"service","sidewalk":"unknown","lanes":0,"name":"","oneway":false},"geometry":{"type":"LineString","coordinates":[[126.9510118,37.5461407],[126.9509536,37.5462817],[126.9509172,37.5463699]]}},{"type":"Feature","properties":{"class":"alley","highway":"service","sidewalk":"unknown","lanes":0,"name":"","oneway":false},"geometry":{"type":"LineString","coordinates":[[126.9516782,37.5461226],[126.951558,37.5459573]]}},{"type":"Feature","properties":{"class":"alley","highway":"service","sidewalk":"unknown","lanes":0,"name":"","oneway":false},"geometry":{"type":"LineString","coordinates":[[126.9503965,37.5456926],[126.9503438,37.5457067],[126.9503122,37.5457306],[126.9502875,37.5457876],[126.9501843,37.5457661]]}},{"type":"Feature","properties":{"class":"alley","highway":"service","sidewalk":"unknown","lanes":0,"name":"","oneway":true},"geometry":{"type":"LineString","coordinates":[[126.9516782,37.5461226],[126.9516881,37.546137],[126.9517004,37.5461548]]}},{"type":"Feature","properties":{"class":"alley","highway":"service","sidewalk":"unknown","lanes":0,"name":"","oneway":true},"geometry":{"type":"LineString","coordinates":[[126.9516588,37.5461519],[126.9516705,37.5461385],[126.9516782,37.5461226]]}},{"type":"Feature","properties":{"class":"alley","highway":"service","sidewalk":"unknown","lanes":0,"name":"","oneway":true},"geometry":{"type":"LineString","coordinates":[[126.9517314,37.546177],[126.9517559,37.5461818],[126.9517796,37.5461821],[126.9518241,37.546162]]}},{"type":"Feature","properties":{"class":"alley","highway":"service","sidewalk":"unknown","lanes":0,"name":"","oneway":true},"geometry":{"type":"LineString","coordinates":[[126.9518371,37.5461793],[126.9517671,37.5462124]]}},{"type":"Feature","properties":{"class":"alley","highway":"service","sidewalk":"unknown","lanes":0,"name":"","oneway":true},"geometry":{"type":"LineString","coordinates":[[126.9517671,37.5462124],[126.95177,37.5461968],[126.9517796,37.5461821]]}},{"type":"Feature","properties":{"class":"alley","highway":"service","sidewalk":"unknown","lanes":0,"name":"","oneway":true},"geometry":{"type":"LineString","coordinates":[[126.9517706,37.5462612],[126.9517583,37.546251],[126.9517394,37.546247],[126.951721,37.5462474],[126.951701,37.5462505]]}},{"type":"Feature","properties":{"class":"alley","highway":"service","sidewalk":"unknown","lanes":0,"name":"","oneway":true},"geometry":{"type":"LineString","coordinates":[[126.9517671,37.5462124],[126.9517195,37.5462406]]}},{"type":"Feature","properties":{"class":"alley","highway":"service","sidewalk":"unknown","lanes":0,"name":"","oneway":false},"geometry":{"type":"LineString","coordinates":[[126.9516871,37.5473025],[126.9516646,37.5473632]]}},{"type":"Feature","properties":{"class":"alley","highway":"service","sidewalk":"unknown","lanes":0,"name":"","oneway":false},"geometry":{"type":"LineString","coordinates":[[126.9508016,37.5483537],[126.9508717,37.5481851]]}},{"type":"Feature","properties":{"class":"major","highway":"primary_link","sidewalk":"likely","lanes":0,"name":"","oneway":true},"geometry":{"type":"LineString","coordinates":[[126.95118,37.5443091],[126.9510836,37.5442202],[126.9509989,37.5441862],[126.950881,37.5441672],[126.9508154,37.5441756],[126.9506002,37.5442002]]}},{"type":"Feature","properties":{"class":"major","highway":"primary_link","sidewalk":"likely","lanes":0,"name":"","oneway":true},"geometry":{"type":"LineString","coordinates":[[126.9506899,37.5439898],[126.9507633,37.543924],[126.9507905,37.5438845],[126.950854,37.5437655]]}},{"type":"Feature","properties":{"class":"major","highway":"secondary","sidewalk":"likely","lanes":0,"name":"백범로","oneway":true},"geometry":{"type":"LineString","coordinates":[[126.9506899,37.5439898],[126.9509325,37.5438781]]}},{"type":"Feature","properties":{"class":"major","highway":"primary","sidewalk":"likely","lanes":5,"name":"마포대로","oneway":true},"geometry":{"type":"LineString","coordinates":[[126.9510212,37.5440159],[126.9509325,37.5438781]]}},{"type":"Feature","properties":{"class":"major","highway":"primary","sidewalk":"likely","lanes":5,"name":"마포대로","oneway":true},"geometry":{"type":"LineString","coordinates":[[126.9509325,37.5438781],[126.950854,37.5437655]]}},{"type":"Feature","properties":{"class":"major","highway":"secondary","sidewalk":"likely","lanes":0,"name":"백범로","oneway":true},"geometry":{"type":"LineString","coordinates":[[126.9519837,37.5435805],[126.9512925,37.5438795]]}},{"type":"Feature","properties":{"class":"major","highway":"primary","sidewalk":"likely","lanes":0,"name":"","oneway":true},"geometry":{"type":"LineString","coordinates":[[126.9511582,37.543785],[126.9512925,37.5438795]]}},{"type":"Feature","properties":{"class":"major","highway":"secondary","sidewalk":"likely","lanes":0,"name":"백범로","oneway":true},"geometry":{"type":"LineString","coordinates":[[126.9511582,37.543785],[126.9514109,37.5436737]]}},{"type":"Feature","properties":{"class":"major","highway":"secondary","sidewalk":"likely","lanes":0,"name":"백범로","oneway":true},"geometry":{"type":"LineString","coordinates":[[126.9509985,37.5438527],[126.9511018,37.5438118]]}},{"type":"Feature","properties":{"class":"major","highway":"primary","sidewalk":"likely","lanes":0,"name":"만리재로","oneway":true},"geometry":{"type":"LineString","coordinates":[[126.9509985,37.5438527],[126.950854,37.5437655]]}},{"type":"Feature","properties":{"class":"major","highway":"primary","sidewalk":"likely","lanes":5,"name":"마포대로","oneway":true},"geometry":{"type":"LineString","coordinates":[[126.9511799,37.5439277],[126.9513597,37.5442305],[126.9514291,37.5443268],[126.9517895,37.5447881],[126.951996,37.5450525],[126.9525408,37.5457979],[126.9531878,37.5466884],[126.9533341,37.5468936],[126.9534508,37.5470397],[126.9536897,37.5474256],[126.9545353,37.5489525]]}},{"type":"Feature","properties":{"class":"major","highway":"primary","sidewalk":"likely","lanes":0,"name":"만리재로","oneway":true},"geometry":{"type":"LineString","coordinates":[[126.9511799,37.5439277],[126.9509985,37.5438527]]}},{"type":"Feature","properties":{"class":"major","highway":"secondary","sidewalk":"likely","lanes":0,"name":"백범로","oneway":true},"geometry":{"type":"LineString","coordinates":[[126.9511799,37.5439277],[126.9510212,37.5440159]]}},{"type":"Feature","properties":{"class":"major","highway":"secondary","sidewalk":"likely","lanes":0,"name":"백범로","oneway":true},"geometry":{"type":"LineString","coordinates":[[126.9512925,37.5438795],[126.9511799,37.5439277]]}},{"type":"Feature","properties":{"class":"major","highway":"primary","sidewalk":"likely","lanes":0,"name":"","oneway":true},"geometry":{"type":"LineString","coordinates":[[126.9512925,37.5438795],[126.9514697,37.5439491]]}},{"type":"Feature","properties":{"class":"major","highway":"secondary","sidewalk":"likely","lanes":0,"name":"백범로","oneway":true},"geometry":{"type":"LineString","coordinates":[[126.9523659,37.5434037],[126.9519837,37.5435805]]}},{"type":"Feature","properties":{"class":"major","highway":"secondary","sidewalk":"likely","lanes":0,"name":"백범로","oneway":true},"geometry":{"type":"LineString","coordinates":[[126.9614159,37.5393102],[126.9611468,37.5394156],[126.9608694,37.5395335],[126.9607634,37.5395786],[126.9587539,37.5404337],[126.9581249,37.5407013],[126.9578699,37.5408263]]}},{"type":"Feature","properties":{"class":"major","highway":"primary","sidewalk":"likely","lanes":0,"name":"만리재로","oneway":true},"geometry":{"type":"LineString","coordinates":[[126.9580698,37.5472641],[126.9581711,37.5473484],[126.9582881,37.5474457]]}},{"type":"Feature","properties":{"class":"minor","highway":"residential","sidewalk":"unknown","lanes":0,"name":"효창목길","oneway":false},"geometry":{"type":"LineString","coordinates":[[126.9586291,37.5472675],[126.9584851,37.5473158],[126.9583577,37.5473933],[126.9582881,37.5474457]]}},{"type":"Feature","properties":{"class":"major","highway":"primary","sidewalk":"likely","lanes":0,"name":"만리재로","oneway":true},"geometry":{"type":"LineString","coordinates":[[126.9582881,37.5474457],[126.9584914,37.5476149]]}},{"type":"Feature","properties":{"class":"minor","highway":"residential","sidewalk":"unknown","lanes":0,"name":"효창목길","oneway":false},"geometry":{"type":"LineString","coordinates":[[126.9582881,37.5474457],[126.9581986,37.5475132]]}},{"type":"Feature","properties":{"class":"major","highway":"primary","sidewalk":"likely","lanes":0,"name":"만리재로","oneway":true},"geometry":{"type":"LineString","coordinates":[[126.9581986,37.5475132],[126.958084,37.5474175],[126.958059,37.5473966]]}},{"type":"Feature","properties":{"class":"major","highway":"primary","sidewalk":"likely","lanes":0,"name":"만리재로","oneway":true},"geometry":{"type":"LineString","coordinates":[[126.958059,37.5473966],[126.9578555,37.5472152],[126.957635,37.5470099],[126.9573835,37.5467756],[126.9570207,37.5464377],[126.9564961,37.5459764],[126.9564457,37.545932],[126.9562793,37.5457898],[126.9562456,37.545761],[126.9561298,37.5456621],[126.9558475,37.5454313],[126.9555871,37.5452106],[126.9550829,37.5447831],[126.9550344,37.544742],[126.9550096,37.544721],[126.9549711,37.5446898],[126.9549235,37.544665]]}},{"type":"Feature","properties":{"class":"major","highway":"primary","sidewalk":"likely","lanes":2,"name":"만리재로","oneway":true},"geometry":{"type":"LineString","coordinates":[[126.9630083,37.5518778],[126.963163,37.5519986],[126.9636704,37.5524232],[126.9641181,37.5528116],[126.9643749,37.5530393],[126.9645835,37.553232],[126.9647408,37.5533695],[126.9649147,37.5535065],[126.9650975,37.5536383],[126.9652651,37.5537567],[126.9655108,37.5539215],[126.9656377,37.5540043],[126.9657944,37.5540945],[126.9659422,37.5541616],[126.9661574,37.5542355],[126.966393,37.5543026],[126.9666816,37.5543689],[126.966922,37.5544396],[126.9671493,37.5545205],[126.9673951,37.5546314],[126.9675673,37.5547127],[126.9677324,37.5548027],[126.9679174,37.5549059],[126.9680082,37.5549566],[126.9681711,37.5550413],[126.9683171,37.5551172],[126.9683999,37.5551597],[126.9684783,37.5551858],[126.9685557,37.5551972],[126.968756,37.5552004],[126.9689231,37.5551956],[126.9689706,37.5551944],[126.9690666,37.555192],[126.9691037,37.555191],[126.9691089,37.5551909]]}},{"type":"Feature","properties":{"class":"minor","highway":"residential","sidewalk":"unknown","lanes":0,"name":"","oneway":true},"geometry":{"type":"LineString","coordinates":[[126.9583229,37.5472807],[126.9586291,37.5472675]]}},{"type":"Feature","properties":{"class":"major","highway":"primary_link","sidewalk":"likely","lanes":0,"name":"","oneway":true},"geometry":{"type":"LineString","coordinates":[[126.962287,37.5513208],[126.9622844,37.5513673],[126.962252,37.551397]]}},{"type":"Feature","properties":{"class":"major","highway":"primary_link","sidewalk":"likely","lanes":0,"name":"","oneway":true},"geometry":{"type":"LineString","coordinates":[[126.9584019,37.5476829],[126.958389,37.5476332],[126.9584283,37.54761],[126.9584914,37.5476149]]}},{"type":"Feature","properties":{"class":"alley","highway":"service","sidewalk":"unknown","lanes":0,"name":"","oneway":true},"geometry":{"type":"LineString","coordinates":[[126.9504293,37.5444441],[126.9504267,37.5444843],[126.9504192,37.5445143],[126.9503867,37.5445348]]}},{"type":"Feature","properties":{"class":"alley","highway":"service","sidewalk":"unknown","lanes":0,"name":"","oneway":true},"geometry":{"type":"LineString","coordinates":[[126.9506777,37.544508],[126.9506224,37.5445155],[126.9505733,37.5445354]]}},{"type":"Feature","properties":{"class":"alley","highway":"service","sidewalk":"unknown","lanes":0,"name":"","oneway":true},"geometry":{"type":"LineString","coordinates":[[126.9500446,37.5446711],[126.9500817,37.5447232]]}},{"type":"Feature","properties":{"class":"alley","highway":"service","sidewalk":"unknown","lanes":0,"name":"","oneway":true},"geometry":{"type":"LineString","coordinates":[[126.9501006,37.5450847],[126.9501428,37.5450953],[126.9501851,37.5450801],[126.9502706,37.5450494],[126.950287,37.5450247],[126.9502636,37.5449909],[126.9501878,37.544977]]}},{"type":"Feature","properties":{"class":"alley","highway":"service","sidewalk":"unknown","lanes":0,"name":"","oneway":true},"geometry":{"type":"LineString","coordinates":[[126.9503035,37.54517],[126.9503396,37.545112],[126.9503226,37.5450857],[126.9502852,37.5450756],[126.9501989,37.5451025],[126.9501567,37.54512],[126.9501454,37.5451567]]}},{"type":"Feature","properties":{"class":"alley","highway":"service","sidewalk":"unknown","lanes":0,"name":"","oneway":true},"geometry":{"type":"LineString","coordinates":[[126.9503226,37.5450857],[126.950287,37.5450247]]}},{"type":"Feature","properties":{"class":"alley","highway":"service","sidewalk":"unknown","lanes":0,"name":"","oneway":true},"geometry":{"type":"LineString","coordinates":[[126.950287,37.5450247],[126.9502989,37.545001],[126.9503314,37.5449871],[126.9503701,37.5449928],[126.9504107,37.5450487],[126.9504049,37.5450786],[126.9503643,37.5450979],[126.9503226,37.5450857]]}},{"type":"Feature","properties":{"class":"alley","highway":"service","sidewalk":"unknown","lanes":0,"name":"","oneway":false},"geometry":{"type":"LineString","coordinates":[[126.9504107,37.5450487],[126.9504375,37.5450888],[126.9504973,37.5451783]]}},{"type":"Feature","properties":{"class":"alley","highway":"service","sidewalk":"unknown","lanes":0,"name":"","oneway":true},"geometry":{"type":"LineString","coordinates":[[126.9504375,37.5450888],[126.9504049,37.5450786]]}},{"type":"Feature","properties":{"class":"major","highway":"primary_link","sidewalk":"likely","lanes":0,"name":"","oneway":true},"geometry":{"type":"LineString","coordinates":[[126.9655108,37.5539215],[126.9654707,37.5539448],[126.9652905,37.5538758]]}},{"type":"Feature","properties":{"class":"minor","highway":"residential","sidewalk":"unknown","lanes":0,"name":"효창원로","oneway":false},"geometry":{"type":"LineString","coordinates":[[126.9630083,37.5518778],[126.9629392,37.5519312]]}},{"type":"Feature","properties":{"class":"major","highway":"primary","sidewalk":"likely","lanes":0,"name":"만리재로","oneway":true},"geometry":{"type":"LineString","coordinates":[[126.9584914,37.5476149],[126.9590364,37.5480634],[126.9591721,37.548182],[126.9592549,37.5482587],[126.9593388,37.5483497],[126.9594379,37.5484629],[126.9596901,37.5487644],[126.9598246,37.5489284],[126.9598917,37.5490148],[126.9600902,37.5492688],[126.9602077,37.5494193],[126.9603869,37.5496504],[126.9606359,37.5499361],[126.9607091,37.5500225],[126.9608108,37.5501401],[126.960861,37.550196],[126.9609207,37.5502624],[126.9610084,37.5503423],[126.9611074,37.5504266],[126.9613061,37.5505879],[126.9614901,37.5507263],[126.9616545,37.5508507],[126.9617385,37.5509142],[126.9620631,37.5511524],[126.962287,37.5513208],[126.9624364,37.551431],[126.9625268,37.5515017],[126.9630083,37.5518778]]}},{"type":"Feature","properties":{"class":"minor","highway":"residential","sidewalk":"unknown","lanes":0,"name":"새창로6다길","oneway":false},"geometry":{"type":"LineString","coordinates":[[126.9526831,37.5401573],[126.9526569,37.5401457],[126.9526451,37.5400839],[126.9526355,37.5400064],[126.9526548,37.539907]]}},{"type":"Feature","properties":{"class":"alley","highway":"service","sidewalk":"unknown","lanes":0,"name":"청파로","oneway":false},"geometry":{"type":"LineString","coordinates":[[126.9679299,37.5542777],[126.9681149,37.5541607],[126.968296,37.5540815]]}},{"type":"Feature","properties":{"class":"major","highway":"secondary_link","sidewalk":"likely","lanes":0,"name":"","oneway":true},"geometry":{"type":"LineString","coordinates":[[126.9538177,37.5425845],[126.9539019,37.5425888],[126.9539407,37.5426345],[126.9538948,37.5427065]]}},{"type":"Feature","properties":{"class":"major","highway":"secondary_link","sidewalk":"likely","lanes":0,"name":"","oneway":true},"geometry":{"type":"LineString","coordinates":[[126.9554317,37.541851],[126.9555187,37.5418547],[126.9555543,37.541899],[126.9555029,37.5419728]]}},{"type":"Feature","properties":{"class":"minor","highway":"residential","sidewalk":"unknown","lanes":0,"name":"백범로","oneway":true},"geometry":{"type":"LineString","coordinates":[[126.9575015,37.5408715],[126.9575648,37.5408016],[126.9575902,37.5407722],[126.957604,37.5407411],[126.9576056,37.5407148]]}},{"type":"Feature","properties":{"class":"minor","highway":"residential","sidewalk":"unknown","lanes":0,"name":"백범로","oneway":true},"geometry":{"type":"LineString","coordinates":[[126.9576056,37.5407148],[126.9576388,37.5407256],[126.9576757,37.54073],[126.9577237,37.5407301],[126.9578367,37.5407127]]}},{"type":"Feature","properties":{"class":"major","highway":"secondary_link","sidewalk":"likely","lanes":0,"name":"","oneway":true},"geometry":{"type":"LineString","coordinates":[[126.9580045,37.5406357],[126.958066,37.5406417],[126.9580999,37.5406635],[126.9581249,37.5407013]]}},{"type":"Feature","properties":{"class":"major","highway":"secondary","sidewalk":"likely","lanes":0,"name":"백범로","oneway":true},"geometry":{"type":"LineString","coordinates":[[126.9578367,37.5407127],[126.9580045,37.5406357]]}},{"type":"Feature","properties":{"class":"major","highway":"secondary","sidewalk":"likely","lanes":0,"name":"백범로","oneway":true},"geometry":{"type":"LineString","coordinates":[[126.9578034,37.5407285],[126.9578367,37.5407127]]}},{"type":"Feature","properties":{"class":"major","highway":"secondary","sidewalk":"likely","lanes":0,"name":"백범로","oneway":true},"geometry":{"type":"LineString","coordinates":[[126.9578699,37.5408263],[126.9565562,37.5414504],[126.956073,37.5416867],[126.9555029,37.5419728],[126.9552782,37.5420753],[126.9547624,37.5423106],[126.9543802,37.542485],[126.9538948,37.5427065],[126.9530973,37.5430704],[126.9525901,37.5433018],[126.9523659,37.5434037]]}},{"type":"Feature","properties":{"class":"major","highway":"secondary","sidewalk":"likely","lanes":0,"name":"백범로","oneway":true},"geometry":{"type":"LineString","coordinates":[[126.9575015,37.5408715],[126.9576649,37.5407942],[126.9578034,37.5407285]]}},{"type":"Feature","properties":{"class":"minor","highway":"residential","sidewalk":"unknown","lanes":0,"name":"백범로45길","oneway":false},"geometry":{"type":"LineString","coordinates":[[126.9581636,37.5407673],[126.9581249,37.5407013]]}},{"type":"Feature","properties":{"class":"minor","highway":"residential","sidewalk":"unknown","lanes":0,"name":"","oneway":false},"geometry":{"type":"LineString","coordinates":[[126.9575852,37.5410413],[126.9580726,37.5408055],[126.9581636,37.5407673]]}},{"type":"Feature","properties":{"class":"major","highway":"secondary","sidewalk":"likely","lanes":0,"name":"백범로","oneway":true},"geometry":{"type":"LineString","coordinates":[[126.9580045,37.5406357],[126.9596785,37.5399274],[126.9608169,37.5394543],[126.9608986,37.5394204],[126.9611023,37.5393358],[126.9613674,37.5392201]]}},{"type":"Feature","properties":{"class":"major","highway":"secondary_link","sidewalk":"likely","lanes":0,"name":"","oneway":true},"geometry":{"type":"LineString","coordinates":[[126.9608169,37.5394543],[126.9608809,37.5394576],[126.9608996,37.5394835],[126.9608694,37.5395335]]}},{"type":"Feature","properties":{"class":"alley","highway":"service","sidewalk":"unknown","lanes":0,"name":"","oneway":false},"geometry":{"type":"LineString","coordinates":[[126.9639843,37.5382903],[126.9657946,37.5379028],[126.9658917,37.5378979]]}},{"type":"Feature","properties":{"class":"alley","highway":"service","sidewalk":"unknown","lanes":0,"name":"","oneway":false},"geometry":{"type":"LineString","coordinates":[[126.9633705,37.5384907],[126.963652,37.5384206],[126.9637428,37.538398]]}},{"type":"Feature","properties":{"class":"alley","highway":"service","sidewalk":"unknown","lanes":0,"name":"","oneway":false},"geometry":{"type":"LineString","coordinates":[[126.963652,37.5384206],[126.9636179,37.538338],[126.963607,37.5383115]]}},{"type":"Feature","properties":{"class":"minor","highway":"residential","sidewalk":"unknown","lanes":0,"name":"백범로","oneway":false},"geometry":{"type":"LineString","coordinates":[[126.9648137,37.538927],[126.9650014,37.5391217],[126.9652457,37.5393563]]}},{"type":"Feature","properties":{"class":"major","highway":"secondary","sidewalk":"likely","lanes":0,"name":"백범로","oneway":true},"geometry":{"type":"LineString","coordinates":[[126.966365,37.5380132],[126.9660655,37.5380733],[126.9658349,37.5381337],[126.9644068,37.5385074],[126.9642227,37.5385657]]}},{"type":"Feature","properties":{"class":"major","highway":"secondary_link","sidewalk":"likely","lanes":0,"name":"","oneway":true},"geometry":{"type":"LineString","coordinates":[[126.965803,37.5380621],[126.9658653,37.5380713],[126.9658739,37.5380943],[126.9658349,37.5381337]]}},{"type":"Feature","properties":{"class":"minor","highway":"residential","sidewalk":"unknown","lanes":0,"name":"백범로77길","oneway":true},"geometry":{"type":"LineString","coordinates":[[126.9642227,37.5385657],[126.9642124,37.538527],[126.9642164,37.5384958],[126.9642377,37.5384644]]}},{"type":"Feature","properties":{"class":"major","highway":"secondary","sidewalk":"likely","lanes":0,"name":"백범로","oneway":true},"geometry":{"type":"LineString","coordinates":[[126.9642227,37.5385657],[126.9639756,37.53863],[126.9620539,37.5391302],[126.9617736,37.5392058],[126.9615814,37.5392589],[126.9614159,37.5393102]]}},{"type":"Feature","properties":{"class":"major","highway":"secondary","sidewalk":"likely","lanes":0,"name":"백범로","oneway":true},"geometry":{"type":"LineString","coordinates":[[126.9642377,37.5384644],[126.965803,37.5380621],[126.9658813,37.5380418],[126.9660298,37.5380058],[126.966365,37.5380132]]}},{"type":"Feature","properties":{"class":"major","highway":"secondary","sidewalk":"likely","lanes":0,"name":"백범로","oneway":true},"geometry":{"type":"LineString","coordinates":[[126.9640705,37.5385014],[126.9642377,37.5384644]]}},{"type":"Feature","properties":{"class":"major","highway":"secondary_link","sidewalk":"likely","lanes":0,"name":"","oneway":true},"geometry":{"type":"LineString","coordinates":[[126.963935,37.5385375],[126.9640699,37.5385291],[126.9641427,37.5385382],[126.9642227,37.5385657]]}},{"type":"Feature","properties":{"class":"major","highway":"secondary","sidewalk":"likely","lanes":0,"name":"백범로","oneway":true},"geometry":{"type":"LineString","coordinates":[[126.963935,37.5385375],[126.9640705,37.5385014]]}},{"type":"Feature","properties":{"class":"major","highway":"secondary_link","sidewalk":"likely","lanes":0,"name":"","oneway":true},"geometry":{"type":"LineString","coordinates":[[126.9620539,37.5391302],[126.9619951,37.5391213],[126.9619822,37.5390771],[126.9620193,37.5390366]]}},{"type":"Feature","properties":{"class":"alley","highway":"service","sidewalk":"unknown","lanes":0,"name":"","oneway":false},"geometry":{"type":"LineString","coordinates":[[126.962278,37.5628772],[126.9622699,37.5628013],[126.9620026,37.5627652],[126.9619652,37.5627646]]}},{"type":"Feature","properties":{"class":"minor","highway":"residential","sidewalk":"no","lanes":0,"name":"경기대로3길","oneway":false},"geometry":{"type":"LineString","coordinates":[[126.9605149,37.5619617],[126.9605397,37.5620268],[126.9607933,37.5622453],[126.9609751,37.562292],[126.9611083,37.5622737],[126.9612998,37.5622278],[126.961364,37.5621783],[126.9614871,37.5621617],[126.9617995,37.5622159]]}},{"type":"Feature","properties":{"class":"alley","highway":"service","sidewalk":"unknown","lanes":0,"name":"","oneway":false},"geometry":{"type":"LineString","coordinates":[[126.9605149,37.5619617],[126.9604056,37.5619635],[126.9604087,37.5620514],[126.9604842,37.5622175]]}},{"type":"Feature","properties":{"class":"minor","highway":"residential","sidewalk":"unknown","lanes":0,"name":"","oneway":false},"geometry":{"type":"LineString","coordinates":[[126.9461225,37.5657201],[126.9460843,37.5657412],[126.9459226,37.5658234]]}},{"type":"Feature","properties":{"class":"alley","highway":"service","sidewalk":"unknown","lanes":0,"name":"","oneway":true},"geometry":{"type":"LineString","coordinates":[[126.9415675,37.5625424],[126.9417746,37.562327],[126.9418056,37.5622896],[126.9418374,37.5622557],[126.9419511,37.5621529],[126.9419776,37.5621115],[126.941988,37.5620485]]}},{"type":"Feature","properties":{"class":"alley","highway":"service","sidewalk":"unknown","lanes":0,"name":"","oneway":true},"geometry":{"type":"LineString","coordinates":[[126.9418642,37.5624004],[126.9417746,37.562327]]}},{"type":"Feature","properties":{"class":"alley","highway":"service","sidewalk":"unknown","lanes":0,"name":"","oneway":false},"geometry":{"type":"LineString","coordinates":[[126.941988,37.5620485],[126.9420763,37.5621166]]}},{"type":"Feature","properties":{"class":"major","highway":"primary","sidewalk":"likely","lanes":0,"name":"성산로","oneway":true},"geometry":{"type":"LineString","coordinates":[[126.9415888,37.5613649],[126.9418577,37.5615604],[126.9420464,37.5617012],[126.9423483,37.5619493]]}},{"type":"Feature","properties":{"class":"alley","highway":"service","sidewalk":"unknown","lanes":0,"name":"","oneway":false},"geometry":{"type":"LineString","coordinates":[[126.943042,37.5628854],[126.9429932,37.5628761],[126.94295,37.5628846],[126.9427733,37.563027],[126.9426746,37.5630262],[126.9421279,37.5625995],[126.9423766,37.5624034],[126.9425354,37.5625026],[126.9430052,37.5628552],[126.943042,37.5628854]]}},{"type":"Feature","properties":{"class":"alley","highway":"service","sidewalk":"unknown","lanes":0,"name":"","oneway":false},"geometry":{"type":"LineString","coordinates":[[126.9430705,37.5628935],[126.9428154,37.5631062],[126.9426686,37.5630439],[126.9420042,37.5625321],[126.9422959,37.5623252],[126.9423766,37.5624034]]}},{"type":"Feature","properties":{"class":"alley","highway":"service","sidewalk":"unknown","lanes":0,"name":"","oneway":true},"geometry":{"type":"LineString","coordinates":[[126.9406581,37.5610875],[126.9407649,37.5610842]]}},{"type":"Feature","properties":{"class":"alley","highway":"service","sidewalk":"unknown","lanes":0,"name":"","oneway":false},"geometry":{"type":"LineString","coordinates":[[126.9415675,37.5625424],[126.9422825,37.5631121],[126.9427571,37.5635003],[126.9428146,37.5635475]]}},{"type":"Feature","properties":{"class":"alley","highway":"service","sidewalk":"unknown","lanes":0,"name":"","oneway":false},"geometry":{"type":"LineString","coordinates":[[126.9442419,37.5640893],[126.9442536,37.5640402]]}},{"type":"Feature","properties":{"class":"alley","highway":"service","sidewalk":"unknown","lanes":0,"name":"","oneway":false},"geometry":{"type":"LineString","coordinates":[[126.9455803,37.5649894],[126.9455468,37.5650044],[126.9453187,37.565143]]}},{"type":"Feature","properties":{"class":"alley","highway":"service","sidewalk":"unknown","lanes":0,"name":"","oneway":false},"geometry":{"type":"LineString","coordinates":[[126.9418642,37.5624004],[126.9418942,37.5624297],[126.9419242,37.5624721],[126.9419518,37.5624928],[126.9420042,37.5625321]]}},{"type":"Feature","properties":{"class":"alley","highway":"service","sidewalk":"unknown","lanes":0,"name":"","oneway":false},"geometry":{"type":"LineString","coordinates":[[126.9416444,37.5615511],[126.9415153,37.5616691],[126.9413108,37.5617039]]}},{"type":"Feature","properties":{"class":"alley","highway":"service","sidewalk":"unknown","lanes":0,"name":"","oneway":false},"geometry":{"type":"LineString","coordinates":[[126.9448896,37.5642013],[126.9448592,37.564222],[126.9446116,37.5643967]]}},{"type":"Feature","properties":{"class":"major","highway":"primary","sidewalk":"likely","lanes":0,"name":"성산로","oneway":true},"geometry":{"type":"LineString","coordinates":[[126.9445369,37.5638028],[126.9442411,37.5635606],[126.9441188,37.5634865],[126.9438323,37.5633044],[126.9435938,37.5631197],[126.9433579,37.5629415],[126.9431609,37.5627635],[126.9430774,37.5626881],[126.9422629,37.5620259]]}},{"type":"Feature","properties":{"class":"alley","highway":"service","sidewalk":"unknown","lanes":0,"name":"","oneway":false},"geometry":{"type":"LineString","coordinates":[[126.94316,37.5628956],[126.9431645,37.5628725],[126.9431939,37.5628485],[126.9431609,37.5627635]]}},{"type":"Feature","properties":{"class":"alley","highway":"service","sidewalk":"unknown","lanes":0,"name":"","oneway":false},"geometry":{"type":"LineString","coordinates":[[126.9422629,37.5620259],[126.9421354,37.5620808],[126.9420763,37.5621166]]}},{"type":"Feature","properties":{"class":"alley","highway":"service","sidewalk":"unknown","lanes":0,"name":"","oneway":true},"geometry":{"type":"LineString","coordinates":[[126.9420763,37.5621166],[126.9418945,37.5622714]]}},{"type":"Feature","properties":{"class":"alley","highway":"pedestrian","sidewalk":"unknown","lanes":0,"name":"","oneway":false},"geometry":{"type":"LineString","coordinates":[[126.940358,37.5611095],[126.9405603,37.5609541],[126.9406104,37.5609284]]}},{"type":"Feature","properties":{"class":"alley","highway":"pedestrian","sidewalk":"unknown","lanes":0,"name":"","oneway":false},"geometry":{"type":"LineString","coordinates":[[126.940747,37.5609409],[126.9407332,37.5609533]]}},{"type":"Feature","properties":{"class":"alley","highway":"pedestrian","sidewalk":"unknown","lanes":0,"name":"","oneway":false},"geometry":{"type":"LineString","coordinates":[[126.9407371,37.5611497],[126.9410531,37.561368],[126.9414262,37.5616258]]}},{"type":"Feature","properties":{"class":"alley","highway":"pedestrian","sidewalk":"unknown","lanes":0,"name":"","oneway":false},"geometry":{"type":"LineString","coordinates":[[126.9410403,37.5613792],[126.9410531,37.561368]]}},{"type":"Feature","properties":{"class":"alley","highway":"service","sidewalk":"unknown","lanes":0,"name":"","oneway":true},"geometry":{"type":"LineString","coordinates":[[126.9419302,37.5620038],[126.9418906,37.5620128],[126.9417764,37.5620501],[126.9416806,37.5619854],[126.9416107,37.5619313],[126.9416268,37.561823],[126.9416395,37.5617598]]}},{"type":"Feature","properties":{"class":"alley","highway":"service","sidewalk":"unknown","lanes":0,"name":"쉐플리길","oneway":true},"geometry":{"type":"LineString","coordinates":[[126.9422629,37.5620259],[126.9421853,37.5621358],[126.9421158,37.5621926],[126.9419569,37.5623308],[126.9418642,37.5624004],[126.9417566,37.5624653],[126.9415675,37.5625424],[126.9413472,37.5627668],[126.9413763,37.5630733],[126.9413986,37.5631943],[126.9414127,37.5632291],[126.9414329,37.56327]]}},{"type":"Feature","properties":{"class":"alley","highway":"service","sidewalk":"unknown","lanes":0,"name":"","oneway":false},"geometry":{"type":"LineString","coordinates":[[126.9418056,37.5622896],[126.9417643,37.5622826],[126.9417151,37.5622664]]}},{"type":"Feature","properties":{"class":"alley","highway":"service","sidewalk":"unknown","lanes":0,"name":"","oneway":true},"geometry":{"type":"LineString","coordinates":[[126.9423483,37.5619493],[126.9422629,37.5620259]]}},{"type":"Feature","properties":{"class":"major","highway":"secondary","sidewalk":"likely","lanes":0,"name":"신촌역로","oneway":false},"geometry":{"type":"LineString","coordinates":[[126.9403886,37.5591234],[126.9403907,37.5592549]]}},{"type":"Feature","properties":{"class":"alley","highway":"pedestrian","sidewalk":"unknown","lanes":0,"name":"","oneway":false},"geometry":{"type":"LineString","coordinates":[[126.9662977,37.5659445],[126.9663595,37.5657242],[126.966412,37.5657716],[126.96648,37.565833],[126.9663073,37.5659532],[126.9662977,37.5659445]]}},{"type":"Feature","properties":{"class":"alley","highway":"pedestrian","sidewalk":"unknown","lanes":0,"name":"","oneway":false},"geometry":{"type":"LineString","coordinates":[[126.966718,37.5656307],[126.9666608,37.5655711],[126.9664973,37.5654003],[126.9666316,37.5654383],[126.9667191,37.5654466],[126.9668242,37.5654401],[126.9669059,37.5654271],[126.9669515,37.5654114],[126.9669561,37.5654179],[126.966769,37.5655851],[126.966718,37.5656307]]}},{"type":"Feature","properties":{"class":"major","highway":"primary_link","sidewalk":"likely","lanes":0,"name":"","oneway":true},"geometry":{"type":"LineString","coordinates":[[126.9662897,37.5652295],[126.9663777,37.5652955],[126.9664578,37.5653358],[126.9665302,37.5653578],[126.9666196,37.5653749],[126.9667269,37.5653819],[126.9668522,37.5653786],[126.9669154,37.5653712],[126.9670043,37.5653556],[126.9671453,37.5652545]]}},{"type":"Feature","properties":{"class":"alley","highway":"pedestrian","sidewalk":"unknown","lanes":0,"name":"","oneway":false},"geometry":{"type":"LineString","coordinates":[[126.9670998,37.5660509],[126.9669882,37.565934],[126.9669134,37.5658567],[126.9669766,37.5657983],[126.9671168,37.5656686],[126.9670891,37.5657431],[126.9670891,37.5657981],[126.9670891,37.5658756],[126.9670891,37.5658946],[126.9670983,37.5659544],[126.9671091,37.566002],[126.9671168,37.5660277],[126.9671229,37.5660753],[126.9670998,37.5660509]]}},{"type":"Feature","properties":{"class":"alley","highway":"service","sidewalk":"unknown","lanes":0,"name":"충정로","oneway":false},"geometry":{"type":"LineString","coordinates":[[126.9656795,37.5652395],[126.9657329,37.5652432],[126.9658743,37.565253]]}},{"type":"Feature","properties":{"class":"alley","highway":"service","sidewalk":"unknown","lanes":0,"name":"충정로11길","oneway":false},"geometry":{"type":"LineString","coordinates":[[126.9651526,37.5654508],[126.9651295,37.5651455]]}},{"type":"Feature","properties":{"class":"alley","highway":"service","sidewalk":"unknown","lanes":0,"name":"","oneway":false},"geometry":{"type":"LineString","coordinates":[[126.9657329,37.5652432],[126.9657256,37.5653242],[126.9657205,37.5653476],[126.9657069,37.5653778]]}},{"type":"Feature","properties":{"class":"alley","highway":"service","sidewalk":"unknown","lanes":0,"name":"","oneway":false},"geometry":{"type":"LineString","coordinates":[[126.9653983,37.5654016],[126.9655264,37.5654298],[126.9655497,37.5654322],[126.965568,37.5654314],[126.9655873,37.565425],[126.9656036,37.5654145],[126.9656239,37.5653823],[126.9656341,37.5653742],[126.9656504,37.5653702],[126.9656656,37.565371],[126.9656798,37.5653734],[126.96569,37.5653742],[126.9657069,37.5653778],[126.9657581,37.5653887]]}},{"type":"Feature","properties":{"class":"alley","highway":"service","sidewalk":"unknown","lanes":0,"name":"충정로","oneway":false},"geometry":{"type":"LineString","coordinates":[[126.9653275,37.5648193],[126.9653906,37.5648064],[126.9654174,37.5647981],[126.9654758,37.5647777],[126.9656178,37.5647092],[126.9656853,37.5646766]]}},{"type":"Feature","properties":{"class":"minor","highway":"residential","sidewalk":"unknown","lanes":1,"name":"충정로9길","oneway":true},"geometry":{"type":"LineString","coordinates":[[126.9655101,37.5644339],[126.9654093,37.5644067],[126.9653199,37.564381],[126.96529,37.5643739],[126.9652583,37.5643664],[126.9651921,37.5643517]]}},{"type":"Feature","properties":{"class":"minor","highway":"residential","sidewalk":"unknown","lanes":1,"name":"충정로9길","oneway":true},"geometry":{"type":"LineString","coordinates":[[126.9651921,37.5643517],[126.9652398,37.564298],[126.9652706,37.5642577],[126.9652922,37.5642247],[126.9652999,37.5642039],[126.9653087,37.5641692]]}},{"type":"Feature","properties":{"class":"alley","highway":"service","sidewalk":"unknown","lanes":0,"name":"충정로9길","oneway":false},"geometry":{"type":"LineString","coordinates":[[126.9648038,37.5648052],[126.964805,37.5647923],[126.964818,37.5646481],[126.964818,37.5646009],[126.964818,37.5645962],[126.9648127,37.5645345],[126.964802,37.5644741],[126.9647914,37.5644279],[126.964777,37.5643927]]}},{"type":"Feature","properties":{"class":"alley","highway":"service","sidewalk":"unknown","lanes":0,"name":"경기대로","oneway":false},"geometry":{"type":"LineString","coordinates":[[126.9642839,37.5649458],[126.96442,37.5649045],[126.9644329,37.5648962],[126.9644457,37.5648795],[126.9644702,37.564861],[126.9644889,37.5648527],[126.9645099,37.5648481],[126.964805,37.5647923]]}},{"type":"Feature","properties":{"class":"alley","highway":"service","sidewalk":"unknown","lanes":0,"name":"","oneway":false},"geometry":{"type":"LineString","coordinates":[[126.9632665,37.5649097],[126.9632959,37.5647933],[126.9632977,37.5647672],[126.963294,37.5647497],[126.9632644,37.5646687]]}},{"type":"Feature","properties":{"class":"alley","highway":"service","sidewalk":"unknown","lanes":0,"name":"","oneway":false},"geometry":{"type":"LineString","coordinates":[[126.9632665,37.5649097],[126.9632585,37.5649252],[126.9632349,37.5649495],[126.9632182,37.5649671],[126.9631487,37.5650079],[126.9631083,37.5650189],[126.9630694,37.5650255],[126.9628982,37.5650596],[126.9628388,37.5650715]]}},{"type":"Feature","properties":{"class":"alley","highway":"service","sidewalk":"unknown","lanes":0,"name":"","oneway":false},"geometry":{"type":"LineString","coordinates":[[126.9628042,37.564997],[126.9628672,37.5650316],[126.9628982,37.5650596],[126.962918,37.5650776],[126.9629398,37.565116],[126.9629955,37.5652535],[126.9631069,37.5655286],[126.9631205,37.5655623],[126.963119,37.56559],[126.9631081,37.5656322]]}},{"type":"Feature","properties":{"class":"alley","highway":"service","sidewalk":"unknown","lanes":0,"name":"","oneway":false},"geometry":{"type":"LineString","coordinates":[[126.9629955,37.5652535],[126.9640343,37.565361],[126.9640596,37.5653594],[126.9640786,37.5653477],[126.964087,37.5653276],[126.9640954,37.5653059],[126.9641017,37.5652775],[126.9640975,37.565224],[126.9640828,37.5651773],[126.9638446,37.5648465],[126.9638214,37.5648281],[126.963794,37.5648181],[126.9636212,37.564783]]}},{"type":"Feature","properties":{"class":"alley","highway":"service","sidewalk":"unknown","lanes":0,"name":"","oneway":false},"geometry":{"type":"LineString","coordinates":[[126.9615992,37.56421],[126.961681,37.5642198],[126.9617195,37.5642296],[126.9617689,37.5642516],[126.9618723,37.5643176],[126.962008,37.5644228],[126.9623134,37.5647016],[126.9623304,37.5647211],[126.9623381,37.5647431],[126.962335,37.5647688],[126.9622841,37.5648862],[126.9622625,37.5649094],[126.9622193,37.5649571],[126.962207,37.5649742],[126.9622039,37.5649926],[126.9622055,37.5650085],[126.9622147,37.5650268],[126.962224,37.5650403],[126.9626158,37.5654487]]}},{"type":"Feature","properties":{"class":"alley","highway":"pedestrian","sidewalk":"unknown","lanes":0,"name":"","oneway":false},"geometry":{"type":"LineString","coordinates":[[126.9409836,37.5606056],[126.9409559,37.5605616],[126.9409511,37.5605456],[126.9408972,37.5604744],[126.9408775,37.560439],[126.9408773,37.5604139],[126.9408817,37.5603961],[126.9408913,37.5603803],[126.9408454,37.5603159],[126.9409088,37.5603017],[126.9409322,37.560291],[126.9409648,37.5602795],[126.9409833,37.560273],[126.9410273,37.5602651],[126.941211,37.5602554],[126.94129,37.5602523],[126.9413154,37.560251],[126.9413275,37.5602573],[126.9413331,37.5602678],[126.9413225,37.5604676],[126.9413168,37.5604789],[126.9411408,37.5605869],[126.9410432,37.5606152],[126.9410347,37.5606154],[126.9410096,37.5606158],[126.9409836,37.5606056]]}},{"type":"Feature","properties":{"class":"minor","highway":"residential","sidewalk":"unknown","lanes":0,"name":"","oneway":false},"geometry":{"type":"LineString","coordinates":[[126.9413724,37.5604851],[126.9410656,37.5606726]]}},{"type":"Feature","properties":{"class":"major","highway":"primary_link","sidewalk":"likely","lanes":0,"name":"","oneway":true},"geometry":{"type":"LineString","coordinates":[[126.9410656,37.5606726],[126.9410493,37.5606904],[126.941044,37.5607114],[126.9410441,37.5607384],[126.9410564,37.5607749],[126.9411341,37.560953]]}},{"type":"Feature","properties":{"class":"major","highway":"primary_link","sidewalk":"likely","lanes":0,"name":"","oneway":true},"geometry":{"type":"LineString","coordinates":[[126.9407974,37.560517],[126.9408848,37.5606988]]}},{"type":"Feature","properties":{"class":"major","highway":"primary_link","sidewalk":"likely","lanes":0,"name":"","oneway":true},"geometry":{"type":"LineString","coordinates":[[126.9407974,37.560517],[126.9409091,37.5606086],[126.9409535,37.5606434],[126.9409957,37.5606642],[126.9410285,37.5606725],[126.9410656,37.5606726]]}},{"type":"Feature","properties":{"class":"alley","highway":"pedestrian","sidewalk":"unknown","lanes":0,"name":"","oneway":false},"geometry":{"type":"LineString","coordinates":[[126.9550918,37.5619793],[126.9551244,37.5619004],[126.9547422,37.5618061],[126.954729,37.5618126],[126.9547229,37.5618313],[126.9544903,37.5617746],[126.9545372,37.5616421],[126.9545478,37.5616294],[126.9545611,37.5616217],[126.9545841,37.5616147],[126.9546177,37.561621],[126.9546708,37.5616329],[126.9546823,37.5616007],[126.9547832,37.561621],[126.9547726,37.5616547],[126.9550743,37.5617234],[126.9550725,37.5617396],[126.9550761,37.5617627],[126.955161,37.5617844],[126.9551737,37.5617745],[126.9551837,37.5616963],[126.955196,37.5616554],[126.9552337,37.5616542],[126.955226,37.5616853],[126.9552676,37.5616891],[126.9552442,37.5617444],[126.9553159,37.5617651],[126.9553129,37.5617734],[126.955281,37.5617634],[126.9552085,37.5619415],[126.9555413,37.5620339],[126.9555302,37.5620649],[126.9556465,37.5620921],[126.9556406,37.5621157],[126.9550918,37.5619793]]}},{"type":"Feature","properties":{"class":"alley","highway":"service","sidewalk":"unknown","lanes":0,"name":"","oneway":false},"geometry":{"type":"LineString","coordinates":[[126.9440781,37.543578],[126.9440736,37.5434859],[126.9440638,37.5433289],[126.9440744,37.5432554],[126.9441513,37.5431937]]}},{"type":"Feature","properties":{"class":"major","highway":"primary","sidewalk":"likely","lanes":4,"name":"새문안로","oneway":true},"geometry":{"type":"LineString","coordinates":[[126.9667264,37.5657583],[126.9668396,37.565861]]}},{"type":"Feature","properties":{"class":"major","highway":"primary","sidewalk":"likely","lanes":0,"name":"통일로","oneway":true},"geometry":{"type":"LineString","coordinates":[[126.9666872,37.5659741],[126.9665958,37.5660389],[126.9663455,37.5662895]]}},{"type":"Feature","properties":{"class":"major","highway":"primary","sidewalk":"likely","lanes":0,"name":"통일로","oneway":true},"geometry":{"type":"LineString","coordinates":[[126.9668396,37.565861],[126.9666872,37.5659741]]}},{"type":"Feature","properties":{"class":"major","highway":"primary","sidewalk":"likely","lanes":0,"name":"새문안로","oneway":true},"geometry":{"type":"LineString","coordinates":[[126.9666872,37.5659741],[126.9665825,37.5658697]]}},{"type":"Feature","properties":{"class":"major","highway":"primary","sidewalk":"likely","lanes":8,"name":"통일로","oneway":true},"geometry":{"type":"LineString","coordinates":[[126.9676441,37.5646169],[126.9682709,37.5637442]]}},{"type":"Feature","properties":{"class":"major","highway":"primary","sidewalk":"likely","lanes":0,"name":"통일로","oneway":true},"geometry":{"type":"LineString","coordinates":[[126.9684337,37.5638259],[126.9679599,37.564485],[126.9678888,37.5646067],[126.9676321,37.5649271],[126.9674055,37.5652305],[126.9672164,37.5655014],[126.9669428,37.5657604],[126.9668845,37.5658156],[126.9668396,37.565861]]}},{"type":"Feature","properties":{"class":"alley","highway":"service","sidewalk":"unknown","lanes":0,"name":"","oneway":false},"geometry":{"type":"LineString","coordinates":[[126.9682709,37.5637442],[126.9677591,37.5635196]]}},{"type":"Feature","properties":{"class":"minor","highway":"residential","sidewalk":"unknown","lanes":0,"name":"","oneway":false},"geometry":{"type":"LineString","coordinates":[[126.9668292,37.5645295],[126.9666675,37.5641992],[126.9666465,37.5641122],[126.9666629,37.5640697],[126.9667679,37.5637976],[126.9669664,37.5634478]]}},{"type":"Feature","properties":{"class":"alley","highway":"service","sidewalk":"unknown","lanes":0,"name":"","oneway":false},"geometry":{"type":"LineString","coordinates":[[126.9666629,37.5640697],[126.9665134,37.564053],[126.9664433,37.5640049],[126.9662962,37.5637809],[126.9662962,37.5637402]]}},{"type":"Feature","properties":{"class":"alley","highway":"service","sidewalk":"unknown","lanes":0,"name":"","oneway":false},"geometry":{"type":"LineString","coordinates":[[126.9662962,37.5637402],[126.9663266,37.5636996],[126.9663836,37.56368],[126.966419,37.56368],[126.9664591,37.563691],[126.9664899,37.5637105],[126.9665084,37.5637362],[126.9665099,37.5637594]]}},{"type":"Feature","properties":{"class":"minor","highway":"residential","sidewalk":"unknown","lanes":0,"name":"Baekbeom-ro 39-gil","oneway":false},"geometry":{"type":"LineString","coordinates":[[126.9562175,37.541917],[126.9566019,37.5417243]]}},{"type":"Feature","properties":{"class":"minor","highway":"residential","sidewalk":"unknown","lanes":0,"name":"Baekbeom-ro 39-gil","oneway":false},"geometry":{"type":"LineString","coordinates":[[126.9563665,37.5420835],[126.9567382,37.5418895]]}},{"type":"Feature","properties":{"class":"alley","highway":"service","sidewalk":"unknown","lanes":0,"name":"","oneway":false},"geometry":{"type":"LineString","coordinates":[[126.94316,37.5628956],[126.9430705,37.5628935],[126.943042,37.5628854]]}},{"type":"Feature","properties":{"class":"alley","highway":"service","sidewalk":"unknown","lanes":0,"name":"","oneway":false},"geometry":{"type":"LineString","coordinates":[[126.9410939,37.5650832],[126.9411311,37.5651008],[126.9411591,37.5651272],[126.9411745,37.5651594],[126.9411758,37.5651938],[126.9411627,37.5652266],[126.9411367,37.5652542],[126.9411018,37.5652732],[126.9410609,37.5652823],[126.9410186,37.5652805],[126.9409792,37.5652681],[126.940947,37.5652463],[126.9409252,37.5652175],[126.9409163,37.5651846],[126.9409211,37.5651512],[126.9409392,37.5651208],[126.9409694,37.5650961],[126.9410082,37.5650807],[126.9410513,37.5650762],[126.9410939,37.5650832]]}},{"type":"Feature","properties":{"class":"alley","highway":"service","sidewalk":"unknown","lanes":0,"name":"","oneway":false},"geometry":{"type":"LineString","coordinates":[[126.9410082,37.5650807],[126.9407972,37.5648686]]}},{"type":"Feature","properties":{"class":"alley","highway":"service","sidewalk":"unknown","lanes":0,"name":"","oneway":false},"geometry":{"type":"LineString","coordinates":[[126.9420604,37.5653024],[126.9419828,37.5653011],[126.9419347,37.5652897],[126.9419099,37.5652749],[126.941873,37.5652088],[126.9418515,37.5651281],[126.942015,37.5651113]]}},{"type":"Feature","properties":{"class":"alley","highway":"service","sidewalk":"unknown","lanes":0,"name":"","oneway":false},"geometry":{"type":"LineString","coordinates":[[126.9418515,37.5651281],[126.941806,37.5650696],[126.9417869,37.5650563],[126.9417636,37.5650496],[126.941729,37.5650515],[126.9417112,37.5650626],[126.9416979,37.5650708],[126.941687,37.5650946],[126.9416884,37.5651296],[126.9417308,37.5652465]]}},{"type":"Feature","properties":{"class":"alley","highway":"service","sidewalk":"unknown","lanes":0,"name":"","oneway":false},"geometry":{"type":"LineString","coordinates":[[126.9419765,37.5646824],[126.9420337,37.5646728],[126.9420771,37.5646435],[126.9421058,37.564592],[126.942131,37.5645085]]}},{"type":"Feature","properties":{"class":"alley","highway":"pedestrian","sidewalk":"unknown","lanes":0,"name":"","oneway":false},"geometry":{"type":"LineString","coordinates":[[126.9403283,37.5621334],[126.9403063,37.5621191],[126.9401663,37.5620278],[126.9402029,37.5619925],[126.9404702,37.5617349],[126.9405075,37.5617592],[126.9405504,37.5617551],[126.9406575,37.5618087],[126.9406317,37.5618366],[126.940574,37.5618149],[126.9405949,37.5618775],[126.9403283,37.5621334]]}},{"type":"Feature","properties":{"class":"alley","highway":"service","sidewalk":"unknown","lanes":0,"name":"","oneway":false},"geometry":{"type":"LineString","coordinates":[[126.9399676,37.5624328],[126.9400463,37.5624784],[126.9402447,37.5626226],[126.9402838,37.5626532],[126.9403505,37.5626995],[126.9409339,37.5631238]]}},{"type":"Feature","properties":{"class":"alley","highway":"service","sidewalk":"unknown","lanes":0,"name":"","oneway":true},"geometry":{"type":"LineString","coordinates":[[126.9402838,37.5626532],[126.9401582,37.5627588],[126.9400418,37.5628656]]}},{"type":"Feature","properties":{"class":"alley","highway":"pedestrian","sidewalk":"unknown","lanes":0,"name":"","oneway":false},"geometry":{"type":"LineString","coordinates":[[126.9401679,37.5627865],[126.9401794,37.562776],[126.940203,37.5627558],[126.9403418,37.5628464],[126.9403719,37.5628341],[126.9403925,37.5628481],[126.9404038,37.5628559],[126.9403699,37.5628869],[126.9403463,37.5629086],[126.9401679,37.5627865]]}},{"type":"Feature","properties":{"class":"alley","highway":"pedestrian","sidewalk":"unknown","lanes":0,"name":"","oneway":false},"geometry":{"type":"LineString","coordinates":[[126.9419009,37.5634875],[126.9419544,37.5634391],[126.9420306,37.5633701],[126.942477,37.5636867],[126.9423903,37.563718],[126.9422671,37.5637566],[126.9419009,37.5634875]]}},{"type":"Feature","properties":{"class":"alley","highway":"pedestrian","sidewalk":"unknown","lanes":0,"name":"","oneway":false},"geometry":{"type":"LineString","coordinates":[[126.9409657,37.5602097],[126.9409457,37.5602117],[126.940866,37.5602199],[126.9407955,37.5602211],[126.9407095,37.5602005],[126.940625,37.560158],[126.9405716,37.5601085],[126.9405248,37.5600319],[126.9405014,37.559946],[126.9405315,37.5599252],[126.9408149,37.5599341],[126.9410544,37.560029],[126.9411037,37.5600797],[126.9411042,37.5601561],[126.941052,37.5601868],[126.9409657,37.5602097]]}},{"type":"Feature","properties":{"class":"alley","highway":"service","sidewalk":"unknown","lanes":0,"name":"","oneway":false},"geometry":{"type":"LineString","coordinates":[[126.9422966,37.5658607],[126.9423283,37.5658539],[126.9424452,37.5658299],[126.9424859,37.5658076],[126.9425202,37.5657692],[126.9425464,37.5657235],[126.9425618,37.5656909]]}},{"type":"Feature","properties":{"class":"alley","highway":"service","sidewalk":"unknown","lanes":0,"name":"","oneway":false},"geometry":{"type":"LineString","coordinates":[[126.9418396,37.5643372],[126.9419086,37.5643228],[126.9420422,37.5642892],[126.9420508,37.5643116]]}},{"type":"Feature","properties":{"class":"alley","highway":"pedestrian","sidewalk":"unknown","lanes":0,"name":"","oneway":false},"geometry":{"type":"LineString","coordinates":[[126.943464,37.5646069],[126.9435725,37.5643073],[126.9438473,37.5645098],[126.9437112,37.5646631],[126.9436682,37.5647115],[126.943464,37.5646069]]}},{"type":"Feature","properties":{"class":"alley","highway":"service","sidewalk":"unknown","lanes":0,"name":"","oneway":false},"geometry":{"type":"LineString","coordinates":[[126.9443158,37.564761],[126.9443993,37.5648316]]}},{"type":"Feature","properties":{"class":"major","highway":"primary","sidewalk":"likely","lanes":0,"name":"성산로","oneway":true},"geometry":{"type":"LineString","coordinates":[[126.9423483,37.5619493],[126.9428844,37.562305],[126.9432381,37.5625915],[126.9434352,37.5627495],[126.94351,37.5628144],[126.9438213,37.5631084],[126.9445348,37.5636527],[126.9449817,37.5640573]]}},{"type":"Feature","properties":{"class":"alley","highway":"service","sidewalk":"unknown","lanes":0,"name":"","oneway":false},"geometry":{"type":"LineString","coordinates":[[126.9433044,37.5647679],[126.9439399,37.5650434],[126.9440337,37.5649283],[126.944134,37.5649848]]}},{"type":"Feature","properties":{"class":"alley","highway":"service","sidewalk":"unknown","lanes":0,"name":"","oneway":false},"geometry":{"type":"LineString","coordinates":[[126.944134,37.5649848],[126.9441521,37.5649979]]}},{"type":"Feature","properties":{"class":"alley","highway":"service","sidewalk":"unknown","lanes":0,"name":"","oneway":false},"geometry":{"type":"LineString","coordinates":[[126.9549578,37.5506658],[126.9549477,37.5507258],[126.9548327,37.5507612]]}},{"type":"Feature","properties":{"class":"alley","highway":"service","sidewalk":"unknown","lanes":0,"name":"","oneway":false},"geometry":{"type":"LineString","coordinates":[[126.9551191,37.5505092],[126.9549578,37.5506658]]}},{"type":"Feature","properties":{"class":"alley","highway":"service","sidewalk":"unknown","lanes":0,"name":"","oneway":false},"geometry":{"type":"LineString","coordinates":[[126.9543638,37.5475143],[126.9542758,37.5475355]]}},{"type":"Feature","properties":{"class":"minor","highway":"residential","sidewalk":"yes","lanes":0,"name":"충정로6길","oneway":false},"geometry":{"type":"LineString","coordinates":[[126.9645685,37.5627335],[126.9648999,37.5626103],[126.9650333,37.5625817],[126.9651623,37.5625683],[126.9655524,37.5625378],[126.966024,37.5625346],[126.9661744,37.5625267]]}},{"type":"Feature","properties":{"class":"minor","highway":"residential","sidewalk":"no","lanes":0,"name":"북아현로4차길","oneway":false},"geometry":{"type":"LineString","coordinates":[[126.9593324,37.5620183],[126.9593121,37.562042],[126.9592353,37.5621138],[126.9590864,37.5622314],[126.9590361,37.5622805],[126.9590146,37.562314]]}},{"type":"Feature","properties":{"class":"major","highway":"primary_link","sidewalk":"likely","lanes":0,"name":"","oneway":true},"geometry":{"type":"LineString","coordinates":[[126.9581711,37.5473484],[126.9581865,37.5473969],[126.9581436,37.5474277],[126.958084,37.5474175]]}},{"type":"Feature","properties":{"class":"minor","highway":"residential","sidewalk":"unknown","lanes":0,"name":"","oneway":false},"geometry":{"type":"LineString","coordinates":[[126.9481875,37.5553376],[126.9480286,37.5551781],[126.9477716,37.5548906],[126.9477371,37.5547533],[126.947729,37.5547133],[126.9477181,37.554659],[126.9477248,37.554544],[126.9477523,37.5544243]]}},{"type":"Feature","properties":{"class":"minor","highway":"residential","sidewalk":"unknown","lanes":0,"name":"굴레방로1길","oneway":false},"geometry":{"type":"LineString","coordinates":[[126.9555794,37.5541391],[126.9564565,37.5540946],[126.9564848,37.5541521],[126.9565195,37.5542108],[126.9565685,37.554277],[126.9565852,37.5543552],[126.9566388,37.554464],[126.956682,37.5545735],[126.9567565,37.5547399]]}},{"type":"Feature","properties":{"class":"alley","highway":"service","sidewalk":"unknown","lanes":0,"name":"","oneway":true},"geometry":{"type":"LineString","coordinates":[[126.9607289,37.5427563],[126.9604701,37.5425951],[126.9602905,37.5424309]]}},{"type":"Feature","properties":{"class":"minor","highway":"residential","sidewalk":"unknown","lanes":0,"name":"","oneway":false},"geometry":{"type":"LineString","coordinates":[[126.9570348,37.5472343],[126.9569027,37.5471091],[126.9566922,37.547208],[126.9566385,37.5471952],[126.9563122,37.5473403],[126.9562578,37.5473562]]}},{"type":"Feature","properties":{"class":"minor","highway":"residential","sidewalk":"unknown","lanes":0,"name":"만리재옛2길","oneway":false},"geometry":{"type":"LineString","coordinates":[[126.9565111,37.5475869],[126.9570348,37.5472343],[126.9570911,37.5471964],[126.9571301,37.5471702],[126.9570704,37.5470995],[126.9570536,37.5470128],[126.9573835,37.5467756]]}},{"type":"Feature","properties":{"class":"minor","highway":"residential","sidewalk":"unknown","lanes":0,"name":"마포대로14라길","oneway":false},"geometry":{"type":"LineString","coordinates":[[126.9572623,37.5479747],[126.956998,37.5476902]]}},{"type":"Feature","properties":{"class":"alley","highway":"service","sidewalk":"unknown","lanes":0,"name":"","oneway":false},"geometry":{"type":"LineString","coordinates":[[126.9566939,37.54832],[126.9565795,37.5481128],[126.9564771,37.547991]]}},{"type":"Feature","properties":{"class":"alley","highway":"service","sidewalk":"unknown","lanes":0,"name":"","oneway":false},"geometry":{"type":"LineString","coordinates":[[126.9549213,37.5465753],[126.9548327,37.5462962]]}},{"type":"Feature","properties":{"class":"major","highway":"tertiary","sidewalk":"likely","lanes":0,"name":"만리재옛길","oneway":false},"geometry":{"type":"LineString","coordinates":[[126.9556046,37.5461945],[126.9560485,37.545907]]}},{"type":"Feature","properties":{"class":"major","highway":"tertiary","sidewalk":"likely","lanes":0,"name":"만리재옛길","oneway":false},"geometry":{"type":"LineString","coordinates":[[126.954618,37.5451619],[126.9546121,37.5451143],[126.9547388,37.5450252],[126.9549485,37.5448777]]}},{"type":"Feature","properties":{"class":"major","highway":"tertiary","sidewalk":"likely","lanes":0,"name":"만리재옛길","oneway":false},"geometry":{"type":"LineString","coordinates":[[126.954873,37.5453979],[126.955163,37.5452103]]}},{"type":"Feature","properties":{"class":"major","highway":"tertiary","sidewalk":"likely","lanes":0,"name":"만리재옛길","oneway":false},"geometry":{"type":"LineString","coordinates":[[126.9550335,37.5455714],[126.9550992,37.5455365],[126.9553917,37.5453559]]}},{"type":"Feature","properties":{"class":"alley","highway":"service","sidewalk":"unknown","lanes":0,"name":"","oneway":false},"geometry":{"type":"LineString","coordinates":[[126.952062,37.5624666],[126.9517929,37.5623759]]}},{"type":"Feature","properties":{"class":"alley","highway":"service","sidewalk":"unknown","lanes":0,"name":"","oneway":false},"geometry":{"type":"LineString","coordinates":[[126.9512783,37.5632925],[126.9512948,37.5633094],[126.9513031,37.5633297],[126.9513022,37.5633511],[126.9512922,37.5633709],[126.951276,37.5633858],[126.9512547,37.5633958],[126.9512305,37.5634001],[126.9512059,37.5633982],[126.9511832,37.5633902],[126.9511649,37.563377],[126.9511527,37.5633599],[126.9511478,37.5633406],[126.9511508,37.5633212],[126.9511614,37.5633034],[126.9511785,37.5632892],[126.9512024,37.5632793],[126.9512291,37.5632765],[126.9512555,37.5632811],[126.9512783,37.5632925]]}},{"type":"Feature","properties":{"class":"alley","highway":"service","sidewalk":"unknown","lanes":0,"name":"","oneway":false},"geometry":{"type":"LineString","coordinates":[[126.9511785,37.5632892],[126.9510948,37.5632321]]}},{"type":"Feature","properties":{"class":"alley","highway":"service","sidewalk":"unknown","lanes":0,"name":"","oneway":false},"geometry":{"type":"LineString","coordinates":[[126.9517458,37.5633573],[126.9512922,37.5633709]]}},{"type":"Feature","properties":{"class":"alley","highway":"service","sidewalk":"unknown","lanes":0,"name":"","oneway":false},"geometry":{"type":"LineString","coordinates":[[126.9525703,37.5638339],[126.9522088,37.5643698],[126.9524971,37.5644979]]}},{"type":"Feature","properties":{"class":"minor","highway":"residential","sidewalk":"unknown","lanes":0,"name":"","oneway":false},"geometry":{"type":"LineString","coordinates":[[126.954548,37.5634769],[126.9543813,37.5633221],[126.9541932,37.5631474]]}},{"type":"Feature","properties":{"class":"minor","highway":"residential","sidewalk":"unknown","lanes":0,"name":"","oneway":false},"geometry":{"type":"LineString","coordinates":[[126.9551932,37.5629249],[126.9549707,37.5628536],[126.9546977,37.5627678]]}},{"type":"Feature","properties":{"class":"alley","highway":"service","sidewalk":"unknown","lanes":0,"name":"","oneway":false},"geometry":{"type":"LineString","coordinates":[[126.9549707,37.5628536],[126.9549108,37.5629255],[126.9543813,37.5633221]]}},{"type":"Feature","properties":{"class":"minor","highway":"residential","sidewalk":"unknown","lanes":0,"name":"신촌로28길","oneway":false},"geometry":{"type":"LineString","coordinates":[[126.9497958,37.5569277],[126.9498163,37.5567221],[126.9498268,37.5565142],[126.9498445,37.556026],[126.9501646,37.5561487],[126.9504409,37.5562231],[126.9508245,37.556289],[126.9512161,37.5563039],[126.9514057,37.5562928],[126.9515782,37.5562614],[126.9518223,37.5561912],[126.9520288,37.5561126]]}},{"type":"Feature","properties":{"class":"minor","highway":"residential","sidewalk":"unknown","lanes":0,"name":"숭문16다길","oneway":false},"geometry":{"type":"LineString","coordinates":[[126.9485992,37.5557263],[126.9486542,37.5556012],[126.9487984,37.5554207],[126.9488613,37.5553704]]}},{"type":"Feature","properties":{"class":"alley","highway":"service","sidewalk":"unknown","lanes":0,"name":"","oneway":false},"geometry":{"type":"LineString","coordinates":[[126.9487888,37.5555467],[126.9489931,37.5553811],[126.9492579,37.5552364],[126.9493866,37.5551216],[126.9495073,37.5550025],[126.9495905,37.5548302],[126.9496146,37.5546389],[126.9496227,37.5545623],[126.9496575,37.55449],[126.9497085,37.5544645],[126.9497755,37.5544624],[126.9498641,37.5544794]]}},{"type":"Feature","properties":{"class":"minor","highway":"residential","sidewalk":"unknown","lanes":0,"name":"대흥로24길","oneway":true},"geometry":{"type":"LineString","coordinates":[[126.9485877,37.5550548],[126.9485728,37.5550383],[126.948339,37.554779],[126.9483315,37.5546649]]}},{"type":"Feature","properties":{"class":"minor","highway":"residential","sidewalk":"unknown","lanes":0,"name":"숭문16길","oneway":false},"geometry":{"type":"LineString","coordinates":[[126.9479723,37.5557967],[126.9482004,37.5557858],[126.948576,37.5557944]]}},{"type":"Feature","properties":{"class":"minor","highway":"residential","sidewalk":"unknown","lanes":0,"name":"마포대로11나길","oneway":false},"geometry":{"type":"LineString","coordinates":[[126.9485226,37.5499571],[126.9485714,37.550049],[126.9488436,37.5499664],[126.9489861,37.549883],[126.9491769,37.5498447]]}},{"type":"Feature","properties":{"class":"minor","highway":"residential","sidewalk":"unknown","lanes":0,"name":"","oneway":true},"geometry":{"type":"LineString","coordinates":[[126.9505566,37.551774],[126.9505797,37.5517828],[126.9505973,37.5517965],[126.9506085,37.551814],[126.950612,37.5518334],[126.9506076,37.5518526],[126.9505956,37.5518698],[126.9505775,37.551883],[126.9505549,37.551891],[126.9505303,37.5518928],[126.9505063,37.5518884],[126.9504845,37.5518776],[126.9504685,37.5518617],[126.95046,37.5518425],[126.95046,37.5518222],[126.9504684,37.551803],[126.9504844,37.5517871],[126.9505061,37.5517762],[126.9505311,37.5517717],[126.9505566,37.551774]]}},{"type":"Feature","properties":{"class":"alley","highway":"service","sidewalk":"unknown","lanes":0,"name":"","oneway":false},"geometry":{"type":"LineString","coordinates":[[126.9564571,37.5512883],[126.9569678,37.5511256]]}},{"type":"Feature","properties":{"class":"alley","highway":"service","sidewalk":"unknown","lanes":0,"name":"","oneway":false},"geometry":{"type":"LineString","coordinates":[[126.9574043,37.5514616],[126.9573795,37.5513611]]}},{"type":"Feature","properties":{"class":"alley","highway":"service","sidewalk":"unknown","lanes":0,"name":"","oneway":false},"geometry":{"type":"LineString","coordinates":[[126.9574663,37.5517295],[126.9574588,37.5517085],[126.9574003,37.5515445],[126.9574043,37.5514616],[126.9574901,37.5514472]]}},{"type":"Feature","properties":{"class":"major","highway":"tertiary","sidewalk":"likely","lanes":0,"name":"만리재옛길","oneway":false},"geometry":{"type":"LineString","coordinates":[[126.957301,37.5484337],[126.9574482,37.5483374],[126.9576719,37.5481463],[126.9577853,37.5480646],[126.9578569,37.5480129]]}},{"type":"Feature","properties":{"class":"minor","highway":"residential","sidewalk":"unknown","lanes":0,"name":"굴레방로7길","oneway":false},"geometry":{"type":"LineString","coordinates":[[126.9532949,37.5563386],[126.9536893,37.5562553],[126.953759,37.5562357]]}},{"type":"Feature","properties":{"class":"alley","highway":"service","sidewalk":"unknown","lanes":0,"name":"","oneway":false},"geometry":{"type":"LineString","coordinates":[[126.9472114,37.5563542],[126.947049,37.5562654],[126.9469748,37.5561968],[126.946946,37.5561167],[126.946944,37.5560956],[126.9469172,37.5560049],[126.9469481,37.5558299]]}},{"type":"Feature","properties":{"class":"alley","highway":"service","sidewalk":"unknown","lanes":0,"name":"","oneway":false},"geometry":{"type":"LineString","coordinates":[[126.946944,37.5560956],[126.9470099,37.5560971],[126.9470715,37.5561574],[126.9472735,37.5561267],[126.9473584,37.5561136],[126.9474474,37.5561013],[126.9476321,37.5560955],[126.9478071,37.5561095],[126.9478566,37.5561029]]}},{"type":"Feature","properties":{"class":"alley","highway":"service","sidewalk":"unknown","lanes":0,"name":"","oneway":false},"geometry":{"type":"LineString","coordinates":[[126.9473475,37.5558267],[126.9473584,37.5561136]]}},{"type":"Feature","properties":{"class":"alley","highway":"service","sidewalk":"unknown","lanes":0,"name":"","oneway":false},"geometry":{"type":"LineString","coordinates":[[126.947729,37.5547133],[126.9479911,37.554864],[126.9481007,37.5549041],[126.9482439,37.5550343],[126.9482661,37.5550985],[126.9483885,37.5552182]]}},{"type":"Feature","properties":{"class":"alley","highway":"service","sidewalk":"unknown","lanes":0,"name":"","oneway":false},"geometry":{"type":"LineString","coordinates":[[126.9468645,37.5567481],[126.9469412,37.5566635],[126.946953,37.5566065],[126.9470314,37.5565962],[126.9472818,37.5565769],[126.947543,37.5565577],[126.9478169,37.5565889],[126.9481574,37.5566484]]}},{"type":"Feature","properties":{"class":"alley","highway":"service","sidewalk":"unknown","lanes":0,"name":"","oneway":false},"geometry":{"type":"LineString","coordinates":[[126.9555924,37.5474077],[126.955621,37.5474517]]}},{"type":"Feature","properties":{"class":"minor","highway":"residential","sidewalk":"unknown","lanes":0,"name":"만리재옛12길","oneway":false},"geometry":{"type":"LineString","coordinates":[[126.9595139,37.5495514],[126.9594376,37.5495405],[126.9593436,37.549527],[126.9592584,37.5495052]]}},{"type":"Feature","properties":{"class":"minor","highway":"residential","sidewalk":"unknown","lanes":0,"name":"만리재옛12길","oneway":false},"geometry":{"type":"LineString","coordinates":[[126.9595434,37.5498785],[126.9595568,37.5496695],[126.9595139,37.5495514],[126.9597372,37.5495812],[126.9600449,37.5495743]]}},{"type":"Feature","properties":{"class":"alley","highway":"service","sidewalk":"unknown","lanes":0,"name":"","oneway":false},"geometry":{"type":"LineString","coordinates":[[126.9609643,37.5541966],[126.9610155,37.5542011],[126.9610615,37.5542052],[126.9611487,37.5539086],[126.9612211,37.5536353],[126.9612922,37.5535588],[126.9616596,37.5530622],[126.9616756,37.553051],[126.961728,37.5530144],[126.961842,37.5530484],[126.961893,37.5533217],[126.9620063,37.5537576],[126.9625495,37.55368]]}},{"type":"Feature","properties":{"class":"major","highway":"primary","sidewalk":"likely","lanes":0,"name":"충정로","oneway":true},"geometry":{"type":"LineString","coordinates":[[126.9620506,37.5595025],[126.9619542,37.5594225],[126.961545,37.5590831]]}},{"type":"Feature","properties":{"class":"major","highway":"secondary","sidewalk":"likely","lanes":2,"name":"경기대로","oneway":true},"geometry":{"type":"LineString","coordinates":[[126.9622339,37.5594811],[126.9623072,37.5594996],[126.962396,37.5595296]]}},{"type":"Feature","properties":{"class":"major","highway":"secondary","sidewalk":"likely","lanes":2,"name":"경기대로","oneway":true},"geometry":{"type":"LineString","coordinates":[[126.9620506,37.5595025],[126.9621461,37.5594781],[126.9622339,37.5594811]]}},{"type":"Feature","properties":{"class":"major","highway":"primary","sidewalk":"likely","lanes":0,"name":"충정로","oneway":true},"geometry":{"type":"LineString","coordinates":[[126.9655027,37.5641215],[126.9657649,37.5645023],[126.9659182,37.5647459],[126.9662897,37.5652295],[126.9664707,37.5654762],[126.9665742,37.565583],[126.9666082,37.5656182],[126.9667264,37.5657583]]}},{"type":"Feature","properties":{"class":"minor","highway":"residential","sidewalk":"unknown","lanes":0,"name":"서소문로2길","oneway":false},"geometry":{"type":"LineString","coordinates":[[126.9627603,37.5591247],[126.9627705,37.5590276]]}},{"type":"Feature","properties":{"class":"alley","highway":"service","sidewalk":"unknown","lanes":0,"name":"","oneway":false},"geometry":{"type":"LineString","coordinates":[[126.955001,37.5492037],[126.9549506,37.5491267],[126.9549622,37.5490533]]}},{"type":"Feature","properties":{"class":"alley","highway":"service","sidewalk":"unknown","lanes":0,"name":"","oneway":false},"geometry":{"type":"LineString","coordinates":[[126.9554637,37.5497928],[126.9554805,37.5498816],[126.9554362,37.5499331]]}},{"type":"Feature","properties":{"class":"alley","highway":"service","sidewalk":"unknown","lanes":0,"name":"","oneway":true},"geometry":{"type":"LineString","coordinates":[[126.955194,37.5495543],[126.9553251,37.5495154],[126.9554637,37.5497928],[126.9553283,37.5498385],[126.955194,37.5495543]]}},{"type":"Feature","properties":{"class":"alley","highway":"service","sidewalk":"unknown","lanes":0,"name":"","oneway":true},"geometry":{"type":"LineString","coordinates":[[126.9551537,37.5495121],[126.955001,37.5492037],[126.9551406,37.5491618],[126.955293,37.549473],[126.9551537,37.5495121]]}},{"type":"Feature","properties":{"class":"alley","highway":"service","sidewalk":"unknown","lanes":0,"name":"","oneway":true},"geometry":{"type":"LineString","coordinates":[[126.9551406,37.5491618],[126.9550594,37.5489953],[126.9556255,37.5488139],[126.9558611,37.5492992],[126.955293,37.549473]]}},{"type":"Feature","properties":{"class":"alley","highway":"service","sidewalk":"unknown","lanes":0,"name":"","oneway":false},"geometry":{"type":"LineString","coordinates":[[126.9533652,37.5454758],[126.9533969,37.5455173],[126.9534407,37.5455706],[126.9532544,37.5456533],[126.9533623,37.5458118]]}},{"type":"Feature","properties":{"class":"minor","highway":"residential","sidewalk":"unknown","lanes":0,"name":"마포대로12길","oneway":true},"geometry":{"type":"LineString","coordinates":[[126.9548611,37.5488505],[126.9548828,37.5484921],[126.9547323,37.5482083]]}},{"type":"Feature","properties":{"class":"alley","highway":"service","sidewalk":"unknown","lanes":0,"name":"","oneway":false},"geometry":{"type":"LineString","coordinates":[[126.9548737,37.5496247],[126.9550637,37.5495695],[126.9551133,37.5495537],[126.9551537,37.5495121]]}},{"type":"Feature","properties":{"class":"alley","highway":"service","sidewalk":"unknown","lanes":0,"name":"","oneway":false},"geometry":{"type":"LineString","coordinates":[[126.9551133,37.5495537],[126.955194,37.5495543]]}},{"type":"Feature","properties":{"class":"alley","highway":"service","sidewalk":"unknown","lanes":0,"name":"","oneway":false},"geometry":{"type":"LineString","coordinates":[[126.9616756,37.553051],[126.961779,37.5528177],[126.9620204,37.5524934],[126.9622749,37.5524206],[126.9623072,37.5524135],[126.9624382,37.5523826]]}},{"type":"Feature","properties":{"class":"minor","highway":"residential","sidewalk":"unknown","lanes":0,"name":"환일8길","oneway":false},"geometry":{"type":"LineString","coordinates":[[126.9604525,37.5539469],[126.9605633,37.5537364],[126.9606179,37.5536327],[126.9604124,37.5535559]]}},{"type":"Feature","properties":{"class":"minor","highway":"residential","sidewalk":"unknown","lanes":0,"name":"마로대로24길","oneway":false},"geometry":{"type":"LineString","coordinates":[[126.959151,37.5543478],[126.9593462,37.5543227],[126.9594374,37.5541265],[126.959536,37.5539543],[126.9594809,37.553835]]}},{"type":"Feature","properties":{"class":"minor","highway":"residential","sidewalk":"unknown","lanes":0,"name":"마로대로24길","oneway":false},"geometry":{"type":"LineString","coordinates":[[126.9598831,37.5540611],[126.9597137,37.5541233],[126.9596406,37.5541457],[126.9594374,37.5541265]]}},{"type":"Feature","properties":{"class":"minor","highway":"residential","sidewalk":"unknown","lanes":0,"name":"","oneway":false},"geometry":{"type":"LineString","coordinates":[[126.9601432,37.5543834],[126.9599658,37.5544774],[126.9598089,37.5545422],[126.9596252,37.5545417],[126.9592212,37.5545729]]}},{"type":"Feature","properties":{"class":"minor","highway":"residential","sidewalk":"unknown","lanes":0,"name":"환일2길","oneway":false},"geometry":{"type":"LineString","coordinates":[[126.9596651,37.5565201],[126.9600838,37.5561875],[126.960225,37.5560671],[126.9602951,37.5560073],[126.9603286,37.5559637]]}},{"type":"Feature","properties":{"class":"minor","highway":"residential","sidewalk":"unknown","lanes":0,"name":"환일2길","oneway":false},"geometry":{"type":"LineString","coordinates":[[126.9598257,37.5560769],[126.9596741,37.5562061],[126.9595414,37.5563013],[126.9596651,37.5565201],[126.9596983,37.5565787],[126.9597604,37.5567065],[126.9598259,37.556821],[126.9599262,37.5568365]]}},{"type":"Feature","properties":{"class":"alley","highway":"service","sidewalk":"unknown","lanes":0,"name":"","oneway":false},"geometry":{"type":"LineString","coordinates":[[126.9576135,37.5560562],[126.9573373,37.5557819]]}},{"type":"Feature","properties":{"class":"alley","highway":"service","sidewalk":"unknown","lanes":0,"name":"","oneway":false},"geometry":{"type":"LineString","coordinates":[[126.9578396,37.5559135],[126.9576135,37.5560562],[126.9579461,37.5564198],[126.957179,37.556877],[126.9565755,37.556288]]}},{"type":"Feature","properties":{"class":"minor","highway":"residential","sidewalk":"unknown","lanes":0,"name":"마포대로","oneway":false},"geometry":{"type":"LineString","coordinates":[[126.9567893,37.5534247],[126.9572087,37.5533167]]}},{"type":"Feature","properties":{"class":"major","highway":"tertiary","sidewalk":"likely","lanes":0,"name":"손기정로","oneway":false},"geometry":{"type":"LineString","coordinates":[[126.9623585,37.5563183],[126.9623605,37.5563199],[126.962641,37.5565304]]}},{"type":"Feature","properties":{"class":"alley","highway":"service","sidewalk":"unknown","lanes":0,"name":"","oneway":false},"geometry":{"type":"LineString","coordinates":[[126.9539874,37.5470862],[126.9540315,37.546971]]}},{"type":"Feature","properties":{"class":"alley","highway":"service","sidewalk":"unknown","lanes":0,"name":"","oneway":false},"geometry":{"type":"LineString","coordinates":[[126.9538259,37.5466857],[126.9536589,37.5466383]]}},{"type":"Feature","properties":{"class":"minor","highway":"residential","sidewalk":"unknown","lanes":0,"name":"마포대로8길","oneway":false},"geometry":{"type":"LineString","coordinates":[[126.955237,37.5457913],[126.9556401,37.5455417]]}},{"type":"Feature","properties":{"class":"alley","highway":"service","sidewalk":"unknown","lanes":0,"name":"","oneway":false},"geometry":{"type":"LineString","coordinates":[[126.9554805,37.5498816],[126.9555373,37.5499805],[126.9559833,37.5498451],[126.9559724,37.5498207],[126.9561297,37.5497704],[126.9561686,37.5497601]]}},{"type":"Feature","properties":{"class":"major","highway":"primary","sidewalk":"likely","lanes":0,"name":"신촌로","oneway":true},"geometry":{"type":"LineString","coordinates":[[126.9519644,37.5572267],[126.9517587,37.5572139],[126.9509533,37.557164],[126.9498176,37.5570937],[126.9471828,37.5569305],[126.9462493,37.5568746],[126.9458525,37.5568509]]}},{"type":"Feature","properties":{"class":"minor","highway":"residential","sidewalk":"unknown","lanes":0,"name":"신촌로29길","oneway":false},"geometry":{"type":"LineString","coordinates":[[126.9519644,37.5572267],[126.9519292,37.5575172]]}},{"type":"Feature","properties":{"class":"minor","highway":"residential","sidewalk":"unknown","lanes":0,"name":"신촌로29길","oneway":false},"geometry":{"type":"LineString","coordinates":[[126.9519292,37.5575172],[126.9519151,37.5577046]]}},{"type":"Feature","properties":{"class":"major","highway":"primary","sidewalk":"likely","lanes":0,"name":"신촌로","oneway":true},"geometry":{"type":"LineString","coordinates":[[126.9519828,37.5571092],[126.9522484,37.5571238],[126.9532042,37.5571661],[126.9537044,37.5571898],[126.9544204,37.5572238],[126.9553391,37.5572826],[126.9558478,37.5573306],[126.9560057,37.5573478],[126.9561831,37.5573367]]}},{"type":"Feature","properties":{"class":"major","highway":"primary","sidewalk":"likely","lanes":3,"name":"마포대로","oneway":true},"geometry":{"type":"LineString","coordinates":[[126.9551191,37.5505092],[126.955055,37.550389],[126.9549513,37.5501952],[126.9546629,37.549655],[126.9544508,37.5492578],[126.9543208,37.5490143],[126.9540881,37.5485784]]}},{"type":"Feature","properties":{"class":"minor","highway":"residential","sidewalk":"unknown","lanes":0,"name":"마포대로","oneway":false},"geometry":{"type":"LineString","coordinates":[[126.9552996,37.5504596],[126.9563486,37.5501285]]}},{"type":"Feature","properties":{"class":"major","highway":"primary","sidewalk":"likely","lanes":8,"name":"마포대로","oneway":true},"geometry":{"type":"LineString","coordinates":[[126.9552996,37.5504596],[126.9553582,37.5505683],[126.9554756,37.5507751],[126.9556408,37.5511115],[126.9559832,37.5518644],[126.9562449,37.552371],[126.9562738,37.5524269],[126.9564015,37.5526741],[126.9567893,37.5534247],[126.9573664,37.5545417]]}},{"type":"Feature","properties":{"class":"alley","highway":"service","sidewalk":"unknown","lanes":0,"name":"","oneway":false},"geometry":{"type":"LineString","coordinates":[[126.9549578,37.5506658],[126.9547633,37.5507259],[126.9543949,37.5508398],[126.9543349,37.5507168],[126.9547047,37.5506075],[126.9547633,37.5507259]]}},{"type":"Feature","properties":{"class":"major","highway":"primary","sidewalk":"likely","lanes":3,"name":"마포대로","oneway":true},"geometry":{"type":"LineString","coordinates":[[126.9552293,37.5507116],[126.9551814,37.5506262],[126.9551191,37.5505092]]}},{"type":"Feature","properties":{"class":"alley","highway":"service","sidewalk":"unknown","lanes":0,"name":"","oneway":true},"geometry":{"type":"LineString","coordinates":[[126.9409776,37.5566485],[126.9410348,37.5566589],[126.9412348,37.5566954],[126.9411766,37.5569279],[126.9409916,37.556902],[126.940963,37.5568672],[126.9410348,37.5566589]]}},{"type":"Feature","properties":{"class":"minor","highway":"residential","sidewalk":"unknown","lanes":0,"name":"","oneway":true},"geometry":{"type":"LineString","coordinates":[[126.9609132,37.5501609],[126.9611007,37.5502954],[126.9613462,37.5504928],[126.9616373,37.5507234],[126.9616708,37.5507728],[126.9616545,37.5508507]]}},{"type":"Feature","properties":{"class":"alley","highway":"pedestrian","sidewalk":"unknown","lanes":0,"name":"","oneway":false},"geometry":{"type":"LineString","coordinates":[[126.9624458,37.5594722],[126.9624673,37.5594942],[126.9624902,37.5595176],[126.9625133,37.5595121],[126.9625503,37.5595081],[126.9625909,37.5595062],[126.9626311,37.5595064],[126.9626628,37.5595096],[126.9626742,37.5594844],[126.9626857,37.5594593],[126.9626515,37.5594539],[126.9626077,37.5594512],[126.9625684,37.5594511],[126.96252,37.5594547],[126.9624792,37.5594607],[126.9624458,37.5594722]]}},{"type":"Feature","properties":{"class":"alley","highway":"pedestrian","sidewalk":"unknown","lanes":0,"name":"","oneway":false},"geometry":{"type":"LineString","coordinates":[[126.9622604,37.5596008],[126.9622602,37.5595902],[126.9622703,37.5595779],[126.96229,37.5595793],[126.9623187,37.559597],[126.9624034,37.5596657],[126.9624786,37.5597275],[126.9625467,37.559788],[126.9625967,37.559836],[126.9626513,37.5598947],[126.9627261,37.559992],[126.962763,37.5600462],[126.9627736,37.5600635],[126.9627731,37.5600743],[126.9627692,37.5600856],[126.9627645,37.560093],[126.9627579,37.5600969],[126.962747,37.5600942],[126.9627397,37.5600849],[126.962715,37.560044],[126.9626797,37.5599928],[126.9626302,37.5599298],[126.9625618,37.5598539],[126.9624873,37.5597824],[126.9624074,37.5597131],[126.9623139,37.5596399],[126.962295,37.5596261],[126.9622604,37.5596008]]}},{"type":"Feature","properties":{"class":"alley","highway":"pedestrian","sidewalk":"unknown","lanes":0,"name":"","oneway":false},"geometry":{"type":"LineString","coordinates":[[126.9636077,37.5613435],[126.9636144,37.5613465],[126.9636237,37.5613321],[126.9635456,37.5611455],[126.9635259,37.5611149],[126.963378,37.5608852],[126.9632311,37.5606555],[126.9631393,37.5605003],[126.9631277,37.5604901],[126.9631133,37.5604917],[126.9631036,37.5605028],[126.9631037,37.5605188],[126.9631288,37.5605596],[126.9631872,37.5606552],[126.9632495,37.5607574],[126.9633531,37.5609225],[126.963487,37.5611326],[126.963541,37.5612223],[126.9636077,37.5613435]]}},{"type":"Feature","properties":{"class":"alley","highway":"pedestrian","sidewalk":"unknown","lanes":0,"name":"","oneway":false},"geometry":{"type":"LineString","coordinates":[[126.9660892,37.5650393],[126.9660943,37.5650324],[126.9661036,37.5650299],[126.9661147,37.5650361],[126.9665839,37.5656409],[126.9666046,37.5656675],[126.9666073,37.5656736],[126.9666059,37.565679],[126.9666013,37.5656826],[126.9665956,37.5656835],[126.9665901,37.5656815],[126.9665862,37.5656789],[126.9665665,37.5656538],[126.9660906,37.565049],[126.9660892,37.5650393]]}},{"type":"Feature","properties":{"class":"alley","highway":"pedestrian","sidewalk":"unknown","lanes":0,"name":"","oneway":false},"geometry":{"type":"LineString","coordinates":[[126.9668151,37.5660023],[126.9668109,37.5659975],[126.9668089,37.5659921],[126.9668108,37.5659865],[126.9668167,37.5659815],[126.966822,37.5659784],[126.9668306,37.5659756],[126.9668377,37.5659755],[126.9668433,37.5659777],[126.9668478,37.5659816],[126.9668735,37.5660083],[126.9674447,37.5666026],[126.967448,37.5666073],[126.9674482,37.5666117],[126.9674446,37.5666159],[126.967439,37.5666191],[126.9674323,37.5666213],[126.9674268,37.5666218],[126.9674216,37.5666198],[126.9674176,37.5666168],[126.9668393,37.5660271],[126.9668151,37.5660023]]}},{"type":"Feature","properties":{"class":"alley","highway":"service","sidewalk":"unknown","lanes":0,"name":"","oneway":false},"geometry":{"type":"LineString","coordinates":[[126.9563725,37.5484067],[126.9563926,37.5484611],[126.9564971,37.5486915],[126.9563512,37.5487361]]}},{"type":"Feature","properties":{"class":"minor","highway":"residential","sidewalk":"yes","lanes":1,"name":"마포대로14가길","oneway":true},"geometry":{"type":"LineString","coordinates":[[126.9569747,37.5482435],[126.9571106,37.548536],[126.9570912,37.548585],[126.955788,37.5489716]]}},{"type":"Feature","properties":{"class":"major","highway":"tertiary","sidewalk":"likely","lanes":0,"name":"명물길","oneway":false},"geometry":{"type":"LineString","coordinates":[[126.9394,37.55904],[126.9395746,37.5590986],[126.9396547,37.5591091],[126.9399874,37.5591142],[126.9402694,37.5591233],[126.9403886,37.5591234]]}},{"type":"Feature","properties":{"class":"alley","highway":"service","sidewalk":"unknown","lanes":0,"name":"","oneway":true},"geometry":{"type":"LineString","coordinates":[[126.9427427,37.5591082],[126.9427739,37.5592115],[126.9427729,37.5592916],[126.9427722,37.5593442],[126.9427769,37.55936],[126.9427872,37.5593739],[126.942803,37.5593809],[126.9428278,37.5593852],[126.9430999,37.5593859],[126.9432226,37.5593861]]}},{"type":"Feature","properties":{"class":"alley","highway":"service","sidewalk":"unknown","lanes":0,"name":"","oneway":true},"geometry":{"type":"LineString","coordinates":[[126.9432227,37.5594112],[126.9430995,37.5594097],[126.9428022,37.5594061],[126.9427748,37.5594017],[126.9427572,37.5593936],[126.9427374,37.5593785],[126.9427281,37.5593667],[126.9427254,37.5593553],[126.9427265,37.5592451],[126.9427248,37.5592126],[126.9427111,37.5591249]]}},{"type":"Feature","properties":{"class":"alley","highway":"service","sidewalk":"unknown","lanes":0,"name":"","oneway":true},"geometry":{"type":"LineString","coordinates":[[126.9432226,37.5593861],[126.9432227,37.5594112],[126.9432242,37.5595625],[126.9430967,37.5595635],[126.9430995,37.5594097],[126.9430999,37.5593859]]}},{"type":"Feature","properties":{"class":"alley","highway":"living_street","sidewalk":"unknown","lanes":0,"name":"신촌역로","oneway":false},"geometry":{"type":"LineString","coordinates":[[126.9428215,37.5586628],[126.9428738,37.5586832]]}},{"type":"Feature","properties":{"class":"alley","highway":"service","sidewalk":"unknown","lanes":0,"name":"","oneway":false},"geometry":{"type":"LineString","coordinates":[[126.9427729,37.5592916],[126.9428961,37.5593337],[126.9431639,37.5593264],[126.9431669,37.5592624]]}},{"type":"Feature","properties":{"class":"alley","highway":"service","sidewalk":"unknown","lanes":0,"name":"","oneway":false},"geometry":{"type":"LineString","coordinates":[[126.9409536,37.5602416],[126.9410856,37.5602257],[126.9412813,37.5602241],[126.9414933,37.5602224],[126.9426005,37.5602348],[126.9427308,37.5602362],[126.9429475,37.5602322],[126.9432377,37.5602103],[126.9433133,37.5601933],[126.9433591,37.5601628]]}},{"type":"Feature","properties":{"class":"major","highway":"tertiary","sidewalk":"likely","lanes":0,"name":"만리재옛길","oneway":true},"geometry":{"type":"LineString","coordinates":[[126.9616364,37.5512079],[126.9617326,37.5512137],[126.9618533,37.5512172],[126.9618899,37.5511759],[126.9618845,37.5511152]]}},{"type":"Feature","properties":{"class":"major","highway":"tertiary","sidewalk":"likely","lanes":0,"name":"만리재옛길","oneway":true},"geometry":{"type":"LineString","coordinates":[[126.9621425,37.5513141],[126.9620552,37.5513063],[126.9619167,37.5512868],[126.9617306,37.5512357],[126.9616364,37.5512079]]}},{"type":"Feature","properties":{"class":"alley","highway":"service","sidewalk":"unknown","lanes":0,"name":"","oneway":false},"geometry":{"type":"LineString","coordinates":[[126.9408928,37.5586174],[126.9408829,37.5590425],[126.9408797,37.5591263]]}},{"type":"Feature","properties":{"class":"alley","highway":"pedestrian","sidewalk":"unknown","lanes":0,"name":"","oneway":false},"geometry":{"type":"LineString","coordinates":[[126.9413573,37.5594842],[126.9413964,37.5593886],[126.9416098,37.5593873],[126.9416147,37.5592239],[126.9424969,37.5592375],[126.9424936,37.5594843],[126.9413573,37.5594842]]}},{"type":"Feature","properties":{"class":"alley","highway":"service","sidewalk":"unknown","lanes":0,"name":"","oneway":false},"geometry":{"type":"LineString","coordinates":[[126.9403991,37.5586612],[126.9403774,37.5586441],[126.9403378,37.5586317],[126.9402323,37.5586253],[126.9401562,37.5586253],[126.9401283,37.5586146],[126.940101,37.5585912]]}},{"type":"Feature","properties":{"class":"alley","highway":"service","sidewalk":"unknown","lanes":0,"name":"","oneway":false},"geometry":{"type":"LineString","coordinates":[[126.9421998,37.5575098],[126.9420508,37.557508]]}},{"type":"Feature","properties":{"class":"major","highway":"secondary","sidewalk":"likely","lanes":0,"name":"신촌굴다리","oneway":false},"geometry":{"type":"LineString","coordinates":[[126.940379,37.5595097],[126.9403831,37.5598369]]}},{"type":"Feature","properties":{"class":"major","highway":"secondary","sidewalk":"likely","lanes":0,"name":"","oneway":true},"geometry":{"type":"LineString","coordinates":[[126.942954,37.5566811],[126.9429408,37.5568708],[126.9429192,37.5571809],[126.9428821,37.5577133],[126.9428763,37.557841],[126.9428685,37.5579081],[126.942831,37.5584473],[126.9428258,37.5585223],[126.9428221,37.5586141]]}},{"type":"Feature","properties":{"class":"major","highway":"secondary","sidewalk":"likely","lanes":0,"name":"","oneway":true},"geometry":{"type":"LineString","coordinates":[[126.9429066,37.5565296],[126.942954,37.5566811]]}},{"type":"Feature","properties":{"class":"major","highway":"primary","sidewalk":"likely","lanes":0,"name":"신촌로","oneway":true},"geometry":{"type":"LineString","coordinates":[[126.942954,37.5566811],[126.9428917,37.556678],[126.9428273,37.5566747]]}},{"type":"Feature","properties":{"class":"major","highway":"primary_link","sidewalk":"likely","lanes":0,"name":"성산로","oneway":true},"geometry":{"type":"LineString","coordinates":[[126.9465754,37.5665949],[126.946573,37.5665421],[126.9465669,37.5664859],[126.9465562,37.5664103],[126.9465434,37.5663687],[126.9465307,37.5663371],[126.9465104,37.5663033],[126.9464903,37.5662723],[126.9464217,37.5661694],[126.9461225,37.5657201]]}},{"type":"Feature","properties":{"class":"alley","highway":"service","sidewalk":"unknown","lanes":0,"name":"","oneway":true},"geometry":{"type":"LineString","coordinates":[[126.9459308,37.5650673],[126.946001,37.5651171],[126.946116,37.5652248],[126.9463308,37.5654378],[126.9464844,37.5656341],[126.9465665,37.5657623],[126.9465938,37.565805],[126.9467064,37.5660435],[126.9467365,37.5661974]]}},{"type":"Feature","properties":{"class":"major","highway":"primary_link","sidewalk":"likely","lanes":0,"name":"성산로","oneway":true},"geometry":{"type":"LineString","coordinates":[[126.9449817,37.5640573],[126.9453655,37.5643933],[126.9457301,37.564808],[126.9457396,37.5648203],[126.9459308,37.5650673]]}},{"type":"Feature","properties":{"class":"alley","highway":"service","sidewalk":"unknown","lanes":0,"name":"","oneway":false},"geometry":{"type":"LineString","coordinates":[[126.9465665,37.5657623],[126.9466305,37.5657478],[126.9466982,37.5657324],[126.9468084,37.5659696],[126.9468341,37.5659862],[126.9468639,37.5659938],[126.9470682,37.5659581]]}},{"type":"Feature","properties":{"class":"alley","highway":"service","sidewalk":"unknown","lanes":0,"name":"","oneway":false},"geometry":{"type":"LineString","coordinates":[[126.9457396,37.5648203],[126.9463164,37.5645005]]}},{"type":"Feature","properties":{"class":"major","highway":"primary_link","sidewalk":"likely","lanes":0,"name":"성산로","oneway":true},"geometry":{"type":"LineString","coordinates":[[126.9461225,37.5657201],[126.9455803,37.5649894]]}},{"type":"Feature","properties":{"class":"major","highway":"primary_link","sidewalk":"likely","lanes":0,"name":"성산로","oneway":true},"geometry":{"type":"LineString","coordinates":[[126.9455803,37.5649894],[126.9448896,37.5642013]]}},{"type":"Feature","properties":{"class":"major","highway":"primary_link","sidewalk":"likely","lanes":0,"name":"성산로","oneway":true},"geometry":{"type":"LineString","coordinates":[[126.9448896,37.5642013],[126.9445369,37.5638028]]}},{"type":"Feature","properties":{"class":"alley","highway":"service","sidewalk":"unknown","lanes":0,"name":"고산길","oneway":false},"geometry":{"type":"LineString","coordinates":[[126.9403352,37.5544077],[126.9404657,37.5541703]]}},{"type":"Feature","properties":{"class":"alley","highway":"service","sidewalk":"unknown","lanes":0,"name":"","oneway":false},"geometry":{"type":"LineString","coordinates":[[126.9401891,37.5543547],[126.9402995,37.5541431]]}},{"type":"Feature","properties":{"class":"alley","highway":"service","sidewalk":"unknown","lanes":0,"name":"","oneway":false},"geometry":{"type":"LineString","coordinates":[[126.9402995,37.5541431],[126.9401239,37.5540825]]}},{"type":"Feature","properties":{"class":"alley","highway":"service","sidewalk":"unknown","lanes":0,"name":"","oneway":false},"geometry":{"type":"LineString","coordinates":[[126.9405865,37.5636157],[126.9406154,37.5636537],[126.9406536,37.5636695],[126.9406778,37.5636766],[126.9407363,37.5636867],[126.9409949,37.5636285],[126.9411832,37.5641933]]}},{"type":"Feature","properties":{"class":"alley","highway":"service","sidewalk":"unknown","lanes":0,"name":"","oneway":false},"geometry":{"type":"LineString","coordinates":[[126.9425906,37.5653299],[126.9426332,37.5651569],[126.9427352,37.5651756]]}},{"type":"Feature","properties":{"class":"alley","highway":"service","sidewalk":"unknown","lanes":0,"name":"","oneway":false},"geometry":{"type":"LineString","coordinates":[[126.9419444,37.5646032],[126.9418699,37.564621],[126.9417005,37.5646084]]}},{"type":"Feature","properties":{"class":"alley","highway":"service","sidewalk":"unknown","lanes":0,"name":"","oneway":false},"geometry":{"type":"LineString","coordinates":[[126.9419347,37.5652897],[126.9418813,37.5652978]]}},{"type":"Feature","properties":{"class":"alley","highway":"service","sidewalk":"unknown","lanes":0,"name":"","oneway":false},"geometry":{"type":"LineString","coordinates":[[126.9406775,37.5538593],[126.9407311,37.5537197],[126.9404829,37.5536679]]}},{"type":"Feature","properties":{"class":"alley","highway":"service","sidewalk":"unknown","lanes":0,"name":"","oneway":false},"geometry":{"type":"LineString","coordinates":[[126.9409842,37.5539959],[126.9411842,37.5538393]]}},{"type":"Feature","properties":{"class":"major","highway":"primary","sidewalk":"likely","lanes":0,"name":"봉원고가도로","oneway":true},"geometry":{"type":"LineString","coordinates":[[126.9449817,37.5640573],[126.9452345,37.5643606],[126.9456393,37.564809],[126.9459346,37.5651852],[126.946664,37.5662085]]}},{"type":"Feature","properties":{"class":"major","highway":"primary","sidewalk":"likely","lanes":0,"name":"봉원고가도로","oneway":true},"geometry":{"type":"LineString","coordinates":[[126.9465973,37.566239],[126.9458786,37.5652296],[126.9456252,37.5649084],[126.9451673,37.5643974],[126.9447526,37.563976],[126.9445369,37.5638028]]}},{"type":"Feature","properties":{"class":"minor","highway":"residential","sidewalk":"unknown","lanes":0,"name":"만리재로24길","oneway":false},"geometry":{"type":"LineString","coordinates":[[126.9643606,37.5518536],[126.9642916,37.5518393],[126.9641688,37.5518112],[126.9640445,37.5517928],[126.9639885,37.551821],[126.9639312,37.551939],[126.9639175,37.5521155],[126.9639298,37.552263],[126.9639639,37.5523307],[126.9640418,37.5524114],[126.9640916,37.5524785],[126.9640873,37.5525497],[126.9640736,37.5525987]]}},{"type":"Feature","properties":{"class":"minor","highway":"residential","sidewalk":"unknown","lanes":0,"name":"만리재로24길","oneway":false},"geometry":{"type":"LineString","coordinates":[[126.9646286,37.5518857],[126.9643606,37.5518536]]}},{"type":"Feature","properties":{"class":"minor","highway":"residential","sidewalk":"unknown","lanes":0,"name":"마포대로4길","oneway":true},"geometry":{"type":"LineString","coordinates":[[126.9455444,37.5391832],[126.9456565,37.5391531],[126.9457079,37.5391406]]}},{"type":"Feature","properties":{"class":"minor","highway":"residential","sidewalk":"unknown","lanes":0,"name":"마포대로4길","oneway":true},"geometry":{"type":"LineString","coordinates":[[126.9457079,37.5391406],[126.9456653,37.5392145],[126.9456386,37.5392607]]}},{"type":"Feature","properties":{"class":"major","highway":"primary","sidewalk":"likely","lanes":5,"name":"마포대로","oneway":true},"geometry":{"type":"LineString","coordinates":[[126.9446314,37.5385344],[126.9450497,37.5388455],[126.9455444,37.5391832],[126.9456386,37.5392607],[126.9456794,37.5392942]]}},{"type":"Feature","properties":{"class":"major","highway":"primary","sidewalk":"likely","lanes":5,"name":"마포대로","oneway":true},"geometry":{"type":"LineString","coordinates":[[126.9460878,37.5397871],[126.945951,37.5396745],[126.9454468,37.5393121],[126.9449114,37.5389541],[126.9446906,37.5387911],[126.9444697,37.5386282],[126.9443681,37.5385475]]}},{"type":"Feature","properties":{"class":"major","highway":"primary","sidewalk":"likely","lanes":3,"name":"서소문로","oneway":true},"geometry":{"type":"LineString","coordinates":[[126.9633011,37.5591485],[126.9635806,37.5592002],[126.9639104,37.5593576],[126.9640849,37.5594453],[126.9642136,37.5595186],[126.9643075,37.5596017]]}},{"type":"Feature","properties":{"class":"minor","highway":"residential","sidewalk":"unknown","lanes":0,"name":"마포대로28라길","oneway":false},"geometry":{"type":"LineString","coordinates":[[126.9600949,37.5548837],[126.9602089,37.554825],[126.9603316,37.5547596],[126.9604164,37.5547216],[126.9604756,37.5546721]]}},{"type":"Feature","properties":{"class":"major","highway":"secondary","sidewalk":"likely","lanes":0,"name":"신촌역로","oneway":true},"geometry":{"type":"LineString","coordinates":[[126.942648,37.5591394],[126.9425394,37.5591603],[126.9421868,37.5591688],[126.9420901,37.5591678],[126.9419895,37.5591418]]}},{"type":"Feature","properties":{"class":"major","highway":"secondary","sidewalk":"likely","lanes":0,"name":"신촌역로","oneway":false},"geometry":{"type":"LineString","coordinates":[[126.9403831,37.5598369],[126.9403846,37.5598803]]}},{"type":"Feature","properties":{"class":"minor","highway":"unclassified","sidewalk":"unknown","lanes":0,"name":"","oneway":false},"geometry":{"type":"LineString","coordinates":[[126.9558091,37.5546199],[126.9557957,37.5548281]]}},{"type":"Feature","properties":{"class":"minor","highway":"residential","sidewalk":"unknown","lanes":0,"name":"신촌로27안길","oneway":false},"geometry":{"type":"LineString","coordinates":[[126.9509308,37.557478],[126.9503038,37.5574394],[126.9502663,37.5574303],[126.950003,37.5574001],[126.9497989,37.5573835],[126.9497311,37.5573736],[126.9492729,37.5573528],[126.9491641,37.5573479]]}},{"type":"Feature","properties":{"class":"alley","highway":"service","sidewalk":"unknown","lanes":0,"name":"","oneway":false},"geometry":{"type":"LineString","coordinates":[[126.9544444,37.5510536],[126.9545243,37.551062],[126.9545698,37.5510857]]}},{"type":"Feature","properties":{"class":"alley","highway":"service","sidewalk":"unknown","lanes":0,"name":"","oneway":false},"geometry":{"type":"LineString","coordinates":[[126.9468663,37.5565754],[126.9466964,37.5565625],[126.9464914,37.5565534]]}},{"type":"Feature","properties":{"class":"alley","highway":"service","sidewalk":"unknown","lanes":0,"name":"","oneway":false},"geometry":{"type":"LineString","coordinates":[[126.946953,37.5566065],[126.9468762,37.5565954],[126.9468663,37.5565754],[126.9468882,37.5563358]]}},{"type":"Feature","properties":{"class":"minor","highway":"residential","sidewalk":"unknown","lanes":0,"name":"마포대로11가길","oneway":false},"geometry":{"type":"LineString","coordinates":[[126.9496164,37.548199],[126.9493075,37.5481781],[126.9493303,37.5477985]]}},{"type":"Feature","properties":{"class":"minor","highway":"residential","sidewalk":"unknown","lanes":0,"name":"백범로25길","oneway":false},"geometry":{"type":"LineString","coordinates":[[126.948007,37.5492084],[126.9481312,37.5491578],[126.9481996,37.5491049],[126.9481865,37.5489542]]}},{"type":"Feature","properties":{"class":"minor","highway":"residential","sidewalk":"unknown","lanes":0,"name":"백범로25길","oneway":false},"geometry":{"type":"LineString","coordinates":[[126.9483151,37.5494187],[126.948317,37.5495006],[126.9483421,37.5495544]]}},{"type":"Feature","properties":{"class":"minor","highway":"residential","sidewalk":"unknown","lanes":0,"name":"백범로25길","oneway":false},"geometry":{"type":"LineString","coordinates":[[126.9485652,37.549163],[126.9484057,37.5491879],[126.9483886,37.5493552],[126.9483151,37.5494187],[126.9479551,37.5495019]]}},{"type":"Feature","properties":{"class":"alley","highway":"service","sidewalk":"unknown","lanes":0,"name":"","oneway":false},"geometry":{"type":"LineString","coordinates":[[126.9434357,37.548704],[126.9434189,37.5486211],[126.9441395,37.5485384],[126.944067,37.5481644],[126.9439691,37.5479584],[126.9438934,37.5479081],[126.943837,37.5477139],[126.9438027,37.5476016],[126.9437631,37.5474457]]}},{"type":"Feature","properties":{"class":"minor","highway":"residential","sidewalk":"unknown","lanes":0,"name":"백범로17길","oneway":false},"geometry":{"type":"LineString","coordinates":[[126.9436954,37.5475808],[126.9434309,37.5475864],[126.9433531,37.5476124],[126.943318,37.5476627],[126.9433822,37.5478237]]}},{"type":"Feature","properties":{"class":"major","highway":"secondary","sidewalk":"likely","lanes":0,"name":"신촌기차역","oneway":false},"geometry":{"type":"LineString","coordinates":[[126.9425216,37.5589016],[126.9425417,37.5588899]]}},{"type":"Feature","properties":{"class":"alley","highway":"service","sidewalk":"unknown","lanes":0,"name":"","oneway":false},"geometry":{"type":"LineString","coordinates":[[126.9604513,37.5448091],[126.9605331,37.5448251],[126.9606109,37.5448091],[126.960866,37.5447218]]}},{"type":"Feature","properties":{"class":"alley","highway":"service","sidewalk":"unknown","lanes":0,"name":"","oneway":true},"geometry":{"type":"LineString","coordinates":[[126.960866,37.5447218],[126.9608644,37.5446565],[126.9608367,37.5446012],[126.9607571,37.5445348]]}},{"type":"Feature","properties":{"class":"alley","highway":"service","sidewalk":"unknown","lanes":0,"name":"","oneway":true},"geometry":{"type":"LineString","coordinates":[[126.9613001,37.5445482],[126.9611192,37.5446316],[126.960866,37.5447218]]}},{"type":"Feature","properties":{"class":"minor","highway":"residential","sidewalk":"unknown","lanes":0,"name":"북아현교","oneway":false},"geometry":{"type":"LineString","coordinates":[[126.9528994,37.5609445],[126.9527154,37.5614122]]}}]}