{"type":"FeatureCollection","features":[{"type":"Feature","properties":{"kind":"mart","label":"대형마트·백화점","name":"롯데마트","area":null},"geometry":{"type":"Point","coordinates":[127.117738,37.491756]}},{"type":"Feature","properties":{"kind":"mart","label":"대형마트·백화점","name":"Homeplus","area":null},"geometry":{"type":"Point","coordinates":[126.850034,37.564225]}},{"type":"Feature","properties":{"kind":"mart","label":"대형마트·백화점","name":"Homeplus","area":null},"geometry":{"type":"Point","coordinates":[127.048904,37.546925]}},{"type":"Feature","properties":{"kind":"mart","label":"대형마트·백화점","name":"이마트수서점","area":null},"geometry":{"type":"Point","coordinates":[127.103081,37.48721]}},{"type":"Feature","properties":{"kind":"mart","label":"대형마트·백화점","name":"Homeplus","area":null},"geometry":{"type":"Point","coordinates":[127.050096,37.50258]}},{"type":"Feature","properties":{"kind":"mart","label":"대형마트·백화점","name":"롯데마트","area":null},"geometry":{"type":"Point","coordinates":[127.010932,37.502539]}},{"type":"Feature","properties":{"kind":"mart","label":"대형마트·백화점","name":"롯데마트","area":null},"geometry":{"type":"Point","coordinates":[126.858996,37.533029]}},{"type":"Feature","properties":{"kind":"mart","label":"대형마트·백화점","name":"롯데마트","area":null},"geometry":{"type":"Point","coordinates":[126.791908,37.443039]}},{"type":"Feature","properties":{"kind":"mart","label":"대형마트·백화점","name":"Homeplus","area":null},"geometry":{"type":"Point","coordinates":[127.082076,37.580569]}},{"type":"Feature","properties":{"kind":"mart","label":"대형마트·백화점","name":"롯데마트","area":null},"geometry":{"type":"Point","coordinates":[126.97057,37.555632]}},{"type":"Feature","properties":{"kind":"mart","label":"대형마트·백화점","name":"Homeplus","area":null},"geometry":{"type":"Point","coordinates":[126.913541,37.582453]}},{"type":"Feature","properties":{"kind":"mart","label":"대형마트·백화점","name":"Homeplus","area":null},"geometry":{"type":"Point","coordinates":[126.898264,37.567806]}},{"type":"Feature","properties":{"kind":"mart","label":"대형마트·백화점","name":"롯데마트","area":null},"geometry":{"type":"Point","coordinates":[126.940259,37.54533]}},{"type":"Feature","properties":{"kind":"mart","label":"대형마트·백화점","name":"롯데마트","area":null},"geometry":{"type":"Point","coordinates":[127.028805,37.556567]}},{"type":"Feature","properties":{"kind":"mart","label":"대형마트·백화점","name":"홈플러스 슈퍼마켓","area":null},"geometry":{"type":"Point","coordinates":[127.079992,37.55761]}},{"type":"Feature","properties":{"kind":"mart","label":"대형마트·백화점","name":"이마트 다산점","area":null},"geometry":{"type":"Point","coordinates":[127.157505,37.608521]}},{"type":"Feature","properties":{"kind":"mart","label":"대형마트·백화점","name":"롯데마트","area":null},"geometry":{"type":"Point","coordinates":[126.917868,37.638305]}},{"type":"Feature","properties":{"kind":"mart","label":"대형마트·백화점","name":"신도림동 홈플러스","area":null},"geometry":{"type":"Point","coordinates":[126.888633,37.509787]}},{"type":"Feature","properties":{"kind":"mart","label":"대형마트·백화점","name":"이마트 성남점","area":null},"geometry":{"type":"Point","coordinates":[127.141601,37.444189]}},{"type":"Feature","properties":{"kind":"mart","label":"대형마트·백화점","name":"Homeplus","area":null},"geometry":{"type":"Point","coordinates":[127.091734,37.507593]}},{"type":"Feature","properties":{"kind":"mart","label":"대형마트·백화점","name":"Homeplus","area":null},"geometry":{"type":"Point","coordinates":[127.1421,37.545806]}},{"type":"Feature","properties":{"kind":"mart","label":"대형마트·백화점","name":"롯데마트","area":null},"geometry":{"type":"Point","coordinates":[127.125347,37.503029]}},{"type":"Feature","properties":{"kind":"mart","label":"대형마트·백화점","name":"365 홈플러스","area":null},"geometry":{"type":"Point","coordinates":[126.768025,37.489981]}},{"type":"Feature","properties":{"kind":"mart","label":"대형마트·백화점","name":"Homeplus","area":null},"geometry":{"type":"Point","coordinates":[126.766603,37.492666]}},{"type":"Feature","properties":{"kind":"mart","label":"대형마트·백화점","name":"아이파크 백화점","area":null},"geometry":{"type":"Point","coordinates":[126.965852,37.529911]}},{"type":"Feature","properties":{"kind":"mart","label":"대형마트·백화점","name":"이마트24","area":null},"geometry":{"type":"Point","coordinates":[127.102568,37.541594]}},{"type":"Feature","properties":{"kind":"mart","label":"대형마트·백화점","name":"롯데마트","area":null},"geometry":{"type":"Point","coordinates":[127.105325,37.51398]}},{"type":"Feature","properties":{"kind":"mart","label":"대형마트·백화점","name":"롯데마트","area":null},"geometry":{"type":"Point","coordinates":[126.897098,37.459206]}},{"type":"Feature","properties":{"kind":"mart","label":"대형마트·백화점","name":"이마트 24","area":null},"geometry":{"type":"Point","coordinates":[126.772918,37.516755]}},{"type":"Feature","properties":{"kind":"mart","label":"대형마트·백화점","name":"이마트24 대웅제약점","area":null},"geometry":{"type":"Point","coordinates":[127.065393,37.514351]}},{"type":"Feature","properties":{"kind":"mart","label":"대형마트·백화점","name":"홈플러스","area":null},"geometry":{"type":"Point","coordinates":[127.021696,37.580875]}},{"type":"Feature","properties":{"kind":"mart","label":"대형마트·백화점","name":"Homeplus","area":null},"geometry":{"type":"Point","coordinates":[126.789282,37.642817]}},{"type":"Feature","properties":{"kind":"mart","label":"대형마트·백화점","name":"이마트24","area":null},"geometry":{"type":"Point","coordinates":[127.099386,37.595659]}},{"type":"Feature","properties":{"kind":"mart","label":"대형마트·백화점","name":"홈플러스익스플레이스","area":null},"geometry":{"type":"Point","coordinates":[126.773955,37.66982]}},{"type":"Feature","properties":{"kind":"mart","label":"대형마트·백화점","name":"이마트 양재점","area":null},"geometry":{"type":"Point","coordinates":[127.036818,37.463373]}},{"type":"Feature","properties":{"kind":"mart","label":"대형마트·백화점","name":"롯데마트","area":null},"geometry":{"type":"Point","coordinates":[126.802962,37.563455]}},{"type":"Feature","properties":{"kind":"mart","label":"대형마트·백화점","name":"롯데마트","area":null},"geometry":{"type":"Point","coordinates":[127.096371,37.511616]}},{"type":"Feature","properties":{"kind":"mart","label":"대형마트·백화점","name":"롯데마트","area":null},"geometry":{"type":"Point","coordinates":[127.095546,37.535985]}},{"type":"Feature","properties":{"kind":"mart","label":"대형마트·백화점","name":"IFC 서울","area":null},"geometry":{"type":"Point","coordinates":[126.925761,37.52528]}},{"type":"Feature","properties":{"kind":"mart","label":"대형마트·백화점","name":"이마트트레이더스","area":null},"geometry":{"type":"Point","coordinates":[126.82473,37.561077]}},{"type":"Feature","properties":{"kind":"mart","label":"대형마트·백화점","name":"롯데마트 중계점","area":null},"geometry":{"type":"Point","coordinates":[127.070959,37.64676]}},{"type":"Feature","properties":{"kind":"mart","label":"대형마트·백화점","name":"Homeplus","area":null},"geometry":{"type":"Point","coordinates":[126.895846,37.518194]}},{"type":"Feature","properties":{"kind":"mart","label":"대형마트·백화점","name":"Homeplus","area":null},"geometry":{"type":"Point","coordinates":[126.768874,37.659049]}},{"type":"Feature","properties":{"kind":"mart","label":"대형마트·백화점","name":"홈플러스 중계점","area":null},"geometry":{"type":"Point","coordinates":[127.068601,37.639817]}},{"type":"Feature","properties":{"kind":"mart","label":"대형마트·백화점","name":"Homeplus","area":null},"geometry":{"type":"Point","coordinates":[126.982463,37.471426]}},{"type":"Feature","properties":{"kind":"mart","label":"대형마트·백화점","name":"롯데월드몰","area":null},"geometry":{"type":"Point","coordinates":[127.104207,37.513738]}},{"type":"Feature","properties":{"kind":"mart","label":"대형마트·백화점","name":"롯데월드몰","area":null},"geometry":{"type":"Point","coordinates":[127.102017,37.512832]}},{"type":"Feature","properties":{"kind":"mart","label":"대형마트·백화점","name":"Homeplus","area":null},"geometry":{"type":"Point","coordinates":[127.103014,37.516271]}},{"type":"Feature","properties":{"kind":"mart","label":"대형마트·백화점","name":"이마트 과천점","area":null},"geometry":{"type":"Point","coordinates":[126.991889,37.426259]}},{"type":"Feature","properties":{"kind":"mart","label":"대형마트·백화점","name":"Homeplus","area":null},"geometry":{"type":"Point","coordinates":[126.9008,37.451889]}},{"type":"Feature","properties":{"kind":"mart","label":"대형마트·백화점","name":"Homeplus","area":null},"geometry":{"type":"Point","coordinates":[127.093771,37.615819]}},{"type":"Feature","properties":{"kind":"mart","label":"대형마트·백화점","name":"Homeplus","area":null},"geometry":{"type":"Point","coordinates":[127.038747,37.574544]}},{"type":"Feature","properties":{"kind":"mart","label":"대형마트·백화점","name":"그랜드 백화점","area":null},"geometry":{"type":"Point","coordinates":[126.761107,37.670828]}},{"type":"Feature","properties":{"kind":"mart","label":"대형마트·백화점","name":"Homeplus","area":null},"geometry":{"type":"Point","coordinates":[126.849273,37.547583]}},{"type":"Feature","properties":{"kind":"mart","label":"대형마트·백화점","name":"이마트","area":null},"geometry":{"type":"Point","coordinates":[126.78274,37.484073]}},{"type":"Feature","properties":{"kind":"mart","label":"대형마트·백화점","name":"스타필드 고양","area":null},"geometry":{"type":"Point","coordinates":[126.894845,37.647119]}},{"type":"Feature","properties":{"kind":"mart","label":"대형마트·백화점","name":"홈플러스 부천여월점","area":null},"geometry":{"type":"Point","coordinates":[126.802497,37.515818]}},{"type":"Feature","properties":{"kind":"mart","label":"대형마트·백화점","name":"롯데마트","area":null},"geometry":{"type":"Point","coordinates":[126.831111,37.632932]}},{"type":"Feature","properties":{"kind":"mart","label":"대형마트·백화점","name":"롯데마트","area":null},"geometry":{"type":"Point","coordinates":[127.11781,37.491765]}},{"type":"Feature","properties":{"kind":"mart","label":"대형마트·백화점","name":"이마트 중동점","area":null},"geometry":{"type":"Point","coordinates":[126.763964,37.504072]}},{"type":"Feature","properties":{"kind":"mart","label":"대형마트·백화점","name":"롯데마트","area":null},"geometry":{"type":"Point","coordinates":[126.895674,37.470596]}},{"type":"Feature","properties":{"kind":"mart","label":"대형마트·백화점","name":"Homeplus","area":null},"geometry":{"type":"Point","coordinates":[126.89687,37.468657]}},{"type":"Feature","properties":{"kind":"mart","label":"대형마트·백화점","name":"이마트타운 월계점","area":null},"geometry":{"type":"Point","coordinates":[127.061948,37.626486]}},{"type":"Feature","properties":{"kind":"mart","label":"대형마트·백화점","name":"롯데마트","area":null},"geometry":{"type":"Point","coordinates":[126.89165,37.526082]}},{"type":"Feature","properties":{"kind":"mart","label":"대형마트·백화점","name":"Homeplus","area":null},"geometry":{"type":"Point","coordinates":[126.854872,37.558536]}},{"type":"Feature","properties":{"kind":"mart","label":"대형마트·백화점","name":"롯데마트","area":null},"geometry":{"type":"Point","coordinates":[126.836146,37.625175]}},{"type":"Feature","properties":{"kind":"mart","label":"대형마트·백화점","name":"롯데마트","area":null},"geometry":{"type":"Point","coordinates":[126.835915,37.624666]}},{"type":"Feature","properties":{"kind":"mart","label":"대형마트·백화점","name":"Homeplus","area":null},"geometry":{"type":"Point","coordinates":[126.814321,37.484868]}},{"type":"Feature","properties":{"kind":"mart","label":"대형마트·백화점","name":"스타필드시티 부천점","area":null},"geometry":{"type":"Point","coordinates":[126.813936,37.461444]}},{"type":"Feature","properties":{"kind":"mart","label":"대형마트·백화점","name":"스타필드시티 위례","area":null},"geometry":{"type":"Point","coordinates":[127.148463,37.480069]}},{"type":"Feature","properties":{"kind":"mart","label":"대형마트·백화점","name":"더현대 서울","area":null},"geometry":{"type":"Point","coordinates":[126.928418,37.525963]}},{"type":"Feature","properties":{"kind":"mart","label":"대형마트·백화점","name":"롯데마트","area":null},"geometry":{"type":"Point","coordinates":[126.904614,37.527855]}},{"type":"Feature","properties":{"kind":"mart","label":"대형마트·백화점","name":"Homeplus Express","area":null},"geometry":{"type":"Point","coordinates":[126.998137,37.497173]}},{"type":"Feature","properties":{"kind":"mart","label":"대형마트·백화점","name":"Homeplus","area":null},"geometry":{"type":"Point","coordinates":[127.043699,37.664856]}},{"type":"Feature","properties":{"kind":"park","label":"공원","name":"서래섬","area":38700},"geometry":{"type":"Point","coordinates":[126.989795,37.508181]}},{"type":"Feature","properties":{"kind":"park_area","name":"서래섬"},"geometry":{"type":"Polygon","coordinates":[[[126.98709,37.50741],[126.98683,37.50728],[126.98678,37.50722],[126.98676,37.50719],[126.98675,37.50715],[126.98674,37.50712],[126.98675,37.50709],[126.98678,37.50704],[126.98684,37.507],[126.98689,37.50698],[126.98749,37.50686],[126.9876,37.50685],[126.98772,37.50684],[126.98783,37.50688],[126.98791,37.50692],[126.98797,37.50697],[126.98801,37.50701],[126.98803,37.50706],[126.98803,37.50714],[126.98802,37.50721],[126.98803,37.50725],[126.98804,37.5073],[126.98808,37.50736],[126.98814,37.50739],[126.98819,37.5074],[126.98825,37.5074],[126.98835,37.50736],[126.98844,37.50731],[126.98863,37.50714],[126.98868,37.50711],[126.98875,37.50708],[126.9889,37.50706],[126.9892,37.50706],[126.98928,37.50706],[126.98955,37.50716],[126.98966,37.50723],[126.98983,37.5074],[126.98993,37.50761],[126.98999,37.50771],[126.99006,37.50778],[126.99015,37.50783],[126.99027,37.50786],[126.99047,37.50788],[126.99063,37.5079],[126.99079,37.50794],[126.99087,37.50798],[126.99104,37.50812],[126.99112,37.50821],[126.99123,37.50831],[126.9914,37.50843],[126.99151,37.50848],[126.99172,37.50852],[126.99183,37.50856],[126.99193,37.50862],[126.99227,37.50887],[126.99273,37.50922],[126.99279,37.50929],[126.99283,37.50933],[126.99284,37.50936],[126.99285,37.50939],[126.99281,37.50947],[126.99278,37.50949],[126.99273,37.50951],[126.99266,37.50952],[126.99257,37.5095],[126.99241,37.50944],[126.99158,37.50904],[126.98927,37.5081],[126.9882,37.50773],[126.98709,37.50741],[126.98709,37.50741]]]}},{"type":"Feature","properties":{"kind":"park","label":"공원","name":"일산호수공원","area":992014},"geometry":{"type":"Point","coordinates":[126.764325,37.65738]}},{"type":"Feature","properties":{"kind":"park_area","name":"일산호수공원"},"geometry":{"type":"Polygon","coordinates":[[[126.75638,37.66366],[126.75638,37.6636],[126.75757,37.6623],[126.75826,37.66087],[126.75922,37.66],[126.75925,37.65997],[126.75938,37.65985],[126.75946,37.65978],[126.75966,37.65954],[126.75985,37.65929],[126.76051,37.65822],[126.76088,37.65732],[126.76102,37.65707],[126.76116,37.65674],[126.76154,37.65582],[126.76346,37.65182],[126.76576,37.65046],[126.76627,37.65013],[126.76671,37.65057],[126.76676,37.65055],[126.76686,37.65049],[126.76704,37.65039],[126.7672,37.6503],[126.76893,37.64933],[126.76981,37.64883],[126.77227,37.64963],[126.77212,37.64989],[126.77209,37.64994],[126.77133,37.65125],[126.77082,37.65212],[126.76961,37.65419],[126.7695,37.65437],[126.76946,37.65445],[126.76942,37.65452],[126.76895,37.65532],[126.76876,37.65565],[126.7679,37.65713],[126.76755,37.65774],[126.76752,37.65779],[126.7675,37.65782],[126.76748,37.65785],[126.76743,37.65794],[126.76704,37.65865],[126.76664,37.65903],[126.7666,37.65906],[126.76647,37.65919],[126.76423,37.66143],[126.76419,37.66148],[126.76312,37.66258],[126.76287,37.66283],[126.76283,37.66287],[126.76251,37.66321],[126.76248,37.66324],[126.76188,37.66388],[126.76098,37.66447],[126.76031,37.66495],[126.75909,37.66553],[126.75826,37.66583],[126.75822,37.66584],[126.75818,37.66586],[126.75798,37.66593],[126.75789,37.6658],[126.75778,37.66565],[126.75773,37.66558],[126.75761,37.66542],[126.7576,37.66541],[126.75736,37.66507],[126.75734,37.66505],[126.75723,37.66478],[126.75714,37.66467],[126.75701,37.66452],[126.75684,37.66432],[126.75674,37.66419],[126.75667,37.6641],[126.75658,37.66399],[126.75638,37.66366],[126.75638,37.66366]]]}},{"type":"Feature","properties":{"kind":"park","label":"공원","name":"노을공원","area":1007968},"geometry":{"type":"Point","coordinates":[126.874721,37.573834]}},{"type":"Feature","properties":{"kind":"park_area","name":"노을공원"},"geometry":{"type":"Polygon","coordinates":[[[126.86719,37.57666],[126.86638,37.57596],[126.8662,37.57551],[126.86636,37.57521],[126.86729,37.57472],[126.87451,37.57028],[126.87837,37.56806],[126.8784,37.56805],[126.87843,37.56803],[126.87872,37.56786],[126.87883,37.56789],[126.87897,37.56804],[126.88049,37.56962],[126.87928,37.5703],[126.8791,37.57008],[126.87984,37.5696],[126.8791,37.56895],[126.87839,37.5684],[126.87773,37.5688],[126.87783,37.56914],[126.8783,37.56971],[126.87829,37.5698],[126.87892,37.57046],[126.88237,37.57361],[126.88319,37.57314],[126.88324,37.57368],[126.88311,37.57408],[126.88233,37.57465],[126.88005,37.57639],[126.87996,37.57654],[126.87998,37.57684],[126.88061,37.57745],[126.8782,37.57888],[126.87659,37.57981],[126.87626,37.57981],[126.87601,37.57975],[126.87475,37.57926],[126.87234,37.5786],[126.86993,37.57785],[126.86855,37.57752],[126.86815,37.57732],[126.86719,37.57666],[126.86719,37.57666]]]}},{"type":"Feature","properties":{"kind":"park","label":"공원","name":"목동 파리공원","area":32656},"geometry":{"type":"Point","coordinates":[126.877055,37.534909]}},{"type":"Feature","properties":{"kind":"park_area","name":"목동 파리공원"},"geometry":{"type":"Polygon","coordinates":[[[126.87592,37.53402],[126.87687,37.53391],[126.87713,37.53388],[126.87743,37.53381],[126.87758,37.53387],[126.87766,37.53413],[126.8778,37.53437],[126.87794,37.53452],[126.87799,37.53457],[126.87833,37.53484],[126.8783,37.53492],[126.87779,37.53551],[126.87737,37.53599],[126.87718,37.53601],[126.87658,37.53549],[126.87633,37.53526],[126.87602,37.53476],[126.87586,37.53447],[126.87578,37.53414],[126.87583,37.53408],[126.87592,37.53402],[126.87592,37.53402]]]}},{"type":"Feature","properties":{"kind":"park","label":"공원","name":"석촌동 고분군","area":56439},"geometry":{"type":"Point","coordinates":[127.10219,37.502352]}},{"type":"Feature","properties":{"kind":"park_area","name":"석촌동 고분군"},"geometry":{"type":"Polygon","coordinates":[[[127.10164,37.50153],[127.10163,37.5023],[127.10162,37.50259],[127.10156,37.50299],[127.10156,37.50301],[127.10149,37.50329],[127.10138,37.50369],[127.10119,37.50408],[127.10148,37.5042],[127.10185,37.50431],[127.10195,37.50435],[127.10243,37.50437],[127.10261,37.50441],[127.10285,37.50443],[127.10297,37.50425],[127.10319,37.50382],[127.10317,37.5038],[127.10316,37.50376],[127.10316,37.50373],[127.10317,37.5037],[127.10319,37.50367],[127.10295,37.50348],[127.10298,37.50308],[127.10296,37.50268],[127.10297,37.50224],[127.10298,37.50184],[127.10298,37.50143],[127.10302,37.50079],[127.10311,37.5006],[127.10207,37.50027],[127.1019,37.50038],[127.10181,37.50045],[127.10178,37.50049],[127.10171,37.50057],[127.10162,37.50078],[127.10156,37.50091],[127.10152,37.50106],[127.10145,37.50134],[127.10144,37.50137],[127.10148,37.50143],[127.10164,37.50153],[127.10164,37.50153]]]}},{"type":"Feature","properties":{"kind":"park","label":"공원","name":"송파나루공원","area":300192},"geometry":{"type":"Point","coordinates":[127.102728,37.509982]}},{"type":"Feature","properties":{"kind":"park_area","name":"송파나루공원"},"geometry":{"type":"Polygon","coordinates":[[[127.09826,37.50649],[127.09788,37.50653],[127.09757,37.5066],[127.09768,37.50888],[127.09772,37.50982],[127.09842,37.50981],[127.09888,37.50982],[127.09932,37.50993],[127.0994,37.50995],[127.09966,37.51004],[127.10015,37.51021],[127.10026,37.51025],[127.10054,37.51034],[127.10179,37.51096],[127.10207,37.51114],[127.10289,37.51154],[127.1037,37.51193],[127.105,37.51252],[127.10577,37.51289],[127.1058,37.51287],[127.10582,37.51286],[127.10587,37.51285],[127.10591,37.51284],[127.10595,37.51284],[127.10609,37.5129],[127.10638,37.51305],[127.10653,37.51312],[127.10672,37.5132],[127.10677,37.51324],[127.10681,37.51326],[127.10682,37.5133],[127.10681,37.51334],[127.10681,37.51335],[127.10708,37.51347],[127.10724,37.51344],[127.10731,37.51341],[127.10739,37.51323],[127.10749,37.513],[127.10758,37.51278],[127.10777,37.51239],[127.10785,37.51222],[127.10787,37.51216],[127.10788,37.51207],[127.10787,37.51194],[127.10725,37.51146],[127.10608,37.51048],[127.10514,37.50969],[127.10438,37.50909],[127.10409,37.50887],[127.1038,37.50866],[127.10372,37.50859],[127.10236,37.5078],[127.10199,37.50762],[127.10164,37.50747],[127.10011,37.50684],[127.09956,37.5067],[127.09929,37.50657],[127.09874,37.50649],[127.09826,37.50649],[127.09826,37.50649]]]}},{"type":"Feature","properties":{"kind":"park","label":"공원","name":"아시아공원","area":71437},"geometry":{"type":"Point","coordinates":[127.076202,37.510269]}},{"type":"Feature","properties":{"kind":"park_area","name":"아시아공원"},"geometry":{"type":"Polygon","coordinates":[[[127.07382,37.51072],[127.0777,37.51139],[127.07797,37.5114],[127.0781,37.5114],[127.07814,37.5114],[127.07825,37.51135],[127.07826,37.51126],[127.07858,37.50983],[127.07805,37.50976],[127.07791,37.50971],[127.07778,37.50959],[127.07753,37.50938],[127.07744,37.50934],[127.07649,37.50918],[127.0762,37.50913],[127.07607,37.50919],[127.07561,37.50957],[127.07542,37.50969],[127.07527,37.50968],[127.07411,37.50952],[127.07382,37.51072],[127.07382,37.51072]]]}},{"type":"Feature","properties":{"kind":"park","label":"공원","name":"방이동백제고분군","area":41247},"geometry":{"type":"Point","coordinates":[127.118826,37.507638]}},{"type":"Feature","properties":{"kind":"park_area","name":"방이동백제고분군"},"geometry":{"type":"Polygon","coordinates":[[[127.11733,37.50874],[127.11951,37.50793],[127.11971,37.50824],[127.12082,37.50777],[127.12031,37.50695],[127.12006,37.50653],[127.11871,37.50709],[127.11692,37.50775],[127.11683,37.50793],[127.11733,37.50874],[127.11733,37.50874]]]}},{"type":"Feature","properties":{"kind":"park","label":"공원","name":"성내유수지 체육공원","area":45288},"geometry":{"type":"Point","coordinates":[127.120065,37.526675]}},{"type":"Feature","properties":{"kind":"park_area","name":"성내유수지 체육공원"},"geometry":{"type":"Polygon","coordinates":[[[127.11913,37.52766],[127.11808,37.52585],[127.11815,37.52569],[127.11866,37.52563],[127.11897,37.52563],[127.11942,37.52567],[127.11981,37.52576],[127.12181,37.52631],[127.12195,37.52635],[127.12202,37.52638],[127.12205,37.52644],[127.12205,37.5265],[127.12202,37.52653],[127.1219,37.52658],[127.12062,37.52718],[127.11933,37.52772],[127.11913,37.52766],[127.11913,37.52766]]]}},{"type":"Feature","properties":{"kind":"park","label":"공원","name":"뚝섬한강공원","area":329185},"geometry":{"type":"Point","coordinates":[127.06869,37.529996]}},{"type":"Feature","properties":{"kind":"park_area","name":"뚝섬한강공원"},"geometry":{"type":"Polygon","coordinates":[[[127.05892,37.53274],[127.05906,37.533],[127.05919,37.53321],[127.06225,37.53226],[127.06228,37.5323],[127.06265,37.5322],[127.06313,37.53206],[127.06353,37.53192],[127.06523,37.53145],[127.06586,37.53143],[127.06609,37.53137],[127.06681,37.53112],[127.06885,37.53057],[127.06981,37.53028],[127.07073,37.53013],[127.07284,37.52953],[127.07328,37.5294],[127.07388,37.52926],[127.07516,37.52886],[127.07656,37.52831],[127.07725,37.52806],[127.07772,37.52788],[127.07793,37.52786],[127.07846,37.5277],[127.0786,37.52766],[127.07844,37.52731],[127.07828,37.52737],[127.07811,37.52702],[127.07738,37.52724],[127.07726,37.52707],[127.07712,37.52679],[127.07518,37.52711],[127.07388,37.52735],[127.07051,37.528],[127.06901,37.52835],[127.06656,37.52906],[127.06351,37.53016],[127.06217,37.53078],[127.06081,37.53145],[127.05908,37.53233],[127.05878,37.53248],[127.05892,37.53274],[127.05892,37.53274]]]}},{"type":"Feature","properties":{"kind":"park","label":"공원","name":"오금공원","area":207445},"geometry":{"type":"Point","coordinates":[127.13197,37.502173]}},{"type":"Feature","properties":{"kind":"park_area","name":"오금공원"},"geometry":{"type":"Polygon","coordinates":[[[127.13176,37.50558],[127.13198,37.50562],[127.13405,37.50492],[127.1337,37.50429],[127.13327,37.50418],[127.13295,37.50386],[127.13377,37.50338],[127.1336,37.50297],[127.13298,37.50302],[127.13243,37.50254],[127.13257,37.5023],[127.13254,37.50223],[127.13246,37.50219],[127.13211,37.50222],[127.13203,37.50219],[127.13165,37.50183],[127.13192,37.50131],[127.13229,37.50111],[127.13316,37.50136],[127.13358,37.50102],[127.1345,37.50164],[127.13549,37.50083],[127.13504,37.5004],[127.13491,37.50039],[127.13444,37.50002],[127.13444,37.49987],[127.13513,37.49942],[127.13432,37.49878],[127.13415,37.49873],[127.13398,37.49875],[127.13143,37.50009],[127.13081,37.50041],[127.12845,37.50206],[127.12848,37.50209],[127.12852,37.50214],[127.12991,37.50359],[127.13176,37.50558],[127.13176,37.50558]]]}},{"type":"Feature","properties":{"kind":"park","label":"공원","name":"서리풀공원","area":179857},"geometry":{"type":"Point","coordinates":[127.007814,37.499167]}},{"type":"Feature","properties":{"kind":"park_area","name":"서리풀공원"},"geometry":{"type":"Polygon","coordinates":[[[127.00673,37.5031],[127.00633,37.50297],[127.00655,37.50234],[127.00624,37.50219],[127.00637,37.5016],[127.00649,37.50159],[127.00665,37.50088],[127.00678,37.50083],[127.00696,37.50007],[127.00683,37.50003],[127.00669,37.49999],[127.00665,37.49977],[127.00645,37.49961],[127.00585,37.49956],[127.00573,37.49954],[127.00595,37.49884],[127.00611,37.49873],[127.00624,37.4983],[127.00629,37.49779],[127.00621,37.49767],[127.0057,37.49759],[127.00541,37.49761],[127.00526,37.4979],[127.0049,37.49807],[127.00544,37.49701],[127.00594,37.49609],[127.00755,37.49558],[127.00774,37.49553],[127.00871,37.4958],[127.00886,37.49576],[127.0091,37.49523],[127.00947,37.4954],[127.01003,37.49535],[127.00999,37.49576],[127.00965,37.49589],[127.00971,37.49637],[127.01026,37.4963],[127.01038,37.49643],[127.01041,37.49673],[127.01064,37.49672],[127.01059,37.49687],[127.01073,37.49701],[127.01047,37.49755],[127.01024,37.49762],[127.01043,37.49776],[127.01063,37.49796],[127.01027,37.49816],[127.0095,37.4979],[127.009,37.49807],[127.00896,37.49849],[127.00875,37.49853],[127.00874,37.4986],[127.00871,37.4995],[127.0083,37.50004],[127.00806,37.50005],[127.00778,37.50045],[127.00761,37.50084],[127.0075,37.50127],[127.0072,37.50109],[127.00701,37.50163],[127.00729,37.50189],[127.00729,37.50198],[127.00714,37.50202],[127.00711,37.5024],[127.00684,37.50288],[127.00688,37.50304],[127.00673,37.5031],[127.00673,37.5031]]]}},{"type":"Feature","properties":{"kind":"park","label":"공원","name":"서울어린이대공원","area":671672},"geometry":{"type":"Point","coordinates":[127.082015,37.548941]}},{"type":"Feature","properties":{"kind":"park_area","name":"서울어린이대공원"},"geometry":{"type":"Polygon","coordinates":[[[127.07472,37.5473],[127.07462,37.54744],[127.07463,37.54762],[127.07546,37.54901],[127.07552,37.54911],[127.07578,37.54953],[127.07583,37.54967],[127.07595,37.5499],[127.07623,37.55043],[127.07627,37.55053],[127.07682,37.55183],[127.07694,37.55186],[127.07741,37.55172],[127.07759,37.55177],[127.07783,37.55183],[127.07858,37.552],[127.0787,37.55204],[127.07878,37.55207],[127.07895,37.55204],[127.07933,37.55203],[127.07964,37.55204],[127.07993,37.55217],[127.08005,37.5523],[127.08012,37.55244],[127.08014,37.55255],[127.08032,37.55259],[127.08048,37.5526],[127.08064,37.55221],[127.0809,37.55228],[127.08095,37.55229],[127.08097,37.55224],[127.08135,37.55232],[127.08125,37.55254],[127.08147,37.55252],[127.08169,37.5523],[127.08172,37.55228],[127.08175,37.55226],[127.08179,37.55224],[127.08182,37.55223],[127.08185,37.55222],[127.08189,37.55221],[127.08194,37.5522],[127.08198,37.5522],[127.08244,37.55221],[127.08248,37.55222],[127.08251,37.55222],[127.08254,37.55223],[127.08257,37.55225],[127.08259,37.55227],[127.08261,37.55229],[127.08285,37.55264],[127.08362,37.55265],[127.08427,37.55237],[127.08482,37.55214],[127.08485,37.55198],[127.08546,37.55173],[127.08608,37.55145],[127.08734,37.55193],[127.08845,37.55236],[127.08847,37.55234],[127.089,37.55255],[127.08917,37.55225],[127.08925,37.55211],[127.08941,37.55173],[127.08858,37.55088],[127.08833,37.55139],[127.08604,37.55068],[127.08659,37.54958],[127.08634,37.54942],[127.08599,37.54918],[127.08582,37.54905],[127.08565,37.54895],[127.08548,37.54882],[127.08546,37.5488],[127.08544,37.54877],[127.08542,37.54874],[127.08541,37.54871],[127.0854,37.54867],[127.0854,37.54863],[127.0854,37.5486],[127.08541,37.54856],[127.08585,37.54742],[127.08577,37.54721],[127.08573,37.54714],[127.08571,37.54706],[127.08571,37.54699],[127.08571,37.54692],[127.08572,37.54684],[127.08575,37.54676],[127.0858,37.54669],[127.08587,37.54663],[127.0861,37.54648],[127.08532,37.54579],[127.08529,37.54575],[127.08528,37.54571],[127.08528,37.54553],[127.08526,37.54547],[127.08498,37.54524],[127.08445,37.54526],[127.08392,37.54532],[127.08253,37.54542],[127.07968,37.54556],[127.07839,37.54581],[127.07732,37.54606],[127.07529,37.54705],[127.07472,37.5473],[127.07472,37.5473]]]}},{"type":"Feature","properties":{"kind":"park","label":"공원","name":"와우근린공원","area":91095},"geometry":{"type":"Point","coordinates":[126.928969,37.550935]}},{"type":"Feature","properties":{"kind":"park_area","name":"와우근린공원"},"geometry":{"type":"Polygon","coordinates":[[[126.93009,37.55326],[126.92987,37.55315],[126.92962,37.55304],[126.92914,37.55288],[126.92893,37.55268],[126.92854,37.55231],[126.92842,37.55227],[126.92828,37.55221],[126.92772,37.5518],[126.92764,37.55171],[126.92738,37.55128],[126.92717,37.55081],[126.92708,37.5508],[126.92697,37.55079],[126.92678,37.55081],[126.92679,37.55075],[126.92669,37.55072],[126.92667,37.55063],[126.92667,37.55043],[126.92666,37.55028],[126.92667,37.55007],[126.92646,37.54989],[126.9263,37.5499],[126.92631,37.54981],[126.92629,37.5496],[126.92628,37.54943],[126.92628,37.54927],[126.92653,37.54927],[126.92653,37.54903],[126.92636,37.54903],[126.92635,37.54874],[126.92753,37.54869],[126.92771,37.54861],[126.92789,37.54893],[126.92809,37.54929],[126.9276,37.54948],[126.92744,37.54954],[126.92754,37.54982],[126.92773,37.55],[126.92792,37.55015],[126.92822,37.55041],[126.92847,37.55051],[126.92874,37.55056],[126.92924,37.55055],[126.92942,37.55065],[126.92984,37.55104],[126.93025,37.55138],[126.93071,37.55152],[126.93125,37.55191],[126.93166,37.55228],[126.93143,37.55237],[126.931,37.55252],[126.93073,37.55278],[126.93032,37.55317],[126.93009,37.55326],[126.93009,37.55326]]]}},{"type":"Feature","properties":{"kind":"park","label":"공원","name":"중앙공원","area":138954},"geometry":{"type":"Point","coordinates":[126.765354,37.500292]}},{"type":"Feature","properties":{"kind":"park_area","name":"중앙공원"},"geometry":{"type":"Polygon","coordinates":[[[126.7628,37.5019],[126.76319,37.50185],[126.76371,37.50178],[126.76409,37.50167],[126.76417,37.50165],[126.76425,37.50163],[126.76428,37.50162],[126.76434,37.5016],[126.76438,37.50159],[126.76445,37.50157],[126.76453,37.50156],[126.76458,37.50155],[126.76461,37.50155],[126.76473,37.50153],[126.76477,37.50153],[126.76481,37.50152],[126.76492,37.50151],[126.76531,37.50146],[126.76533,37.5016],[126.76487,37.50166],[126.76484,37.50167],[126.76485,37.50169],[126.76486,37.5017],[126.76488,37.50171],[126.76497,37.50169],[126.76527,37.50166],[126.76534,37.50162],[126.76542,37.50158],[126.76556,37.50156],[126.76597,37.50151],[126.76606,37.50154],[126.76612,37.50155],[126.76655,37.50149],[126.76657,37.50147],[126.76656,37.50145],[126.76654,37.50144],[126.76607,37.5015],[126.76604,37.50136],[126.76658,37.50129],[126.76667,37.50128],[126.76672,37.50127],[126.76674,37.50127],[126.76679,37.50126],[126.76688,37.50126],[126.76693,37.50125],[126.76696,37.50125],[126.76704,37.50126],[126.76707,37.50126],[126.76711,37.50126],[126.76743,37.50126],[126.76763,37.50126],[126.76807,37.50121],[126.76828,37.50118],[126.76839,37.50116],[126.7684,37.50114],[126.76843,37.50109],[126.76838,37.50089],[126.76825,37.50025],[126.76824,37.50021],[126.76823,37.50017],[126.76814,37.49972],[126.76813,37.49969],[126.76812,37.49966],[126.76796,37.49889],[126.76795,37.49885],[126.76793,37.49872],[126.76786,37.49868],[126.7676,37.49871],[126.76681,37.49882],[126.76677,37.49882],[126.76673,37.49883],[126.76664,37.49884],[126.7666,37.49885],[126.76657,37.49885],[126.76649,37.49886],[126.76645,37.49887],[126.76641,37.49887],[126.76539,37.49901],[126.76535,37.49901],[126.76532,37.49902],[126.76503,37.49905],[126.76499,37.49906],[126.76494,37.49907],[126.76391,37.4992],[126.76385,37.49921],[126.76318,37.4993],[126.76309,37.49931],[126.7626,37.49938],[126.76234,37.49941],[126.76231,37.49945],[126.76228,37.49947],[126.76232,37.49968],[126.76251,37.50059],[126.76251,37.50063],[126.76252,37.50068],[126.76262,37.50114],[126.76267,37.5014],[126.76272,37.50163],[126.76277,37.50188],[126.7628,37.5019],[126.7628,37.5019]]]}},{"type":"Feature","properties":{"kind":"park","label":"공원","name":"효창공원","area":160462},"geometry":{"type":"Point","coordinates":[126.960736,37.544672]}},{"type":"Feature","properties":{"kind":"park_area","name":"효창공원"},"geometry":{"type":"Polygon","coordinates":[[[126.96352,37.54494],[126.96375,37.54448],[126.96368,37.54419],[126.96347,37.54397],[126.96314,37.54388],[126.96227,37.54371],[126.96231,37.54331],[126.96207,37.54268],[126.96137,37.54254],[126.96089,37.54268],[126.96082,37.54272],[126.96062,37.54292],[126.96013,37.54345],[126.95973,37.54341],[126.95908,37.54335],[126.95877,37.54328],[126.95855,37.54328],[126.9583,37.54331],[126.95801,37.54347],[126.95782,37.54361],[126.95772,37.54379],[126.95772,37.54398],[126.95775,37.54411],[126.95783,37.54437],[126.95825,37.54523],[126.95878,37.54556],[126.9592,37.54581],[126.95989,37.54609],[126.96071,37.54647],[126.96106,37.54666],[126.96154,37.5468],[126.96185,37.54675],[126.96203,37.54677],[126.96269,37.54668],[126.96307,37.54661],[126.96327,37.54642],[126.96307,37.54593],[126.96305,37.54576],[126.96312,37.54558],[126.96352,37.54494],[126.96352,37.54494]]]}},{"type":"Feature","properties":{"kind":"park","label":"공원","name":"녹번동 근린공원","area":38007},"geometry":{"type":"Point","coordinates":[126.931578,37.603448]}},{"type":"Feature","properties":{"kind":"park_area","name":"녹번동 근린공원"},"geometry":{"type":"Polygon","coordinates":[[[126.92968,37.60356],[126.92984,37.60343],[126.93001,37.60337],[126.93012,37.60348],[126.93033,37.6034],[126.93057,37.6037],[126.93092,37.60354],[126.93147,37.60325],[126.93134,37.60299],[126.93159,37.60296],[126.93185,37.60296],[126.93216,37.60288],[126.93227,37.60277],[126.93222,37.60261],[126.93212,37.60253],[126.93309,37.60226],[126.93322,37.60269],[126.93347,37.60293],[126.93344,37.60333],[126.93309,37.60376],[126.93248,37.60418],[126.93149,37.60464],[126.93097,37.60412],[126.93057,37.60411],[126.93031,37.60382],[126.92968,37.60356],[126.92968,37.60356]]]}},{"type":"Feature","properties":{"kind":"park","label":"공원","name":"신사근린공원","area":108182},"geometry":{"type":"Point","coordinates":[126.909868,37.592741]}},{"type":"Feature","properties":{"kind":"park_area","name":"신사근린공원"},"geometry":{"type":"Polygon","coordinates":[[[126.9084,37.59176],[126.90789,37.59195],[126.90814,37.59231],[126.90806,37.59258],[126.90736,37.59297],[126.90752,37.59314],[126.90797,37.59281],[126.90808,37.59276],[126.90838,37.59279],[126.90894,37.59308],[126.90947,37.59334],[126.90966,37.59358],[126.90911,37.59413],[126.90887,37.59436],[126.90822,37.59393],[126.90819,37.59398],[126.90865,37.5943],[126.90882,37.5945],[126.90866,37.59461],[126.90871,37.59469],[126.90876,37.59469],[126.90884,37.59485],[126.90912,37.59478],[126.90911,37.59454],[126.90906,37.59448],[126.90914,37.59427],[126.90974,37.59423],[126.90977,37.59435],[126.91002,37.59436],[126.9104,37.59465],[126.91058,37.59476],[126.91075,37.59465],[126.91123,37.5943],[126.91185,37.59371],[126.91216,37.59349],[126.91209,37.59344],[126.91197,37.59332],[126.91178,37.59288],[126.91169,37.59265],[126.91165,37.59246],[126.91169,37.59235],[126.91201,37.59226],[126.91228,37.59219],[126.91237,37.59214],[126.91216,37.59206],[126.91181,37.59208],[126.91165,37.59197],[126.91182,37.5918],[126.91202,37.59169],[126.91154,37.59073],[126.9112,37.59064],[126.91086,37.59064],[126.91062,37.59066],[126.91071,37.59084],[126.91047,37.59093],[126.91037,37.59079],[126.91015,37.59087],[126.91019,37.59092],[126.90992,37.59101],[126.90989,37.59096],[126.9096,37.59107],[126.90924,37.59112],[126.9093,37.59122],[126.90904,37.59131],[126.90896,37.59118],[126.90858,37.59131],[126.90857,37.59149],[126.90841,37.59167],[126.9084,37.59176],[126.9084,37.59176]]]}},{"type":"Feature","properties":{"kind":"park","label":"공원","name":"사직공원","area":34948},"geometry":{"type":"Point","coordinates":[126.96714,37.575844]}},{"type":"Feature","properties":{"kind":"park_area","name":"사직공원"},"geometry":{"type":"Polygon","coordinates":[[[126.96862,37.5756],[126.96873,37.57573],[126.96878,37.57574],[126.96894,37.57599],[126.96841,37.57621],[126.96854,37.57641],[126.96804,37.57663],[126.96789,37.57674],[126.96776,37.5768],[126.96763,37.5768],[126.96744,37.5767],[126.96719,37.57657],[126.96704,37.57649],[126.96705,37.57638],[126.96707,37.57623],[126.9669,37.57621],[126.96644,37.5761],[126.96623,37.5761],[126.96548,37.57655],[126.96542,37.57647],[126.96534,37.57644],[126.96555,37.57614],[126.96567,37.57574],[126.9658,37.57556],[126.96628,37.57541],[126.96757,37.57489],[126.96762,37.57488],[126.96815,37.57532],[126.96857,37.57556],[126.96862,37.5756],[126.96862,37.5756]]]}},{"type":"Feature","properties":{"kind":"park","label":"공원","name":"낙산공원","area":71867},"geometry":{"type":"Point","coordinates":[127.007214,37.580545]}},{"type":"Feature","properties":{"kind":"park_area","name":"낙산공원"},"geometry":{"type":"Polygon","coordinates":[[[127.00714,37.58308],[127.00614,37.583],[127.00586,37.58295],[127.00558,37.58263],[127.00562,37.58213],[127.00564,37.58203],[127.00572,37.5817],[127.00607,37.58172],[127.00644,37.58155],[127.00642,37.58144],[127.00671,37.58094],[127.00671,37.58073],[127.00664,37.58068],[127.00668,37.58052],[127.00668,37.5804],[127.00657,37.58034],[127.00678,37.57938],[127.00685,37.57904],[127.00673,37.57883],[127.0067,37.5788],[127.00663,37.57872],[127.00684,37.57854],[127.00691,37.57829],[127.00691,37.57828],[127.00721,37.57822],[127.00735,37.57801],[127.00772,37.57807],[127.008,37.57815],[127.00791,37.57849],[127.00794,37.57862],[127.00798,37.57912],[127.008,37.57927],[127.00804,37.57934],[127.00812,37.57952],[127.0082,37.57962],[127.00811,37.57967],[127.00819,37.57983],[127.00831,37.5798],[127.00854,37.58055],[127.00861,37.58058],[127.00869,37.58056],[127.00874,37.58056],[127.00884,37.58058],[127.00874,37.58069],[127.00864,37.5808],[127.00859,37.58092],[127.00851,37.58104],[127.00844,37.58111],[127.00839,37.58114],[127.00833,37.58118],[127.00832,37.58118],[127.00824,37.58122],[127.0082,37.58124],[127.00812,37.58132],[127.00802,37.58146],[127.00797,37.58151],[127.00791,37.58156],[127.00781,37.58162],[127.00775,37.58164],[127.00771,37.58165],[127.00768,37.58167],[127.00761,37.5817],[127.00757,37.58175],[127.00752,37.58182],[127.00749,37.58186],[127.00743,37.58189],[127.00738,37.58191],[127.00729,37.58193],[127.00726,37.58194],[127.00722,37.58196],[127.00719,37.58198],[127.00716,37.58201],[127.00711,37.58206],[127.00708,37.5821],[127.00697,37.58223],[127.00692,37.58231],[127.00691,37.58234],[127.0069,37.58236],[127.00696,37.5825],[127.00706,37.5827],[127.00727,37.58301],[127.00714,37.58308],[127.00714,37.58308]]]}},{"type":"Feature","properties":{"kind":"park","label":"공원","name":"비둘기공원","area":34955},"geometry":{"type":"Point","coordinates":[126.794167,37.441742]}},{"type":"Feature","properties":{"kind":"park_area","name":"비둘기공원"},"geometry":{"type":"Polygon","coordinates":[[[126.79451,37.44296],[126.79436,37.44289],[126.79422,37.44279],[126.79414,37.44271],[126.79411,37.44266],[126.793,37.44082],[126.79297,37.44053],[126.793,37.44046],[126.79423,37.44043],[126.79457,37.44052],[126.79522,37.441],[126.79528,37.44105],[126.79482,37.44141],[126.79501,37.44222],[126.79537,37.44247],[126.79482,37.44288],[126.79482,37.44293],[126.79479,37.44294],[126.79475,37.44294],[126.79474,37.44299],[126.79471,37.44305],[126.79464,37.44302],[126.79451,37.44296],[126.79451,37.44296]]]}},{"type":"Feature","properties":{"kind":"park","label":"공원","name":"자혜공원","area":80887},"geometry":{"type":"Point","coordinates":[127.17072,37.451586]}},{"type":"Feature","properties":{"kind":"park_area","name":"자혜공원"},"geometry":{"type":"Polygon","coordinates":[[[127.16748,37.45032],[127.16767,37.45036],[127.16782,37.45084],[127.16796,37.45088],[127.16815,37.45092],[127.16832,37.45097],[127.16868,37.45105],[127.16886,37.45108],[127.16905,37.45112],[127.16918,37.45115],[127.16922,37.45116],[127.16927,37.45117],[127.16934,37.45119],[127.16948,37.45127],[127.1696,37.45143],[127.1698,37.45173],[127.17039,37.45185],[127.17118,37.45201],[127.17153,37.45229],[127.17174,37.45247],[127.17203,37.45265],[127.17241,37.45302],[127.17281,37.45301],[127.17309,37.45278],[127.17347,37.45232],[127.17366,37.45205],[127.17385,37.45176],[127.17396,37.45143],[127.17276,37.451],[127.17215,37.45097],[127.17171,37.45063],[127.17157,37.45045],[127.17085,37.45044],[127.17074,37.45052],[127.17052,37.45051],[127.17033,37.45034],[127.17017,37.4504],[127.17001,37.4502],[127.16942,37.45028],[127.16859,37.45015],[127.16814,37.45015],[127.1678,37.45015],[127.16761,37.45023],[127.16748,37.45032],[127.16748,37.45032]]]}},{"type":"Feature","properties":{"kind":"park","label":"공원","name":"노루목공원","area":55947},"geometry":{"type":"Point","coordinates":[127.165632,37.452895]}},{"type":"Feature","properties":{"kind":"park_area","name":"노루목공원"},"geometry":{"type":"Polygon","coordinates":[[[127.16298,37.45322],[127.16396,37.4533],[127.1645,37.45361],[127.16502,37.45335],[127.16509,37.4534],[127.16515,37.45345],[127.16501,37.45376],[127.16526,37.45397],[127.16647,37.45386],[127.16656,37.45395],[127.16676,37.45395],[127.16716,37.4537],[127.16755,37.45372],[127.16779,37.4538],[127.16799,37.45368],[127.1683,37.45281],[127.1666,37.45239],[127.16592,37.452],[127.16554,37.45182],[127.16538,37.45208],[127.16496,37.45206],[127.16476,37.45263],[127.16451,37.453],[127.16428,37.45306],[127.16308,37.4529],[127.16296,37.45288],[127.16298,37.45322],[127.16298,37.45322]]]}},{"type":"Feature","properties":{"kind":"park","label":"공원","name":"은행근린공원","area":47306},"geometry":{"type":"Point","coordinates":[127.169317,37.454054]}},{"type":"Feature","properties":{"kind":"park_area","name":"은행근린공원"},"geometry":{"type":"Polygon","coordinates":[[[127.1664,37.45449],[127.1673,37.45384],[127.16786,37.45391],[127.16816,37.45375],[127.16842,37.45289],[127.17224,37.45367],[127.17218,37.45394],[127.1721,37.45401],[127.172,37.45405],[127.17176,37.45406],[127.17137,37.4542],[127.17123,37.45422],[127.17118,37.45416],[127.17114,37.45408],[127.17108,37.45403],[127.17104,37.45398],[127.17098,37.45396],[127.17082,37.45402],[127.17069,37.45409],[127.17064,37.45395],[127.17039,37.45401],[127.17031,37.45395],[127.17009,37.45393],[127.17004,37.45387],[127.16991,37.45386],[127.16933,37.45385],[127.1693,37.45408],[127.16935,37.45416],[127.16951,37.4542],[127.16944,37.45424],[127.16923,37.45424],[127.16894,37.45432],[127.16869,37.4544],[127.16852,37.45446],[127.16851,37.4546],[127.1684,37.4547],[127.16799,37.45475],[127.16794,37.4548],[127.16805,37.45488],[127.1679,37.45506],[127.16772,37.45522],[127.16764,37.45515],[127.16735,37.45521],[127.16737,37.45511],[127.16742,37.45502],[127.16733,37.45483],[127.16725,37.45474],[127.16714,37.45463],[127.16702,37.45456],[127.16673,37.45462],[127.16664,37.45459],[127.16653,37.45461],[127.1664,37.45449],[127.1664,37.45449]]]}},{"type":"Feature","properties":{"kind":"park","label":"공원","name":"노해근린공원","area":34573},"geometry":{"type":"Point","coordinates":[127.071092,37.648821]}},{"type":"Feature","properties":{"kind":"park_area","name":"노해근린공원"},"geometry":{"type":"Polygon","coordinates":[[[127.06981,37.64914],[127.07005,37.6493],[127.07096,37.64991],[127.07103,37.64985],[127.07171,37.64926],[127.07185,37.64914],[127.0721,37.64847],[127.07238,37.64773],[127.07191,37.64775],[127.07185,37.64775],[127.07014,37.64782],[127.07017,37.64832],[127.07013,37.64858],[127.06995,37.64891],[127.06981,37.64914],[127.06981,37.64914]]]}},{"type":"Feature","properties":{"kind":"park","label":"공원","name":"은행근린공원","area":54784},"geometry":{"type":"Point","coordinates":[127.170538,37.455385]}},{"type":"Feature","properties":{"kind":"park_area","name":"은행근린공원"},"geometry":{"type":"Polygon","coordinates":[[[127.17188,37.4565],[127.17184,37.45651],[127.17179,37.45652],[127.17171,37.45651],[127.17163,37.45648],[127.17154,37.45647],[127.17144,37.45645],[127.17137,37.45642],[127.17127,37.45638],[127.17117,37.45631],[127.1708,37.45594],[127.17091,37.45592],[127.17099,37.45599],[127.17115,37.45585],[127.17103,37.45561],[127.17093,37.45554],[127.17083,37.45557],[127.17074,37.45554],[127.17063,37.45554],[127.17051,37.45553],[127.17041,37.45548],[127.17018,37.45551],[127.16989,37.45542],[127.16933,37.45576],[127.16867,37.45578],[127.16847,37.45579],[127.16851,37.45555],[127.16848,37.4554],[127.16889,37.45484],[127.16914,37.45472],[127.16922,37.45466],[127.16913,37.45458],[127.16903,37.45457],[127.16926,37.45435],[127.16944,37.45434],[127.1696,37.45431],[127.16963,37.45424],[127.16994,37.4543],[127.17022,37.45428],[127.17031,37.45431],[127.17048,37.45431],[127.1707,37.45419],[127.17097,37.45409],[127.17115,37.45421],[127.17118,37.4543],[127.17129,37.45431],[127.17165,37.45416],[127.17183,37.45412],[127.172,37.45419],[127.17206,37.45485],[127.1721,37.45503],[127.17222,37.45543],[127.17236,37.45586],[127.17257,37.45652],[127.17261,37.4566],[127.17256,37.45668],[127.17255,37.45653],[127.1725,37.45646],[127.17241,37.45645],[127.17225,37.45646],[127.17207,37.45647],[127.17199,37.45647],[127.17192,37.45648],[127.17188,37.4565],[127.17188,37.4565]]]}},{"type":"Feature","properties":{"kind":"park","label":"공원","name":"희망대공원","area":123247},"geometry":{"type":"Point","coordinates":[127.151,37.447376]}},{"type":"Feature","properties":{"kind":"park_area","name":"희망대공원"},"geometry":{"type":"Polygon","coordinates":[[[127.14936,37.44665],[127.14922,37.44779],[127.14835,37.44789],[127.14893,37.44865],[127.14921,37.44892],[127.14961,37.44924],[127.15019,37.44976],[127.15093,37.44927],[127.15286,37.44791],[127.15365,37.44733],[127.15323,37.447],[127.15188,37.44593],[127.15082,37.44499],[127.14938,37.44602],[127.14937,37.44639],[127.14936,37.44665],[127.14936,37.44665]]]}},{"type":"Feature","properties":{"kind":"park","label":"공원","name":"단대공원","area":218472},"geometry":{"type":"Point","coordinates":[127.155887,37.454389]}},{"type":"Feature","properties":{"kind":"park_area","name":"단대공원"},"geometry":{"type":"Polygon","coordinates":[[[127.15274,37.45124],[127.15345,37.45251],[127.15354,37.45269],[127.15364,37.4529],[127.15371,37.45307],[127.15381,37.45327],[127.15387,37.45343],[127.15399,37.45366],[127.15404,37.45381],[127.15416,37.45402],[127.15421,37.45417],[127.15423,37.4542],[127.15431,37.45438],[127.15437,37.45452],[127.15448,37.45472],[127.15488,37.45536],[127.15499,37.45537],[127.15511,37.4555],[127.15534,37.45583],[127.15543,37.4562],[127.15542,37.4565],[127.15536,37.45658],[127.15522,37.45673],[127.15517,37.457],[127.15523,37.45731],[127.15578,37.45731],[127.15573,37.45748],[127.15574,37.45776],[127.15529,37.45793],[127.1553,37.45812],[127.15614,37.45815],[127.15614,37.45765],[127.15616,37.45757],[127.15662,37.45759],[127.1567,37.45774],[127.15672,37.45804],[127.15678,37.45823],[127.15768,37.45837],[127.15783,37.45774],[127.15789,37.45765],[127.15715,37.45737],[127.15766,37.45667],[127.15797,37.45647],[127.15832,37.45612],[127.15848,37.45586],[127.15867,37.45573],[127.15882,37.45519],[127.15903,37.45467],[127.1589,37.45434],[127.15852,37.45355],[127.15689,37.45396],[127.15658,37.45317],[127.15649,37.45299],[127.1565,37.45301],[127.15595,37.45195],[127.15591,37.45185],[127.1549,37.45054],[127.15481,37.4504],[127.15364,37.45076],[127.15341,37.4509],[127.15314,37.45103],[127.15293,37.45113],[127.15274,37.45124],[127.15274,37.45124]]]}},{"type":"Feature","properties":{"kind":"park","label":"공원","name":"양지체육공원","area":143181},"geometry":{"type":"Point","coordinates":[127.162195,37.460295]}},{"type":"Feature","properties":{"kind":"park_area","name":"양지체육공원"},"geometry":{"type":"Polygon","coordinates":[[[127.16486,37.46212],[127.16323,37.46237],[127.16293,37.46226],[127.16252,37.46201],[127.1624,37.46181],[127.16179,37.46181],[127.16167,37.46199],[127.16136,37.46202],[127.16122,37.4619],[127.16117,37.46176],[127.16007,37.46133],[127.15997,37.46129],[127.15851,37.46072],[127.15814,37.46032],[127.15881,37.45815],[127.15894,37.45809],[127.15937,37.45748],[127.15973,37.45757],[127.15941,37.45801],[127.16012,37.4589],[127.1604,37.4588],[127.16108,37.45956],[127.16099,37.4596],[127.16107,37.45981],[127.16122,37.45993],[127.16233,37.46052],[127.16352,37.45979],[127.16483,37.46141],[127.16544,37.46202],[127.16552,37.46209],[127.16625,37.46294],[127.16606,37.46311],[127.16532,37.46262],[127.16504,37.46225],[127.16486,37.46212],[127.16486,37.46212]]]}},{"type":"Feature","properties":{"kind":"park","label":"공원","name":"달터근린공원","area":117283},"geometry":{"type":"Point","coordinates":[127.052959,37.478815]}},{"type":"Feature","properties":{"kind":"park_area","name":"달터근린공원"},"geometry":{"type":"Polygon","coordinates":[[[127.04949,37.48204],[127.04947,37.48166],[127.04905,37.48135],[127.04887,37.48109],[127.04878,37.48083],[127.04905,37.48054],[127.04996,37.47997],[127.05075,37.47949],[127.05112,37.47937],[127.05164,37.47906],[127.05224,37.47858],[127.05148,37.47779],[127.05134,37.47768],[127.05064,37.47732],[127.05072,37.47713],[127.05088,37.47693],[127.05119,37.47687],[127.05158,37.47684],[127.05163,37.47729],[127.05262,37.47719],[127.0524,37.4768],[127.0527,37.47639],[127.05309,37.47622],[127.05338,37.4762],[127.05354,37.47613],[127.05394,37.4758],[127.05415,37.47546],[127.05452,37.47518],[127.05516,37.47485],[127.05545,37.47456],[127.05714,37.47541],[127.05673,37.47574],[127.0562,37.47571],[127.05598,37.47646],[127.05571,37.4766],[127.05518,37.47626],[127.05472,37.47619],[127.05436,37.47601],[127.054,37.47615],[127.054,37.47616],[127.05385,37.47628],[127.05368,37.47667],[127.05359,37.47708],[127.05355,37.47728],[127.05334,37.47739],[127.05292,37.47734],[127.05295,37.4776],[127.05303,37.4777],[127.05309,37.47782],[127.05321,37.47803],[127.05337,37.47824],[127.05343,37.47853],[127.05298,37.47892],[127.05287,37.47895],[127.05262,37.47897],[127.05239,37.47907],[127.05239,37.47931],[127.05232,37.47941],[127.05207,37.47951],[127.05201,37.47955],[127.05195,37.47971],[127.05169,37.47969],[127.05129,37.47943],[127.05085,37.47965],[127.05162,37.48028],[127.0514,37.48052],[127.05105,37.48092],[127.05096,37.48104],[127.05022,37.48163],[127.04981,37.48208],[127.05008,37.48305],[127.04998,37.48307],[127.04976,37.4823],[127.04949,37.48204],[127.04949,37.48204]]]}},{"type":"Feature","properties":{"kind":"park","label":"공원","name":"버들골","area":38202},"geometry":{"type":"Point","coordinates":[126.955972,37.458154]}},{"type":"Feature","properties":{"kind":"park_area","name":"버들골"},"geometry":{"type":"Polygon","coordinates":[[[126.95505,37.45862],[126.95497,37.45842],[126.95494,37.45828],[126.95495,37.45818],[126.95497,37.45798],[126.95523,37.45744],[126.95483,37.45728],[126.95504,37.45691],[126.95507,37.45662],[126.95522,37.45614],[126.95544,37.45642],[126.95576,37.45684],[126.95609,37.45723],[126.95617,37.45738],[126.95627,37.45767],[126.95651,37.45853],[126.95667,37.45877],[126.95685,37.45901],[126.95699,37.45921],[126.95704,37.4593],[126.95709,37.45939],[126.9571,37.45945],[126.95711,37.45952],[126.95711,37.45962],[126.95709,37.45972],[126.95705,37.45984],[126.95697,37.46],[126.9569,37.46015],[126.95685,37.46016],[126.9568,37.46015],[126.95675,37.46011],[126.95564,37.45905],[126.95547,37.45891],[126.95541,37.45877],[126.95531,37.4587],[126.95512,37.4586],[126.95505,37.45862],[126.95505,37.45862]]]}},{"type":"Feature","properties":{"kind":"park","label":"공원","name":"고척근린공원(Gocheok Neighborhood Park)","area":104644},"geometry":{"type":"Point","coordinates":[126.851925,37.505284]}},{"type":"Feature","properties":{"kind":"park_area","name":"고척근린공원(Gocheok Neighborhood Park)"},"geometry":{"type":"Polygon","coordinates":[[[126.85034,37.50749],[126.85067,37.50752],[126.85084,37.5076],[126.851,37.50762],[126.85126,37.50761],[126.85158,37.50756],[126.85177,37.50753],[126.85203,37.50738],[126.85225,37.50726],[126.8524,37.50718],[126.85259,37.50711],[126.85283,37.50704],[126.85303,37.50697],[126.85308,37.50696],[126.85313,37.50694],[126.85351,37.50685],[126.85382,37.50678],[126.85402,37.5067],[126.85403,37.50646],[126.85411,37.5062],[126.85414,37.50592],[126.85408,37.50581],[126.85335,37.50498],[126.85288,37.50437],[126.85283,37.50428],[126.85286,37.5042],[126.85297,37.50402],[126.85336,37.50341],[126.85276,37.50317],[126.8524,37.50303],[126.85219,37.50295],[126.8517,37.50328],[126.85165,37.50352],[126.85166,37.5036],[126.85169,37.50387],[126.85166,37.50444],[126.85159,37.5045],[126.85153,37.50456],[126.85161,37.50528],[126.85062,37.5056],[126.85062,37.50569],[126.85057,37.50573],[126.85053,37.50575],[126.85035,37.50585],[126.85007,37.50616],[126.85019,37.5063],[126.85017,37.50654],[126.84985,37.50689],[126.84977,37.50713],[126.84971,37.50729],[126.84974,37.50738],[126.84996,37.50745],[126.85005,37.50746],[126.85034,37.50749],[126.85034,37.50749]]]}},{"type":"Feature","properties":{"kind":"park","label":"공원","name":"","area":44070},"geometry":{"type":"Point","coordinates":[126.816219,37.504825]}},{"type":"Feature","properties":{"kind":"park_area","name":""},"geometry":{"type":"Polygon","coordinates":[[[126.81367,37.50583],[126.81351,37.50557],[126.81348,37.50553],[126.81374,37.50545],[126.81409,37.50525],[126.81439,37.50505],[126.81485,37.50487],[126.8151,37.50483],[126.81536,37.5048],[126.81555,37.50477],[126.81575,37.50468],[126.81586,37.50456],[126.81606,37.50431],[126.81625,37.50399],[126.81645,37.50375],[126.81655,37.50379],[126.81684,37.50393],[126.817,37.50411],[126.817,37.50419],[126.81694,37.50433],[126.81684,37.50456],[126.81682,37.50467],[126.817,37.50482],[126.81719,37.50491],[126.81723,37.50494],[126.81743,37.5051],[126.81779,37.50525],[126.81801,37.50538],[126.81812,37.50543],[126.81835,37.50548],[126.81846,37.50552],[126.81863,37.50556],[126.81885,37.50565],[126.81896,37.50572],[126.81894,37.50582],[126.81566,37.50566],[126.81499,37.50574],[126.81371,37.5059],[126.81367,37.50583],[126.81367,37.50583]]]}},{"type":"Feature","properties":{"kind":"park","label":"공원","name":"계남제1근린공원","area":328475},"geometry":{"type":"Point","coordinates":[126.848218,37.513206]}},{"type":"Feature","properties":{"kind":"park_area","name":"계남제1근린공원"},"geometry":{"type":"Polygon","coordinates":[[[126.84607,37.5133],[126.84521,37.51348],[126.84512,37.51323],[126.84503,37.51309],[126.84484,37.51299],[126.84455,37.51287],[126.84432,37.51274],[126.84419,37.51262],[126.84356,37.51304],[126.84299,37.51339],[126.84286,37.51347],[126.84258,37.51371],[126.8431,37.51467],[126.84353,37.51483],[126.84446,37.51504],[126.84483,37.51555],[126.84612,37.51544],[126.8469,37.51598],[126.84736,37.51589],[126.8486,37.51599],[126.84889,37.51534],[126.8493,37.51538],[126.8497,37.51542],[126.85,37.51546],[126.85101,37.51553],[126.8518,37.5156],[126.85197,37.51562],[126.85219,37.51564],[126.85246,37.51567],[126.8528,37.51574],[126.85342,37.51582],[126.85345,37.51526],[126.85346,37.51473],[126.85385,37.51468],[126.85384,37.51458],[126.85303,37.51389],[126.85265,37.51364],[126.85239,37.51345],[126.85252,37.51323],[126.85207,37.51294],[126.85133,37.51282],[126.85128,37.51292],[126.85119,37.51306],[126.85098,37.51337],[126.85085,37.51353],[126.85045,37.51345],[126.85,37.5133],[126.84988,37.51314],[126.85024,37.51249],[126.85011,37.51185],[126.85017,37.51168],[126.84847,37.51108],[126.84786,37.51088],[126.84709,37.51062],[126.8465,37.51042],[126.84645,37.51052],[126.84629,37.5109],[126.84708,37.51136],[126.84742,37.51136],[126.8475,37.51149],[126.84757,37.51151],[126.84764,37.51191],[126.84709,37.51178],[126.84671,37.51156],[126.84654,37.51156],[126.84653,37.51164],[126.84591,37.51155],[126.84538,37.51151],[126.84486,37.51252],[126.84587,37.51284],[126.84607,37.5133],[126.84607,37.5133]]]}},{"type":"Feature","properties":{"kind":"park","label":"공원","name":"너부대근린공원","area":30744},"geometry":{"type":"Point","coordinates":[126.847535,37.479871]}},{"type":"Feature","properties":{"kind":"park_area","name":"너부대근린공원"},"geometry":{"type":"Polygon","coordinates":[[[126.84854,37.48049],[126.84859,37.48038],[126.8486,37.4803],[126.84855,37.48017],[126.84828,37.47965],[126.84794,37.47896],[126.84788,37.47886],[126.84774,37.47892],[126.84739,37.47894],[126.84725,37.47889],[126.84711,37.47891],[126.84664,37.47904],[126.84667,37.47946],[126.84664,37.47972],[126.84656,37.47985],[126.8465,37.48002],[126.8465,37.48018],[126.84651,37.48027],[126.84651,37.48037],[126.84647,37.48052],[126.84664,37.48069],[126.84684,37.48077],[126.84708,37.48084],[126.84732,37.48087],[126.84751,37.48089],[126.84765,37.48078],[126.84799,37.48067],[126.84854,37.48049],[126.84854,37.48049]]]}},{"type":"Feature","properties":{"kind":"park","label":"공원","name":"철산근린공원","area":71296},"geometry":{"type":"Point","coordinates":[126.871281,37.471832]}},{"type":"Feature","properties":{"kind":"park_area","name":"철산근린공원"},"geometry":{"type":"Polygon","coordinates":[[[126.87051,37.47043],[126.8703,37.47041],[126.87007,37.47059],[126.8699,37.47077],[126.86975,37.47099],[126.86968,37.47109],[126.86961,37.47129],[126.86963,37.47153],[126.86971,37.47172],[126.86978,37.47184],[126.86982,37.47195],[126.86984,37.47201],[126.8699,37.47221],[126.86994,37.47244],[126.87003,37.47265],[126.87008,37.47279],[126.87023,37.47302],[126.87042,37.47305],[126.8707,37.47312],[126.87095,37.47311],[126.87107,37.4731],[126.87133,37.47326],[126.87156,37.47314],[126.87187,37.4731],[126.87211,37.47297],[126.87229,37.47281],[126.87239,37.47275],[126.87278,37.47273],[126.87296,37.47273],[126.87293,37.47256],[126.87291,37.47238],[126.87282,37.47201],[126.87276,37.47176],[126.87275,37.47139],[126.87281,37.47121],[126.87286,37.47105],[126.87275,37.471],[126.87183,37.47055],[126.87137,37.47041],[126.87051,37.47043],[126.87051,37.47043]]]}},{"type":"Feature","properties":{"kind":"park","label":"공원","name":"부천시남부수자원생태공원","area":49862},"geometry":{"type":"Point","coordinates":[126.828189,37.469677]}},{"type":"Feature","properties":{"kind":"park_area","name":"부천시남부수자원생태공원"},"geometry":{"type":"Polygon","coordinates":[[[126.82738,37.47106],[126.82694,37.47054],[126.82685,37.47055],[126.82677,37.47049],[126.82675,37.47032],[126.82668,37.47023],[126.82655,37.47018],[126.82639,37.47016],[126.82624,37.47002],[126.82957,37.46829],[126.83014,37.46869],[126.83012,37.46874],[126.82988,37.46898],[126.82982,37.46913],[126.82975,37.46938],[126.82974,37.4695],[126.82975,37.46957],[126.82974,37.46965],[126.82968,37.46975],[126.82961,37.46985],[126.82942,37.47007],[126.82924,37.47022],[126.82918,37.47028],[126.82846,37.47069],[126.82813,37.47082],[126.82807,37.47083],[126.82738,37.47106],[126.82738,37.47106]]]}},{"type":"Feature","properties":{"kind":"park","label":"공원","name":"서서울호수공원","area":203099},"geometry":{"type":"Point","coordinates":[126.829916,37.527863]}},{"type":"Feature","properties":{"kind":"park_area","name":"서서울호수공원"},"geometry":{"type":"Polygon","coordinates":[[[126.83273,37.52796],[126.83252,37.52795],[126.83189,37.52793],[126.83166,37.52806],[126.83165,37.52823],[126.8316,37.52907],[126.83125,37.52906],[126.83119,37.52908],[126.83117,37.52916],[126.82936,37.52914],[126.82926,37.52961],[126.82909,37.52961],[126.82908,37.52991],[126.82863,37.53003],[126.82858,37.5303],[126.82804,37.53026],[126.82795,37.53029],[126.82791,37.5307],[126.82751,37.53074],[126.82725,37.53075],[126.82721,37.53053],[126.82695,37.52977],[126.82825,37.52911],[126.82808,37.52853],[126.82806,37.52802],[126.828,37.52794],[126.82783,37.52774],[126.8278,37.52771],[126.82772,37.52762],[126.82789,37.5269],[126.82745,37.52684],[126.8276,37.52622],[126.82767,37.52564],[126.82813,37.52503],[126.82838,37.525],[126.82968,37.52512],[126.83046,37.52498],[126.8325,37.52535],[126.8328,37.52545],[126.83274,37.52588],[126.83288,37.52605],[126.83274,37.52776],[126.83274,37.52783],[126.83274,37.52784],[126.83273,37.52796],[126.83273,37.52796]]]}},{"type":"Feature","properties":{"kind":"park","label":"공원","name":"양재시민의숲","area":242963},"geometry":{"type":"Point","coordinates":[127.035697,37.469471]}},{"type":"Feature","properties":{"kind":"park_area","name":"양재시민의숲"},"geometry":{"type":"Polygon","coordinates":[[[127.03749,37.47346],[127.03746,37.47359],[127.03736,37.47365],[127.03723,37.47368],[127.03719,37.47369],[127.03711,37.47368],[127.03491,37.47323],[127.03488,37.47322],[127.03484,37.47321],[127.03452,37.47315],[127.0339,37.47291],[127.03364,37.47278],[127.03335,37.4726],[127.03303,37.47239],[127.03273,37.47212],[127.03251,37.47188],[127.03236,37.47174],[127.03256,37.47154],[127.03281,37.47128],[127.03543,37.46858],[127.03588,37.46811],[127.03627,37.4677],[127.03696,37.46699],[127.03837,37.46553],[127.03857,37.46538],[127.03883,37.46526],[127.03903,37.46526],[127.03882,37.46557],[127.03853,37.46608],[127.0385,37.46642],[127.03838,37.46744],[127.03835,37.46772],[127.03813,37.46927],[127.03749,37.47346],[127.03749,37.47346]]]}},{"type":"Feature","properties":{"kind":"park","label":"공원","name":"황송공원","area":271483},"geometry":{"type":"Point","coordinates":[127.17408,37.443935]}},{"type":"Feature","properties":{"kind":"park_area","name":"황송공원"},"geometry":{"type":"Polygon","coordinates":[[[127.17435,37.44375],[127.17435,37.44393],[127.17321,37.444],[127.17156,37.44354],[127.16963,37.44565],[127.17069,37.44607],[127.17213,37.44611],[127.17248,37.44618],[127.17273,37.44633],[127.17292,37.44734],[127.17379,37.44741],[127.17473,37.44756],[127.17818,37.44565],[127.17853,37.44501],[127.17596,37.44442],[127.17647,37.44342],[127.1769,37.44296],[127.17656,37.44259],[127.17522,37.44076],[127.17421,37.4403],[127.17313,37.44208],[127.17417,37.44267],[127.17434,37.44347],[127.17435,37.44375],[127.17435,37.44375]]]}},{"type":"Feature","properties":{"kind":"park","label":"공원","name":"강동아름숲","area":279294},"geometry":{"type":"Point","coordinates":[127.158247,37.543384]}},{"type":"Feature","properties":{"kind":"park_area","name":"강동아름숲"},"geometry":{"type":"Polygon","coordinates":[[[127.15974,37.54148],[127.16044,37.54179],[127.16157,37.54337],[127.16188,37.5438],[127.16214,37.5439],[127.16216,37.54396],[127.1624,37.5445],[127.16244,37.54459],[127.16254,37.54472],[127.16282,37.54505],[127.16273,37.54541],[127.16248,37.54583],[127.1607,37.54563],[127.16038,37.54559],[127.16002,37.54554],[127.15973,37.5455],[127.15964,37.54549],[127.15935,37.54547],[127.15915,37.54547],[127.15897,37.54548],[127.1588,37.54552],[127.15856,37.54558],[127.15792,37.54574],[127.15727,37.54591],[127.15666,37.54605],[127.15648,37.54609],[127.1563,37.54611],[127.15617,37.54613],[127.15613,37.54613],[127.15609,37.54612],[127.15601,37.54609],[127.15577,37.54566],[127.15551,37.54516],[127.1553,37.54478],[127.15516,37.54451],[127.155,37.54416],[127.15457,37.54323],[127.1545,37.54309],[127.15368,37.54064],[127.15382,37.54078],[127.15404,37.54095],[127.1541,37.541],[127.15442,37.5411],[127.15481,37.54121],[127.15498,37.54124],[127.1551,37.54126],[127.15539,37.5413],[127.15565,37.54141],[127.15579,37.54147],[127.156,37.54155],[127.15613,37.5416],[127.15695,37.54182],[127.15777,37.54192],[127.15847,37.54201],[127.15902,37.54196],[127.15939,37.54169],[127.15974,37.54148],[127.15974,37.54148]]]}},{"type":"Feature","properties":{"kind":"park","label":"공원","name":"방화근린공원","area":32972},"geometry":{"type":"Point","coordinates":[126.81314,37.581809]}},{"type":"Feature","properties":{"kind":"park_area","name":"방화근린공원"},"geometry":{"type":"Polygon","coordinates":[[[126.81389,37.58092],[126.81447,37.58089],[126.81489,37.58122],[126.81504,37.58164],[126.81489,37.58186],[126.81404,37.58206],[126.81363,37.58218],[126.81338,37.58212],[126.81224,37.5826],[126.81204,37.58272],[126.81166,37.58254],[126.81142,37.58252],[126.81124,37.58236],[126.81136,37.58217],[126.81168,37.58172],[126.81208,37.58175],[126.8127,37.58151],[126.81389,37.58092],[126.81389,37.58092]]]}},{"type":"Feature","properties":{"kind":"park","label":"공원","name":"계남근린공원","area":294500},"geometry":{"type":"Point","coordinates":[126.852291,37.509784]}},{"type":"Feature","properties":{"kind":"park_area","name":"계남근린공원"},"geometry":{"type":"Polygon","coordinates":[[[126.85828,37.50924],[126.85815,37.50949],[126.85788,37.51003],[126.85721,37.51117],[126.85632,37.51254],[126.85541,37.51195],[126.85523,37.51166],[126.8549,37.51134],[126.85465,37.51093],[126.85414,37.51066],[126.85374,37.51068],[126.85327,37.51125],[126.85229,37.51102],[126.8519,37.51105],[126.85113,37.51087],[126.85015,37.51057],[126.84962,37.51074],[126.84907,37.51096],[126.84873,37.51077],[126.84805,37.51034],[126.84788,37.51018],[126.8477,37.50969],[126.84718,37.50992],[126.84647,37.50968],[126.84635,37.50963],[126.84639,37.50958],[126.84654,37.50934],[126.84632,37.50896],[126.8463,37.50854],[126.84639,37.50822],[126.84649,37.50803],[126.84663,37.50804],[126.84676,37.50813],[126.847,37.50806],[126.84724,37.50816],[126.84774,37.5081],[126.84814,37.50801],[126.84856,37.50812],[126.84914,37.50815],[126.8499,37.50834],[126.85031,37.50868],[126.85085,37.50907],[126.85138,37.50926],[126.852,37.50943],[126.85299,37.50938],[126.8532,37.50929],[126.85366,37.50905],[126.85389,37.50887],[126.8541,37.50866],[126.8543,37.50837],[126.85443,37.5081],[126.85459,37.50801],[126.85452,37.50764],[126.85459,37.50742],[126.85495,37.50729],[126.85522,37.50722],[126.85559,37.50708],[126.85581,37.50703],[126.85632,37.50702],[126.85655,37.50719],[126.85721,37.50769],[126.85754,37.50803],[126.85742,37.50891],[126.85828,37.50924]]]}},{"type":"Feature","properties":{"kind":"park","label":"공원","name":"영등포공원","area":59229},"geometry":{"type":"Point","coordinates":[126.91089,37.515146]}},{"type":"Feature","properties":{"kind":"park_area","name":"영등포공원"},"geometry":{"type":"Polygon","coordinates":[[[126.91226,37.51531],[126.9123,37.51541],[126.91233,37.51551],[126.91236,37.51559],[126.91237,37.51565],[126.91237,37.51574],[126.91237,37.51577],[126.91227,37.51642],[126.91223,37.51647],[126.91218,37.51646],[126.91215,37.51663],[126.91217,37.51672],[126.91215,37.51672],[126.91184,37.51669],[126.91164,37.51667],[126.91067,37.5165],[126.91043,37.51644],[126.91021,37.51638],[126.90995,37.51629],[126.91006,37.51579],[126.90941,37.51563],[126.90942,37.51557],[126.90946,37.51542],[126.90963,37.51472],[126.90961,37.51464],[126.90963,37.5146],[126.90967,37.51456],[126.9097,37.51455],[126.90978,37.51452],[126.90988,37.5145],[126.90993,37.51449],[126.90995,37.51448],[126.90979,37.51361],[126.91018,37.51367],[126.91034,37.51357],[126.91063,37.51366],[126.91088,37.51399],[126.91094,37.51397],[126.91099,37.51396],[126.91105,37.51397],[126.9111,37.51399],[126.91115,37.51403],[126.9114,37.51436],[126.91143,37.5144],[126.91146,37.51443],[126.9115,37.51446],[126.91161,37.51453],[126.91168,37.51456],[126.91226,37.51531],[126.91226,37.51531]]]}},{"type":"Feature","properties":{"kind":"park","label":"공원","name":"도림천","area":112988},"geometry":{"type":"Point","coordinates":[126.886786,37.513153]}},{"type":"Feature","properties":{"kind":"park_area","name":"도림천"},"geometry":{"type":"Polygon","coordinates":[[[126.8836,37.51409],[126.88393,37.51394],[126.88468,37.5136],[126.88515,37.51339],[126.88525,37.51336],[126.8854,37.51328],[126.88605,37.51293],[126.8863,37.51281],[126.88713,37.51252],[126.88787,37.51221],[126.88827,37.51202],[126.88857,37.51184],[126.88887,37.51166],[126.88926,37.51139],[126.89,37.51083],[126.89004,37.51082],[126.89048,37.51052],[126.89058,37.51058],[126.89064,37.51052],[126.89143,37.51091],[126.89073,37.51181],[126.89051,37.51202],[126.89031,37.51214],[126.89007,37.51231],[126.88968,37.51254],[126.88912,37.51284],[126.8871,37.51381],[126.88529,37.51468],[126.88435,37.51515],[126.88377,37.51543],[126.88286,37.51578],[126.8828,37.51579],[126.88271,37.51578],[126.88269,37.51576],[126.88265,37.51571],[126.88214,37.51505],[126.8825,37.51478],[126.88275,37.51467],[126.88285,37.51462],[126.88312,37.51438],[126.88324,37.5143],[126.8836,37.51409],[126.8836,37.51409]]]}},{"type":"Feature","properties":{"kind":"park","label":"공원","name":"사육신공원","area":36798},"geometry":{"type":"Point","coordinates":[126.94872,37.513698]}},{"type":"Feature","properties":{"kind":"park_area","name":"사육신공원"},"geometry":{"type":"Polygon","coordinates":[[[126.94673,37.51429],[126.94696,37.51379],[126.94741,37.51363],[126.9475,37.51344],[126.94904,37.51304],[126.94985,37.51294],[126.95042,37.51292],[126.95062,37.51294],[126.95065,37.51301],[126.9507,37.51314],[126.95071,37.51328],[126.95062,37.51336],[126.95043,37.51363],[126.95016,37.51385],[126.94981,37.5138],[126.94956,37.51405],[126.94935,37.51432],[126.94909,37.51434],[126.94889,37.51446],[126.94863,37.51447],[126.94844,37.51441],[126.94816,37.51426],[126.94775,37.51425],[126.94744,37.5144],[126.94714,37.51448],[126.94697,37.51447],[126.94673,37.51429],[126.94673,37.51429]]]}},{"type":"Feature","properties":{"kind":"park","label":"공원","name":"노들나루공원","area":43622},"geometry":{"type":"Point","coordinates":[126.953751,37.513765]}},{"type":"Feature","properties":{"kind":"park_area","name":"노들나루공원"},"geometry":{"type":"Polygon","coordinates":[[[126.95187,37.51454],[126.95191,37.51464],[126.95198,37.5147],[126.95214,37.51471],[126.95546,37.51377],[126.95557,37.51367],[126.95563,37.51354],[126.95543,37.5134],[126.95491,37.51309],[126.95469,37.51301],[126.95447,37.51294],[126.95396,37.51287],[126.95373,37.51284],[126.95345,37.51282],[126.95258,37.51283],[126.95238,37.51287],[126.9523,37.51295],[126.95187,37.51454],[126.95187,37.51454]]]}},{"type":"Feature","properties":{"kind":"park","label":"공원","name":"노량진근린공원(대방공원)","area":94153},"geometry":{"type":"Point","coordinates":[126.928251,37.508989]}},{"type":"Feature","properties":{"kind":"park_area","name":"노량진근린공원(대방공원)"},"geometry":{"type":"Polygon","coordinates":[[[126.92635,37.50645],[126.92633,37.50651],[126.92627,37.50679],[126.92631,37.50774],[126.92668,37.50823],[126.9266,37.50866],[126.92625,37.50865],[126.92595,37.50874],[126.92587,37.50884],[126.92589,37.50916],[126.92595,37.50922],[126.92654,37.50928],[126.92718,37.5097],[126.9274,37.51056],[126.92809,37.51075],[126.92827,37.51091],[126.92832,37.51115],[126.92918,37.51122],[126.93005,37.51171],[126.93033,37.51174],[126.93054,37.51166],[126.93063,37.51153],[126.92941,37.51055],[126.92845,37.50957],[126.92846,37.50935],[126.92841,37.50917],[126.9281,37.50892],[126.92778,37.50853],[126.92778,37.50846],[126.92821,37.50807],[126.92832,37.50782],[126.92903,37.50728],[126.92912,37.50718],[126.92861,37.50687],[126.92774,37.50639],[126.9274,37.50628],[126.92709,37.50624],[126.9269,37.50628],[126.92681,37.5063],[126.92641,37.50639],[126.92635,37.50645],[126.92635,37.50645]]]}},{"type":"Feature","properties":{"kind":"park","label":"공원","name":"보라매공원","area":321007},"geometry":{"type":"Point","coordinates":[126.921004,37.49324]}},{"type":"Feature","properties":{"kind":"park_area","name":"보라매공원"},"geometry":{"type":"Polygon","coordinates":[[[126.91668,37.49056],[126.91645,37.49057],[126.91619,37.49053],[126.91606,37.49073],[126.91612,37.49084],[126.91596,37.49092],[126.91611,37.49118],[126.91606,37.49127],[126.91611,37.4914],[126.91621,37.49146],[126.91625,37.49156],[126.91609,37.49165],[126.9162,37.4918],[126.91589,37.49209],[126.91589,37.49249],[126.91621,37.49249],[126.91627,37.49335],[126.91707,37.49335],[126.91707,37.49325],[126.91763,37.49324],[126.91793,37.49346],[126.91792,37.49411],[126.91843,37.49412],[126.91864,37.49426],[126.91814,37.4958],[126.91988,37.49621],[126.92116,37.49561],[126.92179,37.49533],[126.92226,37.495],[126.92257,37.49506],[126.92311,37.4949],[126.92346,37.49509],[126.92365,37.49502],[126.92423,37.49516],[126.92457,37.49516],[126.9248,37.4951],[126.92525,37.49478],[126.92549,37.49469],[126.92519,37.49394],[126.92612,37.49321],[126.92606,37.49294],[126.92558,37.49298],[126.92562,37.49312],[126.92553,37.49323],[126.92497,37.49347],[126.92496,37.49354],[126.92494,37.49359],[126.92492,37.49364],[126.92487,37.49369],[126.92482,37.49373],[126.92476,37.49377],[126.9247,37.49381],[126.92462,37.49383],[126.92483,37.49471],[126.92386,37.49486],[126.92364,37.49474],[126.92346,37.4939],[126.92325,37.49297],[126.92258,37.49027],[126.92248,37.49029],[126.92205,37.49041],[126.9211,37.49055],[126.92056,37.49056],[126.91889,37.49033],[126.91878,37.49047],[126.91856,37.49056],[126.9176,37.49071],[126.91668,37.49056],[126.91668,37.49056]]]}},{"type":"Feature","properties":{"kind":"park","label":"공원","name":"구리시립체육공원","area":47476},"geometry":{"type":"Point","coordinates":[127.135784,37.595507]}},{"type":"Feature","properties":{"kind":"park_area","name":"구리시립체육공원"},"geometry":{"type":"Polygon","coordinates":[[[127.13677,37.59679],[127.13583,37.59658],[127.13525,37.59648],[127.13504,37.59643],[127.13474,37.59622],[127.13455,37.59591],[127.13454,37.59559],[127.13458,37.59546],[127.13469,37.5954],[127.13473,37.59518],[127.13465,37.59489],[127.13446,37.59462],[127.13434,37.59447],[127.13435,37.59433],[127.13448,37.59423],[127.1347,37.59423],[127.1349,37.59429],[127.135,37.59434],[127.13505,37.59447],[127.13517,37.59454],[127.13536,37.59459],[127.13553,37.59463],[127.13564,37.59461],[127.13561,37.59453],[127.13576,37.59453],[127.13581,37.59449],[127.13613,37.59457],[127.13662,37.5947],[127.13718,37.59483],[127.13723,37.59489],[127.13709,37.59535],[127.13696,37.59583],[127.13688,37.59629],[127.13677,37.59679],[127.13677,37.59679]]]}},{"type":"Feature","properties":{"kind":"park","label":"공원","name":"양화한강공원","area":241149},"geometry":{"type":"Point","coordinates":[126.899902,37.540231]}},{"type":"Feature","properties":{"kind":"park_area","name":"양화한강공원"},"geometry":{"type":"Polygon","coordinates":[[[126.90672,37.53604],[126.90663,37.53626],[126.90655,37.53646],[126.90638,37.53674],[126.90626,37.53691],[126.90615,37.53702],[126.906,37.53712],[126.90582,37.5372],[126.90581,37.53721],[126.9058,37.53722],[126.90577,37.53722],[126.90573,37.53723],[126.90565,37.53725],[126.90559,37.53725],[126.90551,37.53724],[126.90544,37.53725],[126.90536,37.53732],[126.9053,37.53744],[126.90485,37.53791],[126.90374,37.53856],[126.90304,37.539],[126.90252,37.53934],[126.90165,37.53989],[126.90053,37.54065],[126.89861,37.54183],[126.89736,37.54261],[126.89667,37.54304],[126.89578,37.54361],[126.89499,37.54412],[126.89485,37.54424],[126.89477,37.5443],[126.89458,37.54441],[126.89432,37.54455],[126.89389,37.54477],[126.89334,37.5451],[126.8926,37.54559],[126.8915,37.54629],[126.89112,37.5465],[126.89107,37.54652],[126.89092,37.54663],[126.89088,37.54666],[126.89087,37.54669],[126.89087,37.54674],[126.89086,37.54678],[126.89085,37.54682],[126.89082,37.54686],[126.89079,37.54688],[126.89068,37.54696],[126.8906,37.54701],[126.89054,37.54702],[126.89046,37.54701],[126.89037,37.54699],[126.89031,37.54698],[126.89028,37.54698],[126.89064,37.54611],[126.89081,37.5459],[126.89177,37.5447],[126.89256,37.5439],[126.89605,37.54193],[126.89797,37.54073],[126.90027,37.53942],[126.90142,37.53879],[126.90216,37.53833],[126.90296,37.53767],[126.9038,37.53704],[126.9046,37.53658],[126.90614,37.53578],[126.90675,37.53543],[126.90767,37.53473],[126.90837,37.53416],[126.90918,37.53344],[126.90952,37.53431],[126.90868,37.53479],[126.90851,37.53486],[126.90838,37.53487],[126.90831,37.53485],[126.90824,37.53485],[126.90818,37.53486],[126.90815,37.53487],[126.9081,37.53493],[126.9079,37.53507],[126.90707,37.53565],[126.9069,37.53579],[126.90678,37.53591],[126.90672,37.53604],[126.90672,37.53604]]]}},{"type":"Feature","properties":{"kind":"park","label":"공원","name":"광명시민체육관","area":76351},"geometry":{"type":"Point","coordinates":[126.871328,37.461852]}},{"type":"Feature","properties":{"kind":"park_area","name":"광명시민체육관"},"geometry":{"type":"Polygon","coordinates":[[[126.8707,37.46402],[126.87038,37.46407],[126.87019,37.46388],[126.87007,37.46377],[126.86994,37.46371],[126.86985,37.46367],[126.86978,37.46354],[126.87002,37.46327],[126.87028,37.46312],[126.87021,37.46284],[126.87035,37.46267],[126.87041,37.46213],[126.8704,37.46191],[126.87043,37.46164],[126.87064,37.46129],[126.87042,37.46099],[126.87032,37.46074],[126.87003,37.46081],[126.86994,37.46044],[126.8701,37.46027],[126.86981,37.46006],[126.8698,37.45978],[126.87016,37.45963],[126.871,37.46016],[126.8715,37.46049],[126.8718,37.46069],[126.87192,37.46057],[126.872,37.46062],[126.87205,37.46065],[126.8727,37.46122],[126.87281,37.46175],[126.87281,37.46203],[126.87287,37.46229],[126.87282,37.46259],[126.8707,37.46402],[126.8707,37.46402]]]}},{"type":"Feature","properties":{"kind":"park","label":"공원","name":"서리풀공원","area":428688},"geometry":{"type":"Point","coordinates":[127.000588,37.488316]}},{"type":"Feature","properties":{"kind":"park_area","name":"서리풀공원"},"geometry":{"type":"Polygon","coordinates":[[[127.00412,37.49054],[127.0023,37.49009],[127.00224,37.49007],[127.00162,37.48988],[127.00148,37.49017],[127.00211,37.49035],[127.00396,37.49087],[127.00415,37.49093],[127.00418,37.49094],[127.0042,37.49096],[127.00421,37.49099],[127.00421,37.49102],[127.0042,37.49104],[127.00385,37.49162],[127.00291,37.49249],[127.00207,37.49318],[127.00168,37.49341],[127.00104,37.49316],[127.00044,37.49314],[126.99995,37.49347],[126.9996,37.49357],[126.99944,37.49401],[126.99913,37.49406],[126.99865,37.49409],[126.9981,37.49368],[126.99756,37.4934],[126.99796,37.49305],[126.99811,37.49236],[126.99799,37.49203],[126.99792,37.49184],[126.99682,37.49041],[126.99736,37.4895],[126.99886,37.4895],[126.9993,37.48964],[126.99953,37.48926],[126.9998,37.48838],[126.99931,37.48803],[126.9997,37.48744],[126.99995,37.4865],[127.00017,37.48637],[127.00006,37.48606],[126.99963,37.48574],[126.99926,37.48575],[126.99916,37.48567],[126.99844,37.48572],[126.99866,37.48549],[126.99882,37.48538],[126.99905,37.48525],[126.99952,37.48495],[126.99945,37.48478],[126.99947,37.48468],[126.99957,37.48456],[126.99938,37.48419],[126.99959,37.48411],[126.9994,37.48382],[126.99947,37.48367],[126.99923,37.4836],[126.99909,37.48313],[126.99879,37.48296],[126.99867,37.48298],[126.99888,37.48289],[126.99907,37.48292],[126.99933,37.48313],[127.00003,37.4835],[127.00058,37.48356],[127.00109,37.48345],[127.0018,37.48317],[127.00204,37.48255],[127.00226,37.48368],[127.0024,37.48405],[127.00262,37.48413],[127.00251,37.48464],[127.00233,37.48465],[127.00189,37.48518],[127.00136,37.48546],[127.00183,37.48599],[127.00302,37.4865],[127.00297,37.48738],[127.00345,37.48747],[127.00348,37.48767],[127.00378,37.48773],[127.00396,37.48767],[127.00389,37.48729],[127.0042,37.48726],[127.00429,37.48781],[127.00435,37.48815],[127.00432,37.48837],[127.00377,37.48846],[127.00412,37.49054],[127.00412,37.49054]]]}},{"type":"Feature","properties":{"kind":"park","label":"공원","name":"서울창포원","area":61347},"geometry":{"type":"Point","coordinates":[127.047762,37.689501]}},{"type":"Feature","properties":{"kind":"park_area","name":"서울창포원"},"geometry":{"type":"Polygon","coordinates":[[[127.04635,37.69082],[127.0465,37.6901],[127.04659,37.68964],[127.04669,37.68948],[127.04686,37.68928],[127.04698,37.68909],[127.0472,37.68873],[127.04743,37.68824],[127.04752,37.68816],[127.0476,37.68811],[127.04778,37.68809],[127.04805,37.68812],[127.04879,37.6882],[127.04903,37.68822],[127.04906,37.68822],[127.04909,37.68823],[127.04911,37.68826],[127.04914,37.68827],[127.04915,37.68829],[127.04917,37.68831],[127.04917,37.68832],[127.0491,37.69062],[127.04902,37.69091],[127.04635,37.69082],[127.04635,37.69082]]]}},{"type":"Feature","properties":{"kind":"park","label":"공원","name":"망원한강공원","area":143098},"geometry":{"type":"Point","coordinates":[126.901774,37.550377]}},{"type":"Feature","properties":{"kind":"park_area","name":"망원한강공원"},"geometry":{"type":"Polygon","coordinates":[[[126.90176,37.55109],[126.90138,37.55137],[126.90021,37.55221],[126.89943,37.55277],[126.8987,37.55331],[126.89782,37.55391],[126.89671,37.55462],[126.89638,37.5547],[126.89623,37.55488],[126.8962,37.55498],[126.89447,37.55633],[126.89378,37.55578],[126.89571,37.55435],[126.89654,37.55372],[126.89715,37.5533],[126.89724,37.55324],[126.89842,37.55241],[126.90171,37.54998],[126.90498,37.54767],[126.90669,37.54664],[126.90977,37.54442],[126.90905,37.54535],[126.90857,37.54588],[126.90822,37.54619],[126.90743,37.54682],[126.90531,37.54841],[126.90469,37.54885],[126.90447,37.549],[126.90262,37.55041],[126.90219,37.55078],[126.90214,37.55081],[126.90176,37.55109],[126.90176,37.55109]]]}},{"type":"Feature","properties":{"kind":"park","label":"공원","name":"마루공원","area":43021},"geometry":{"type":"Point","coordinates":[127.080641,37.496229]}},{"type":"Feature","properties":{"kind":"park_area","name":"마루공원"},"geometry":{"type":"Polygon","coordinates":[[[127.07927,37.49737],[127.08076,37.49785],[127.08155,37.49626],[127.0816,37.49615],[127.08165,37.49604],[127.08172,37.4959],[127.08201,37.49532],[127.08151,37.49547],[127.08114,37.49559],[127.08108,37.49557],[127.0815,37.49486],[127.08063,37.49461],[127.0799,37.49609],[127.07927,37.49737],[127.07927,37.49737]]]}},{"type":"Feature","properties":{"kind":"park","label":"공원","name":"궁산 근린공원","area":110176},"geometry":{"type":"Point","coordinates":[126.840541,37.574461]}},{"type":"Feature","properties":{"kind":"park_area","name":"궁산 근린공원"},"geometry":{"type":"Polygon","coordinates":[[[126.84037,37.5733],[126.84007,37.57354],[126.83929,37.57342],[126.83954,37.57271],[126.83925,37.57244],[126.83899,37.5725],[126.83844,37.57271],[126.83839,37.57296],[126.83834,37.57393],[126.83834,37.57455],[126.83872,37.57614],[126.83893,37.57641],[126.83913,37.5765],[126.8402,37.57607],[126.84263,37.57459],[126.84275,37.57436],[126.8424,37.57416],[126.84248,37.57361],[126.8414,37.57285],[126.84107,37.57252],[126.84093,37.57242],[126.84058,37.57246],[126.84051,37.57257],[126.8407,37.57306],[126.84037,37.5733],[126.84037,37.5733]]]}},{"type":"Feature","properties":{"kind":"park","label":"공원","name":"서울 헌릉과 인릉","area":75870},"geometry":{"type":"Point","coordinates":[127.082074,37.46559]}},{"type":"Feature","properties":{"kind":"park_area","name":"서울 헌릉과 인릉"},"geometry":{"type":"Polygon","coordinates":[[[127.07986,37.46647],[127.07991,37.46563],[127.08037,37.46511],[127.08078,37.46438],[127.08124,37.46454],[127.08369,37.46457],[127.08429,37.46482],[127.08322,37.4668],[127.07986,37.46647],[127.07986,37.46647]]]}},{"type":"Feature","properties":{"kind":"park","label":"공원","name":"갈말근린공원","area":35005},"geometry":{"type":"Point","coordinates":[127.05425,37.665836]}},{"type":"Feature","properties":{"kind":"park_area","name":"갈말근린공원"},"geometry":{"type":"Polygon","coordinates":[[[127.05326,37.66543],[127.05336,37.66538],[127.05339,37.66515],[127.05361,37.66504],[127.05402,37.66511],[127.05403,37.66529],[127.0551,37.66546],[127.05518,37.66543],[127.05523,37.66529],[127.05532,37.66528],[127.05576,37.66534],[127.05586,37.6652],[127.05604,37.66522],[127.05602,37.66539],[127.05675,37.66552],[127.05667,37.66586],[127.05592,37.66575],[127.05588,37.66589],[127.05571,37.66587],[127.05567,37.66573],[127.05513,37.66566],[127.05503,37.66604],[127.05485,37.66603],[127.05466,37.66678],[127.05427,37.66673],[127.05433,37.66621],[127.05308,37.66602],[127.05298,37.66637],[127.05256,37.66628],[127.05259,37.66614],[127.05236,37.66609],[127.05239,37.66591],[127.05187,37.66585],[127.05175,37.66574],[127.05199,37.66523],[127.05218,37.66489],[127.05225,37.66493],[127.05224,37.66522],[127.05227,37.66544],[127.05266,37.66551],[127.05275,37.66534],[127.05292,37.6652],[127.05314,37.66525],[127.05316,37.66542],[127.05326,37.66543],[127.05326,37.66543]]]}},{"type":"Feature","properties":{"kind":"park","label":"공원","name":"달터공원","area":181677},"geometry":{"type":"Point","coordinates":[127.062867,37.484666]}},{"type":"Feature","properties":{"kind":"park_area","name":"달터공원"},"geometry":{"type":"Polygon","coordinates":[[[127.05911,37.486],[127.05942,37.48572],[127.05942,37.48542],[127.05944,37.48524],[127.05948,37.48506],[127.05961,37.48501],[127.05995,37.48507],[127.06017,37.48503],[127.06009,37.48482],[127.06011,37.4846],[127.06041,37.48456],[127.06069,37.48448],[127.06109,37.48457],[127.06121,37.48457],[127.06158,37.4844],[127.06204,37.48432],[127.06228,37.48416],[127.06254,37.48405],[127.06276,37.48387],[127.06278,37.48382],[127.06313,37.48379],[127.06321,37.48369],[127.0636,37.48344],[127.06376,37.48344],[127.06404,37.48346],[127.06417,37.48338],[127.06422,37.48326],[127.06421,37.48292],[127.06416,37.48285],[127.06403,37.48281],[127.06368,37.48277],[127.06359,37.48274],[127.06387,37.48255],[127.06496,37.48181],[127.0657,37.48213],[127.06644,37.48234],[127.06658,37.48188],[127.06671,37.48176],[127.06728,37.48133],[127.06728,37.48117],[127.0674,37.48108],[127.06897,37.48198],[127.06869,37.4821],[127.06845,37.48254],[127.06852,37.48276],[127.06794,37.48349],[127.06766,37.4835],[127.06722,37.48327],[127.06613,37.48403],[127.06536,37.48368],[127.06483,37.48396],[127.0646,37.48419],[127.06435,37.48405],[127.06416,37.484],[127.06408,37.48407],[127.06395,37.48414],[127.06389,37.48416],[127.06353,37.48394],[127.06338,37.48396],[127.06318,37.48416],[127.06302,37.48418],[127.06279,37.48445],[127.06275,37.4846],[127.06212,37.48516],[127.06133,37.4859],[127.06132,37.48621],[127.06144,37.48653],[127.06156,37.48688],[127.0609,37.48685],[127.06003,37.4866],[127.05967,37.48639],[127.05934,37.48664],[127.05932,37.48682],[127.05938,37.48696],[127.05954,37.48709],[127.0597,37.48713],[127.06021,37.48692],[127.06008,37.48743],[127.06022,37.48754],[127.06,37.48771],[127.05924,37.48809],[127.0592,37.48825],[127.05865,37.48814],[127.05676,37.48728],[127.05685,37.48685],[127.05699,37.48656],[127.05748,37.48663],[127.05753,37.4866],[127.05789,37.48634],[127.05829,37.48628],[127.0587,37.48629],[127.05894,37.48613],[127.05909,37.48631],[127.05923,37.48651],[127.0595,37.48629],[127.05911,37.486],[127.05911,37.486]]]}},{"type":"Feature","properties":{"kind":"park","label":"공원","name":"도곡근린공원","area":304401},"geometry":{"type":"Point","coordinates":[127.046357,37.489458]}},{"type":"Feature","properties":{"kind":"park_area","name":"도곡근린공원"},"geometry":{"type":"Polygon","coordinates":[[[127.04445,37.4894],[127.04436,37.48923],[127.04459,37.48892],[127.04479,37.48853],[127.04465,37.48788],[127.04422,37.4878],[127.04375,37.48807],[127.04331,37.48776],[127.04323,37.48751],[127.04302,37.48723],[127.04328,37.48694],[127.04338,37.48669],[127.04346,37.48624],[127.04315,37.48601],[127.04271,37.48594],[127.04217,37.48587],[127.04162,37.48582],[127.04148,37.4859],[127.04141,37.48636],[127.04142,37.48745],[127.04144,37.48825],[127.04156,37.48934],[127.04164,37.48973],[127.04204,37.48975],[127.04229,37.49009],[127.04277,37.49085],[127.04274,37.49112],[127.04243,37.49146],[127.04438,37.49209],[127.04506,37.49219],[127.04557,37.49194],[127.04532,37.49304],[127.04551,37.4931],[127.04672,37.49172],[127.04718,37.49176],[127.04735,37.49184],[127.04802,37.49222],[127.04816,37.49192],[127.04835,37.49168],[127.0495,37.49184],[127.0499,37.49193],[127.05062,37.49232],[127.05125,37.4925],[127.05106,37.49215],[127.05097,37.49176],[127.05092,37.49125],[127.04958,37.48994],[127.04917,37.49021],[127.04884,37.4897],[127.04891,37.48935],[127.04848,37.48896],[127.04837,37.48877],[127.04727,37.48823],[127.04689,37.48806],[127.04677,37.48824],[127.04684,37.48843],[127.04672,37.48887],[127.04678,37.48919],[127.04651,37.48947],[127.04609,37.48958],[127.04592,37.4895],[127.04592,37.48935],[127.04611,37.48914],[127.04607,37.48867],[127.04582,37.48863],[127.04539,37.48873],[127.04502,37.48904],[127.04467,37.48934],[127.04445,37.4894]]]}},{"type":"Feature","properties":{"kind":"park","label":"공원","name":"서초문화예술공원","area":71564},"geometry":{"type":"Point","coordinates":[127.031267,37.468266]}},{"type":"Feature","properties":{"kind":"park_area","name":"서초문화예술공원"},"geometry":{"type":"Polygon","coordinates":[[[127.0302,37.46598],[127.03033,37.46593],[127.03045,37.46597],[127.03051,37.46602],[127.03075,37.46633],[127.03138,37.46715],[127.03165,37.46757],[127.03185,37.46787],[127.03206,37.46812],[127.03224,37.46833],[127.03271,37.46891],[127.03303,37.4692],[127.03162,37.4706],[127.03146,37.47044],[127.03117,37.47003],[127.03134,37.46992],[127.0309,37.4695],[127.03067,37.4692],[127.03033,37.46874],[127.02977,37.46802],[127.02954,37.46776],[127.0295,37.46757],[127.02962,37.46717],[127.02993,37.46644],[127.03004,37.46615],[127.03006,37.4661],[127.03009,37.46604],[127.0302,37.46598],[127.0302,37.46598]]]}},{"type":"Feature","properties":{"kind":"park","label":"공원","name":"","area":99229},"geometry":{"type":"Point","coordinates":[127.047751,37.482272]}},{"type":"Feature","properties":{"kind":"park_area","name":""},"geometry":{"type":"Polygon","coordinates":[[[127.05158,37.48458],[127.05147,37.48477],[127.0512,37.48525],[127.05023,37.48468],[127.04774,37.48315],[127.04503,37.48154],[127.04443,37.4811],[127.04406,37.48081],[127.04377,37.48049],[127.04399,37.48004],[127.04405,37.47989],[127.04411,37.47976],[127.0442,37.47955],[127.04428,37.4793],[127.04462,37.47967],[127.04519,37.48017],[127.04603,37.4808],[127.04716,37.4815],[127.05173,37.48426],[127.05164,37.48444],[127.05158,37.48458],[127.05158,37.48458]]]}},{"type":"Feature","properties":{"kind":"park","label":"공원","name":"양재근린공원","area":34829},"geometry":{"type":"Point","coordinates":[127.042407,37.471579]}},{"type":"Feature","properties":{"kind":"park_area","name":"양재근린공원"},"geometry":{"type":"Polygon","coordinates":[[[127.04407,37.47145],[127.04369,37.47129],[127.04344,37.47115],[127.04245,37.47044],[127.04239,37.47042],[127.04229,37.47044],[127.04225,37.47047],[127.042,37.4707],[127.04259,37.4711],[127.04217,37.47147],[127.04161,37.47108],[127.04135,37.4713],[127.04075,37.47198],[127.04195,37.47273],[127.0423,37.47238],[127.04326,37.47222],[127.04356,37.47196],[127.04407,37.47145],[127.04407,37.47145]]]}},{"type":"Feature","properties":{"kind":"park","label":"공원","name":"홍릉근린공원","area":36624},"geometry":{"type":"Point","coordinates":[127.045834,37.589666]}},{"type":"Feature","properties":{"kind":"park_area","name":"홍릉근린공원"},"geometry":{"type":"Polygon","coordinates":[[[127.04444,37.59015],[127.04417,37.59017],[127.04472,37.58977],[127.04528,37.58976],[127.04574,37.58975],[127.04571,37.58967],[127.04569,37.58963],[127.04575,37.589],[127.04577,37.58878],[127.04578,37.58877],[127.04582,37.58836],[127.04585,37.58837],[127.04661,37.58858],[127.04698,37.58869],[127.04704,37.58873],[127.04707,37.58881],[127.0471,37.58899],[127.0471,37.58914],[127.04719,37.5893],[127.04739,37.58947],[127.04746,37.58957],[127.04748,37.58973],[127.0475,37.58993],[127.04749,37.59013],[127.04742,37.59015],[127.04706,37.59022],[127.04668,37.59029],[127.0463,37.59039],[127.04608,37.59046],[127.04599,37.59054],[127.04598,37.59068],[127.0458,37.59069],[127.04582,37.59079],[127.0456,37.59079],[127.04559,37.59097],[127.04542,37.59088],[127.04536,37.59066],[127.04531,37.59064],[127.04518,37.59053],[127.04513,37.59048],[127.04502,37.59045],[127.04499,37.59034],[127.04491,37.59033],[127.04489,37.59021],[127.04474,37.59013],[127.04465,37.59013],[127.04444,37.59015],[127.04444,37.59015]]]}},{"type":"Feature","properties":{"kind":"park","label":"공원","name":"","area":39492},"geometry":{"type":"Point","coordinates":[127.044392,37.56274]}},{"type":"Feature","properties":{"kind":"park_area","name":""},"geometry":{"type":"Polygon","coordinates":[[[127.04312,37.5635],[127.04315,37.56354],[127.0432,37.56375],[127.04354,37.56388],[127.04355,37.56405],[127.04365,37.56419],[127.04403,37.56432],[127.04408,37.56431],[127.04413,37.5643],[127.04418,37.56428],[127.04423,37.56425],[127.04426,37.56423],[127.0443,37.5642],[127.04432,37.56416],[127.04433,37.56412],[127.04423,37.56404],[127.04421,37.56399],[127.04422,37.56388],[127.04429,37.56371],[127.04427,37.56367],[127.04411,37.56357],[127.04412,37.56362],[127.04413,37.5637],[127.04404,37.56372],[127.04401,37.56365],[127.04393,37.56358],[127.04392,37.56355],[127.04382,37.56347],[127.04403,37.56327],[127.04398,37.56321],[127.04402,37.56312],[127.04417,37.56299],[127.04423,37.56302],[127.04431,37.56295],[127.04447,37.56281],[127.04452,37.56267],[127.0446,37.5627],[127.04465,37.56261],[127.0448,37.56266],[127.0451,37.56215],[127.04522,37.5621],[127.04536,37.56221],[127.04555,37.56234],[127.04572,37.56256],[127.04576,37.56258],[127.04584,37.56257],[127.04591,37.56254],[127.04594,37.56249],[127.04598,37.5624],[127.04601,37.5622],[127.04603,37.56213],[127.04603,37.56207],[127.04594,37.56192],[127.04591,37.56172],[127.04588,37.5617],[127.04583,37.56158],[127.0458,37.5614],[127.04586,37.56129],[127.04582,37.56121],[127.04577,37.56116],[127.04572,37.56119],[127.04563,37.56141],[127.04553,37.56154],[127.04542,37.56164],[127.04525,37.5617],[127.04511,37.56169],[127.04506,37.56137],[127.045,37.56127],[127.04493,37.56125],[127.04442,37.56133],[127.04426,37.56125],[127.04405,37.56148],[127.04385,37.56232],[127.04349,37.5624],[127.04302,37.56249],[127.04297,37.56262],[127.04301,37.56275],[127.04302,37.56291],[127.04276,37.56293],[127.0428,37.56314],[127.04307,37.56349],[127.04312,37.5635],[127.04312,37.5635]]]}},{"type":"Feature","properties":{"kind":"park","label":"공원","name":"충숙근린공원","area":378805},"geometry":{"type":"Point","coordinates":[127.079798,37.642001]}},{"type":"Feature","properties":{"kind":"park_area","name":"충숙근린공원"},"geometry":{"type":"Polygon","coordinates":[[[127.07983,37.63928],[127.07937,37.63851],[127.07895,37.63818],[127.0782,37.63794],[127.07829,37.63833],[127.07803,37.63905],[127.07734,37.63963],[127.07789,37.63979],[127.07766,37.64032],[127.07818,37.64044],[127.07812,37.64087],[127.07742,37.64096],[127.0765,37.64077],[127.07716,37.64148],[127.07795,37.64156],[127.0789,37.64238],[127.07793,37.64218],[127.07722,37.64245],[127.07771,37.64298],[127.07696,37.64297],[127.07696,37.64326],[127.07729,37.64361],[127.07686,37.64362],[127.07693,37.6439],[127.07666,37.64488],[127.07731,37.64513],[127.0767,37.64523],[127.07711,37.64547],[127.07674,37.64573],[127.07728,37.64575],[127.07731,37.64611],[127.0774,37.64655],[127.07808,37.64647],[127.07879,37.64653],[127.07927,37.64619],[127.07929,37.64577],[127.07924,37.64558],[127.07951,37.64577],[127.08017,37.64593],[127.0808,37.64606],[127.08142,37.64594],[127.08165,37.64552],[127.08129,37.64496],[127.08197,37.64449],[127.08249,37.64458],[127.08293,37.64383],[127.08242,37.64366],[127.08225,37.64326],[127.08266,37.64348],[127.08287,37.64303],[127.08244,37.64265],[127.08298,37.6421],[127.08242,37.6415],[127.08273,37.64102],[127.08255,37.64012],[127.08184,37.64034],[127.08122,37.64062],[127.08016,37.64079],[127.07966,37.64024],[127.08056,37.64005],[127.08153,37.63981],[127.08205,37.63982],[127.08278,37.63959],[127.08204,37.6384],[127.08106,37.6378],[127.08019,37.63778],[127.07984,37.63725],[127.07996,37.63782],[127.0795,37.63808],[127.07967,37.63878],[127.08002,37.63914],[127.07983,37.63928]]]}},{"type":"Feature","properties":{"kind":"park","label":"공원","name":"상계근린공원","area":37092},"geometry":{"type":"Point","coordinates":[127.050869,37.668994]}},{"type":"Feature","properties":{"kind":"park_area","name":"상계근린공원"},"geometry":{"type":"Polygon","coordinates":[[[127.05126,37.67092],[127.05105,37.66988],[127.05091,37.66898],[127.05171,37.66886],[127.05174,37.66834],[127.05085,37.66819],[127.05091,37.66798],[127.05099,37.66771],[127.05107,37.66737],[127.0509,37.66733],[127.05097,37.66713],[127.0511,37.66696],[127.05099,37.66695],[127.05081,37.66712],[127.05066,37.66727],[127.05058,37.66746],[127.05037,37.66782],[127.0502,37.66825],[127.0501,37.66872],[127.05005,37.66909],[127.05002,37.6695],[127.05,37.67028],[127.05001,37.67096],[127.05008,37.67104],[127.05106,37.67094],[127.05126,37.67092],[127.05126,37.67092]]]}},{"type":"Feature","properties":{"kind":"park","label":"공원","name":"마들근린공원","area":64099},"geometry":{"type":"Point","coordinates":[127.058569,37.643919]}},{"type":"Feature","properties":{"kind":"park_area","name":"마들근린공원"},"geometry":{"type":"Polygon","coordinates":[[[127.05634,37.64255],[127.05709,37.64277],[127.05704,37.64288],[127.05934,37.64366],[127.06077,37.64415],[127.06079,37.64482],[127.05872,37.64509],[127.05862,37.6451],[127.05843,37.64513],[127.05825,37.64515],[127.05735,37.64527],[127.05726,37.64528],[127.05708,37.64517],[127.05678,37.64411],[127.05663,37.64356],[127.05634,37.64255],[127.05634,37.64255]]]}},{"type":"Feature","properties":{"kind":"park","label":"공원","name":"중계근린공원","area":31518},"geometry":{"type":"Point","coordinates":[127.065667,37.639712]}},{"type":"Feature","properties":{"kind":"park_area","name":"중계근린공원"},"geometry":{"type":"Polygon","coordinates":[[[127.06454,37.64064],[127.06578,37.64101],[127.06628,37.63993],[127.06631,37.63986],[127.06634,37.63981],[127.06679,37.63882],[127.06659,37.63867],[127.06643,37.63862],[127.06592,37.63846],[127.06584,37.63845],[127.06577,37.63843],[127.06555,37.63842],[127.06538,37.63872],[127.06507,37.63945],[127.06503,37.63954],[127.06454,37.64064],[127.06454,37.64064]]]}},{"type":"Feature","properties":{"kind":"park","label":"공원","name":"등나무근린공원","area":31379},"geometry":{"type":"Point","coordinates":[127.06723,37.640166]}},{"type":"Feature","properties":{"kind":"park_area","name":"등나무근린공원"},"geometry":{"type":"Polygon","coordinates":[[[127.06706,37.63891],[127.06717,37.63886],[127.06763,37.63898],[127.06806,37.6391],[127.06828,37.63917],[127.06834,37.63925],[127.0681,37.63973],[127.06787,37.64027],[127.06781,37.64038],[127.06748,37.64109],[127.06731,37.64142],[127.06724,37.64148],[127.06617,37.64114],[127.06612,37.64104],[127.06617,37.6409],[127.06623,37.64072],[127.06649,37.64022],[127.06661,37.63991],[127.06689,37.63929],[127.06706,37.63891],[127.06706,37.63891]]]}},{"type":"Feature","properties":{"kind":"park","label":"공원","name":"","area":34749},"geometry":{"type":"Point","coordinates":[127.01143,37.65289]}},{"type":"Feature","properties":{"kind":"park_area","name":""},"geometry":{"type":"Polygon","coordinates":[[[127.01219,37.65387],[127.01262,37.65376],[127.01261,37.6535],[127.0125,37.65351],[127.01239,37.65313],[127.01251,37.65311],[127.01242,37.65251],[127.01246,37.65182],[127.01194,37.65166],[127.01188,37.65168],[127.01135,37.652],[127.01068,37.65232],[127.01059,37.65242],[127.01046,37.65264],[127.01037,37.65282],[127.01029,37.65294],[127.01024,37.65301],[127.01047,37.65339],[127.01105,37.65323],[127.0113,37.65319],[127.01134,37.65325],[127.01132,37.65342],[127.01125,37.65355],[127.01113,37.65368],[127.01113,37.65369],[127.01107,37.65384],[127.01105,37.65386],[127.0113,37.65412],[127.01219,37.65387],[127.01219,37.65387]]]}},{"type":"Feature","properties":{"kind":"park","label":"공원","name":"대현산 배수지공원","area":74211},"geometry":{"type":"Point","coordinates":[127.021493,37.556929]}},{"type":"Feature","properties":{"kind":"park_area","name":"대현산 배수지공원"},"geometry":{"type":"Polygon","coordinates":[[[127.02292,37.55748],[127.02293,37.55785],[127.02288,37.55833],[127.02284,37.55897],[127.02242,37.5591],[127.02108,37.559],[127.02118,37.55887],[127.0213,37.55871],[127.02111,37.55825],[127.0211,37.55809],[127.02112,37.55793],[127.02111,37.55788],[127.02093,37.55782],[127.02093,37.55772],[127.0209,37.55769],[127.02093,37.55723],[127.02097,37.5571],[127.02087,37.557],[127.02074,37.55682],[127.02058,37.55659],[127.02053,37.55651],[127.02005,37.55646],[127.02011,37.55638],[127.02016,37.55617],[127.02023,37.55609],[127.02027,37.55592],[127.02027,37.55582],[127.02041,37.55568],[127.02042,37.55558],[127.02043,37.55538],[127.02044,37.55516],[127.02048,37.5551],[127.02061,37.55477],[127.02071,37.55478],[127.02117,37.55479],[127.02139,37.55476],[127.0215,37.55477],[127.02147,37.55492],[127.02193,37.55499],[127.02196,37.55516],[127.02197,37.5553],[127.02197,37.55534],[127.02205,37.55546],[127.02206,37.55551],[127.02193,37.55621],[127.02293,37.55673],[127.02292,37.55748],[127.02292,37.55748]]]}},{"type":"Feature","properties":{"kind":"park","label":"공원","name":"문원공원","area":34026},"geometry":{"type":"Point","coordinates":[127.003477,37.427832]}},{"type":"Feature","properties":{"kind":"park_area","name":"문원공원"},"geometry":{"type":"Polygon","coordinates":[[[127.00193,37.42744],[127.00199,37.42755],[127.00252,37.42867],[127.00263,37.42878],[127.0027,37.42882],[127.0028,37.42886],[127.00287,37.42887],[127.00294,37.42885],[127.00338,37.42838],[127.00503,37.42703],[127.00493,37.42698],[127.00486,37.427],[127.0047,37.42703],[127.0046,37.42702],[127.00438,37.42695],[127.00423,37.42693],[127.00411,37.42696],[127.00402,37.42702],[127.0039,37.42701],[127.00381,37.42695],[127.00362,37.42687],[127.0035,37.42681],[127.00337,37.42679],[127.00314,37.42682],[127.00296,37.42688],[127.00281,37.42689],[127.00269,37.4269],[127.00254,37.42685],[127.00214,37.42688],[127.00203,37.42697],[127.00202,37.42709],[127.002,37.42722],[127.00193,37.42744],[127.00193,37.42744]]]}},{"type":"Feature","properties":{"kind":"park","label":"공원","name":"중앙공원","area":48974},"geometry":{"type":"Point","coordinates":[126.99542,37.431373]}},{"type":"Feature","properties":{"kind":"park_area","name":"중앙공원"},"geometry":{"type":"Polygon","coordinates":[[[126.9937,37.4287],[126.99344,37.42888],[126.99306,37.42913],[126.9934,37.42961],[126.99369,37.42994],[126.99408,37.43038],[126.99734,37.43404],[126.99739,37.43403],[126.99743,37.43399],[126.99778,37.4333],[126.99646,37.43186],[126.99631,37.43194],[126.99624,37.43186],[126.99543,37.43092],[126.99538,37.43086],[126.99536,37.43084],[126.99531,37.43079],[126.99555,37.43069],[126.9937,37.4287],[126.9937,37.4287]]]}},{"type":"Feature","properties":{"kind":"park","label":"공원","name":"관문체육공원","area":178582},"geometry":{"type":"Point","coordinates":[126.996996,37.44196]}},{"type":"Feature","properties":{"kind":"park_area","name":"관문체육공원"},"geometry":{"type":"Polygon","coordinates":[[[126.99761,37.43951],[126.99957,37.43863],[126.99979,37.43868],[126.99908,37.43998],[126.9977,37.44234],[126.99748,37.4427],[126.9964,37.44445],[126.99625,37.44477],[126.99605,37.44509],[126.99591,37.44529],[126.99574,37.44529],[126.99559,37.44516],[126.99435,37.44234],[126.9942,37.44144],[126.99424,37.43977],[126.99426,37.43963],[126.99472,37.43963],[126.99476,37.43951],[126.99761,37.43951],[126.99761,37.43951]]]}},{"type":"Feature","properties":{"kind":"park","label":"공원","name":"서울대공원 테마가든","area":93706},"geometry":{"type":"Point","coordinates":[127.014979,37.430276]}},{"type":"Feature","properties":{"kind":"park_area","name":"서울대공원 테마가든"},"geometry":{"type":"Polygon","coordinates":[[[127.01479,37.42802],[127.01431,37.42833],[127.01426,37.4288],[127.01369,37.42907],[127.01338,37.42934],[127.0132,37.42964],[127.01307,37.42977],[127.0129,37.42987],[127.01288,37.42994],[127.01291,37.43005],[127.01298,37.43015],[127.01308,37.43029],[127.01315,37.43043],[127.01322,37.43048],[127.01334,37.43048],[127.01342,37.43052],[127.01346,37.43056],[127.01355,37.43065],[127.01364,37.43068],[127.01371,37.4307],[127.0138,37.43069],[127.01395,37.43065],[127.01407,37.43067],[127.01419,37.43072],[127.01432,37.43078],[127.01446,37.43087],[127.01459,37.43105],[127.0147,37.43123],[127.01475,37.4314],[127.01477,37.43156],[127.01482,37.43178],[127.01488,37.43199],[127.01494,37.43207],[127.015,37.43213],[127.01527,37.43224],[127.01556,37.43236],[127.01573,37.43241],[127.01606,37.43241],[127.01621,37.43243],[127.01647,37.43249],[127.01674,37.43253],[127.01678,37.43228],[127.01708,37.43042],[127.01684,37.43004],[127.01635,37.42973],[127.01588,37.42956],[127.0154,37.42945],[127.01533,37.42904],[127.01506,37.42841],[127.01479,37.42802],[127.01479,37.42802]]]}},{"type":"Feature","properties":{"kind":"park","label":"공원","name":"","area":47863},"geometry":{"type":"Point","coordinates":[127.060829,37.489197]}},{"type":"Feature","properties":{"kind":"park_area","name":""},"geometry":{"type":"Polygon","coordinates":[[[127.05641,37.48836],[127.05774,37.48902],[127.05867,37.48937],[127.05966,37.48963],[127.06492,37.49056],[127.06525,37.49005],[127.0595,37.48903],[127.05881,37.48886],[127.05815,37.4886],[127.0577,37.48842],[127.05661,37.48784],[127.05641,37.48836],[127.05641,37.48836]]]}},{"type":"Feature","properties":{"kind":"park","label":"공원","name":"이촌한강공원","area":417575},"geometry":{"type":"Point","coordinates":[126.973796,37.518591]}},{"type":"Feature","properties":{"kind":"park_area","name":"이촌한강공원"},"geometry":{"type":"Polygon","coordinates":[[[126.99148,37.51761],[126.99183,37.51735],[126.99176,37.51731],[126.99161,37.5172],[126.99122,37.51692],[126.99044,37.51644],[126.98987,37.51617],[126.98896,37.51575],[126.98822,37.51548],[126.98743,37.51522],[126.98675,37.51504],[126.98524,37.5148],[126.98468,37.51473],[126.98333,37.5146],[126.98202,37.51453],[126.98144,37.51452],[126.97978,37.51456],[126.97895,37.51459],[126.97762,37.5147],[126.97667,37.51482],[126.97613,37.5149],[126.97492,37.51514],[126.97395,37.51536],[126.97333,37.51548],[126.97274,37.51565],[126.97122,37.51622],[126.97013,37.51664],[126.969,37.51707],[126.96895,37.51709],[126.96872,37.51718],[126.96766,37.51764],[126.96465,37.51889],[126.96252,37.51972],[126.96249,37.51974],[126.96231,37.51984],[126.96197,37.51999],[126.96193,37.52001],[126.9614,37.5202],[126.96105,37.52035],[126.96009,37.52074],[126.95978,37.52087],[126.95968,37.52091],[126.95964,37.52092],[126.95959,37.52093],[126.95951,37.52095],[126.95937,37.52098],[126.95866,37.52121],[126.95823,37.52132],[126.95764,37.52144],[126.95716,37.52153],[126.95675,37.52158],[126.95576,37.52177],[126.95647,37.52266],[126.95737,37.52224],[126.95901,37.52192],[126.95985,37.52185],[126.96091,37.52159],[126.9637,37.52059],[126.97014,37.51813],[126.97308,37.51699],[126.97464,37.51641],[126.97568,37.5162],[126.97718,37.51594],[126.9812,37.51591],[126.98395,37.51592],[126.98738,37.51631],[126.98921,37.51657],[126.9898,37.51676],[126.99075,37.51717],[126.99148,37.51761],[126.99148,37.51761]]]}},{"type":"Feature","properties":{"kind":"park","label":"공원","name":"용마폭포공원","area":82575},"geometry":{"type":"Point","coordinates":[127.089749,37.57352]}},{"type":"Feature","properties":{"kind":"park_area","name":"용마폭포공원"},"geometry":{"type":"Polygon","coordinates":[[[127.08912,37.57495],[127.08894,37.57461],[127.08868,37.57403],[127.08859,37.57387],[127.08852,37.57368],[127.08863,37.57356],[127.08803,37.57288],[127.08782,37.57229],[127.08793,37.57179],[127.08817,37.57177],[127.08834,37.57172],[127.08851,37.57166],[127.08873,37.57207],[127.08891,37.57229],[127.08925,37.5724],[127.08956,37.57235],[127.08973,37.5724],[127.09012,37.57232],[127.0905,37.57241],[127.09093,37.57242],[127.09137,37.57226],[127.09167,37.5723],[127.09168,37.57263],[127.09148,37.57294],[127.09134,37.57365],[127.09122,37.5744],[127.09109,37.57477],[127.09079,37.57501],[127.09055,37.57522],[127.09031,37.57538],[127.08986,37.57536],[127.08952,37.5753],[127.08929,37.57517],[127.08912,37.57495],[127.08912,37.57495]]]}},{"type":"Feature","properties":{"kind":"park","label":"공원","name":"서일대뒷산공원","area":56956},"geometry":{"type":"Point","coordinates":[127.099854,37.586845]}},{"type":"Feature","properties":{"kind":"park_area","name":"서일대뒷산공원"},"geometry":{"type":"Polygon","coordinates":[[[127.09825,37.58847],[127.09898,37.58821],[127.09905,37.58815],[127.09918,37.58796],[127.0994,37.58788],[127.09954,37.58754],[127.09938,37.58679],[127.10031,37.58689],[127.10051,37.58688],[127.10159,37.58696],[127.10172,37.58683],[127.10177,37.58671],[127.10132,37.58611],[127.10139,37.58593],[127.10144,37.58579],[127.10144,37.58563],[127.10112,37.58527],[127.10097,37.58522],[127.10072,37.58528],[127.10055,37.5858],[127.10013,37.58575],[127.10001,37.58563],[127.09964,37.58553],[127.09937,37.58543],[127.09911,37.58554],[127.09874,37.58567],[127.0982,37.58571],[127.09807,37.58583],[127.09812,37.58587],[127.09814,37.58612],[127.09814,37.58627],[127.09816,37.58637],[127.09838,37.58649],[127.09845,37.58669],[127.09858,37.58681],[127.09867,37.58726],[127.09817,37.58745],[127.09825,37.58755],[127.09831,37.58781],[127.09794,37.58795],[127.09825,37.58847],[127.09825,37.58847]]]}},{"type":"Feature","properties":{"kind":"park","label":"공원","name":"아차산배수지공원","area":70720},"geometry":{"type":"Point","coordinates":[127.096129,37.548904]}},{"type":"Feature","properties":{"kind":"park_area","name":"아차산배수지공원"},"geometry":{"type":"Polygon","coordinates":[[[127.0936,37.54915],[127.09414,37.5493],[127.09425,37.54941],[127.09425,37.54953],[127.09413,37.54966],[127.09454,37.54981],[127.09484,37.54965],[127.09529,37.5497],[127.09612,37.54987],[127.09655,37.55013],[127.09694,37.5498],[127.09714,37.54971],[127.09734,37.54974],[127.09755,37.54985],[127.09774,37.54973],[127.09807,37.54975],[127.0982,37.54984],[127.0986,37.54958],[127.09871,37.54942],[127.09872,37.5492],[127.09846,37.54859],[127.09833,37.54807],[127.09817,37.54784],[127.09791,37.54768],[127.09765,37.54769],[127.09711,37.54776],[127.09683,37.54799],[127.09636,37.54809],[127.0949,37.54862],[127.09354,37.54905],[127.0936,37.54915],[127.0936,37.54915]]]}},{"type":"Feature","properties":{"kind":"park","label":"공원","name":"청담근린공원","area":49950},"geometry":{"type":"Point","coordinates":[127.052412,37.521149]}},{"type":"Feature","properties":{"kind":"park_area","name":"청담근린공원"},"geometry":{"type":"Polygon","coordinates":[[[127.0534,37.52228],[127.05352,37.52211],[127.0543,37.52086],[127.05417,37.52082],[127.05425,37.52068],[127.05373,37.52057],[127.05383,37.52026],[127.05249,37.52002],[127.0523,37.52056],[127.05108,37.52071],[127.05099,37.52075],[127.05052,37.52165],[127.05055,37.5217],[127.0512,37.5219],[127.05167,37.52211],[127.0519,37.52178],[127.05292,37.52215],[127.0534,37.52228],[127.0534,37.52228]]]}},{"type":"Feature","properties":{"kind":"park","label":"공원","name":"학동공원","area":30080},"geometry":{"type":"Point","coordinates":[127.025206,37.515588]}},{"type":"Feature","properties":{"kind":"park_area","name":"학동공원"},"geometry":{"type":"Polygon","coordinates":[[[127.02571,37.51662],[127.02671,37.51579],[127.02652,37.51562],[127.0261,37.51527],[127.02553,37.51484],[127.02503,37.51475],[127.02446,37.5146],[127.02416,37.51455],[127.0237,37.51553],[127.02443,37.51563],[127.02464,37.51574],[127.0248,37.51587],[127.02571,37.51662],[127.02571,37.51662]]]}},{"type":"Feature","properties":{"kind":"park","label":"공원","name":"반포한강공원","area":378962},"geometry":{"type":"Point","coordinates":[126.992186,37.509123]}},{"type":"Feature","properties":{"kind":"park_area","name":"반포한강공원"},"geometry":{"type":"Polygon","coordinates":[[[126.97896,37.50488],[126.97867,37.50534],[126.97867,37.50537],[126.97868,37.50539],[126.97893,37.50549],[126.97894,37.50551],[126.97895,37.50553],[126.97894,37.50574],[126.97898,37.50589],[126.97902,37.50599],[126.97911,37.50609],[126.97921,37.50616],[126.9794,37.50625],[126.97944,37.50625],[126.97972,37.50627],[126.97983,37.50628],[126.97986,37.50628],[126.98136,37.50632],[126.98167,37.50631],[126.98214,37.50626],[126.98256,37.50623],[126.983,37.50629],[126.98347,37.50639],[126.98385,37.50656],[126.98425,37.50674],[126.9845,37.50679],[126.98454,37.5068],[126.98486,37.50686],[126.98491,37.50686],[126.985,37.50688],[126.98517,37.50689],[126.98544,37.50688],[126.98571,37.50686],[126.9878,37.50655],[126.98809,37.50655],[126.98841,37.50659],[126.98985,37.50693],[126.99104,37.50732],[126.9912,37.50739],[126.99136,37.50752],[126.99158,37.50776],[126.99183,37.50812],[126.99223,37.50845],[126.99337,37.50938],[126.9934,37.5094],[126.99364,37.5096],[126.99367,37.50962],[126.99455,37.51036],[126.99462,37.51041],[126.99464,37.51043],[126.99465,37.51044],[126.99486,37.5106],[126.99487,37.51061],[126.99489,37.51062],[126.99552,37.51107],[126.99556,37.51109],[126.99559,37.51112],[126.99566,37.51117],[126.99616,37.51156],[126.99668,37.51202],[126.9969,37.51218],[126.99695,37.51221],[126.99698,37.51224],[126.99732,37.51243],[126.99781,37.51262],[126.99807,37.51272],[126.99851,37.51284],[126.9996,37.51309],[127.0,37.51321],[127.00032,37.51329],[127.00074,37.51343],[127.00104,37.51357],[127.00134,37.51379],[127.00278,37.51498],[127.003,37.51513],[127.00318,37.5152],[127.0034,37.51524],[127.00363,37.51525],[127.00379,37.51527],[127.00394,37.51532],[127.00418,37.5155],[127.0057,37.51485],[127.00345,37.51313],[127.00296,37.51281],[127.00164,37.51196],[126.9996,37.511],[126.99897,37.51071],[126.99861,37.51054],[126.99859,37.51053],[126.99856,37.51052],[126.99593,37.5093],[126.99379,37.50815],[126.99192,37.50725],[126.99064,37.50672],[126.98929,37.50647],[126.98827,37.5063],[126.98783,37.50617],[126.9871,37.50583],[126.98668,37.50569],[126.9841,37.50522],[126.98258,37.50509],[126.98106,37.50508],[126.98006,37.50508],[126.97976,37.50477],[126.97971,37.50437],[126.97981,37.504],[126.97992,37.50335],[126.98019,37.50275],[126.97986,37.50321],[126.97941,37.50408],[126.97896,37.50488],[126.97896,37.50488]]]}},{"type":"Feature","properties":{"kind":"park","label":"공원","name":"서울 암사동 유적","area":93507},"geometry":{"type":"Point","coordinates":[127.130442,37.561248]}},{"type":"Feature","properties":{"kind":"park_area","name":"서울 암사동 유적"},"geometry":{"type":"Polygon","coordinates":[[[127.13277,37.56376],[127.13288,37.56371],[127.1327,37.56255],[127.13242,37.56181],[127.13209,37.5613],[127.13077,37.5593],[127.13074,37.55923],[127.13054,37.55878],[127.13052,37.55873],[127.12954,37.55897],[127.128,37.55961],[127.12908,37.56074],[127.13004,37.5617],[127.13099,37.5624],[127.13145,37.56275],[127.13277,37.56376],[127.13277,37.56376]]]}},{"type":"Feature","properties":{"kind":"park","label":"공원","name":"명일근린공원","area":256486},"geometry":{"type":"Point","coordinates":[127.161731,37.548212]}},{"type":"Feature","properties":{"kind":"park_area","name":"명일근린공원"},"geometry":{"type":"Polygon","coordinates":[[[127.15861,37.54813],[127.15808,37.54782],[127.15793,37.548],[127.15837,37.54823],[127.15821,37.54839],[127.15654,37.54755],[127.15653,37.54728],[127.15707,37.54729],[127.15748,37.54713],[127.15821,37.54726],[127.15835,37.54764],[127.15881,37.54767],[127.15897,37.54759],[127.16008,37.54707],[127.15953,37.54638],[127.16,37.54625],[127.16008,37.54622],[127.16057,37.54629],[127.16116,37.54667],[127.16138,37.54668],[127.16153,37.54753],[127.16239,37.54752],[127.16263,37.54696],[127.16263,37.54676],[127.1629,37.54663],[127.16304,37.54653],[127.16434,37.54628],[127.16431,37.54684],[127.16435,37.54724],[127.16523,37.54715],[127.1654,37.54667],[127.16499,37.5464],[127.16512,37.5458],[127.16605,37.54571],[127.16678,37.54575],[127.16681,37.54576],[127.16682,37.54577],[127.1669,37.54704],[127.16691,37.54713],[127.16692,37.54729],[127.16692,37.54741],[127.16693,37.54751],[127.16693,37.5476],[127.16693,37.54764],[127.16692,37.54774],[127.16676,37.54803],[127.16651,37.54829],[127.16621,37.54856],[127.16592,37.54849],[127.16554,37.54838],[127.16462,37.54953],[127.16521,37.54981],[127.1652,37.55014],[127.16519,37.55041],[127.16518,37.55043],[127.16516,37.55045],[127.16514,37.55046],[127.16511,37.55047],[127.16465,37.5505],[127.16457,37.55052],[127.16449,37.55054],[127.16441,37.55056],[127.16395,37.55071],[127.16396,37.55054],[127.1639,37.55052],[127.16378,37.55051],[127.1634,37.55048],[127.16281,37.55048],[127.16228,37.55048],[127.16233,37.55034],[127.16216,37.55028],[127.16157,37.55007],[127.16116,37.54986],[127.16108,37.54963],[127.16085,37.54955],[127.16068,37.54958],[127.16048,37.54973],[127.1604,37.5498],[127.16009,37.55005],[127.15982,37.54995],[127.15936,37.54986],[127.159,37.54979],[127.15842,37.54964],[127.15854,37.54937],[127.1586,37.54932],[127.15868,37.54929],[127.15873,37.54931],[127.15882,37.54934],[127.15893,37.54939],[127.15911,37.54947],[127.1593,37.54919],[127.15943,37.54899],[127.15944,37.54893],[127.15945,37.54888],[127.15943,37.54876],[127.15932,37.54865],[127.15935,37.54855],[127.15903,37.54824],[127.15872,37.54812],[127.15861,37.54813],[127.15861,37.54813]]]}},{"type":"Feature","properties":{"kind":"park","label":"공원","name":"길동공원","area":232046},"geometry":{"type":"Point","coordinates":[127.151524,37.543668]}},{"type":"Feature","properties":{"kind":"park_area","name":"길동공원"},"geometry":{"type":"Polygon","coordinates":[[[127.15324,37.54066],[127.15289,37.54077],[127.15274,37.54092],[127.15269,37.54083],[127.15225,37.54115],[127.15206,37.5413],[127.15194,37.54115],[127.15118,37.54146],[127.15089,37.5417],[127.15054,37.54172],[127.15021,37.54171],[127.14984,37.54248],[127.14976,37.54263],[127.1488,37.54442],[127.14927,37.54532],[127.14867,37.54566],[127.14895,37.54667],[127.15118,37.54658],[127.15116,37.54593],[127.15205,37.54599],[127.1523,37.54599],[127.15216,37.54653],[127.15288,37.54647],[127.15317,37.54644],[127.15409,37.54636],[127.15422,37.54591],[127.15407,37.54536],[127.15416,37.54511],[127.15409,37.54473],[127.15322,37.54471],[127.15323,37.54428],[127.15341,37.544],[127.15398,37.54421],[127.15421,37.54389],[127.15438,37.54357],[127.1543,37.54336],[127.15424,37.54321],[127.15419,37.54308],[127.15337,37.54099],[127.15324,37.54066],[127.15324,37.54066]]]}},{"type":"Feature","properties":{"kind":"park","label":"공원","name":"동명근린공원","area":32148},"geometry":{"type":"Point","coordinates":[127.164844,37.561341]}},{"type":"Feature","properties":{"kind":"park_area","name":"동명근린공원"},"geometry":{"type":"Polygon","coordinates":[[[127.16438,37.56253],[127.16592,37.5624],[127.16569,37.56099],[127.16597,37.56032],[127.166,37.56025],[127.16594,37.56015],[127.1653,37.56016],[127.16535,37.56088],[127.16454,37.56098],[127.16409,37.56066],[127.16369,37.56071],[127.16373,37.56122],[127.16379,37.56137],[127.16433,37.56217],[127.16438,37.56253],[127.16438,37.56253]]]}},{"type":"Feature","properties":{"kind":"park","label":"공원","name":"열린송현 녹지광장","area":33677},"geometry":{"type":"Point","coordinates":[126.981425,37.57688]}},{"type":"Feature","properties":{"kind":"park_area","name":"열린송현 녹지광장"},"geometry":{"type":"Polygon","coordinates":[[[126.97996,37.57618],[126.98006,37.57618],[126.98005,37.57611],[126.98021,37.57613],[126.98048,37.57611],[126.9806,37.57603],[126.98159,37.57594],[126.98257,37.57576],[126.98265,37.57578],[126.9828,37.57595],[126.98289,37.57598],[126.98278,37.57623],[126.98261,37.5762],[126.98251,37.57647],[126.98261,37.57651],[126.9826,37.57657],[126.98243,37.57726],[126.98179,37.57728],[126.98167,37.578],[126.98147,37.57798],[126.98145,37.57765],[126.98123,37.57737],[126.98105,37.57741],[126.98106,37.57748],[126.9808,37.57759],[126.98077,37.5774],[126.98063,37.57742],[126.9805,37.57699],[126.98014,37.57649],[126.97996,37.57618],[126.97996,37.57618]]]}},{"type":"Feature","properties":{"kind":"park","label":"공원","name":"세곡공원","area":270227},"geometry":{"type":"Point","coordinates":[127.098347,37.470189]}},{"type":"Feature","properties":{"kind":"park_area","name":"세곡공원"},"geometry":{"type":"Polygon","coordinates":[[[127.10305,37.47162],[127.10426,37.47228],[127.10463,37.47195],[127.10409,37.47151],[127.10398,37.4713],[127.10363,37.4713],[127.10389,37.47091],[127.10365,37.47081],[127.10318,37.47079],[127.10271,37.47107],[127.1021,37.47089],[127.10216,37.47041],[127.10256,37.47018],[127.10331,37.4697],[127.10353,37.46928],[127.1027,37.46866],[127.10233,37.46878],[127.10186,37.46833],[127.10113,37.46814],[127.10122,37.46906],[127.10138,37.46952],[127.10141,37.46994],[127.1009,37.47015],[127.1006,37.47041],[127.09984,37.47041],[127.09982,37.47018],[127.0996,37.46969],[127.10001,37.46977],[127.09975,37.4695],[127.09979,37.46916],[127.09953,37.46869],[127.09926,37.46885],[127.09915,37.46881],[127.09896,37.46864],[127.09816,37.46851],[127.09789,37.46856],[127.09779,37.46857],[127.09759,37.46849],[127.09707,37.46873],[127.09686,37.46865],[127.09664,37.46934],[127.09622,37.46928],[127.09607,37.46904],[127.09597,37.46937],[127.09565,37.46912],[127.09606,37.46895],[127.09567,37.46889],[127.09528,37.46872],[127.09429,37.46879],[127.09351,37.46837],[127.09311,37.46822],[127.09238,37.46874],[127.09206,37.46921],[127.09282,37.47102],[127.09494,37.47135],[127.09661,37.47121],[127.09687,37.47158],[127.09679,37.47208],[127.09801,37.47239],[127.09893,37.47211],[127.09914,37.47161],[127.09963,37.47124],[127.1005,37.47077],[127.10091,37.47074],[127.10161,37.47117],[127.10305,37.47162]]]}},{"type":"Feature","properties":{"kind":"park","label":"공원","name":"","area":30827},"geometry":{"type":"Point","coordinates":[126.867874,37.543282]}},{"type":"Feature","properties":{"kind":"park_area","name":""},"geometry":{"type":"Polygon","coordinates":[[[126.86964,37.54394],[126.86938,37.54402],[126.8692,37.54403],[126.86902,37.54411],[126.86878,37.54415],[126.86858,37.54408],[126.86856,37.54395],[126.86845,37.54391],[126.86836,37.54381],[126.86791,37.54382],[126.86786,37.54378],[126.86763,37.54381],[126.86739,37.54383],[126.86712,37.54386],[126.86699,37.54387],[126.86679,37.54393],[126.86685,37.54402],[126.86668,37.54404],[126.86618,37.54412],[126.86613,37.54405],[126.86611,37.54379],[126.86611,37.54374],[126.86613,37.54372],[126.86627,37.54371],[126.86649,37.54354],[126.86662,37.54343],[126.86686,37.54346],[126.86691,37.54344],[126.86701,37.54342],[126.8672,37.54329],[126.86726,37.54326],[126.86742,37.54317],[126.86764,37.54302],[126.86772,37.54291],[126.86775,37.54287],[126.86768,37.54274],[126.86776,37.54267],[126.86792,37.54255],[126.86808,37.54252],[126.86811,37.54246],[126.86836,37.54241],[126.86854,37.54241],[126.86866,37.54245],[126.86888,37.54244],[126.86912,37.54241],[126.86915,37.54247],[126.86881,37.54265],[126.86914,37.5431],[126.8692,37.54317],[126.86913,37.54326],[126.86962,37.54362],[126.86964,37.54366],[126.86962,37.54375],[126.86964,37.54394],[126.86964,37.54394]]]}},{"type":"Feature","properties":{"kind":"park","label":"공원","name":"서남물재생센터공원","area":176319},"geometry":{"type":"Point","coordinates":[126.824223,37.575569]}},{"type":"Feature","properties":{"kind":"park_area","name":"서남물재생센터공원"},"geometry":{"type":"Polygon","coordinates":[[[126.82018,37.57819],[126.82319,37.57729],[126.82268,37.57608],[126.82215,37.57622],[126.82195,37.57565],[126.82677,37.57417],[126.82661,37.57386],[126.82889,37.57317],[126.82888,37.57295],[126.82279,37.57337],[126.82063,37.57344],[126.82061,37.57509],[126.82019,37.57582],[126.81965,37.57698],[126.81955,37.5774],[126.82011,37.57755],[126.82008,37.57811],[126.82018,37.57819],[126.82018,37.57819]]]}},{"type":"Feature","properties":{"kind":"park","label":"공원","name":"스카이파크","area":60459},"geometry":{"type":"Point","coordinates":[126.804658,37.564151]}},{"type":"Feature","properties":{"kind":"park_area","name":"스카이파크"},"geometry":{"type":"Polygon","coordinates":[[[126.80306,37.56503],[126.80351,37.56539],[126.80403,37.56545],[126.80436,37.56551],[126.80459,37.56569],[126.80477,37.56587],[126.80483,37.56619],[126.80503,37.56585],[126.80516,37.56562],[126.8053,37.56522],[126.8055,37.56462],[126.80564,37.56432],[126.80606,37.56292],[126.80626,37.56211],[126.80604,37.56217],[126.80583,37.56223],[126.80351,37.56252],[126.80349,37.56284],[126.80359,37.56292],[126.80368,37.56303],[126.80371,37.56312],[126.80429,37.56309],[126.80429,37.56347],[126.80467,37.56355],[126.80456,37.56389],[126.80439,37.56411],[126.80413,37.56431],[126.80394,37.56444],[126.80362,37.56456],[126.80342,37.56462],[126.80328,37.56472],[126.80306,37.56503],[126.80306,37.56503]]]}},{"type":"Feature","properties":{"kind":"park","label":"공원","name":"푸른수목원","area":98278},"geometry":{"type":"Point","coordinates":[126.825465,37.484071]}},{"type":"Feature","properties":{"kind":"park_area","name":"푸른수목원"},"geometry":{"type":"Polygon","coordinates":[[[126.82417,37.48225],[126.82554,37.48326],[126.82655,37.48402],[126.82663,37.48406],[126.82775,37.4849],[126.82791,37.48501],[126.82848,37.48544],[126.82858,37.48554],[126.82865,37.48557],[126.82838,37.48575],[126.82749,37.48579],[126.82694,37.4855],[126.82684,37.48532],[126.82674,37.48503],[126.82639,37.48491],[126.82589,37.48472],[126.82518,37.48456],[126.82503,37.48465],[126.8243,37.48524],[126.82447,37.48544],[126.82463,37.48589],[126.82318,37.48512],[126.82287,37.48442],[126.82276,37.48431],[126.82241,37.48419],[126.82231,37.4841],[126.82228,37.48397],[126.823,37.4824],[126.8232,37.48241],[126.82386,37.48244],[126.82405,37.48257],[126.8242,37.48242],[126.82408,37.48233],[126.82411,37.48231],[126.82417,37.48225],[126.82417,37.48225]]]}},{"type":"Feature","properties":{"kind":"park","label":"공원","name":"양천공원","area":35171},"geometry":{"type":"Point","coordinates":[126.868262,37.517977]}},{"type":"Feature","properties":{"kind":"park_area","name":"양천공원"},"geometry":{"type":"Polygon","coordinates":[[[126.86834,37.51905],[126.86962,37.51857],[126.86973,37.51851],[126.86975,37.51848],[126.86976,37.51846],[126.86978,37.51843],[126.86963,37.51825],[126.86925,37.51781],[126.86915,37.51774],[126.86869,37.51743],[126.86836,37.51726],[126.86797,37.5171],[126.86743,37.51691],[126.86736,37.51695],[126.86686,37.51786],[126.86675,37.51806],[126.86674,37.51816],[126.86681,37.51823],[126.86727,37.51836],[126.86757,37.51851],[126.86763,37.51854],[126.86776,37.51862],[126.86806,37.51885],[126.86815,37.51899],[126.86825,37.51903],[126.86834,37.51905],[126.86834,37.51905]]]}},{"type":"Feature","properties":{"kind":"park","label":"공원","name":"여의도샛강생태공원","area":588927},"geometry":{"type":"Point","coordinates":[126.92731,37.525004]}},{"type":"Feature","properties":{"kind":"park_area","name":"여의도샛강생태공원"},"geometry":{"type":"Polygon","coordinates":[[[126.91893,37.51998],[126.91826,37.52019],[126.91786,37.5204],[126.91755,37.5206],[126.91738,37.52074],[126.91707,37.52098],[126.9161,37.52224],[126.91556,37.5231],[126.91492,37.52395],[126.9141,37.5251],[126.91331,37.52646],[126.91288,37.52778],[126.91226,37.52909],[126.91167,37.53079],[126.91121,37.53194],[126.91106,37.5325],[126.91118,37.5329],[126.91135,37.53327],[126.90981,37.53455],[126.90952,37.53426],[126.90931,37.5333],[126.90983,37.53215],[126.91017,37.53166],[126.91032,37.53088],[126.91056,37.52961],[126.91087,37.52849],[126.91156,37.52656],[126.91209,37.52585],[126.91351,37.52406],[126.91451,37.52264],[126.91513,37.52149],[126.91575,37.52063],[126.9165,37.51979],[126.91734,37.51913],[126.91867,37.51839],[126.92003,37.51788],[126.92174,37.51726],[126.92174,37.51724],[126.92319,37.51666],[126.9238,37.51644],[126.92455,37.51624],[126.92537,37.51602],[126.92655,37.51579],[126.92691,37.5157],[126.92728,37.51563],[126.92962,37.51545],[126.93262,37.51558],[126.93826,37.51677],[126.94037,37.51714],[126.94151,37.51741],[126.94531,37.51841],[126.9444,37.51924],[126.94393,37.52006],[126.94106,37.51943],[126.94091,37.51903],[126.94067,37.51873],[126.94033,37.51841],[126.93992,37.51812],[126.93947,37.51801],[126.93819,37.51777],[126.93291,37.517],[126.92973,37.51664],[126.9281,37.51671],[126.92732,37.51685],[126.92585,37.51716],[126.92422,37.51781],[126.92209,37.51868],[126.92086,37.51913],[126.91947,37.51974],[126.91937,37.51979],[126.91893,37.51998],[126.91893,37.51998]]]}},{"type":"Feature","properties":{"kind":"park","label":"공원","name":"괴안체육공원","area":38957},"geometry":{"type":"Point","coordinates":[126.810326,37.475514]}},{"type":"Feature","properties":{"kind":"park_area","name":"괴안체육공원"},"geometry":{"type":"Polygon","coordinates":[[[126.81081,37.47691],[126.80858,37.47573],[126.80967,37.4757],[126.81022,37.47542],[126.81059,37.47475],[126.81122,37.47412],[126.81122,37.47455],[126.81166,37.47452],[126.81163,37.47481],[126.81164,37.47504],[126.81175,37.47503],[126.81186,37.47502],[126.81185,37.47482],[126.81187,37.47464],[126.81197,37.47462],[126.81203,37.47519],[126.81194,37.47527],[126.81181,37.47529],[126.81171,37.47531],[126.81186,37.47561],[126.81208,37.47588],[126.81174,37.47611],[126.81132,37.47641],[126.81081,37.47691],[126.81081,37.47691]]]}},{"type":"Feature","properties":{"kind":"park","label":"공원","name":"소사대공원","area":41658},"geometry":{"type":"Point","coordinates":[126.797073,37.467127]}},{"type":"Feature","properties":{"kind":"park_area","name":"소사대공원"},"geometry":{"type":"Polygon","coordinates":[[[126.79719,37.46799],[126.79747,37.46783],[126.79838,37.46631],[126.79731,37.46572],[126.7964,37.46574],[126.79577,37.46629],[126.79655,37.46705],[126.7958,37.46819],[126.79659,37.46854],[126.79719,37.46799],[126.79719,37.46799]]]}},{"type":"Feature","properties":{"kind":"park","label":"공원","name":"남이장군묘공원","area":62983},"geometry":{"type":"Point","coordinates":[127.121829,37.656562]}},{"type":"Feature","properties":{"kind":"park_area","name":"남이장군묘공원"},"geometry":{"type":"Polygon","coordinates":[[[127.12102,37.65515],[127.1204,37.65601],[127.11979,37.65687],[127.12132,37.65757],[127.12221,37.65797],[127.12235,37.65777],[127.12257,37.65748],[127.1234,37.65637],[127.12386,37.65598],[127.1226,37.65535],[127.12209,37.65531],[127.12132,37.65524],[127.12113,37.6552],[127.12102,37.65515],[127.12102,37.65515]]]}},{"type":"Feature","properties":{"kind":"park","label":"공원","name":"별내 체육공원","area":50222},"geometry":{"type":"Point","coordinates":[127.12092,37.66363]}},{"type":"Feature","properties":{"kind":"park_area","name":"별내 체육공원"},"geometry":{"type":"Polygon","coordinates":[[[127.12052,37.66174],[127.12228,37.66253],[127.12224,37.6627],[127.12183,37.66325],[127.12086,37.6642],[127.12044,37.66466],[127.12007,37.66552],[127.11978,37.66544],[127.11977,37.66521],[127.11968,37.6646],[127.1196,37.66404],[127.11956,37.66361],[127.11961,37.66313],[127.11975,37.66284],[127.12052,37.66174],[127.12052,37.66174]]]}},{"type":"Feature","properties":{"kind":"park","label":"공원","name":"근린공원","area":138188},"geometry":{"type":"Point","coordinates":[127.117696,37.653098]}},{"type":"Feature","properties":{"kind":"park_area","name":"근린공원"},"geometry":{"type":"Polygon","coordinates":[[[127.11692,37.65419],[127.11719,37.65417],[127.11724,37.65465],[127.1173,37.65505],[127.1177,37.65519],[127.11806,37.65519],[127.11828,37.65525],[127.11842,37.65548],[127.11872,37.65568],[127.11879,37.65573],[127.11957,37.65465],[127.12009,37.65376],[127.11999,37.65373],[127.11926,37.6535],[127.11966,37.65254],[127.11992,37.65266],[127.1205,37.65174],[127.12096,37.65192],[127.12119,37.65154],[127.12125,37.65132],[127.1212,37.6512],[127.12084,37.65149],[127.12042,37.6512],[127.1208,37.6509],[127.1202,37.65046],[127.12008,37.65048],[127.11958,37.65086],[127.11951,37.65089],[127.11945,37.65091],[127.11934,37.65093],[127.11917,37.65094],[127.11905,37.65096],[127.11882,37.65098],[127.11853,37.65107],[127.1183,37.65121],[127.11743,37.65206],[127.1167,37.65233],[127.11678,37.65245],[127.11712,37.65233],[127.11754,37.65304],[127.11742,37.65311],[127.11749,37.65324],[127.11712,37.6534],[127.11717,37.65374],[127.11689,37.65377],[127.11682,37.65332],[127.11678,37.65333],[127.11549,37.65378],[127.11498,37.65297],[127.11421,37.65325],[127.11415,37.65328],[127.11499,37.65468],[127.11607,37.6544],[127.11649,37.65454],[127.11699,37.65486],[127.11694,37.65438],[127.11692,37.65419],[127.11692,37.65419]]]}},{"type":"Feature","properties":{"kind":"park","label":"공원","name":"은빛근린공원","area":38730},"geometry":{"type":"Point","coordinates":[126.837453,37.639533]}},{"type":"Feature","properties":{"kind":"park_area","name":"은빛근린공원"},"geometry":{"type":"Polygon","coordinates":[[[126.83668,37.64098],[126.83652,37.6401],[126.8366,37.64003],[126.83692,37.63967],[126.83686,37.63924],[126.83679,37.63886],[126.83671,37.63854],[126.83662,37.63819],[126.83756,37.63809],[126.83798,37.6385],[126.83812,37.63866],[126.83838,37.64075],[126.83676,37.64096],[126.83668,37.64098],[126.83668,37.64098]]]}},{"type":"Feature","properties":{"kind":"park","label":"공원","name":"중산공원","area":79957},"geometry":{"type":"Point","coordinates":[126.778665,37.69186]}},{"type":"Feature","properties":{"kind":"park_area","name":"중산공원"},"geometry":{"type":"Polygon","coordinates":[[[126.77787,37.69366],[126.77894,37.69353],[126.77955,37.69344],[126.7793,37.69234],[126.78007,37.69219],[126.78003,37.69186],[126.78011,37.69115],[126.78012,37.69103],[126.78013,37.69097],[126.78018,37.69052],[126.78018,37.69046],[126.7802,37.69032],[126.77847,37.69016],[126.77841,37.69015],[126.77788,37.69011],[126.77782,37.69011],[126.77757,37.69009],[126.77722,37.69006],[126.77713,37.69049],[126.77713,37.69096],[126.7776,37.69261],[126.77776,37.69323],[126.77787,37.69366],[126.77787,37.69366]]]}},{"type":"Feature","properties":{"kind":"park","label":"공원","name":"식사중앙공원","area":31625},"geometry":{"type":"Point","coordinates":[126.813848,37.677862]}},{"type":"Feature","properties":{"kind":"park_area","name":"식사중앙공원"},"geometry":{"type":"Polygon","coordinates":[[[126.81328,37.67889],[126.81343,37.67884],[126.81356,37.67879],[126.81515,37.67823],[126.81516,37.6782],[126.81519,37.67813],[126.8152,37.67811],[126.81486,37.6775],[126.81449,37.67684],[126.81325,37.67728],[126.8125,37.67755],[126.81257,37.6777],[126.81265,37.67783],[126.81294,37.67838],[126.81319,37.67884],[126.81321,37.67888],[126.81328,37.67889],[126.81328,37.67889]]]}},{"type":"Feature","properties":{"kind":"park","label":"공원","name":"연지근린공원","area":52890},"geometry":{"type":"Point","coordinates":[126.838054,37.479652]}},{"type":"Feature","properties":{"kind":"park_area","name":"연지근린공원"},"geometry":{"type":"Polygon","coordinates":[[[126.84117,37.47676],[126.84155,37.47702],[126.83883,37.47922],[126.83871,37.47923],[126.83826,37.47964],[126.83801,37.47995],[126.83754,37.47993],[126.8371,37.48019],[126.83682,37.481],[126.83668,37.48105],[126.83648,37.4813],[126.83637,37.48153],[126.83638,37.48191],[126.83622,37.48192],[126.83608,37.48192],[126.83594,37.48196],[126.83589,37.48205],[126.83589,37.4821],[126.83586,37.4821],[126.83581,37.48209],[126.83575,37.4821],[126.83571,37.48211],[126.83569,37.48213],[126.83567,37.48217],[126.83568,37.4822],[126.8357,37.48224],[126.83573,37.48226],[126.83581,37.48228],[126.83579,37.48232],[126.8352,37.48255],[126.83462,37.48245],[126.83455,37.48215],[126.83486,37.48185],[126.83524,37.48187],[126.83564,37.4818],[126.83584,37.48162],[126.83612,37.48127],[126.83631,37.48056],[126.83625,37.48027],[126.83594,37.47997],[126.83609,37.47965],[126.83643,37.47953],[126.83737,37.47944],[126.83795,37.47907],[126.83818,37.47891],[126.84117,37.47676],[126.84117,37.47676]]]}},{"type":"Feature","properties":{"kind":"park","label":"공원","name":"가라산 공원","area":49277},"geometry":{"type":"Point","coordinates":[126.842185,37.62499]}},{"type":"Feature","properties":{"kind":"park_area","name":"가라산 공원"},"geometry":{"type":"Polygon","coordinates":[[[126.84145,37.62611],[126.84379,37.62581],[126.84375,37.62564],[126.84363,37.6252],[126.84325,37.62463],[126.84271,37.62439],[126.84262,37.62433],[126.84264,37.62402],[126.8417,37.62398],[126.84059,37.62387],[126.84058,37.62408],[126.84092,37.62576],[126.84093,37.62582],[126.84136,37.62579],[126.84145,37.62611],[126.84145,37.62611]]]}},{"type":"Feature","properties":{"kind":"park","label":"공원","name":"식골공원","area":39738},"geometry":{"type":"Point","coordinates":[126.795944,37.670748]}},{"type":"Feature","properties":{"kind":"park_area","name":"식골공원"},"geometry":{"type":"Polygon","coordinates":[[[126.79418,37.66962],[126.79544,37.66965],[126.79756,37.66968],[126.79764,37.67071],[126.79771,37.67166],[126.79759,37.67166],[126.7976,37.67187],[126.79587,37.67095],[126.79592,37.6709],[126.79601,37.6708],[126.79589,37.67073],[126.79586,37.67071],[126.79601,37.67055],[126.79556,37.67035],[126.79546,37.67046],[126.79508,37.67021],[126.79483,37.67042],[126.79464,37.67025],[126.79451,37.67006],[126.79418,37.66962],[126.79418,37.66962]]]}},{"type":"Feature","properties":{"kind":"park","label":"공원","name":"동산꽃맞이공원","area":62400},"geometry":{"type":"Point","coordinates":[126.88946,37.645284]}},{"type":"Feature","properties":{"kind":"park_area","name":"동산꽃맞이공원"},"geometry":{"type":"Polygon","coordinates":[[[126.88679,37.64719],[126.88684,37.6471],[126.88689,37.64702],[126.88736,37.64613],[126.88738,37.64607],[126.88722,37.64601],[126.88729,37.64589],[126.88739,37.64573],[126.8875,37.64554],[126.88767,37.64526],[126.88772,37.64518],[126.88788,37.64523],[126.88835,37.64443],[126.88825,37.64415],[126.88723,37.6438],[126.88724,37.64378],[126.88744,37.64339],[126.88754,37.64319],[126.8876,37.64307],[126.8892,37.64365],[126.89145,37.64445],[126.89185,37.6446],[126.89213,37.64469],[126.89202,37.64493],[126.89191,37.64515],[126.89175,37.64509],[126.88961,37.6444],[126.8892,37.64451],[126.88887,37.64549],[126.88872,37.64576],[126.88837,37.64625],[126.88794,37.64673],[126.88776,37.64706],[126.88763,37.6475],[126.88757,37.64748],[126.88743,37.64743],[126.88681,37.6472],[126.88679,37.64719],[126.88679,37.64719]]]}},{"type":"Feature","properties":{"kind":"park","label":"공원","name":"","area":31939},"geometry":{"type":"Point","coordinates":[126.884179,37.642836]}},{"type":"Feature","properties":{"kind":"park_area","name":""},"geometry":{"type":"Polygon","coordinates":[[[126.88132,37.6437],[126.88114,37.64356],[126.88097,37.64343],[126.88119,37.64327],[126.88135,37.64316],[126.88149,37.64307],[126.88167,37.64293],[126.88246,37.64236],[126.88269,37.64225],[126.88305,37.64213],[126.88352,37.64201],[126.88378,37.64199],[126.88402,37.64198],[126.88423,37.64197],[126.88456,37.64202],[126.88486,37.64206],[126.88551,37.64229],[126.88591,37.64244],[126.88606,37.64249],[126.88611,37.64251],[126.88621,37.64254],[126.88738,37.64296],[126.88731,37.64311],[126.8872,37.6433],[126.88713,37.6434],[126.88557,37.64287],[126.88527,37.64277],[126.88475,37.64259],[126.88442,37.6425],[126.88413,37.64246],[126.88382,37.64246],[126.88349,37.64251],[126.88327,37.64257],[126.88297,37.64269],[126.88294,37.64271],[126.88282,37.64275],[126.88274,37.6428],[126.88132,37.6437],[126.88132,37.6437]]]}},{"type":"Feature","properties":{"kind":"park","label":"공원","name":"오정대공원","area":45397},"geometry":{"type":"Point","coordinates":[126.794611,37.530125]}},{"type":"Feature","properties":{"kind":"park_area","name":"오정대공원"},"geometry":{"type":"Polygon","coordinates":[[[126.79478,37.53118],[126.79248,37.52957],[126.79389,37.52919],[126.79452,37.52917],[126.79453,37.52921],[126.7954,37.52922],[126.7954,37.52918],[126.79543,37.52918],[126.79543,37.52911],[126.7954,37.52911],[126.7954,37.52907],[126.7957,37.52918],[126.79598,37.52934],[126.79632,37.52955],[126.79668,37.5297],[126.79668,37.52972],[126.79668,37.52973],[126.79668,37.52974],[126.79669,37.52975],[126.79669,37.52976],[126.7967,37.52977],[126.79672,37.52978],[126.79673,37.52979],[126.79674,37.5298],[126.79668,37.52987],[126.79601,37.53027],[126.79583,37.53045],[126.79565,37.53053],[126.79547,37.53057],[126.79478,37.53118],[126.79478,37.53118]]]}},{"type":"Feature","properties":{"kind":"park","label":"공원","name":"지도공원","area":165960},"geometry":{"type":"Point","coordinates":[126.8283,37.623996]}},{"type":"Feature","properties":{"kind":"park_area","name":"지도공원"},"geometry":{"type":"Polygon","coordinates":[[[126.82579,37.62449],[126.82592,37.62419],[126.82621,37.62412],[126.82625,37.62408],[126.82657,37.62374],[126.82655,37.62363],[126.82627,37.6234],[126.82635,37.62336],[126.82645,37.62334],[126.82649,37.62336],[126.82698,37.62301],[126.82718,37.62317],[126.82742,37.62297],[126.82716,37.62275],[126.82729,37.62264],[126.82709,37.62244],[126.8272,37.62234],[126.82668,37.62175],[126.82648,37.62096],[126.82744,37.62073],[126.82767,37.62132],[126.82777,37.62182],[126.82789,37.62182],[126.82792,37.62193],[126.82801,37.62192],[126.82813,37.62214],[126.82828,37.6221],[126.82835,37.62189],[126.82853,37.62186],[126.82838,37.62099],[126.8289,37.62095],[126.82895,37.62104],[126.82914,37.62113],[126.82928,37.62113],[126.82982,37.62114],[126.8298,37.62214],[126.8278,37.62369],[126.82777,37.62385],[126.82806,37.62416],[126.82811,37.62421],[126.82893,37.62484],[126.82918,37.62487],[126.8293,37.62483],[126.83051,37.62388],[126.83074,37.62444],[126.83077,37.62452],[126.83079,37.62458],[126.83081,37.62549],[126.83053,37.626],[126.8306,37.62643],[126.83008,37.62666],[126.8297,37.62677],[126.82819,37.62726],[126.82813,37.62722],[126.82795,37.62708],[126.82786,37.627],[126.82776,37.6269],[126.82756,37.6267],[126.82754,37.62668],[126.82722,37.6265],[126.82662,37.6264],[126.82664,37.62635],[126.82678,37.62594],[126.82666,37.62577],[126.82622,37.62568],[126.82636,37.62517],[126.82646,37.6248],[126.82635,37.62467],[126.82625,37.62457],[126.82579,37.62449],[126.82579,37.62449]]]}},{"type":"Feature","properties":{"kind":"park","label":"공원","name":"철망산 근린공원","area":99572},"geometry":{"type":"Point","coordinates":[126.871593,37.466004]}},{"type":"Feature","properties":{"kind":"park_area","name":"철망산 근린공원"},"geometry":{"type":"Polygon","coordinates":[[[126.86917,37.46628],[126.86984,37.46637],[126.87012,37.46672],[126.86999,37.46721],[126.87196,37.46769],[126.87277,37.46698],[126.87351,37.46745],[126.87377,37.46753],[126.87388,37.46748],[126.87402,37.46718],[126.87363,37.46643],[126.87337,37.4662],[126.87325,37.46611],[126.8731,37.46566],[126.8729,37.4652],[126.8726,37.46488],[126.87242,37.46474],[126.87228,37.46463],[126.87189,37.46447],[126.87177,37.46436],[126.87141,37.46431],[126.8713,37.46434],[126.87111,37.46437],[126.87075,37.46442],[126.87049,37.46451],[126.87019,37.46471],[126.86996,37.46489],[126.86973,37.4651],[126.8696,37.4653],[126.86951,37.46544],[126.86927,37.46596],[126.86917,37.46628],[126.86917,37.46628]]]}},{"type":"Feature","properties":{"kind":"park","label":"공원","name":"삼송창릉천수변공원","area":431484},"geometry":{"type":"Point","coordinates":[126.888908,37.646381]}},{"type":"Feature","properties":{"kind":"park_area","name":"삼송창릉천수변공원"},"geometry":{"type":"Polygon","coordinates":[[[126.87973,37.64096],[126.87814,37.64162],[126.8776,37.64106],[126.87714,37.64089],[126.87646,37.64108],[126.87688,37.64219],[126.87748,37.64311],[126.87861,37.64421],[126.87893,37.64454],[126.8791,37.64469],[126.87907,37.64521],[126.87864,37.64581],[126.87944,37.64653],[126.8796,37.64667],[126.87981,37.64682],[126.88026,37.64705],[126.88152,37.64665],[126.88262,37.64707],[126.8839,37.64755],[126.88467,37.64808],[126.88485,37.64813],[126.88466,37.64847],[126.88546,37.64864],[126.8861,37.6488],[126.88715,37.64915],[126.88804,37.64945],[126.88881,37.64974],[126.88893,37.64978],[126.88938,37.64961],[126.88949,37.64965],[126.88996,37.64982],[126.8945,37.65144],[126.89496,37.65161],[126.89587,37.65188],[126.89612,37.65192],[126.89654,37.65195],[126.89705,37.65192],[126.89774,37.65184],[126.90031,37.65122],[126.90104,37.65017],[126.90085,37.65018],[126.89874,37.65056],[126.89822,37.65062],[126.89759,37.65068],[126.89742,37.6507],[126.89763,37.65062],[126.89681,37.65065],[126.89645,37.6507],[126.89536,37.65043],[126.89505,37.65032],[126.89332,37.6497],[126.89034,37.64863],[126.89014,37.64857],[126.88995,37.6485],[126.88839,37.64794],[126.8876,37.64766],[126.88674,37.64735],[126.88617,37.64714],[126.88556,37.64683],[126.88543,37.64676],[126.88528,37.64666],[126.88348,37.64546],[126.88224,37.64465],[126.88177,37.64432],[126.88145,37.64416],[126.88098,37.64386],[126.88065,37.6436],[126.88033,37.64342],[126.88043,37.6433],[126.87979,37.64261],[126.87971,37.642],[126.87979,37.64158],[126.87974,37.64102],[126.87973,37.64096]]]}},{"type":"Feature","properties":{"kind":"park","label":"공원","name":"호수공원","area":73439},"geometry":{"type":"Point","coordinates":[126.771671,37.647292]}},{"type":"Feature","properties":{"kind":"park_area","name":"호수공원"},"geometry":{"type":"Polygon","coordinates":[[[126.76701,37.65017],[126.76671,37.64988],[126.77614,37.64441],[126.77663,37.64481],[126.77664,37.64481],[126.77531,37.64582],[126.77497,37.6461],[126.77464,37.64644],[126.77402,37.64711],[126.77347,37.64778],[126.77299,37.64757],[126.7728,37.64751],[126.77259,37.64746],[126.77237,37.64742],[126.77217,37.64742],[126.77195,37.64745],[126.77175,37.6475],[126.77156,37.64757],[126.77139,37.64767],[126.76897,37.64905],[126.76701,37.65017],[126.76701,37.65017]]]}},{"type":"Feature","properties":{"kind":"park","label":"공원","name":"백마공원","area":35942},"geometry":{"type":"Point","coordinates":[126.791276,37.656859]}},{"type":"Feature","properties":{"kind":"park_area","name":"백마공원"},"geometry":{"type":"Polygon","coordinates":[[[126.78915,37.65644],[126.78924,37.65631],[126.78924,37.65629],[126.78926,37.65627],[126.7893,37.65621],[126.78932,37.65617],[126.78933,37.65615],[126.78934,37.65613],[126.78937,37.65608],[126.78978,37.65623],[126.79012,37.65634],[126.79076,37.65657],[126.79083,37.65659],[126.79089,37.65661],[126.79138,37.65678],[126.79183,37.65597],[126.79203,37.65562],[126.79222,37.65531],[126.79229,37.6552],[126.7929,37.65419],[126.79299,37.65422],[126.79312,37.65426],[126.79268,37.65504],[126.79252,37.65534],[126.79235,37.65563],[126.79225,37.6558],[126.79211,37.65606],[126.79206,37.65613],[126.79165,37.65687],[126.79206,37.65703],[126.79211,37.65705],[126.79216,37.65707],[126.79293,37.65737],[126.79298,37.65739],[126.7933,37.65751],[126.79364,37.65765],[126.79358,37.65774],[126.79349,37.65789],[126.79341,37.65802],[126.79308,37.6579],[126.79305,37.65789],[126.79301,37.65788],[126.79233,37.65766],[126.79199,37.65754],[126.7919,37.65751],[126.79178,37.65747],[126.79114,37.65722],[126.79102,37.65717],[126.79081,37.65709],[126.79064,37.65702],[126.79062,37.65704],[126.79043,37.65739],[126.7902,37.65781],[126.79002,37.65809],[126.78987,37.65834],[126.78973,37.65858],[126.78934,37.65921],[126.78919,37.65945],[126.78915,37.65953],[126.78902,37.65948],[126.78891,37.65944],[126.78894,37.65939],[126.78909,37.65914],[126.78919,37.65896],[126.78947,37.65847],[126.78951,37.65841],[126.79,37.65756],[126.79036,37.65694],[126.79036,37.65693],[126.7904,37.65687],[126.79004,37.65674],[126.79001,37.65673],[126.78997,37.65672],[126.78966,37.65662],[126.7895,37.65656],[126.78935,37.6565],[126.78915,37.65644],[126.78915,37.65644]]]}},{"type":"Feature","properties":{"kind":"park","label":"공원","name":"장자호수공원","area":40602},"geometry":{"type":"Point","coordinates":[127.141083,37.585917]}},{"type":"Feature","properties":{"kind":"park_area","name":"장자호수공원"},"geometry":{"type":"Polygon","coordinates":[[[127.14014,37.58753],[127.14209,37.58721],[127.14206,37.58696],[127.142,37.58651],[127.14201,37.58599],[127.14198,37.58495],[127.1416,37.58444],[127.14154,37.58504],[127.14151,37.58582],[127.14151,37.58634],[127.14148,37.58645],[127.14145,37.58653],[127.14139,37.58659],[127.14133,37.58661],[127.1412,37.58662],[127.14111,37.58662],[127.14074,37.58652],[127.14067,37.58649],[127.14063,37.58646],[127.14061,37.58642],[127.14062,37.58636],[127.14067,37.58623],[127.14076,37.58607],[127.14092,37.58577],[127.14104,37.5853],[127.14111,37.58464],[127.14061,37.58461],[127.1406,37.58441],[127.14045,37.5843],[127.14008,37.58453],[127.14008,37.58472],[127.1401,37.58645],[127.14012,37.58726],[127.14014,37.58753],[127.14014,37.58753]]]}},{"type":"Feature","properties":{"kind":"park","label":"공원","name":"장자호수공원","area":106630},"geometry":{"type":"Point","coordinates":[127.135659,37.581885]}},{"type":"Feature","properties":{"kind":"park_area","name":"장자호수공원"},"geometry":{"type":"Polygon","coordinates":[[[127.14061,37.58461],[127.1406,37.58441],[127.14045,37.5843],[127.14027,37.58422],[127.14022,37.58417],[127.14012,37.58414],[127.13976,37.58399],[127.13979,37.58388],[127.13948,37.58379],[127.13913,37.58365],[127.13888,37.58359],[127.13881,37.58342],[127.13817,37.58311],[127.13787,37.58292],[127.13786,37.58277],[127.13777,37.58268],[127.13744,37.58236],[127.13722,37.58214],[127.13657,37.58198],[127.13591,37.58182],[127.13541,37.58171],[127.13502,37.58165],[127.13446,37.5816],[127.13411,37.58163],[127.1338,37.5816],[127.13365,37.58157],[127.13324,37.58134],[127.13302,37.58132],[127.13288,37.58132],[127.13272,37.58119],[127.13235,37.58115],[127.13215,37.58112],[127.13185,37.58107],[127.13158,37.58097],[127.1305,37.58062],[127.13021,37.58045],[127.13051,37.58023],[127.13066,37.58006],[127.13074,37.57978],[127.13079,37.57955],[127.13109,37.57913],[127.13168,37.57921],[127.13222,37.57933],[127.13251,37.57942],[127.13273,37.57953],[127.13312,37.5797],[127.13332,37.57987],[127.1337,37.58009],[127.13426,37.5804],[127.13432,37.58044],[127.13431,37.58057],[127.13426,37.58067],[127.13431,37.5807],[127.13439,37.5806],[127.13442,37.58047],[127.13448,37.5805],[127.13465,37.58061],[127.13494,37.58076],[127.13515,37.58097],[127.13533,37.58105],[127.13726,37.58177],[127.13728,37.58178],[127.13772,37.5819],[127.13815,37.58216],[127.13838,37.5821],[127.13861,37.58212],[127.13884,37.58223],[127.13911,37.58256],[127.13926,37.58268],[127.13945,37.58277],[127.13953,37.58282],[127.13958,37.58289],[127.13963,37.58299],[127.13968,37.58315],[127.13974,37.58326],[127.13995,37.58348],[127.14007,37.58357],[127.14022,37.58365],[127.14045,37.58375],[127.14061,37.58381],[127.14065,37.58383],[127.14068,37.58386],[127.1408,37.58398],[127.141,37.58427],[127.14108,37.58443],[127.14111,37.58464],[127.14061,37.58461],[127.14061,37.58461]]]}},{"type":"Feature","properties":{"kind":"park","label":"공원","name":"소리공원","area":37376},"geometry":{"type":"Point","coordinates":[127.119789,37.481668]}},{"type":"Feature","properties":{"kind":"park_area","name":"소리공원"},"geometry":{"type":"Polygon","coordinates":[[[127.11803,37.48139],[127.11862,37.48045],[127.12032,37.48118],[127.12048,37.48119],[127.12155,37.48171],[127.12098,37.48289],[127.12025,37.4826],[127.11932,37.48185],[127.11803,37.48139],[127.11803,37.48139]]]}},{"type":"Feature","properties":{"kind":"park","label":"공원","name":"산책로","area":66033},"geometry":{"type":"Point","coordinates":[126.87525,37.480209]}},{"type":"Feature","properties":{"kind":"park_area","name":"산책로"},"geometry":{"type":"Polygon","coordinates":[[[126.87775,37.47591],[126.87777,37.47573],[126.87773,37.47572],[126.87775,37.47556],[126.87767,37.47554],[126.87744,37.4754],[126.87738,37.4755],[126.87732,37.4755],[126.87613,37.47742],[126.87567,37.47836],[126.87491,37.47988],[126.87424,37.48124],[126.87352,37.4828],[126.87308,37.48398],[126.87273,37.48498],[126.87324,37.48502],[126.8735,37.48429],[126.87363,37.48432],[126.87403,37.48335],[126.87475,37.48176],[126.87528,37.48059],[126.87595,37.47921],[126.8764,37.47837],[126.87696,37.47737],[126.87775,37.47591],[126.87775,37.47591]]]}},{"type":"Feature","properties":{"kind":"park","label":"공원","name":"인창중앙공원","area":73582},"geometry":{"type":"Point","coordinates":[127.137203,37.606169]}},{"type":"Feature","properties":{"kind":"park_area","name":"인창중앙공원"},"geometry":{"type":"Polygon","coordinates":[[[127.13558,37.6086],[127.13544,37.60863],[127.13535,37.60856],[127.13506,37.60847],[127.13509,37.60837],[127.1353,37.60812],[127.13552,37.60779],[127.13572,37.60758],[127.13595,37.60747],[127.13618,37.6071],[127.13621,37.607],[127.13613,37.60688],[127.13544,37.60674],[127.1354,37.60669],[127.13554,37.60639],[127.1356,37.60626],[127.13583,37.60594],[127.13636,37.6052],[127.1368,37.60481],[127.13705,37.60463],[127.13814,37.60391],[127.13816,37.60392],[127.13875,37.6037],[127.13922,37.60374],[127.13935,37.60399],[127.13933,37.60425],[127.13899,37.60462],[127.13857,37.60497],[127.13838,37.60498],[127.1381,37.605],[127.13787,37.60519],[127.13778,37.6056],[127.13763,37.60628],[127.13761,37.60639],[127.1375,37.60654],[127.13744,37.60686],[127.13743,37.60713],[127.13732,37.60747],[127.13719,37.60765],[127.13694,37.60789],[127.13663,37.60804],[127.13627,37.60819],[127.13591,37.60842],[127.13558,37.6086],[127.13558,37.6086]]]}},{"type":"Feature","properties":{"kind":"park","label":"공원","name":"구리한강시민공원","area":225079},"geometry":{"type":"Point","coordinates":[127.142318,37.57508]}},{"type":"Feature","properties":{"kind":"park_area","name":"구리한강시민공원"},"geometry":{"type":"Polygon","coordinates":[[[127.15179,37.57687],[127.15182,37.57686],[127.15182,37.57683],[127.15113,37.57651],[127.15051,37.57621],[127.14996,37.57601],[127.14964,37.57588],[127.14921,37.57574],[127.14887,37.57565],[127.14857,37.57558],[127.14834,37.57552],[127.14757,37.57536],[127.14685,37.57524],[127.14662,37.57521],[127.14491,37.57499],[127.14266,37.57499],[127.1414,37.575],[127.14086,37.57498],[127.13992,37.57492],[127.13933,37.57487],[127.13858,37.57478],[127.13782,37.57465],[127.13741,37.57456],[127.13655,37.57436],[127.13543,37.57405],[127.13483,37.57384],[127.1334,37.57329],[127.13281,37.57456],[127.13347,37.5748],[127.13447,37.57515],[127.13493,37.57535],[127.13616,37.57576],[127.1372,37.57603],[127.13836,37.57626],[127.13973,37.57642],[127.14117,37.57648],[127.14172,37.57641],[127.14313,37.57643],[127.14395,37.57652],[127.1446,37.57649],[127.14521,37.57649],[127.14597,37.57648],[127.14601,37.57648],[127.14627,37.57638],[127.1485,37.57636],[127.14883,37.57638],[127.14934,37.57641],[127.1501,37.57648],[127.15037,37.57652],[127.15084,37.5766],[127.15107,37.57665],[127.15124,37.57668],[127.15146,37.57676],[127.15179,37.57687],[127.15179,37.57687]]]}},{"type":"Feature","properties":{"kind":"park","label":"공원","name":"백만송이장미공원","area":74881},"geometry":{"type":"Point","coordinates":[126.792108,37.515724]}},{"type":"Feature","properties":{"kind":"park_area","name":"백만송이장미공원"},"geometry":{"type":"Polygon","coordinates":[[[126.79529,37.51756],[126.7931,37.51705],[126.79313,37.51693],[126.79289,37.51686],[126.7915,37.51648],[126.7913,37.51662],[126.79037,37.51633],[126.79,37.51627],[126.78893,37.5159],[126.78921,37.5157],[126.78941,37.51547],[126.78951,37.51478],[126.79,37.51409],[126.79116,37.51389],[126.79269,37.51594],[126.79309,37.51634],[126.79374,37.51677],[126.7944,37.51701],[126.79489,37.51708],[126.79529,37.51756],[126.79529,37.51756]]]}},{"type":"Feature","properties":{"kind":"park","label":"공원","name":"난지한강공원","area":673370},"geometry":{"type":"Point","coordinates":[126.877994,37.5666]}},{"type":"Feature","properties":{"kind":"park_area","name":"난지한강공원"},"geometry":{"type":"Polygon","coordinates":[[[126.89214,37.55921],[126.89169,37.5587],[126.89073,37.55841],[126.8899,37.55847],[126.88935,37.5587],[126.88881,37.55902],[126.88857,37.55915],[126.88711,37.55999],[126.88702,37.56002],[126.88695,37.56005],[126.8869,37.5601],[126.8868,37.56016],[126.88595,37.56067],[126.88541,37.56097],[126.88506,37.56117],[126.88505,37.56122],[126.88504,37.56126],[126.885,37.5613],[126.88496,37.5613],[126.88491,37.56125],[126.88486,37.56127],[126.88481,37.56131],[126.88482,37.56135],[126.88507,37.56164],[126.88508,37.56169],[126.88502,37.56175],[126.88485,37.56188],[126.8846,37.56199],[126.8843,37.56205],[126.8841,37.56206],[126.88387,37.56204],[126.88365,37.56197],[126.88354,37.56203],[126.88317,37.56225],[126.8822,37.56283],[126.88147,37.5632],[126.88076,37.56348],[126.88004,37.56366],[126.87974,37.56374],[126.87861,37.56409],[126.87838,37.56418],[126.87807,37.56429],[126.87642,37.56477],[126.87534,37.56533],[126.87414,37.56617],[126.87312,37.56708],[126.87241,37.56787],[126.8719,37.56839],[126.86959,37.57014],[126.86844,37.57073],[126.86774,37.57075],[126.86745,37.57079],[126.86726,37.57106],[126.86683,37.57148],[126.86611,37.57194],[126.86567,37.57228],[126.86521,37.57255],[126.86459,37.57288],[126.86417,37.57309],[126.86528,37.57479],[126.87252,37.57065],[126.87412,37.56977],[126.87701,37.56808],[126.87883,37.56709],[126.8839,37.56412],[126.8868,37.56235],[126.88902,37.5609],[126.89006,37.56048],[126.8912,37.55988],[126.89203,37.55933],[126.89214,37.55921]]]}},{"type":"Feature","properties":{"kind":"park","label":"공원","name":"하늘공원","area":714611},"geometry":{"type":"Point","coordinates":[126.885473,37.568211]}},{"type":"Feature","properties":{"kind":"park_area","name":"하늘공원"},"geometry":{"type":"Polygon","coordinates":[[[126.88365,37.57385],[126.88346,37.57381],[126.88344,37.57371],[126.88341,37.573],[126.88331,37.57254],[126.88323,37.57238],[126.88287,37.57193],[126.88191,37.57087],[126.88085,37.5696],[126.88029,37.56897],[126.87928,37.56782],[126.87906,37.56758],[126.87909,37.5675],[126.88097,37.56632],[126.88536,37.56384],[126.8869,37.56306],[126.88739,37.56274],[126.88763,37.56263],[126.8878,37.56258],[126.88807,37.56257],[126.88837,37.56262],[126.88857,37.56269],[126.88879,37.56285],[126.88968,37.56369],[126.89036,37.56432],[126.89146,37.56562],[126.89172,37.56588],[126.89189,37.56606],[126.89146,37.56639],[126.89147,37.5665],[126.89144,37.56659],[126.89132,37.56682],[126.89067,37.56776],[126.89029,37.56831],[126.88993,37.56886],[126.88943,37.56958],[126.88922,37.56982],[126.8888,37.57015],[126.88838,37.57041],[126.88807,37.57068],[126.88768,37.57093],[126.88743,37.57106],[126.88733,37.57109],[126.88703,37.5712],[126.88679,37.57123],[126.88654,37.57132],[126.88571,37.57178],[126.88529,37.57211],[126.88491,37.5724],[126.88467,37.57256],[126.8846,37.57265],[126.8845,37.57277],[126.88437,37.57303],[126.88428,37.57324],[126.88427,37.57338],[126.88395,37.57363],[126.88365,37.57385],[126.88365,37.57385]]]}},{"type":"Feature","properties":{"kind":"park","label":"공원","name":"충장근린체육공원","area":42581},"geometry":{"type":"Point","coordinates":[126.824961,37.614417]}},{"type":"Feature","properties":{"kind":"park_area","name":"충장근린체육공원"},"geometry":{"type":"Polygon","coordinates":[[[126.82322,37.61478],[126.82318,37.61466],[126.82342,37.61454],[126.82417,37.61401],[126.82498,37.61344],[126.82535,37.61318],[126.82604,37.61295],[126.82674,37.61349],[126.82527,37.61483],[126.8247,37.6153],[126.82393,37.61588],[126.82322,37.61478],[126.82322,37.61478]]]}},{"type":"Feature","properties":{"kind":"park","label":"공원","name":"고양 근린공원","area":32509},"geometry":{"type":"Point","coordinates":[126.900442,37.705373]}},{"type":"Feature","properties":{"kind":"park_area","name":"고양 근린공원"},"geometry":{"type":"Polygon","coordinates":[[[126.89897,37.70587],[126.89952,37.706],[126.89966,37.70604],[126.90066,37.70627],[126.90077,37.70597],[126.90171,37.70553],[126.90191,37.70532],[126.90188,37.70502],[126.9016,37.70499],[126.90145,37.70485],[126.90084,37.70471],[126.9006,37.70449],[126.89987,37.70448],[126.8993,37.70501],[126.89897,37.70587],[126.89897,37.70587]]]}},{"type":"Feature","properties":{"kind":"park","label":"공원","name":"미사누리공원1호","area":40648},"geometry":{"type":"Point","coordinates":[127.189724,37.574493]}},{"type":"Feature","properties":{"kind":"park_area","name":"미사누리공원1호"},"geometry":{"type":"Polygon","coordinates":[[[127.18744,37.57496],[127.18738,37.57485],[127.18727,37.57461],[127.18713,37.57423],[127.18705,37.57395],[127.18699,37.57362],[127.18687,37.57304],[127.18674,37.57242],[127.18748,37.57231],[127.1876,37.57328],[127.18783,37.57415],[127.18806,37.57474],[127.18823,37.57489],[127.19046,37.57461],[127.19122,37.57283],[127.19137,37.57286],[127.19101,37.57369],[127.19064,37.57454],[127.19081,37.57468],[127.19271,37.57519],[127.19266,37.57531],[127.19049,37.57471],[127.18826,37.57501],[127.18873,37.57564],[127.18915,37.57609],[127.18966,37.57656],[127.18952,37.57657],[127.18926,37.5766],[127.18869,37.57667],[127.18816,37.57597],[127.18776,37.57545],[127.18754,37.57513],[127.18749,37.57504],[127.18744,37.57496],[127.18744,37.57496]]]}},{"type":"Feature","properties":{"kind":"park","label":"공원","name":"미사누리공원2호","area":53833},"geometry":{"type":"Point","coordinates":[127.187921,37.569537]}},{"type":"Feature","properties":{"kind":"park_area","name":"미사누리공원2호"},"geometry":{"type":"Polygon","coordinates":[[[127.18682,37.57213],[127.18669,37.57214],[127.18668,37.57208],[127.18637,37.57035],[127.18635,37.57021],[127.18629,37.56941],[127.18623,37.56817],[127.1862,37.56809],[127.1862,37.56805],[127.18627,37.56734],[127.18629,37.56694],[127.18677,37.56693],[127.18703,37.56698],[127.1874,37.567],[127.18763,37.56696],[127.18795,37.56701],[127.18786,37.56719],[127.18752,37.56797],[127.18718,37.56899],[127.18717,37.56971],[127.18726,37.57007],[127.18801,37.56998],[127.1887,37.56989],[127.18935,37.56988],[127.18965,37.5699],[127.18961,37.56999],[127.18897,37.56998],[127.18755,37.57016],[127.18723,37.5702],[127.18729,37.57086],[127.18741,37.57208],[127.1873,37.57209],[127.18682,37.57213],[127.18682,37.57213]]]}},{"type":"Feature","properties":{"kind":"park","label":"공원","name":"초안산근린공원","area":38067},"geometry":{"type":"Point","coordinates":[127.041252,37.648201]}},{"type":"Feature","properties":{"kind":"park_area","name":"초안산근린공원"},"geometry":{"type":"Polygon","coordinates":[[[127.03996,37.64866],[127.04002,37.64873],[127.0401,37.64878],[127.04014,37.64883],[127.04017,37.64891],[127.04023,37.64897],[127.04031,37.64902],[127.04039,37.64904],[127.04045,37.64907],[127.0405,37.64912],[127.0406,37.64914],[127.04072,37.64913],[127.04079,37.64909],[127.04089,37.64907],[127.041,37.64901],[127.04104,37.649],[127.04114,37.64907],[127.0412,37.64909],[127.04123,37.64911],[127.04127,37.6492],[127.04144,37.64938],[127.04167,37.64958],[127.04172,37.64953],[127.04185,37.6494],[127.04223,37.64907],[127.04261,37.6488],[127.04267,37.64876],[127.04248,37.64862],[127.0423,37.64861],[127.0422,37.64857],[127.04167,37.64809],[127.04181,37.64794],[127.0416,37.64783],[127.04148,37.64777],[127.04145,37.64774],[127.04142,37.64772],[127.04141,37.64767],[127.04134,37.6476],[127.04128,37.64755],[127.04121,37.64745],[127.04118,37.64747],[127.04116,37.64744],[127.04102,37.64727],[127.041,37.64726],[127.04101,37.64725],[127.04098,37.6472],[127.04088,37.64713],[127.04077,37.64707],[127.04067,37.64699],[127.04059,37.64691],[127.04022,37.64687],[127.04005,37.64682],[127.04004,37.6469],[127.04006,37.64695],[127.04004,37.64704],[127.04005,37.64712],[127.04006,37.64721],[127.04015,37.64736],[127.04009,37.6474],[127.04006,37.64743],[127.04005,37.64747],[127.04005,37.6475],[127.04003,37.64757],[127.03997,37.64756],[127.03995,37.6476],[127.03993,37.64764],[127.03995,37.64771],[127.03993,37.6478],[127.03997,37.64784],[127.04009,37.64787],[127.04013,37.6479],[127.03997,37.64794],[127.03987,37.648],[127.03984,37.64806],[127.03984,37.64813],[127.03985,37.64819],[127.03985,37.64825],[127.0399,37.64831],[127.03993,37.64834],[127.0399,37.64839],[127.03988,37.64846],[127.03989,37.64852],[127.0399,37.64858],[127.03996,37.64866],[127.03996,37.64866]]]}},{"type":"Feature","properties":{"kind":"park","label":"공원","name":"북서울 꿈의 숲","area":115535},"geometry":{"type":"Point","coordinates":[127.041158,37.620938]}},{"type":"Feature","properties":{"kind":"park_area","name":"북서울 꿈의 숲"},"geometry":{"type":"Polygon","coordinates":[[[127.04279,37.61798],[127.04266,37.61829],[127.04281,37.61862],[127.04302,37.61878],[127.04306,37.61894],[127.04328,37.61913],[127.04359,37.61928],[127.04361,37.61954],[127.04319,37.61979],[127.04287,37.61977],[127.04277,37.61965],[127.04257,37.6198],[127.04234,37.61994],[127.04237,37.62007],[127.0424,37.62024],[127.0421,37.62039],[127.04174,37.62045],[127.04139,37.6204],[127.04114,37.62048],[127.04115,37.62069],[127.04113,37.62088],[127.04098,37.62086],[127.04061,37.6209],[127.04034,37.62102],[127.04024,37.62118],[127.04006,37.62127],[127.03999,37.62146],[127.03981,37.6216],[127.03924,37.62192],[127.03928,37.622],[127.03853,37.62181],[127.03837,37.62208],[127.03812,37.62198],[127.03801,37.62197],[127.03794,37.6221],[127.03785,37.62217],[127.03777,37.62228],[127.03779,37.62254],[127.0378,37.62287],[127.03779,37.62304],[127.03776,37.62324],[127.03773,37.62347],[127.03864,37.62386],[127.03885,37.62389],[127.03904,37.62385],[127.03908,37.62378],[127.03914,37.62357],[127.03928,37.62326],[127.03937,37.62318],[127.03964,37.62305],[127.03969,37.62293],[127.03975,37.62289],[127.04,37.62267],[127.04021,37.62257],[127.04056,37.62258],[127.0409,37.62259],[127.04141,37.62265],[127.042,37.62244],[127.04248,37.62204],[127.04276,37.62182],[127.04303,37.62113],[127.0432,37.62102],[127.04336,37.62078],[127.04372,37.62047],[127.04397,37.62044],[127.0442,37.62052],[127.04446,37.62066],[127.04441,37.62044],[127.04451,37.62026],[127.04446,37.61997],[127.04448,37.61988],[127.04449,37.61971],[127.04432,37.61938],[127.04402,37.61899],[127.04334,37.61837],[127.04279,37.61798]]]}},{"type":"Feature","properties":{"kind":"park","label":"공원","name":"올림푸스 놀이공원","area":114612},"geometry":{"type":"Point","coordinates":[126.807158,37.681965]}},{"type":"Feature","properties":{"kind":"park_area","name":"올림푸스 놀이공원"},"geometry":{"type":"Polygon","coordinates":[[[126.80661,37.68467],[126.80703,37.68475],[126.80711,37.6847],[126.80714,37.68464],[126.80718,37.68456],[126.80723,37.68446],[126.80746,37.684],[126.80767,37.6837],[126.80785,37.68352],[126.80799,37.68338],[126.80673,37.68152],[126.80983,37.6805],[126.80967,37.68019],[126.80956,37.67989],[126.80949,37.67964],[126.80945,37.67942],[126.80919,37.67924],[126.80885,37.67918],[126.80824,37.67927],[126.80803,37.6795],[126.80787,37.67991],[126.80695,37.6802],[126.80665,37.68053],[126.80614,37.68113],[126.80582,37.68145],[126.80538,37.68172],[126.80472,37.68202],[126.80458,37.68218],[126.80449,37.68235],[126.80453,37.68248],[126.80464,37.68263],[126.80484,37.68275],[126.80501,37.68298],[126.80509,37.68327],[126.80503,37.6838],[126.80515,37.684],[126.80532,37.68406],[126.80559,37.68398],[126.80573,37.68399],[126.80582,37.68406],[126.80576,37.68421],[126.80581,37.68445],[126.80585,37.68452],[126.80593,37.68461],[126.8061,37.68463],[126.80661,37.68467],[126.80661,37.68467]]]}},{"type":"Feature","properties":{"kind":"park","label":"공원","name":"초안산생태공원","area":84167},"geometry":{"type":"Point","coordinates":[127.045958,37.646646]}},{"type":"Feature","properties":{"kind":"park_area","name":"초안산생태공원"},"geometry":{"type":"Polygon","coordinates":[[[127.04459,37.64617],[127.04456,37.64599],[127.04453,37.64586],[127.04451,37.64576],[127.04449,37.64569],[127.04438,37.64559],[127.04419,37.64558],[127.04414,37.64557],[127.04451,37.64476],[127.04457,37.64463],[127.0447,37.6446],[127.04485,37.64456],[127.04497,37.6446],[127.04501,37.64462],[127.04505,37.64479],[127.04533,37.64485],[127.04537,37.64495],[127.04562,37.64503],[127.04559,37.64511],[127.04637,37.64533],[127.04702,37.64571],[127.04778,37.64592],[127.04778,37.64622],[127.04737,37.64668],[127.04741,37.64677],[127.04731,37.647],[127.04691,37.64794],[127.04687,37.64825],[127.04669,37.64836],[127.04641,37.64866],[127.04618,37.64861],[127.04601,37.64862],[127.0459,37.64863],[127.04581,37.64865],[127.04548,37.64864],[127.04509,37.64866],[127.04501,37.64873],[127.04465,37.64849],[127.04474,37.64836],[127.04473,37.64827],[127.04495,37.6477],[127.0451,37.64747],[127.0451,37.64738],[127.04509,37.64729],[127.04508,37.6472],[127.04484,37.64719],[127.04486,37.64699],[127.04488,37.64687],[127.04504,37.64687],[127.04516,37.64677],[127.04519,37.64665],[127.04523,37.64655],[127.04521,37.64646],[127.04513,37.64639],[127.04503,37.64637],[127.04488,37.64644],[127.04471,37.64652],[127.04467,37.64644],[127.04459,37.64634],[127.04458,37.64625],[127.04459,37.64617],[127.04459,37.64617]]]}},{"type":"Feature","properties":{"kind":"park","label":"공원","name":"마들근린공원","area":64269},"geometry":{"type":"Point","coordinates":[127.058569,37.643928]}},{"type":"Feature","properties":{"kind":"park_area","name":"마들근린공원"},"geometry":{"type":"Polygon","coordinates":[[[127.05734,37.6453],[127.05843,37.64513],[127.05862,37.6451],[127.05872,37.64509],[127.06079,37.64482],[127.06077,37.64415],[127.05934,37.64366],[127.05704,37.64288],[127.05709,37.64277],[127.05634,37.64255],[127.05663,37.64356],[127.05708,37.64517],[127.05734,37.6453],[127.05734,37.6453]]]}},{"type":"Feature","properties":{"kind":"park","label":"공원","name":"버들공원","area":89386},"geometry":{"type":"Point","coordinates":[126.824908,37.462633]}},{"type":"Feature","properties":{"kind":"park_area","name":"버들공원"},"geometry":{"type":"Polygon","coordinates":[[[126.82952,37.46605],[126.82958,37.46608],[126.82965,37.46607],[126.83065,37.46565],[126.83091,37.46558],[126.83101,37.46546],[126.831,37.46527],[126.83096,37.46498],[126.83091,37.46492],[126.83011,37.46476],[126.82948,37.46455],[126.82881,37.4642],[126.82794,37.46352],[126.82768,37.46326],[126.82735,37.4628],[126.82719,37.46248],[126.82675,37.46184],[126.82666,37.46167],[126.82659,37.46143],[126.8266,37.46129],[126.8264,37.46078],[126.82641,37.46047],[126.82604,37.45953],[126.82583,37.45948],[126.82536,37.45919],[126.82515,37.45929],[126.82468,37.45971],[126.82516,37.46035],[126.8253,37.46049],[126.82529,37.46064],[126.82521,37.46079],[126.82503,37.461],[126.82465,37.46091],[126.8245,37.46078],[126.82395,37.46055],[126.82379,37.46036],[126.82375,37.4601],[126.82365,37.45998],[126.82328,37.45999],[126.82291,37.45985],[126.8226,37.45988],[126.82257,37.4601],[126.82257,37.46041],[126.82224,37.46049],[126.8214,37.46049],[126.82138,37.46016],[126.82138,37.45977],[126.82058,37.45978],[126.82057,37.46025],[126.82027,37.46035],[126.82027,37.46052],[126.81955,37.46103],[126.8189,37.46105],[126.81881,37.46112],[126.81951,37.46168],[126.81967,37.46153],[126.82007,37.46121],[126.8207,37.4609],[126.82135,37.46069],[126.82229,37.46057],[126.82289,37.4606],[126.82351,37.46068],[126.82403,37.46077],[126.82466,37.46095],[126.82526,37.46113],[126.82572,37.46134],[126.82597,37.4615],[126.82618,37.46165],[126.82636,37.46182],[126.82655,37.46204],[126.82952,37.46605],[126.82952,37.46605]]]}},{"type":"Feature","properties":{"kind":"park","label":"공원","name":"함박공원","area":103485},"geometry":{"type":"Point","coordinates":[126.822551,37.463551]}},{"type":"Feature","properties":{"kind":"park_area","name":"함박공원"},"geometry":{"type":"Polygon","coordinates":[[[126.82144,37.46556],[126.82208,37.46654],[126.82339,37.46598],[126.82275,37.46499],[126.82278,37.46462],[126.82295,37.4644],[126.82358,37.46396],[126.82404,37.46351],[126.8242,37.46267],[126.82401,37.4616],[126.82388,37.46151],[126.82368,37.46142],[126.82356,37.46128],[126.82353,37.46114],[126.82252,37.46096],[126.82237,37.46098],[126.82229,37.46057],[126.82135,37.46069],[126.82135,37.46103],[126.82117,37.46107],[126.82118,37.46136],[126.82106,37.46163],[126.8209,37.46196],[126.8211,37.46225],[126.82129,37.4624],[126.82146,37.46244],[126.82194,37.46252],[126.82234,37.46264],[126.82246,37.46278],[126.82253,37.46304],[126.82242,37.46337],[126.822,37.4636],[126.82158,37.46411],[126.82151,37.46535],[126.82144,37.46556],[126.82144,37.46556]]]}},{"type":"Feature","properties":{"kind":"park","label":"공원","name":"","area":48796},"geometry":{"type":"Point","coordinates":[127.157334,37.469208]}},{"type":"Feature","properties":{"kind":"park_area","name":""},"geometry":{"type":"Polygon","coordinates":[[[127.15621,37.47042],[127.15676,37.47003],[127.15677,37.46986],[127.15689,37.46964],[127.15655,37.46945],[127.15646,37.46937],[127.15646,37.46926],[127.15631,37.4692],[127.15624,37.4692],[127.15518,37.46859],[127.15553,37.46853],[127.15618,37.46832],[127.15658,37.46799],[127.15739,37.46806],[127.1574,37.46837],[127.15782,37.46855],[127.15814,37.46825],[127.15902,37.46839],[127.15948,37.46924],[127.15885,37.46962],[127.15784,37.46983],[127.15704,37.47012],[127.15621,37.47042],[127.15621,37.47042]]]}},{"type":"Feature","properties":{"kind":"park","label":"공원","name":"중랑캠핑숲","area":188268},"geometry":{"type":"Point","coordinates":[127.111387,37.604786]}},{"type":"Feature","properties":{"kind":"park_area","name":"중랑캠핑숲"},"geometry":{"type":"Polygon","coordinates":[[[127.10843,37.60577],[127.10954,37.60601],[127.10945,37.60649],[127.10931,37.60673],[127.1095,37.60681],[127.1098,37.60687],[127.11017,37.60694],[127.11038,37.60697],[127.11068,37.60701],[127.11148,37.60711],[127.11244,37.60719],[127.11272,37.60725],[127.11305,37.60727],[127.1136,37.60729],[127.11368,37.60723],[127.11381,37.60692],[127.11371,37.60658],[127.1137,37.60623],[127.11369,37.60604],[127.11357,37.60576],[127.11353,37.60553],[127.11362,37.60534],[127.1138,37.60512],[127.11401,37.60441],[127.11375,37.60422],[127.11382,37.60384],[127.11393,37.60368],[127.11408,37.60352],[127.11417,37.60337],[127.11423,37.60317],[127.11434,37.60307],[127.11417,37.60297],[127.11299,37.60262],[127.11251,37.60257],[127.11204,37.60249],[127.11168,37.60239],[127.1113,37.60236],[127.11109,37.60228],[127.11073,37.60282],[127.11048,37.60325],[127.11006,37.60368],[127.10953,37.6043],[127.10939,37.60449],[127.10908,37.60486],[127.10878,37.60528],[127.10843,37.60577],[127.10843,37.60577]]]}},{"type":"Feature","properties":{"kind":"park","label":"공원","name":"기자촌1구역근린공원","area":42344},"geometry":{"type":"Point","coordinates":[126.935101,37.632573]}},{"type":"Feature","properties":{"kind":"park_area","name":"기자촌1구역근린공원"},"geometry":{"type":"Polygon","coordinates":[[[126.93768,37.63367],[126.93828,37.63387],[126.93879,37.63348],[126.93872,37.63273],[126.93857,37.63249],[126.93824,37.63211],[126.93765,37.63212],[126.93723,37.632],[126.93673,37.63208],[126.93645,37.63197],[126.9362,37.63202],[126.93536,37.632],[126.9351,37.63183],[126.93495,37.63156],[126.93488,37.63137],[126.93474,37.63128],[126.93414,37.63138],[126.93399,37.63129],[126.93377,37.63139],[126.93291,37.63129],[126.93247,37.63135],[126.93141,37.63141],[126.93154,37.6317],[126.93279,37.63143],[126.93394,37.6316],[126.93443,37.63219],[126.93519,37.63216],[126.9355,37.63242],[126.93578,37.6325],[126.93637,37.63251],[126.93668,37.63261],[126.93765,37.6331],[126.93781,37.63338],[126.93768,37.63367],[126.93768,37.63367]]]}},{"type":"Feature","properties":{"kind":"park","label":"공원","name":"기자촌2구역근린공원","area":42222},"geometry":{"type":"Point","coordinates":[126.93518,37.635191]}},{"type":"Feature","properties":{"kind":"park_area","name":"기자촌2구역근린공원"},"geometry":{"type":"Polygon","coordinates":[[[126.93362,37.63563],[126.9333,37.63531],[126.93358,37.63516],[126.93345,37.63498],[126.93413,37.63478],[126.93489,37.63458],[126.93606,37.63456],[126.93608,37.6342],[126.93638,37.63418],[126.93662,37.63411],[126.93693,37.63493],[126.93706,37.63557],[126.9369,37.63592],[126.93621,37.63576],[126.93553,37.63607],[126.93545,37.63621],[126.9353,37.63627],[126.93504,37.63626],[126.93488,37.63617],[126.93471,37.63567],[126.9346,37.63557],[126.93447,37.63548],[126.93399,37.63543],[126.93362,37.63563],[126.93362,37.63563]]]}},{"type":"Feature","properties":{"kind":"park","label":"공원","name":"","area":39251},"geometry":{"type":"Point","coordinates":[126.895271,37.646146]}},{"type":"Feature","properties":{"kind":"park_area","name":""},"geometry":{"type":"Polygon","coordinates":[[[126.89211,37.64535],[126.8923,37.64502],[126.89239,37.64488],[126.89244,37.6448],[126.89252,37.64482],[126.89275,37.6449],[126.89307,37.64501],[126.89351,37.64515],[126.89406,37.64535],[126.89441,37.64547],[126.89462,37.64556],[126.89484,37.64563],[126.89505,37.64571],[126.89519,37.64576],[126.89539,37.64583],[126.89598,37.64607],[126.89659,37.64629],[126.89783,37.64674],[126.89843,37.64695],[126.89826,37.64722],[126.89812,37.64749],[126.89693,37.64707],[126.89594,37.64672],[126.89585,37.64663],[126.8957,37.64656],[126.8956,37.64655],[126.89547,37.64653],[126.89371,37.64592],[126.89211,37.64535],[126.89211,37.64535]]]}},{"type":"Feature","properties":{"kind":"park","label":"공원","name":"도래울바람물공원","area":77734},"geometry":{"type":"Point","coordinates":[126.874214,37.628665]}},{"type":"Feature","properties":{"kind":"park_area","name":"도래울바람물공원"},"geometry":{"type":"Polygon","coordinates":[[[126.87436,37.63349],[126.87399,37.63365],[126.87395,37.63362],[126.87344,37.63308],[126.87351,37.63292],[126.87368,37.63252],[126.87383,37.63217],[126.87404,37.63168],[126.87423,37.63124],[126.87442,37.63078],[126.87449,37.63061],[126.87465,37.63009],[126.87469,37.62989],[126.8747,37.62963],[126.87466,37.62931],[126.8745,37.62878],[126.87441,37.6285],[126.8743,37.62817],[126.87422,37.62797],[126.87401,37.62739],[126.87395,37.6272],[126.87382,37.6268],[126.87364,37.62625],[126.87352,37.62585],[126.87339,37.62538],[126.87337,37.62533],[126.8729,37.6238],[126.87335,37.62371],[126.87353,37.62368],[126.87354,37.62378],[126.8736,37.62401],[126.87378,37.62477],[126.87435,37.62577],[126.87442,37.62614],[126.87459,37.62653],[126.87465,37.62668],[126.87471,37.6268],[126.87475,37.6269],[126.875,37.62779],[126.8755,37.62954],[126.87553,37.62989],[126.87547,37.63021],[126.87527,37.63076],[126.87514,37.63113],[126.87447,37.63296],[126.87436,37.63349],[126.87436,37.63349]]]}},{"type":"Feature","properties":{"kind":"park","label":"공원","name":"도래울석탄공원","area":111095},"geometry":{"type":"Point","coordinates":[126.866143,37.632189]}},{"type":"Feature","properties":{"kind":"park_area","name":"도래울석탄공원"},"geometry":{"type":"Polygon","coordinates":[[[126.8664,37.63347],[126.86599,37.63385],[126.86599,37.63426],[126.86582,37.63488],[126.86545,37.63461],[126.86567,37.63413],[126.86584,37.63366],[126.86623,37.6333],[126.86634,37.6331],[126.86551,37.63257],[126.8659,37.63231],[126.86541,37.6319],[126.86463,37.63191],[126.86378,37.63128],[126.86434,37.63096],[126.86445,37.63],[126.86483,37.62982],[126.86528,37.6295],[126.86584,37.62957],[126.86595,37.62973],[126.86618,37.62971],[126.86619,37.62956],[126.86697,37.62954],[126.86721,37.62991],[126.86758,37.62979],[126.86796,37.63033],[126.86844,37.63023],[126.8685,37.63049],[126.86783,37.63074],[126.86764,37.63089],[126.86751,37.63111],[126.86767,37.63178],[126.86791,37.63254],[126.86792,37.63297],[126.86755,37.63327],[126.86736,37.63329],[126.86714,37.6334],[126.86717,37.63359],[126.86724,37.63376],[126.86718,37.63396],[126.86706,37.63404],[126.86668,37.63367],[126.8664,37.63347],[126.8664,37.63347]]]}},{"type":"Feature","properties":{"kind":"park","label":"공원","name":"","area":52122},"geometry":{"type":"Point","coordinates":[127.170411,37.439372]}},{"type":"Feature","properties":{"kind":"park_area","name":""},"geometry":{"type":"Polygon","coordinates":[[[127.17061,37.44159],[127.17152,37.44129],[127.17251,37.43967],[127.17281,37.43918],[127.17082,37.4384],[127.1707,37.43843],[127.17,37.43947],[127.16993,37.4395],[127.16984,37.43949],[127.16892,37.43911],[127.16875,37.43893],[127.16876,37.43892],[127.169,37.43857],[127.16978,37.43738],[127.1692,37.43716],[127.16886,37.43767],[127.16858,37.43812],[127.16841,37.43837],[127.16801,37.43909],[127.16876,37.4394],[127.16872,37.43946],[127.17026,37.44008],[127.17089,37.43917],[127.17186,37.43955],[127.1707,37.44144],[127.17061,37.44159],[127.17061,37.44159]]]}},{"type":"Feature","properties":{"kind":"park","label":"공원","name":"다산중앙공원","area":153708},"geometry":{"type":"Point","coordinates":[127.15962,37.623305]}},{"type":"Feature","properties":{"kind":"park_area","name":"다산중앙공원"},"geometry":{"type":"Polygon","coordinates":[[[127.15587,37.62499],[127.15778,37.62494],[127.15892,37.62493],[127.15903,37.62494],[127.15915,37.62507],[127.1592,37.62595],[127.15951,37.62603],[127.15961,37.62606],[127.1598,37.62615],[127.15996,37.62626],[127.1601,37.62636],[127.16019,37.62645],[127.16044,37.62639],[127.16054,37.62634],[127.16108,37.62624],[127.16108,37.62616],[127.16097,37.62607],[127.16095,37.6259],[127.16102,37.62566],[127.161,37.62529],[127.16105,37.6251],[127.16119,37.625],[127.16134,37.62501],[127.1616,37.62509],[127.1618,37.62518],[127.16227,37.62458],[127.16237,37.62436],[127.16249,37.62407],[127.16257,37.6239],[127.16269,37.62376],[127.16295,37.62354],[127.16305,37.62343],[127.16326,37.62334],[127.16338,37.62307],[127.16337,37.62291],[127.16302,37.623],[127.16273,37.62318],[127.16263,37.62319],[127.16253,37.62313],[127.16243,37.62276],[127.16236,37.62253],[127.16243,37.62242],[127.16278,37.62226],[127.16248,37.62194],[127.16179,37.62173],[127.16216,37.62129],[127.16222,37.62126],[127.16259,37.62127],[127.16326,37.62129],[127.16333,37.62126],[127.16337,37.62119],[127.16337,37.62015],[127.16333,37.62016],[127.16283,37.62022],[127.16275,37.62023],[127.16228,37.62025],[127.16186,37.62029],[127.16137,37.62035],[127.16052,37.62046],[127.16047,37.62057],[127.1605,37.62155],[127.16049,37.62246],[127.16037,37.62255],[127.16036,37.62318],[127.16032,37.62328],[127.15881,37.6245],[127.15871,37.62453],[127.15592,37.62456],[127.15586,37.62463],[127.15587,37.62499],[127.15587,37.62499]]]}},{"type":"Feature","properties":{"kind":"park","label":"공원","name":"신라호텔 조각공원","area":38393},"geometry":{"type":"Point","coordinates":[127.005418,37.555209]}},{"type":"Feature","properties":{"kind":"park_area","name":"신라호텔 조각공원"},"geometry":{"type":"Polygon","coordinates":[[[127.00401,37.55348],[127.00283,37.5539],[127.00282,37.55395],[127.00293,37.55417],[127.00331,37.55456],[127.00404,37.55529],[127.00418,37.55543],[127.00441,37.55545],[127.00443,37.55518],[127.00525,37.55525],[127.00525,37.55529],[127.00588,37.55536],[127.00591,37.55558],[127.00588,37.55588],[127.00598,37.5559],[127.00597,37.55592],[127.0067,37.55601],[127.00655,37.55665],[127.00655,37.55669],[127.00657,37.55673],[127.00662,37.55678],[127.00668,37.55684],[127.00679,37.5569],[127.00689,37.55693],[127.00699,37.55694],[127.0071,37.55693],[127.00719,37.5569],[127.00741,37.55679],[127.00751,37.55676],[127.00763,37.55675],[127.00802,37.55677],[127.00799,37.5567],[127.00795,37.55663],[127.0079,37.55659],[127.00786,37.55656],[127.00773,37.5565],[127.00766,37.55647],[127.00762,37.55647],[127.00747,37.55651],[127.00742,37.5565],[127.00735,37.55649],[127.00723,37.55642],[127.00716,37.55636],[127.00714,37.55632],[127.00704,37.55613],[127.007,37.55601],[127.00695,37.55593],[127.00683,37.5558],[127.00682,37.55579],[127.00678,37.55577],[127.0067,37.55574],[127.0066,37.55572],[127.00647,37.55569],[127.00632,37.55562],[127.00629,37.55559],[127.00624,37.55556],[127.00618,37.55554],[127.00614,37.55548],[127.00609,37.55541],[127.00602,37.55532],[127.00595,37.55524],[127.00587,37.55515],[127.00574,37.55509],[127.00567,37.55503],[127.00555,37.55498],[127.00543,37.55485],[127.00534,37.55476],[127.005,37.55446],[127.00467,37.55417],[127.00461,37.55412],[127.00449,37.55403],[127.00445,37.55398],[127.00443,37.55381],[127.00442,37.5538],[127.0044,37.55378],[127.00401,37.55348],[127.00401,37.55348]]]}},{"type":"Feature","properties":{"kind":"park","label":"공원","name":"풍동 달맞이 공원","area":42377},"geometry":{"type":"Point","coordinates":[126.8019,37.674942]}},{"type":"Feature","properties":{"kind":"park_area","name":"풍동 달맞이 공원"},"geometry":{"type":"Polygon","coordinates":[[[126.80428,37.67439],[126.8043,37.6747],[126.80431,37.67483],[126.80242,37.67542],[126.8008,37.67574],[126.80064,37.67544],[126.80033,37.67503],[126.80031,37.67483],[126.80044,37.67452],[126.80009,37.67439],[126.79949,37.67424],[126.79962,37.67424],[126.80152,37.67417],[126.80222,37.67414],[126.8026,37.67423],[126.80322,37.67442],[126.80428,37.67439],[126.80428,37.67439]]]}},{"type":"Feature","properties":{"kind":"park","label":"공원","name":"살곶이체육공원","area":61432},"geometry":{"type":"Point","coordinates":[127.048465,37.554759]}},{"type":"Feature","properties":{"kind":"park_area","name":"살곶이체육공원"},"geometry":{"type":"Polygon","coordinates":[[[127.05119,37.55598],[127.05082,37.55618],[127.04995,37.55554],[127.04891,37.55487],[127.0484,37.55457],[127.04773,37.55438],[127.04743,37.5543],[127.04574,37.55388],[127.04618,37.55355],[127.04644,37.55357],[127.04884,37.55339],[127.04975,37.55334],[127.05048,37.55398],[127.05081,37.55469],[127.05092,37.55493],[127.05119,37.55598],[127.05119,37.55598]]]}},{"type":"Feature","properties":{"kind":"park","label":"공원","name":"","area":41280},"geometry":{"type":"Point","coordinates":[127.153489,37.630745]}},{"type":"Feature","properties":{"kind":"park_area","name":""},"geometry":{"type":"Polygon","coordinates":[[[127.14946,37.63156],[127.14957,37.63081],[127.14961,37.63082],[127.15026,37.63101],[127.15054,37.63103],[127.15204,37.63104],[127.15222,37.63104],[127.15478,37.63103],[127.15508,37.63099],[127.1553,37.63088],[127.15545,37.63078],[127.15559,37.63065],[127.15578,37.6304],[127.15588,37.63023],[127.15636,37.63023],[127.15636,37.62994],[127.15742,37.62994],[127.15748,37.63024],[127.1575,37.63034],[127.15752,37.6305],[127.15729,37.63052],[127.15697,37.63064],[127.15674,37.63087],[127.15667,37.63112],[127.15651,37.63126],[127.15641,37.63131],[127.15252,37.63142],[127.15242,37.63145],[127.1503,37.63143],[127.14995,37.63144],[127.14946,37.63156],[127.14946,37.63156]]]}},{"type":"Feature","properties":{"kind":"park","label":"공원","name":"우면공원","area":33310},"geometry":{"type":"Point","coordinates":[127.019757,37.45822]}},{"type":"Feature","properties":{"kind":"park_area","name":"우면공원"},"geometry":{"type":"Polygon","coordinates":[[[127.01874,37.45926],[127.01931,37.45962],[127.01974,37.45965],[127.02008,37.45953],[127.02058,37.45891],[127.02078,37.45861],[127.02093,37.45825],[127.02101,37.4579],[127.02103,37.45761],[127.02104,37.45736],[127.02099,37.45706],[127.02096,37.45698],[127.02043,37.45694],[127.01997,37.45679],[127.01997,37.45748],[127.01999,37.45772],[127.02002,37.45821],[127.01988,37.45828],[127.01928,37.45856],[127.01868,37.45885],[127.01848,37.459],[127.01874,37.45926],[127.01874,37.45926]]]}},{"type":"Feature","properties":{"kind":"park","label":"공원","name":"","area":37839},"geometry":{"type":"Point","coordinates":[127.11465,37.483438]}},{"type":"Feature","properties":{"kind":"park_area","name":""},"geometry":{"type":"Polygon","coordinates":[[[127.11499,37.48606],[127.11367,37.48561],[127.11382,37.48534],[127.11406,37.48519],[127.11432,37.48474],[127.11479,37.484],[127.11407,37.48374],[127.11438,37.48335],[127.11459,37.48311],[127.11465,37.48311],[127.1152,37.48331],[127.11542,37.48325],[127.11641,37.48363],[127.11653,37.4836],[127.11656,37.48354],[127.11672,37.48327],[127.11495,37.48264],[127.11527,37.48234],[127.11582,37.48172],[127.11652,37.48063],[127.11645,37.48061],[127.11588,37.48145],[127.11546,37.48197],[127.11487,37.4826],[127.11449,37.483],[127.11396,37.4837],[127.11371,37.48405],[127.11368,37.48408],[127.1134,37.48442],[127.1132,37.48467],[127.11299,37.48491],[127.11259,37.48546],[127.11258,37.48549],[127.11261,37.48556],[127.11311,37.48572],[127.11326,37.4858],[127.11342,37.48585],[127.11371,37.48595],[127.11378,37.48598],[127.11464,37.48626],[127.11476,37.48626],[127.11487,37.48626],[127.11499,37.48606],[127.11499,37.48606]]]}},{"type":"Feature","properties":{"kind":"park","label":"공원","name":"와룡공원","area":53615},"geometry":{"type":"Point","coordinates":[126.990032,37.590493]}},{"type":"Feature","properties":{"kind":"park_area","name":"와룡공원"},"geometry":{"type":"Polygon","coordinates":[[[126.98979,37.59175],[126.98909,37.59151],[126.98898,37.59062],[126.98823,37.59001],[126.98829,37.58934],[126.98892,37.58924],[126.98959,37.58927],[126.99184,37.58966],[126.99142,37.59015],[126.99144,37.59031],[126.99146,37.59052],[126.99046,37.59125],[126.99024,37.59141],[126.98979,37.59175],[126.98979,37.59175]]]}},{"type":"Feature","properties":{"kind":"park","label":"공원","name":"율현공원","area":102441},"geometry":{"type":"Point","coordinates":[127.115455,37.472486]}},{"type":"Feature","properties":{"kind":"park_area","name":"율현공원"},"geometry":{"type":"Polygon","coordinates":[[[127.11294,37.47268],[127.11424,37.4706],[127.11781,37.47207],[127.1175,37.47256],[127.11797,37.47278],[127.1174,37.47375],[127.11721,37.47391],[127.11678,37.47437],[127.11561,37.47386],[127.11504,37.47381],[127.115,37.47354],[127.1136,37.47295],[127.11294,37.47268],[127.11294,37.47268]]]}},{"type":"Feature","properties":{"kind":"park","label":"공원","name":"율현공원","area":48226},"geometry":{"type":"Point","coordinates":[127.115038,37.475544]}},{"type":"Feature","properties":{"kind":"park_area","name":"율현공원"},"geometry":{"type":"Polygon","coordinates":[[[127.11485,37.47708],[127.11448,37.47692],[127.11429,37.47636],[127.11405,37.47569],[127.11372,37.47487],[127.11343,37.474],[127.11381,37.47407],[127.11367,37.47437],[127.11375,37.47448],[127.11403,37.47451],[127.11449,37.4745],[127.11511,37.47441],[127.11543,37.47445],[127.11558,37.47428],[127.11567,37.47412],[127.11598,37.47424],[127.11619,37.47432],[127.11652,37.47447],[127.11665,37.47458],[127.11641,37.47498],[127.11621,37.4753],[127.11585,37.47583],[127.11558,37.47624],[127.1152,37.47671],[127.11485,37.47708],[127.11485,37.47708]]]}},{"type":"Feature","properties":{"kind":"park","label":"공원","name":"암사생태공원","area":299615},"geometry":{"type":"Point","coordinates":[127.125877,37.556862]}},{"type":"Feature","properties":{"kind":"park_area","name":"암사생태공원"},"geometry":{"type":"Polygon","coordinates":[[[127.11914,37.54887],[127.11948,37.54966],[127.1197,37.55049],[127.11997,37.55145],[127.12069,37.55317],[127.12124,37.55455],[127.12187,37.55567],[127.12252,37.55692],[127.12314,37.55768],[127.12459,37.5595],[127.12538,37.56037],[127.12635,37.56122],[127.12738,37.56216],[127.12875,37.56324],[127.12961,37.56389],[127.13064,37.56458],[127.13161,37.56512],[127.13236,37.56552],[127.13275,37.56569],[127.13276,37.56542],[127.13277,37.56523],[127.13261,37.5651],[127.13207,37.56461],[127.13175,37.56429],[127.13136,37.564],[127.13095,37.5637],[127.13057,37.56341],[127.13015,37.56307],[127.12942,37.56243],[127.12905,37.56208],[127.12858,37.56161],[127.12845,37.56171],[127.1278,37.56117],[127.12739,37.56084],[127.12716,37.56056],[127.12681,37.56013],[127.12647,37.55972],[127.12619,37.55936],[127.12593,37.55901],[127.12544,37.5583],[127.12521,37.55792],[127.12497,37.55749],[127.12458,37.55674],[127.12404,37.55532],[127.12381,37.55512],[127.12368,37.55496],[127.12337,37.55458],[127.12319,37.55435],[127.12308,37.55421],[127.12304,37.55414],[127.12277,37.55362],[127.12241,37.55292],[127.12177,37.5512],[127.12124,37.54973],[127.12063,37.54803],[127.1205,37.54818],[127.1203,37.54832],[127.12002,37.54845],[127.11963,37.54844],[127.11921,37.54842],[127.11898,37.54838],[127.11914,37.54887],[127.11914,37.54887]]]}},{"type":"Feature","properties":{"kind":"park","label":"공원","name":"","area":40564},"geometry":{"type":"Point","coordinates":[126.97668,37.5045]}},{"type":"Feature","properties":{"kind":"park_area","name":""},"geometry":{"type":"Polygon","coordinates":[[[126.97809,37.50513],[126.97794,37.50529],[126.97776,37.50543],[126.97745,37.5055],[126.97723,37.50552],[126.97684,37.50549],[126.97624,37.50546],[126.97573,37.50546],[126.97532,37.5055],[126.97479,37.50568],[126.974,37.50607],[126.97315,37.50668],[126.97387,37.50656],[126.9748,37.50648],[126.97604,37.50646],[126.97653,37.50643],[126.97681,37.50635],[126.97706,37.50625],[126.97764,37.50594],[126.97786,37.50577],[126.97795,37.50566],[126.97818,37.50526],[126.9782,37.50524],[126.97823,37.50523],[126.9783,37.50522],[126.97833,37.50521],[126.97835,37.5052],[126.97866,37.50481],[126.97916,37.50392],[126.98021,37.50242],[126.98017,37.50232],[126.97952,37.50308],[126.97895,37.50376],[126.97809,37.50513],[126.97809,37.50513]]]}},{"type":"Feature","properties":{"kind":"park","label":"공원","name":"","area":985942},"geometry":{"type":"Point","coordinates":[126.821048,37.587165]}},{"type":"Feature","properties":{"kind":"park_area","name":""},"geometry":{"type":"Polygon","coordinates":[[[126.83049,37.58061],[126.82915,37.58122],[126.8282,37.58184],[126.82777,37.58218],[126.8274,37.58252],[126.82704,37.58281],[126.82632,37.58327],[126.82477,37.58405],[126.82384,37.5845],[126.82295,37.58486],[126.82273,37.58494],[126.82224,37.58513],[126.82222,37.58514],[126.82208,37.58519],[126.82166,37.58541],[126.82138,37.58558],[126.82079,37.58598],[126.82015,37.58651],[126.81994,37.58666],[126.81975,37.58675],[126.81951,37.58684],[126.81902,37.587],[126.8188,37.58711],[126.81814,37.58747],[126.81788,37.58764],[126.81774,37.58775],[126.81742,37.58799],[126.8171,37.58821],[126.81651,37.58859],[126.81614,37.58884],[126.8158,37.58907],[126.81522,37.58955],[126.81472,37.58991],[126.81432,37.59018],[126.81319,37.59095],[126.81255,37.59146],[126.8124,37.5916],[126.8123,37.59169],[126.81192,37.59212],[126.8116,37.59247],[126.81091,37.59317],[126.81065,37.59344],[126.81053,37.5936],[126.8105,37.59364],[126.80983,37.59334],[126.80947,37.59355],[126.80828,37.59465],[126.80706,37.59587],[126.80636,37.59677],[126.80527,37.59746],[126.80388,37.59748],[126.80346,37.59781],[126.80328,37.59815],[126.80335,37.59844],[126.80355,37.59869],[126.80508,37.59887],[126.80503,37.59897],[126.80482,37.59918],[126.80456,37.59942],[126.80428,37.59967],[126.804,37.59986],[126.80363,37.60002],[126.80305,37.60002],[126.80016,37.59908],[126.79999,37.59941],[126.79773,37.59869],[126.79808,37.59797],[126.79866,37.59668],[126.799,37.59645],[126.79946,37.5957],[126.80015,37.59496],[126.80084,37.59436],[126.80178,37.59379],[126.80242,37.5936],[126.80314,37.59341],[126.80361,37.59307],[126.80409,37.59259],[126.80506,37.59207],[126.80784,37.59064],[126.81305,37.58796],[126.81698,37.58602],[126.81866,37.58531],[126.82025,37.58462],[126.82112,37.58403],[126.82376,37.58294],[126.82634,37.58184],[126.83072,37.58023],[126.83492,37.57866],[126.83769,37.57763],[126.84009,37.57661],[126.84207,37.57559],[126.84428,37.57431],[126.84437,37.57446],[126.84207,37.57579],[126.84124,37.57626],[126.84051,37.57662],[126.83948,37.57712],[126.83848,37.57754],[126.83671,37.57819],[126.83334,37.57948],[126.83161,37.58013],[126.83049,37.58061],[126.83049,37.58061]]]}},{"type":"Feature","properties":{"kind":"park","label":"공원","name":"삼청공원","area":62058},"geometry":{"type":"Point","coordinates":[126.984397,37.589462]}},{"type":"Feature","properties":{"kind":"park_area","name":"삼청공원"},"geometry":{"type":"Polygon","coordinates":[[[126.98271,37.59096],[126.98218,37.59059],[126.98226,37.59013],[126.98393,37.58919],[126.98395,37.58875],[126.98414,37.58796],[126.98506,37.58834],[126.9857,37.58801],[126.98661,37.58924],[126.98499,37.59029],[126.98462,37.59042],[126.98401,37.59063],[126.98355,37.5905],[126.98271,37.59096],[126.98271,37.59096]]]}},{"type":"Feature","properties":{"kind":"park","label":"공원","name":"미사숲공원","area":91823},"geometry":{"type":"Point","coordinates":[127.190915,37.556348]}},{"type":"Feature","properties":{"kind":"park_area","name":"미사숲공원"},"geometry":{"type":"Polygon","coordinates":[[[127.19062,37.55383],[127.19066,37.55379],[127.19099,37.55345],[127.19101,37.5534],[127.19063,37.55309],[127.19086,37.55282],[127.19088,37.55281],[127.19091,37.55281],[127.19115,37.55293],[127.19115,37.55297],[127.19106,37.55308],[127.19105,37.5532],[127.19108,37.55331],[127.19115,37.5534],[127.19127,37.55349],[127.19091,37.55375],[127.19091,37.5542],[127.19089,37.55477],[127.19089,37.55503],[127.19185,37.55508],[127.19204,37.55427],[127.19205,37.55412],[127.192,37.55401],[127.19175,37.55378],[127.19128,37.55335],[127.19121,37.55328],[127.19118,37.55321],[127.19119,37.55311],[127.19125,37.55302],[127.19128,37.55299],[127.19216,37.55347],[127.19262,37.55365],[127.19264,37.55373],[127.19247,37.55454],[127.19235,37.55512],[127.1923,37.55536],[127.19221,37.55577],[127.19211,37.55603],[127.1918,37.55595],[127.19153,37.55625],[127.19155,37.55631],[127.19149,37.55637],[127.19141,37.55639],[127.19133,37.55653],[127.19127,37.55653],[127.19121,37.55653],[127.19112,37.55657],[127.1907,37.55741],[127.19068,37.55747],[127.19045,37.55812],[127.19026,37.55808],[127.19017,37.55826],[127.19014,37.55839],[127.19015,37.55863],[127.19031,37.55864],[127.19033,37.55916],[127.19035,37.55923],[127.19039,37.55928],[127.19042,37.55931],[127.19049,37.55934],[127.19059,37.55935],[127.19059,37.5594],[127.19055,37.55965],[127.1906,37.55968],[127.19093,37.55968],[127.19097,37.55971],[127.19097,37.55983],[127.19095,37.55986],[127.19087,37.55989],[127.19045,37.55982],[127.19006,37.55981],[127.18976,37.55981],[127.18924,37.55981],[127.18926,37.55959],[127.18928,37.55923],[127.1893,37.55907],[127.1893,37.55892],[127.1893,37.55886],[127.18919,37.55839],[127.1892,37.55824],[127.18923,37.55777],[127.18959,37.55778],[127.18965,37.55628],[127.18966,37.5561],[127.18969,37.55563],[127.18969,37.55544],[127.1897,37.55504],[127.1893,37.55501],[127.19005,37.55471],[127.19072,37.55459],[127.19082,37.55426],[127.19062,37.55383],[127.19062,37.55383]]]}},{"type":"Feature","properties":{"kind":"park","label":"공원","name":"일원에코파크","area":51908},"geometry":{"type":"Point","coordinates":[127.087935,37.495095]}},{"type":"Feature","properties":{"kind":"park_area","name":"일원에코파크"},"geometry":{"type":"Polygon","coordinates":[[[127.08881,37.49632],[127.08984,37.49428],[127.08855,37.49387],[127.08847,37.49408],[127.0882,37.49463],[127.08698,37.49425],[127.08668,37.49415],[127.08603,37.49548],[127.08881,37.49632],[127.08881,37.49632]]]}},{"type":"Feature","properties":{"kind":"park","label":"공원","name":"수향7경문화광장","area":46883},"geometry":{"type":"Point","coordinates":[126.788131,37.598298]}},{"type":"Feature","properties":{"kind":"park_area","name":"수향7경문화광장"},"geometry":{"type":"Polygon","coordinates":[[[126.7889,37.59988],[126.78801,37.59917],[126.78786,37.59906],[126.78752,37.59934],[126.78743,37.59941],[126.7874,37.59943],[126.78736,37.59944],[126.78732,37.59945],[126.78728,37.59944],[126.78724,37.59941],[126.78713,37.59932],[126.78702,37.5992],[126.78693,37.59911],[126.78685,37.59901],[126.78678,37.59891],[126.78653,37.59852],[126.78648,37.59845],[126.78641,37.59832],[126.78638,37.59824],[126.78635,37.59806],[126.78622,37.59684],[126.78622,37.59676],[126.78627,37.59671],[126.78911,37.59874],[126.78935,37.59892],[126.78943,37.59897],[126.78946,37.59899],[126.78949,37.59901],[126.78966,37.59905],[126.7899,37.59912],[126.78997,37.59915],[126.79,37.59917],[126.79003,37.5992],[126.79004,37.59922],[126.79004,37.59926],[126.79003,37.5994],[126.79001,37.59942],[126.79,37.59943],[126.78998,37.59944],[126.78995,37.59945],[126.78987,37.59947],[126.7897,37.59951],[126.78962,37.59954],[126.78958,37.59956],[126.78953,37.59958],[126.7889,37.59988],[126.7889,37.59988]]]}},{"type":"Feature","properties":{"kind":"park","label":"공원","name":"양재천 근린공원","area":108672},"geometry":{"type":"Point","coordinates":[127.041677,37.47698]}},{"type":"Feature","properties":{"kind":"park_area","name":"양재천 근린공원"},"geometry":{"type":"Polygon","coordinates":[[[127.039,37.47456],[127.03892,37.47554],[127.03945,37.47563],[127.03986,37.47588],[127.04192,37.4783],[127.04353,37.4802],[127.0437,37.47983],[127.04387,37.47952],[127.04446,37.47823],[127.0444,37.4782],[127.04364,37.47791],[127.04337,37.47769],[127.04022,37.47407],[127.04007,37.47394],[127.03995,37.47388],[127.03978,37.47382],[127.03961,37.47378],[127.03889,37.47376],[127.039,37.47456],[127.039,37.47456]]]}},{"type":"Feature","properties":{"kind":"park","label":"공원","name":"마두공원","area":63610},"geometry":{"type":"Point","coordinates":[126.786325,37.65514]}},{"type":"Feature","properties":{"kind":"park_area","name":"마두공원"},"geometry":{"type":"Polygon","coordinates":[[[126.78616,37.65587],[126.78597,37.6562],[126.78567,37.65673],[126.78539,37.65721],[126.78495,37.65798],[126.78494,37.65797],[126.7849,37.65796],[126.78486,37.65795],[126.78481,37.65793],[126.78479,37.65792],[126.78474,37.6579],[126.78461,37.65785],[126.78463,37.65781],[126.78466,37.65775],[126.78502,37.65713],[126.78531,37.65664],[126.7856,37.65615],[126.78583,37.65575],[126.7856,37.65567],[126.78543,37.65561],[126.7847,37.65536],[126.78458,37.65532],[126.78444,37.65526],[126.78376,37.65501],[126.78404,37.65455],[126.78372,37.65444],[126.78376,37.65437],[126.7838,37.65431],[126.78382,37.65427],[126.78384,37.65424],[126.78386,37.65421],[126.78389,37.65416],[126.7839,37.65415],[126.78395,37.65406],[126.7843,37.65419],[126.78456,37.65376],[126.78539,37.65406],[126.78543,37.65407],[126.78546,37.65409],[126.78608,37.65431],[126.78661,37.6545],[126.7868,37.65418],[126.7871,37.65367],[126.78734,37.6533],[126.78759,37.65287],[126.78773,37.65264],[126.78782,37.65248],[126.78793,37.6523],[126.78799,37.65232],[126.78801,37.65233],[126.78811,37.65237],[126.78821,37.6524],[126.78805,37.65269],[126.78789,37.65295],[126.78744,37.65369],[126.7874,37.65377],[126.78736,37.65383],[126.78712,37.65425],[126.78691,37.6546],[126.78664,37.65503],[126.78662,37.65508],[126.78668,37.6551],[126.78688,37.65517],[126.78763,37.65545],[126.78797,37.65558],[126.78801,37.65559],[126.78806,37.65561],[126.78844,37.65575],[126.78854,37.65579],[126.78893,37.65592],[126.7889,37.65598],[126.78889,37.65599],[126.78888,37.65601],[126.78886,37.65605],[126.78883,37.65608],[126.78881,37.65611],[126.7888,37.65612],[126.78879,37.65614],[126.78877,37.65618],[126.78876,37.6562],[126.78875,37.65622],[126.78871,37.6563],[126.7885,37.65623],[126.78824,37.65614],[126.78777,37.65598],[126.78724,37.65579],[126.78721,37.65578],[126.78718,37.65577],[126.78668,37.65559],[126.78638,37.65548],[126.78616,37.65587],[126.78616,37.65587]]]}},{"type":"Feature","properties":{"kind":"park","label":"공원","name":"강선공원","area":46920},"geometry":{"type":"Point","coordinates":[126.762945,37.672662]}},{"type":"Feature","properties":{"kind":"park_area","name":"강선공원"},"geometry":{"type":"Polygon","coordinates":[[[126.76315,37.67245],[126.76296,37.67216],[126.76293,37.67212],[126.76291,37.67208],[126.76279,37.6719],[126.76274,37.67182],[126.76236,37.67126],[126.76217,37.67096],[126.762,37.67103],[126.76185,37.67109],[126.76181,37.6711],[126.76159,37.67119],[126.76211,37.67196],[126.76213,37.67199],[126.76216,37.67203],[126.7622,37.67209],[126.76242,37.67241],[126.7626,37.67268],[126.75995,37.67384],[126.76002,37.67392],[126.76004,37.67397],[126.76041,37.67381],[126.76076,37.67365],[126.76151,37.6733],[126.76218,37.67302],[126.76248,37.67347],[126.76275,37.67387],[126.76276,37.67388],[126.76278,37.67391],[126.7628,37.67394],[126.76288,37.67406],[126.76309,37.67437],[126.76364,37.67413],[126.76379,37.67435],[126.76392,37.67429],[126.764,37.67426],[126.76408,37.67423],[126.76419,37.67418],[126.76423,37.67416],[126.76408,37.67392],[126.76465,37.67369],[126.76461,37.67364],[126.76432,37.67325],[126.76423,37.67312],[126.7642,37.67309],[126.76418,37.67306],[126.76371,37.67239],[126.76594,37.6714],[126.76585,37.67127],[126.76472,37.67176],[126.76466,37.67178],[126.76362,37.67225],[126.76315,37.67245],[126.76315,37.67245]]]}},{"type":"Feature","properties":{"kind":"park","label":"공원","name":"문화공원","area":52125},"geometry":{"type":"Point","coordinates":[126.765521,37.676196]}},{"type":"Feature","properties":{"kind":"park_area","name":"문화공원"},"geometry":{"type":"Polygon","coordinates":[[[126.7644,37.67426],[126.76424,37.67433],[126.76424,37.67434],[126.7642,37.67435],[126.76417,37.67437],[126.76409,37.67439],[126.76403,37.67442],[126.76391,37.67447],[126.76411,37.67475],[126.76352,37.67501],[126.76368,37.67523],[126.76401,37.67572],[126.76424,37.67604],[126.76439,37.67626],[126.76456,37.67651],[126.76466,37.67665],[126.7639,37.67697],[126.76356,37.67712],[126.76253,37.67755],[126.76255,37.67757],[126.76258,37.67761],[126.76262,37.67766],[126.76263,37.67768],[126.76379,37.67718],[126.76474,37.67677],[126.76528,37.67655],[126.76536,37.67651],[126.76553,37.67675],[126.76554,37.67678],[126.76555,37.67679],[126.7658,37.67716],[126.7662,37.67777],[126.76627,37.67786],[126.76624,37.67787],[126.76643,37.67813],[126.76653,37.67808],[126.76654,37.67808],[126.76656,37.67807],[126.76657,37.67806],[126.76659,37.67806],[126.76664,37.67803],[126.76671,37.678],[126.76679,37.67797],[126.76681,37.67796],[126.76683,37.67795],[126.76686,37.67794],[126.76682,37.67789],[126.76681,37.67787],[126.76667,37.67768],[126.76664,37.67762],[126.76646,37.67735],[126.76643,37.67732],[126.76623,37.67704],[126.76606,37.67679],[126.76595,37.67663],[126.76593,37.67661],[126.76593,37.6766],[126.76575,37.67635],[126.7659,37.67629],[126.76624,37.67615],[126.76631,37.67613],[126.76635,37.67611],[126.76649,37.67605],[126.76653,37.67603],[126.76659,37.67601],[126.76662,37.676],[126.76667,37.67598],[126.76674,37.67595],[126.7668,37.67592],[126.76689,37.67588],[126.76695,37.67586],[126.76704,37.67582],[126.76713,37.67578],[126.76723,37.67574],[126.76731,37.6757],[126.76736,37.67568],[126.76741,37.67566],[126.76746,37.67564],[126.76752,37.67561],[126.76759,37.67558],[126.76766,37.67555],[126.7679,37.67545],[126.76812,37.67535],[126.76851,37.67519],[126.76838,37.675],[126.76753,37.67537],[126.7673,37.67546],[126.76726,37.67548],[126.76678,37.67569],[126.7665,37.67582],[126.76633,37.67589],[126.76612,37.67599],[126.76588,37.67563],[126.76579,37.67549],[126.76567,37.67529],[126.76537,37.67481],[126.76529,37.67469],[126.76512,37.67442],[126.76509,37.67437],[126.76462,37.67457],[126.7644,37.67426],[126.7644,37.67426]]]}},{"type":"Feature","properties":{"kind":"park","label":"공원","name":"","area":36751},"geometry":{"type":"Point","coordinates":[127.10517,37.499075]}},{"type":"Feature","properties":{"kind":"park_area","name":""},"geometry":{"type":"Polygon","coordinates":[[[127.107,37.5001],[127.10296,37.49888],[127.10334,37.49812],[127.10335,37.49808],[127.10337,37.49806],[127.10738,37.49929],[127.107,37.5001],[127.107,37.5001]]]}},{"type":"Feature","properties":{"kind":"park","label":"공원","name":"오난산 근린공원","area":89996},"geometry":{"type":"Point","coordinates":[126.806467,37.442068]}},{"type":"Feature","properties":{"kind":"park_area","name":"오난산 근린공원"},"geometry":{"type":"Polygon","coordinates":[[[126.80451,37.44267],[126.80461,37.44241],[126.80467,37.44221],[126.80464,37.44212],[126.80475,37.44179],[126.80482,37.44136],[126.80482,37.44088],[126.80488,37.44065],[126.80487,37.44052],[126.80569,37.44046],[126.80624,37.44065],[126.80655,37.44075],[126.80684,37.4408],[126.80735,37.44103],[126.80764,37.44104],[126.80804,37.44094],[126.8083,37.44086],[126.80834,37.44099],[126.80837,37.44112],[126.80841,37.4415],[126.80843,37.44174],[126.80842,37.44197],[126.80838,37.44218],[126.8083,37.44239],[126.80819,37.44261],[126.80812,37.44271],[126.80792,37.44292],[126.80768,37.44311],[126.80753,37.4432],[126.80735,37.44328],[126.80709,37.44339],[126.80684,37.44345],[126.8063,37.44355],[126.80563,37.44367],[126.80554,37.44364],[126.80544,37.44346],[126.80532,37.4433],[126.80517,37.44314],[126.805,37.44299],[126.8048,37.44287],[126.80456,37.44276],[126.80451,37.44267],[126.80451,37.44267]]]}},{"type":"Feature","properties":{"kind":"park","label":"공원","name":"일자산허브천문공원","area":108977},"geometry":{"type":"Point","coordinates":[127.155657,37.538658]}},{"type":"Feature","properties":{"kind":"park_area","name":"일자산허브천문공원"},"geometry":{"type":"Polygon","coordinates":[[[127.15248,37.53785],[127.15259,37.53801],[127.15277,37.53808],[127.15934,37.54093],[127.15742,37.53903],[127.15737,37.5387],[127.15721,37.53853],[127.15687,37.5383],[127.15676,37.53779],[127.15655,37.53755],[127.15626,37.53744],[127.15608,37.53747],[127.15586,37.53747],[127.15559,37.53736],[127.15544,37.53725],[127.15541,37.53715],[127.15474,37.53653],[127.1545,37.53647],[127.15426,37.53643],[127.1536,37.53644],[127.15332,37.53639],[127.15268,37.53648],[127.15221,37.53656],[127.15204,37.53664],[127.152,37.53669],[127.15197,37.53675],[127.15241,37.53774],[127.15248,37.53785],[127.15248,37.53785]]]}},{"type":"Feature","properties":{"kind":"park","label":"공원","name":"길동생태공원","area":89562},"geometry":{"type":"Point","coordinates":[127.156327,37.540358]}},{"type":"Feature","properties":{"kind":"park_area","name":"길동생태공원"},"geometry":{"type":"Polygon","coordinates":[[[127.15292,37.53874],[127.15315,37.53926],[127.1536,37.54042],[127.15368,37.54064],[127.15382,37.54078],[127.15404,37.54095],[127.1541,37.541],[127.15442,37.5411],[127.15473,37.5412],[127.15481,37.54121],[127.15498,37.54124],[127.1551,37.54126],[127.15539,37.5413],[127.15565,37.54141],[127.15579,37.54147],[127.156,37.54155],[127.15613,37.5416],[127.15695,37.54182],[127.15777,37.54192],[127.15847,37.54201],[127.15902,37.54196],[127.15939,37.54169],[127.15974,37.54148],[127.15686,37.54022],[127.15383,37.53895],[127.15307,37.53871],[127.15292,37.53874],[127.15292,37.53874]]]}},{"type":"Feature","properties":{"kind":"park","label":"공원","name":"강동구도시농업공원","area":54690},"geometry":{"type":"Point","coordinates":[127.15265,37.533978]}},{"type":"Feature","properties":{"kind":"park_area","name":"강동구도시농업공원"},"geometry":{"type":"Polygon","coordinates":[[[127.15134,37.53528],[127.15073,37.53379],[127.15076,37.53373],[127.15082,37.5337],[127.15134,37.53357],[127.15181,37.53339],[127.15268,37.53297],[127.15326,37.53277],[127.1539,37.53268],[127.15364,37.53368],[127.15393,37.53403],[127.15406,37.53414],[127.15413,37.53425],[127.15457,37.53459],[127.15134,37.53528],[127.15134,37.53528]]]}},{"type":"Feature","properties":{"kind":"park","label":"공원","name":"일자산해맞이공원","area":312813},"geometry":{"type":"Point","coordinates":[127.150011,37.527981]}},{"type":"Feature","properties":{"kind":"park_area","name":"일자산해맞이공원"},"geometry":{"type":"Polygon","coordinates":[[[127.15073,37.53379],[127.15076,37.53373],[127.15082,37.5337],[127.15134,37.53357],[127.15181,37.53339],[127.15268,37.53297],[127.15326,37.53277],[127.1539,37.53268],[127.15405,37.53234],[127.15397,37.53194],[127.15367,37.53169],[127.15333,37.53131],[127.15348,37.53061],[127.15314,37.53011],[127.15303,37.52944],[127.15299,37.52925],[127.1519,37.52814],[127.14944,37.52605],[127.14919,37.52555],[127.14891,37.5248],[127.1488,37.52404],[127.14778,37.52235],[127.14597,37.52217],[127.14677,37.52408],[127.14745,37.52586],[127.148,37.52709],[127.14831,37.52778],[127.15073,37.53379],[127.15073,37.53379]]]}},{"type":"Feature","properties":{"kind":"park","label":"공원","name":"산마루공원","area":32920},"geometry":{"type":"Point","coordinates":[127.120492,37.62829]}},{"type":"Feature","properties":{"kind":"park_area","name":"산마루공원"},"geometry":{"type":"Polygon","coordinates":[[[127.12189,37.62899],[127.1219,37.629],[127.12192,37.62901],[127.12193,37.62902],[127.12193,37.62902],[127.122,37.62908],[127.122,37.62908],[127.12201,37.62909],[127.12202,37.62909],[127.12202,37.6291],[127.12203,37.6291],[127.12204,37.62911],[127.12205,37.62911],[127.12206,37.62912],[127.12206,37.62912],[127.12207,37.62912],[127.12208,37.62912],[127.12209,37.62912],[127.1221,37.62913],[127.12211,37.62913],[127.12212,37.62913],[127.12213,37.62912],[127.12214,37.62912],[127.12215,37.62913],[127.12162,37.6293],[127.12145,37.62899],[127.1212,37.62909],[127.12064,37.6293],[127.12036,37.6294],[127.12027,37.6294],[127.12008,37.62948],[127.11982,37.62912],[127.11958,37.62875],[127.11951,37.62862],[127.11981,37.62851],[127.11945,37.62792],[127.11935,37.62784],[127.11905,37.62759],[127.11889,37.62765],[127.11887,37.62763],[127.11886,37.62761],[127.11884,37.62759],[127.11965,37.62726],[127.11968,37.62725],[127.11971,37.62723],[127.11974,37.62721],[127.11977,37.62719],[127.1198,37.62717],[127.11982,37.62715],[127.11985,37.62713],[127.11987,37.6271],[127.11998,37.62721],[127.12022,37.62736],[127.12031,37.62743],[127.12048,37.62755],[127.12065,37.62767],[127.12082,37.62778],[127.12097,37.62789],[127.12106,37.62795],[127.12105,37.62795],[127.12103,37.62797],[127.12101,37.62799],[127.12101,37.62799],[127.121,37.62799],[127.12098,37.62801],[127.12098,37.62802],[127.12098,37.62805],[127.12099,37.62808],[127.121,37.62811],[127.12102,37.62813],[127.12108,37.62817],[127.12113,37.62822],[127.12118,37.62826],[127.12121,37.62828],[127.12124,37.62829],[127.12127,37.6283],[127.12129,37.6283],[127.12133,37.62829],[127.12135,37.62829],[127.12137,37.62827],[127.12139,37.62826],[127.1214,37.62827],[127.12146,37.62829],[127.12151,37.62842],[127.12152,37.62847],[127.1216,37.62865],[127.12189,37.62899],[127.12189,37.62899]]]}},{"type":"Feature","properties":{"kind":"park","label":"공원","name":"마골공원","area":31740},"geometry":{"type":"Point","coordinates":[127.11503,37.623692]}},{"type":"Feature","properties":{"kind":"park_area","name":"마골공원"},"geometry":{"type":"Polygon","coordinates":[[[127.11669,37.62545],[127.11672,37.62547],[127.11675,37.6255],[127.11677,37.62552],[127.1168,37.62555],[127.11682,37.62558],[127.11683,37.62561],[127.11685,37.62564],[127.11686,37.62567],[127.11687,37.6257],[127.11688,37.62573],[127.11558,37.62505],[127.11544,37.62498],[127.11529,37.62492],[127.11514,37.62487],[127.11499,37.62483],[127.11484,37.62479],[127.11468,37.62477],[127.11452,37.62475],[127.11435,37.62474],[127.11419,37.62474],[127.11403,37.62475],[127.11387,37.62476],[127.11371,37.62479],[127.11347,37.62442],[127.11344,37.62439],[127.1135,37.62426],[127.11354,37.62421],[127.11356,37.62419],[127.11357,37.62417],[127.11358,37.62415],[127.11358,37.62413],[127.11359,37.62411],[127.11359,37.6241],[127.1136,37.62408],[127.1136,37.62406],[127.1136,37.62404],[127.11359,37.62402],[127.11359,37.624],[127.11358,37.62398],[127.11358,37.62396],[127.11357,37.62394],[127.11356,37.62392],[127.11354,37.6239],[127.11353,37.62389],[127.11352,37.62387],[127.11337,37.62372],[127.11336,37.62371],[127.11335,37.6237],[127.11334,37.62369],[127.11333,37.62367],[127.11333,37.62366],[127.11332,37.62365],[127.11332,37.62364],[127.11359,37.62342],[127.11358,37.62308],[127.11365,37.62274],[127.11341,37.62255],[127.11318,37.62199],[127.11322,37.62189],[127.11351,37.62178],[127.11362,37.62165],[127.11364,37.6217],[127.11367,37.6219],[127.11381,37.62206],[127.11391,37.62223],[127.11392,37.62225],[127.11394,37.62242],[127.11398,37.62258],[127.11403,37.62274],[127.11409,37.6229],[127.11416,37.62305],[127.11426,37.62325],[127.11447,37.6236],[127.11449,37.62363],[127.11459,37.62377],[127.1147,37.62391],[127.11482,37.62404],[127.11496,37.62417],[127.11506,37.62426],[127.11532,37.62447],[127.11669,37.62545],[127.11669,37.62545]]]}},{"type":"Feature","properties":{"kind":"park","label":"공원","name":"근린공원","area":31836},"geometry":{"type":"Point","coordinates":[127.125258,37.634804]}},{"type":"Feature","properties":{"kind":"park_area","name":"근린공원"},"geometry":{"type":"Polygon","coordinates":[[[127.12653,37.63654],[127.12646,37.63658],[127.1264,37.63662],[127.12634,37.63666],[127.12628,37.6367],[127.12623,37.63675],[127.12618,37.6368],[127.12613,37.63686],[127.12609,37.63691],[127.12606,37.63697],[127.12581,37.63741],[127.12524,37.63721],[127.1251,37.63745],[127.12483,37.63736],[127.12532,37.63648],[127.12539,37.63635],[127.12544,37.63622],[127.12548,37.63609],[127.12551,37.63596],[127.12553,37.63582],[127.12554,37.63569],[127.12554,37.63556],[127.12552,37.63542],[127.12549,37.63529],[127.12546,37.63516],[127.12541,37.63503],[127.12535,37.6349],[127.12528,37.63478],[127.12519,37.63466],[127.1251,37.63455],[127.12415,37.63344],[127.12345,37.63233],[127.12346,37.63232],[127.12347,37.63232],[127.12348,37.63231],[127.12349,37.6323],[127.12349,37.6323],[127.1235,37.63229],[127.12351,37.63228],[127.12351,37.63227],[127.12352,37.63226],[127.12352,37.63226],[127.12353,37.63225],[127.12353,37.63224],[127.12353,37.63223],[127.12353,37.63222],[127.12353,37.63221],[127.12353,37.6322],[127.12353,37.6322],[127.12352,37.63216],[127.12352,37.63216],[127.12357,37.63234],[127.12361,37.63242],[127.12365,37.63251],[127.12376,37.63267],[127.12387,37.63282],[127.12388,37.63284],[127.12391,37.63287],[127.12399,37.63298],[127.12409,37.63309],[127.12412,37.63313],[127.12415,37.63316],[127.12426,37.63327],[127.12429,37.63333],[127.12436,37.63338],[127.1244,37.63342],[127.12455,37.63356],[127.12468,37.63371],[127.12468,37.63371],[127.12479,37.63381],[127.12484,37.63385],[127.12491,37.63388],[127.12506,37.63396],[127.12524,37.63409],[127.12528,37.63414],[127.12533,37.63419],[127.12537,37.63424],[127.12549,37.63439],[127.12558,37.63445],[127.12565,37.63453],[127.12575,37.63465],[127.12578,37.63469],[127.12588,37.63485],[127.126,37.635],[127.1261,37.63516],[127.12612,37.63519],[127.12622,37.63532],[127.12634,37.63567],[127.12642,37.63584],[127.12659,37.63597],[127.12681,37.63608],[127.12694,37.63623],[127.12706,37.63638],[127.12704,37.63638],[127.12704,37.63641],[127.12698,37.63641],[127.12692,37.63642],[127.12685,37.63643],[127.12679,37.63645],[127.12676,37.63636],[127.12668,37.63638],[127.12661,37.6364],[127.12653,37.63643],[127.12647,37.63646],[127.12653,37.63654],[127.12653,37.63654]]]}},{"type":"Feature","properties":{"kind":"park","label":"공원","name":"협동공원","area":39207},"geometry":{"type":"Point","coordinates":[127.12226,37.630849]}},{"type":"Feature","properties":{"kind":"park_area","name":"협동공원"},"geometry":{"type":"Polygon","coordinates":[[[127.12342,37.63169],[127.12341,37.63173],[127.12341,37.63176],[127.12341,37.6318],[127.12346,37.63218],[127.12346,37.63219],[127.12345,37.6322],[127.12345,37.63222],[127.12344,37.63223],[127.12343,37.63224],[127.12342,37.63226],[127.12323,37.63197],[127.12216,37.6324],[127.12185,37.63209],[127.12163,37.63178],[127.12152,37.63114],[127.12111,37.63096],[127.12107,37.63084],[127.12117,37.6308],[127.12121,37.63077],[127.12124,37.63074],[127.12126,37.63071],[127.12145,37.63033],[127.12147,37.6303],[127.1215,37.63028],[127.12161,37.63024],[127.12178,37.63033],[127.1218,37.63034],[127.12182,37.63034],[127.12185,37.63034],[127.1219,37.63033],[127.12218,37.63023],[127.12225,37.6302],[127.12229,37.63018],[127.12231,37.63016],[127.12233,37.63013],[127.12234,37.6301],[127.12234,37.63007],[127.12233,37.63004],[127.12229,37.62999],[127.12212,37.62971],[127.12195,37.62945],[127.12193,37.62941],[127.12229,37.6293],[127.12231,37.62936],[127.12233,37.62951],[127.12241,37.62962],[127.12244,37.62966],[127.12255,37.62978],[127.12278,37.63008],[127.12281,37.6301],[127.12313,37.63036],[127.12315,37.63037],[127.12325,37.63068],[127.12341,37.63084],[127.12343,37.63097],[127.12343,37.63098],[127.12346,37.631],[127.12345,37.63102],[127.12344,37.63103],[127.12343,37.63105],[127.12342,37.63107],[127.12341,37.63109],[127.12341,37.63111],[127.12341,37.63114],[127.12344,37.63134],[127.12345,37.63152],[127.12342,37.63169],[127.12342,37.63169]]]}},{"type":"Feature","properties":{"kind":"park","label":"공원","name":"양재천 공원","area":49325},"geometry":{"type":"Point","coordinates":[127.035279,37.473652]}},{"type":"Feature","properties":{"kind":"park_area","name":"양재천 공원"},"geometry":{"type":"Polygon","coordinates":[[[127.03834,37.47439],[127.03838,37.4751],[127.03839,37.47542],[127.03747,37.47495],[127.03607,37.47409],[127.03408,37.47355],[127.03304,37.473],[127.03216,37.47226],[127.03251,37.47188],[127.03491,37.47323],[127.03719,37.47369],[127.03839,37.47398],[127.03834,37.47439],[127.03834,37.47439]]]}},{"type":"Feature","properties":{"kind":"park","label":"공원","name":"여월공원","area":83828},"geometry":{"type":"Point","coordinates":[126.80364,37.512426]}},{"type":"Feature","properties":{"kind":"park_area","name":"여월공원"},"geometry":{"type":"Polygon","coordinates":[[[126.80172,37.51323],[126.8021,37.51412],[126.80222,37.51437],[126.80288,37.51495],[126.80307,37.51485],[126.80334,37.51403],[126.80338,37.51336],[126.80351,37.51276],[126.80424,37.51145],[126.80366,37.5112],[126.80376,37.51103],[126.80384,37.51088],[126.80518,37.51145],[126.80557,37.51068],[126.80373,37.50991],[126.80297,37.51028],[126.80224,37.51009],[126.80216,37.51045],[126.80289,37.51056],[126.80282,37.51075],[126.80274,37.5109],[126.80208,37.51077],[126.80207,37.51087],[126.802,37.5114],[126.80198,37.51175],[126.80201,37.51216],[126.80205,37.51253],[126.80203,37.51285],[126.80171,37.51305],[126.80172,37.51323],[126.80172,37.51323]]]}},{"type":"Feature","properties":{"kind":"park","label":"공원","name":"여의도공원","area":223995},"geometry":{"type":"Point","coordinates":[126.92264,37.525952]}},{"type":"Feature","properties":{"kind":"park_area","name":"여의도공원"},"geometry":{"type":"Polygon","coordinates":[[[126.91735,37.52194],[126.91642,37.52331],[126.91642,37.52333],[126.91642,37.52335],[126.9165,37.52341],[126.9216,37.52657],[126.92231,37.52701],[126.92705,37.52997],[126.92711,37.52999],[126.92714,37.52999],[126.92718,37.52999],[126.92725,37.52995],[126.92868,37.52927],[126.92881,37.52918],[126.92886,37.52912],[126.92886,37.52907],[126.92873,37.52897],[126.92799,37.52849],[126.92756,37.52822],[126.92725,37.52803],[126.92658,37.52761],[126.92567,37.52709],[126.92554,37.52698],[126.9216,37.5245],[126.91982,37.52341],[126.91744,37.52192],[126.91741,37.52191],[126.91738,37.52192],[126.91735,37.52194],[126.91735,37.52194]]]}},{"type":"Feature","properties":{"kind":"park","label":"공원","name":"문화비축기지","area":75990},"geometry":{"type":"Point","coordinates":[126.893866,37.570782]}},{"type":"Feature","properties":{"kind":"park_area","name":"문화비축기지"},"geometry":{"type":"Polygon","coordinates":[[[126.89532,37.57163],[126.89541,37.57157],[126.89562,37.57132],[126.89545,37.57075],[126.89543,37.57052],[126.89529,37.57036],[126.89529,37.57036],[126.89543,37.57033],[126.89557,37.57038],[126.89566,37.57036],[126.89556,37.57021],[126.89551,37.57014],[126.89548,37.57009],[126.89546,37.57007],[126.8954,37.56999],[126.89536,37.56994],[126.89532,37.56996],[126.89527,37.5699],[126.89523,37.56986],[126.895,37.5696],[126.89485,37.56942],[126.89479,37.56932],[126.89473,37.56926],[126.89465,37.56916],[126.89454,37.56905],[126.89442,37.56891],[126.89405,37.56913],[126.89404,37.56916],[126.89402,37.56919],[126.89395,37.56929],[126.89392,37.56944],[126.89387,37.56992],[126.89385,37.56998],[126.89282,37.57064],[126.89277,37.57137],[126.89266,37.57139],[126.89265,37.57131],[126.89256,37.57132],[126.89255,37.57141],[126.89234,37.57141],[126.89229,37.57135],[126.89217,37.57134],[126.8921,37.57137],[126.89208,37.57139],[126.89207,37.57143],[126.89207,37.57146],[126.89209,37.57155],[126.89218,37.57194],[126.89226,37.57218],[126.89236,37.5723],[126.89251,37.57238],[126.89267,37.57241],[126.89348,37.57264],[126.89357,37.57265],[126.89366,37.57263],[126.89458,37.5723],[126.89473,37.5722],[126.89486,37.5722],[126.89516,37.57226],[126.8953,37.57227],[126.89549,37.57214],[126.89554,37.57199],[126.89551,37.57183],[126.89532,37.57163],[126.89532,37.57163]]]}},{"type":"Feature","properties":{"kind":"park","label":"공원","name":"마곡중앙광장","area":35243},"geometry":{"type":"Point","coordinates":[126.826054,37.565079]}},{"type":"Feature","properties":{"kind":"park_area","name":"마곡중앙광장"},"geometry":{"type":"Polygon","coordinates":[[[126.82456,37.5642],[126.82454,37.56402],[126.82444,37.56347],[126.82645,37.56456],[126.82743,37.56449],[126.82766,37.56654],[126.82652,37.56669],[126.82631,37.56512],[126.82456,37.5642],[126.82456,37.5642]]]}},{"type":"Feature","properties":{"kind":"park","label":"공원","name":"중랑천 산책로","area":35136},"geometry":{"type":"Point","coordinates":[127.068889,37.608118]}},{"type":"Feature","properties":{"kind":"park_area","name":"중랑천 산책로"},"geometry":{"type":"Polygon","coordinates":[[[127.07126,37.60179],[127.07145,37.60179],[127.07138,37.60264],[127.07082,37.60597],[127.07067,37.60855],[127.07063,37.6093],[127.07058,37.60983],[127.07048,37.61049],[127.07042,37.61137],[127.07042,37.61148],[127.07041,37.61158],[127.07041,37.61171],[127.07042,37.61182],[127.07043,37.61192],[127.07048,37.61227],[127.07048,37.6123],[127.0704,37.61282],[127.07034,37.61321],[127.07022,37.61333],[127.07011,37.6135],[127.0694,37.61413],[127.06897,37.61433],[127.06846,37.61439],[127.06793,37.61445],[127.06726,37.61439],[127.06633,37.61412],[127.06647,37.61386],[127.0672,37.61422],[127.06779,37.61429],[127.06842,37.61418],[127.06942,37.61382],[127.0697,37.61361],[127.07015,37.61315],[127.07028,37.61279],[127.07036,37.60999],[127.07027,37.60745],[127.07036,37.60673],[127.07079,37.60486],[127.07098,37.60409],[127.07123,37.60269],[127.0713,37.60213],[127.07126,37.60179],[127.07126,37.60179]]]}},{"type":"Feature","properties":{"kind":"park","label":"공원","name":"","area":61217},"geometry":{"type":"Point","coordinates":[127.048771,37.698941]}},{"type":"Feature","properties":{"kind":"park_area","name":""},"geometry":{"type":"Polygon","coordinates":[[[127.04765,37.69809],[127.04892,37.69699],[127.04947,37.69669],[127.04954,37.69672],[127.04944,37.69745],[127.04937,37.69792],[127.0493,37.69854],[127.04932,37.69934],[127.04943,37.69999],[127.04947,37.70043],[127.04969,37.70087],[127.04989,37.70119],[127.04797,37.70087],[127.04781,37.70053],[127.04772,37.70008],[127.04767,37.69955],[127.04765,37.69809],[127.04765,37.69809]]]}},{"type":"Feature","properties":{"kind":"park","label":"공원","name":"","area":40934},"geometry":{"type":"Point","coordinates":[127.049925,37.70264]}},{"type":"Feature","properties":{"kind":"park_area","name":""},"geometry":{"type":"Polygon","coordinates":[[[127.04819,37.70129],[127.04842,37.70161],[127.04872,37.70201],[127.04942,37.70289],[127.05015,37.70385],[127.05024,37.70399],[127.05029,37.70395],[127.05049,37.70384],[127.05061,37.70378],[127.05166,37.70324],[127.05118,37.70256],[127.05091,37.70219],[127.05072,37.70198],[127.05059,37.70187],[127.05042,37.70177],[127.05023,37.70167],[127.04819,37.70129],[127.04819,37.70129]]]}},{"type":"Feature","properties":{"kind":"park","label":"공원","name":"","area":163219},"geometry":{"type":"Point","coordinates":[127.051185,37.708862]}},{"type":"Feature","properties":{"kind":"park_area","name":""},"geometry":{"type":"Polygon","coordinates":[[[127.05024,37.70399],[127.05029,37.70395],[127.05049,37.70384],[127.05061,37.70378],[127.05166,37.70324],[127.05216,37.70394],[127.05254,37.70448],[127.05255,37.70464],[127.05256,37.70471],[127.05259,37.7048],[127.05265,37.70492],[127.05268,37.70502],[127.05272,37.70518],[127.05263,37.70568],[127.05244,37.70628],[127.05235,37.70668],[127.05213,37.70746],[127.05186,37.70833],[127.05183,37.7085],[127.05149,37.70959],[127.05121,37.71064],[127.05115,37.71096],[127.0511,37.71143],[127.05111,37.71159],[127.05114,37.71184],[127.05124,37.71217],[127.05126,37.71224],[127.05133,37.71244],[127.05139,37.71261],[127.05152,37.71302],[127.05157,37.71315],[127.05163,37.71337],[127.05183,37.71391],[127.05185,37.71421],[127.05178,37.71443],[127.05173,37.71445],[127.05167,37.71448],[127.05149,37.71449],[127.05019,37.71449],[127.05018,37.71424],[127.0499,37.71288],[127.04965,37.71137],[127.04967,37.71066],[127.04972,37.71023],[127.05001,37.70963],[127.05029,37.70891],[127.05099,37.70701],[127.05112,37.70559],[127.05083,37.70482],[127.05068,37.70466],[127.0504,37.70472],[127.05019,37.70451],[127.05042,37.70439],[127.05054,37.70431],[127.05057,37.70419],[127.05051,37.70405],[127.0504,37.704],[127.05031,37.70406],[127.05024,37.70399],[127.05024,37.70399]]]}},{"type":"Feature","properties":{"kind":"park","label":"공원","name":"미사한강공원1호","area":84132},"geometry":{"type":"Point","coordinates":[127.177824,37.576615]}},{"type":"Feature","properties":{"kind":"park_area","name":"미사한강공원1호"},"geometry":{"type":"Polygon","coordinates":[[[127.18025,37.57625],[127.18019,37.57638],[127.18009,37.57658],[127.18007,37.57663],[127.18004,37.57669],[127.17963,37.57754],[127.17958,37.57755],[127.17931,37.57749],[127.17933,37.5774],[127.17908,37.57737],[127.17907,37.57741],[127.17879,37.57737],[127.17873,37.57763],[127.1792,37.57769],[127.17922,37.57759],[127.17928,37.5776],[127.1793,37.57755],[127.17935,37.57756],[127.17956,37.57761],[127.17957,37.57765],[127.17937,37.57809],[127.1793,37.57814],[127.17922,37.57816],[127.17923,37.57819],[127.17912,37.57819],[127.17862,37.5781],[127.17832,37.57808],[127.17744,37.578],[127.17718,37.57794],[127.17647,37.57778],[127.17539,37.57752],[127.17559,37.57714],[127.17561,37.57706],[127.17568,37.57668],[127.17569,37.57666],[127.17569,37.57664],[127.17577,37.57619],[127.17577,37.57615],[127.17578,37.57613],[127.17587,37.57559],[127.17588,37.57556],[127.17589,37.57553],[127.17591,37.57541],[127.17594,37.57525],[127.17597,37.57508],[127.17608,37.57504],[127.17669,37.5752],[127.17666,37.57527],[127.17652,37.57563],[127.1765,37.57569],[127.17636,37.57605],[127.1764,37.57613],[127.17758,37.57644],[127.17767,37.5764],[127.17806,37.57558],[127.17816,37.5756],[127.17825,37.57563],[127.17941,37.57593],[127.17953,37.576],[127.1797,37.57604],[127.17982,37.57605],[127.17997,37.57609],[127.18,37.5761],[127.18019,37.57615],[127.18024,37.57617],[127.18026,37.57621],[127.18025,37.57625],[127.18025,37.57625]]]}},{"type":"Feature","properties":{"kind":"park","label":"공원","name":"미사호수공원","area":198104},"geometry":{"type":"Point","coordinates":[127.188276,37.563416]}},{"type":"Feature","properties":{"kind":"park_area","name":"미사호수공원"},"geometry":{"type":"Polygon","coordinates":[[[127.18561,37.56657],[127.18724,37.56663],[127.1875,37.56665],[127.1876,37.56666],[127.18773,37.56666],[127.18786,37.56668],[127.18814,37.56673],[127.18839,37.56605],[127.18849,37.5658],[127.18858,37.56553],[127.18901,37.56564],[127.18914,37.56532],[127.18959,37.56423],[127.18965,37.56408],[127.18943,37.56402],[127.18944,37.56305],[127.18954,37.56268],[127.18982,37.56216],[127.19038,37.56159],[127.19049,37.5614],[127.19053,37.56115],[127.19055,37.56076],[127.19054,37.56046],[127.19092,37.56043],[127.19094,37.56022],[127.19079,37.56016],[127.19047,37.56014],[127.19031,37.56012],[127.19024,37.56012],[127.19009,37.56011],[127.1895,37.56012],[127.18862,37.56019],[127.18842,37.56022],[127.18821,37.56022],[127.18804,37.56021],[127.18777,37.5602],[127.18771,37.56023],[127.18769,37.56025],[127.18768,37.56029],[127.18766,37.56043],[127.18761,37.56061],[127.18759,37.56067],[127.18758,37.5607],[127.18753,37.56087],[127.1874,37.56115],[127.18735,37.56126],[127.18733,37.56132],[127.18711,37.56175],[127.18703,37.56188],[127.18686,37.56222],[127.18678,37.56237],[127.1867,37.56252],[127.1864,37.5631],[127.18617,37.56353],[127.18616,37.56371],[127.18605,37.56397],[127.18594,37.56413],[127.18589,37.56421],[127.18583,37.56449],[127.18581,37.5647],[127.18575,37.56515],[127.1857,37.56552],[127.18569,37.56566],[127.18566,37.56611],[127.18561,37.56657],[127.18561,37.56657]]]}},{"type":"Feature","properties":{"kind":"park","label":"공원","name":"수변공원10호","area":72712},"geometry":{"type":"Point","coordinates":[127.181759,37.568816]}},{"type":"Feature","properties":{"kind":"park_area","name":"수변공원10호"},"geometry":{"type":"Polygon","coordinates":[[[127.17853,37.57071],[127.17885,37.57077],[127.17896,37.57061],[127.17977,37.57045],[127.18009,37.57054],[127.18031,37.57012],[127.18207,37.56937],[127.18264,37.56906],[127.18282,37.56911],[127.1836,37.56796],[127.18407,37.56816],[127.18423,37.56787],[127.18447,37.56776],[127.18471,37.56784],[127.18496,37.56718],[127.18504,37.56696],[127.18491,37.5669],[127.18249,37.56686],[127.18245,37.56829],[127.18209,37.5687],[127.18128,37.56907],[127.17914,37.569],[127.17896,37.56936],[127.17873,37.56976],[127.17861,37.57001],[127.17857,37.57015],[127.17852,37.57042],[127.1785,37.57048],[127.17848,37.57062],[127.17853,37.57071],[127.17853,37.57071]]]}},{"type":"Feature","properties":{"kind":"park","label":"공원","name":"천왕 근린공원","area":35120},"geometry":{"type":"Point","coordinates":[126.841542,37.475778]}},{"type":"Feature","properties":{"kind":"park_area","name":"천왕 근린공원"},"geometry":{"type":"Polygon","coordinates":[[[126.84175,37.47623],[126.84217,37.47657],[126.84177,37.47688],[126.84047,37.47589],[126.84035,37.47576],[126.84024,37.47561],[126.84017,37.47541],[126.84013,37.47486],[126.84058,37.47475],[126.84098,37.47468],[126.84187,37.47491],[126.84251,37.47492],[126.84295,37.47612],[126.84266,37.4762],[126.84225,37.47584],[126.84175,37.47623],[126.84175,37.47623]]]}},{"type":"Feature","properties":{"kind":"park","label":"공원","name":"안양천 체육 생태공원","area":1659841},"geometry":{"type":"Point","coordinates":[126.879764,37.521776]}},{"type":"Feature","properties":{"kind":"park_area","name":"안양천 체육 생태공원"},"geometry":{"type":"Polygon","coordinates":[[[126.88139,37.54677],[126.88177,37.54724],[126.88219,37.54775],[126.88296,37.54747],[126.88603,37.54599],[126.88653,37.5454],[126.88671,37.54443],[126.88888,37.54022],[126.89099,37.53619],[126.89111,37.53591],[126.89121,37.53564],[126.8913,37.53502],[126.89134,37.53429],[126.89106,37.53318],[126.88954,37.53078],[126.88934,37.53032],[126.88901,37.53006],[126.88805,37.52879],[126.88667,37.52789],[126.88316,37.52665],[126.88272,37.52639],[126.8821,37.52589],[126.88178,37.52556],[126.88129,37.52482],[126.88108,37.52416],[126.88116,37.5235],[126.88106,37.52337],[126.8811,37.52299],[126.88148,37.5203],[126.88157,37.51978],[126.88175,37.51841],[126.88204,37.51778],[126.88207,37.51708],[126.88195,37.51654],[126.88177,37.51642],[126.88172,37.5163],[126.88169,37.51623],[126.88165,37.51615],[126.88127,37.5153],[126.88005,37.51389],[126.87844,37.51209],[126.87831,37.51189],[126.87623,37.50955],[126.87465,37.50774],[126.8744,37.50737],[126.87445,37.50712],[126.8742,37.50664],[126.87363,37.50482],[126.87168,37.49925],[126.87136,37.49819],[126.87121,37.49769],[126.87111,37.49699],[126.86834,37.4958],[126.86818,37.49686],[126.86838,37.49787],[126.86857,37.4983],[126.86895,37.49912],[126.86952,37.50065],[126.87029,37.50254],[126.87093,37.50478],[126.87157,37.50665],[126.87246,37.50906],[126.87277,37.50968],[126.873,37.50997],[126.87565,37.51291],[126.87707,37.51442],[126.87729,37.51527],[126.87762,37.51814],[126.87772,37.51969],[126.87817,37.52071],[126.87859,37.52166],[126.87856,37.5221],[126.8783,37.52391],[126.87811,37.52506],[126.87815,37.52549],[126.87825,37.52576],[126.87874,37.52636],[126.87952,37.52723],[126.88026,37.52822],[126.88038,37.5284],[126.88086,37.52881],[126.88113,37.52894],[126.88162,37.52901],[126.88227,37.52894],[126.88257,37.52892],[126.88315,37.52898],[126.88352,37.52909],[126.88415,37.52932],[126.88527,37.52976],[126.88617,37.53027],[126.88666,37.53082],[126.88692,37.5313],[126.88755,37.53259],[126.88821,37.53368],[126.88849,37.53424],[126.88863,37.53465],[126.88861,37.5351],[126.88845,37.53555],[126.88797,37.5363],[126.88687,37.53804],[126.88625,37.53904],[126.88594,37.53959],[126.88467,37.54248],[126.88375,37.54371],[126.88286,37.54513],[126.88245,37.54563],[126.88139,37.54677],[126.88139,37.54677]]]}},{"type":"Feature","properties":{"kind":"park","label":"공원","name":"봉수대 공원","area":35799},"geometry":{"type":"Point","coordinates":[127.091628,37.607325]}},{"type":"Feature","properties":{"kind":"park_area","name":"봉수대 공원"},"geometry":{"type":"Polygon","coordinates":[[[127.09119,37.60665],[127.09099,37.60683],[127.09082,37.60702],[127.09067,37.60713],[127.09041,37.6074],[127.09037,37.60753],[127.09035,37.60771],[127.09048,37.60799],[127.09064,37.60813],[127.09074,37.60823],[127.09107,37.6083],[127.09145,37.60834],[127.09189,37.60841],[127.09227,37.6084],[127.09254,37.6083],[127.0929,37.60805],[127.0929,37.60761],[127.09287,37.60735],[127.09264,37.60707],[127.09239,37.6069],[127.09227,37.60681],[127.09218,37.60674],[127.09211,37.60669],[127.09206,37.60665],[127.09197,37.60658],[127.09164,37.60624],[127.09153,37.60641],[127.09119,37.60665],[127.09119,37.60665]]]}},{"type":"Feature","properties":{"kind":"park","label":"공원","name":"봉화산근린공원","area":116994},"geometry":{"type":"Point","coordinates":[127.088228,37.612889]}},{"type":"Feature","properties":{"kind":"park_area","name":"봉화산근린공원"},"geometry":{"type":"Polygon","coordinates":[[[127.08879,37.61491],[127.0901,37.61401],[127.09025,37.61316],[127.09031,37.613],[127.09029,37.61252],[127.09013,37.61237],[127.09006,37.61227],[127.08996,37.61221],[127.09003,37.61184],[127.09001,37.61169],[127.08995,37.61154],[127.09006,37.61137],[127.09013,37.61124],[127.0901,37.611],[127.08995,37.61085],[127.08964,37.61085],[127.08937,37.61084],[127.08908,37.61086],[127.08895,37.61083],[127.08872,37.61082],[127.08829,37.61081],[127.08821,37.61095],[127.0881,37.61107],[127.08789,37.61154],[127.08759,37.61185],[127.08754,37.61196],[127.08744,37.61219],[127.08731,37.61247],[127.08724,37.61267],[127.08714,37.61285],[127.08703,37.61299],[127.08689,37.61313],[127.0867,37.61326],[127.08656,37.61331],[127.08624,37.61342],[127.08615,37.6135],[127.08621,37.6148],[127.08769,37.61485],[127.08868,37.61497],[127.08879,37.61491],[127.08879,37.61491]]]}},{"type":"Feature","properties":{"kind":"park","label":"공원","name":"용마공원","area":158332},"geometry":{"type":"Point","coordinates":[127.105354,37.594173]}},{"type":"Feature","properties":{"kind":"park_area","name":"용마공원"},"geometry":{"type":"Polygon","coordinates":[[[127.10238,37.59554],[127.10245,37.59567],[127.10267,37.5959],[127.10292,37.59617],[127.1031,37.5962],[127.10341,37.59622],[127.10346,37.59595],[127.10378,37.59564],[127.10415,37.59564],[127.10461,37.59536],[127.10481,37.59524],[127.10557,37.59606],[127.10653,37.5963],[127.10736,37.59613],[127.10818,37.59455],[127.10833,37.59339],[127.10786,37.59292],[127.10595,37.59205],[127.10476,37.59237],[127.10382,37.59261],[127.10357,37.59268],[127.1034,37.59328],[127.10374,37.59356],[127.10393,37.59382],[127.10392,37.59386],[127.10379,37.59478],[127.10356,37.59486],[127.10335,37.59488],[127.10303,37.59482],[127.10294,37.59509],[127.1025,37.59526],[127.10248,37.59539],[127.10241,37.59548],[127.10241,37.59549],[127.10238,37.59554],[127.10238,37.59554]]]}},{"type":"Feature","properties":{"kind":"park","label":"공원","name":"능산공원","area":39222},"geometry":{"type":"Point","coordinates":[127.098921,37.610641]}},{"type":"Feature","properties":{"kind":"park_area","name":"능산공원"},"geometry":{"type":"Polygon","coordinates":[[[127.0967,37.61229],[127.0979,37.61232],[127.09782,37.61096],[127.098,37.61048],[127.09873,37.60941],[127.09974,37.60939],[127.10084,37.60941],[127.10094,37.61039],[127.10092,37.61071],[127.10093,37.61089],[127.10101,37.61218],[127.10104,37.61242],[127.10015,37.61242],[127.09996,37.61242],[127.09985,37.61237],[127.09987,37.61295],[127.09987,37.61298],[127.1003,37.61287],[127.10122,37.61288],[127.10096,37.60918],[127.10078,37.60898],[127.10025,37.60838],[127.0999,37.60833],[127.09976,37.60831],[127.09963,37.60845],[127.09901,37.60896],[127.09867,37.60933],[127.09768,37.61076],[127.09774,37.61097],[127.09745,37.61118],[127.09711,37.61143],[127.09685,37.61179],[127.09662,37.61192],[127.0967,37.61229],[127.0967,37.61229]]]}},{"type":"Feature","properties":{"kind":"park","label":"공원","name":"경희궁","area":70472},"geometry":{"type":"Point","coordinates":[126.968124,37.570905]}},{"type":"Feature","properties":{"kind":"park_area","name":"경희궁"},"geometry":{"type":"Polygon","coordinates":[[[126.96676,37.572],[126.96682,37.57203],[126.96699,37.57213],[126.96708,37.5722],[126.96718,37.57232],[126.96726,37.57246],[126.96729,37.57252],[126.96734,37.57256],[126.9674,37.57259],[126.96767,37.57265],[126.96784,37.57268],[126.96812,37.57215],[126.96832,37.57196],[126.96845,37.57194],[126.96856,37.57194],[126.96944,37.57196],[126.96956,37.57171],[126.96953,37.57172],[126.96941,37.57153],[126.96903,37.5715],[126.96895,37.57147],[126.96907,37.57124],[126.96918,37.57124],[126.9692,37.5711],[126.96937,37.57102],[126.96949,37.57076],[126.9695,37.57073],[126.9697,37.5703],[126.96978,37.57012],[126.96982,37.57001],[126.96985,37.56988],[126.96987,37.56975],[126.96986,37.56962],[126.96977,37.56953],[126.96959,37.5694],[126.96943,37.56938],[126.96924,37.56936],[126.96921,37.56936],[126.96893,37.56932],[126.9686,37.56925],[126.96818,37.56913],[126.9681,37.56913],[126.96806,37.56916],[126.968,37.5692],[126.96792,37.56925],[126.96785,37.56916],[126.96727,37.56925],[126.96708,37.56929],[126.96699,37.56933],[126.96697,37.56937],[126.96702,37.56941],[126.96732,37.56952],[126.96732,37.56958],[126.96736,37.5696],[126.96747,37.56952],[126.96786,37.56971],[126.96785,37.56976],[126.96782,37.56986],[126.96779,37.56995],[126.96762,37.5704],[126.96704,37.57059],[126.96669,37.57069],[126.96682,37.57086],[126.96677,37.57105],[126.96669,37.5713],[126.96668,37.57133],[126.96654,37.57153],[126.96638,37.57177],[126.96676,37.572],[126.96676,37.572]]]}},{"type":"Feature","properties":{"kind":"park","label":"공원","name":"","area":70429},"geometry":{"type":"Point","coordinates":[126.968124,37.570905]}},{"type":"Feature","properties":{"kind":"park_area","name":""},"geometry":{"type":"Polygon","coordinates":[[[126.96726,37.57246],[126.96718,37.57232],[126.96708,37.5722],[126.96699,37.57213],[126.96682,37.57203],[126.96676,37.572],[126.96638,37.57177],[126.96654,37.57153],[126.96668,37.57133],[126.96669,37.5713],[126.96677,37.57105],[126.96682,37.57086],[126.96669,37.57069],[126.96704,37.57059],[126.96762,37.5704],[126.96779,37.56995],[126.96782,37.56986],[126.96786,37.56971],[126.96747,37.56952],[126.96736,37.5696],[126.96732,37.56958],[126.96732,37.56952],[126.96702,37.56941],[126.96697,37.56937],[126.96699,37.56933],[126.96708,37.56929],[126.96727,37.56925],[126.96785,37.56916],[126.96792,37.56925],[126.968,37.5692],[126.96806,37.56916],[126.9681,37.56913],[126.96818,37.56913],[126.9686,37.56925],[126.96893,37.56932],[126.96921,37.56936],[126.96924,37.56936],[126.96943,37.56938],[126.96959,37.5694],[126.96977,37.56953],[126.96986,37.56962],[126.96987,37.56975],[126.96985,37.56988],[126.96982,37.57001],[126.96979,37.57012],[126.9697,37.5703],[126.96957,37.57057],[126.9695,37.57073],[126.96949,37.57076],[126.96937,37.57102],[126.9692,37.5711],[126.96918,37.57124],[126.96907,37.57124],[126.96895,37.57147],[126.96903,37.5715],[126.96941,37.57153],[126.96953,37.57172],[126.96944,37.57196],[126.96856,37.57194],[126.96845,37.57194],[126.96832,37.57196],[126.96812,37.57215],[126.96784,37.57268],[126.96767,37.57265],[126.9674,37.57259],[126.96734,37.57256],[126.96729,37.57252],[126.96726,37.57246],[126.96726,37.57246]]]}},{"type":"Feature","properties":{"kind":"park","label":"공원","name":"","area":60584},"geometry":{"type":"Point","coordinates":[126.975054,37.566134]}},{"type":"Feature","properties":{"kind":"park_area","name":""},"geometry":{"type":"Polygon","coordinates":[[[126.97633,37.56654],[126.97584,37.56653],[126.97553,37.56658],[126.9755,37.56658],[126.97549,37.56658],[126.9752,37.56664],[126.97485,37.56675],[126.97476,37.56677],[126.97464,37.5669],[126.97461,37.56693],[126.97445,37.56694],[126.97426,37.56695],[126.97414,37.56719],[126.97404,37.56735],[126.97389,37.56745],[126.97336,37.56746],[126.97328,37.56742],[126.97351,37.56669],[126.97355,37.56653],[126.97354,37.56644],[126.97352,37.5659],[126.97352,37.56538],[126.97353,37.56535],[126.97356,37.56532],[126.97364,37.56527],[126.97372,37.56521],[126.97375,37.56518],[126.97377,37.56509],[126.9739,37.56491],[126.97396,37.56484],[126.97399,37.56482],[126.97407,37.56481],[126.9746,37.56484],[126.97562,37.56496],[126.97583,37.56497],[126.97597,37.56496],[126.97612,37.56494],[126.97655,37.56489],[126.9766,37.56512],[126.9767,37.5651],[126.97682,37.56551],[126.9768,37.56654],[126.97633,37.56654],[126.97633,37.56654]]]}},{"type":"Feature","properties":{"kind":"park","label":"공원","name":"고강선사유적공원","area":67712},"geometry":{"type":"Point","coordinates":[126.81857,37.524446]}},{"type":"Feature","properties":{"kind":"park_area","name":"고강선사유적공원"},"geometry":{"type":"Polygon","coordinates":[[[126.8192,37.52583],[126.8191,37.52572],[126.81876,37.52568],[126.81847,37.52551],[126.81846,37.52537],[126.81822,37.52526],[126.81813,37.52535],[126.81768,37.52531],[126.81755,37.52523],[126.81758,37.52516],[126.81739,37.52505],[126.81702,37.525],[126.81663,37.52502],[126.81659,37.52486],[126.81651,37.52402],[126.81683,37.52376],[126.81668,37.52335],[126.81669,37.52322],[126.81671,37.52306],[126.81702,37.52311],[126.81766,37.52334],[126.81802,37.52345],[126.81843,37.52352],[126.81941,37.52348],[126.8193,37.52395],[126.82036,37.52412],[126.82063,37.52463],[126.82041,37.52477],[126.82048,37.52488],[126.82044,37.5249],[126.82049,37.52506],[126.82034,37.52503],[126.81985,37.5255],[126.81986,37.5256],[126.81962,37.52569],[126.8192,37.52583],[126.8192,37.52583]]]}},{"type":"Feature","properties":{"kind":"park","label":"공원","name":"도림천 체육공원-신림지구","area":66875},"geometry":{"type":"Point","coordinates":[126.92474,37.48521]}},{"type":"Feature","properties":{"kind":"park_area","name":"도림천 체육공원-신림지구"},"geometry":{"type":"Polygon","coordinates":[[[126.9201,37.48965],[126.92054,37.4895],[126.92095,37.48934],[126.9215,37.48903],[126.92189,37.48874],[126.92233,37.48831],[126.92269,37.48792],[126.92322,37.48724],[126.92371,37.48663],[126.92511,37.48521],[126.92514,37.48502],[126.92562,37.48461],[126.92606,37.48439],[126.92632,37.48428],[126.92663,37.4842],[126.9267,37.48409],[126.9267,37.48394],[126.92662,37.48376],[126.9278,37.48284],[126.92897,37.48194],[126.92904,37.48186],[126.92913,37.48168],[126.92926,37.48151],[126.92973,37.48106],[126.93,37.48113],[126.92997,37.48093],[126.92989,37.48083],[126.92964,37.48069],[126.92867,37.48157],[126.92613,37.48364],[126.92466,37.48491],[126.92344,37.48594],[126.92293,37.48654],[126.92248,37.48726],[126.92189,37.48811],[126.92166,37.48833],[126.92086,37.48885],[126.92031,37.4891],[126.91948,37.48927],[126.91972,37.48973],[126.91993,37.48973],[126.9201,37.48965],[126.9201,37.48965]]]}},{"type":"Feature","properties":{"kind":"park","label":"공원","name":"","area":73209},"geometry":{"type":"Point","coordinates":[126.874032,37.479854]}},{"type":"Feature","properties":{"kind":"park_area","name":""},"geometry":{"type":"Polygon","coordinates":[[[126.87194,37.48494],[126.87233,37.48369],[126.87255,37.48313],[126.87304,37.48185],[126.87316,37.48159],[126.87458,37.47879],[126.87504,37.47789],[126.87622,37.47562],[126.87651,37.47518],[126.8767,37.47488],[126.87626,37.47477],[126.87613,37.47482],[126.87606,37.47494],[126.87601,37.47492],[126.87589,37.47512],[126.87432,37.47772],[126.87403,37.47824],[126.87396,37.47827],[126.87261,37.48106],[126.8721,37.48223],[126.87177,37.48361],[126.87137,37.4849],[126.87194,37.48494],[126.87194,37.48494]]]}},{"type":"Feature","properties":{"kind":"park","label":"공원","name":"","area":249048},"geometry":{"type":"Point","coordinates":[126.870781,37.490886]}},{"type":"Feature","properties":{"kind":"park_area","name":""},"geometry":{"type":"Polygon","coordinates":[[[126.86842,37.49544],[126.87098,37.49658],[126.87118,37.49541],[126.87137,37.49415],[126.87211,37.49065],[126.87258,37.48813],[126.87314,37.48532],[126.87122,37.48519],[126.87084,37.48638],[126.87029,37.48767],[126.86995,37.48978],[126.86948,37.49205],[126.8688,37.49425],[126.86842,37.49544],[126.86842,37.49544]]]}},{"type":"Feature","properties":{"kind":"park","label":"공원","name":"","area":231116},"geometry":{"type":"Point","coordinates":[126.881202,37.470116]}},{"type":"Feature","properties":{"kind":"park_area","name":""},"geometry":{"type":"Polygon","coordinates":[[[126.87641,37.47432],[126.87639,37.47457],[126.87843,37.47509],[126.87898,37.47407],[126.88006,37.47267],[126.88127,37.47126],[126.88141,37.47114],[126.88276,37.46955],[126.88298,37.46925],[126.8831,37.46914],[126.88391,37.46816],[126.88433,37.46761],[126.8851,37.46664],[126.88564,37.46601],[126.88576,37.46589],[126.8858,37.46591],[126.88602,37.46567],[126.88426,37.46516],[126.88413,37.46515],[126.88403,37.46517],[126.88356,37.4657],[126.88125,37.4683],[126.87891,37.471],[126.87777,37.47231],[126.8773,37.47299],[126.87641,37.47432],[126.87641,37.47432]]]}},{"type":"Feature","properties":{"kind":"park","label":"공원","name":"","area":159737},"geometry":{"type":"Point","coordinates":[126.887747,37.461112]}},{"type":"Feature","properties":{"kind":"park_area","name":""},"geometry":{"type":"Polygon","coordinates":[[[126.88435,37.46489],[126.88617,37.46545],[126.88697,37.46451],[126.88872,37.46244],[126.89062,37.46],[126.89105,37.4594],[126.89112,37.4592],[126.89114,37.45901],[126.89111,37.45874],[126.89104,37.45852],[126.89059,37.45733],[126.89055,37.45713],[126.89056,37.45678],[126.89021,37.45736],[126.88943,37.45853],[126.88838,37.45998],[126.88771,37.4608],[126.88641,37.46236],[126.88435,37.46489],[126.88435,37.46489]]]}},{"type":"Feature","properties":{"kind":"park","label":"공원","name":"고덕 수변생태공원","area":66294},"geometry":{"type":"Point","coordinates":[127.155532,37.57011]}},{"type":"Feature","properties":{"kind":"park_area","name":"고덕 수변생태공원"},"geometry":{"type":"Polygon","coordinates":[[[127.15769,37.57064],[127.15771,37.57068],[127.15751,37.57084],[127.15665,37.5715],[127.15618,37.57165],[127.15575,37.5716],[127.15563,37.57166],[127.1555,37.57165],[127.15536,37.57149],[127.15541,37.57139],[127.15339,37.57017],[127.15335,37.56975],[127.1535,37.56945],[127.15362,37.56924],[127.15359,37.56885],[127.15357,37.56856],[127.1544,37.56899],[127.15487,37.5692],[127.15535,37.56941],[127.15609,37.56981],[127.15641,37.56996],[127.1565,37.56997],[127.15666,37.56997],[127.15681,37.56997],[127.15711,37.57008],[127.15748,37.57024],[127.15768,37.57033],[127.15771,37.57039],[127.15769,37.57064],[127.15769,37.57064]]]}},{"type":"Feature","properties":{"kind":"park","label":"공원","name":"","area":109986},"geometry":{"type":"Point","coordinates":[127.065835,37.64869]}},{"type":"Feature","properties":{"kind":"park_area","name":""},"geometry":{"type":"Polygon","coordinates":[[[127.07243,37.65948],[127.07234,37.65952],[127.07188,37.65906],[127.07171,37.65872],[127.07169,37.65837],[127.0717,37.65791],[127.07183,37.65738],[127.07191,37.65638],[127.07194,37.65534],[127.07185,37.65462],[127.07166,37.65393],[127.07133,37.65336],[127.07047,37.65239],[127.06957,37.65145],[127.06916,37.65113],[127.06769,37.65031],[127.06591,37.6497],[127.06543,37.64935],[127.06512,37.64889],[127.06461,37.64807],[127.06381,37.64722],[127.06334,37.64678],[127.06233,37.6462],[127.06175,37.64581],[127.06111,37.6452],[127.06093,37.64488],[127.06081,37.64411],[127.06078,37.64336],[127.06075,37.64231],[127.06073,37.6418],[127.06049,37.6411],[127.06031,37.64067],[127.06,37.63995],[127.05997,37.63949],[127.05987,37.63932],[127.05955,37.63877],[127.05924,37.63823],[127.05949,37.63786],[127.05976,37.63838],[127.06001,37.63894],[127.06019,37.63937],[127.06058,37.63994],[127.06114,37.64146],[127.06121,37.64235],[127.06119,37.64324],[127.06117,37.64377],[127.0613,37.64465],[127.06137,37.64473],[127.06155,37.645],[127.06234,37.64577],[127.06314,37.64622],[127.0637,37.6465],[127.06459,37.6473],[127.06495,37.64778],[127.06593,37.64899],[127.06619,37.64921],[127.06702,37.64954],[127.06816,37.65002],[127.06889,37.65033],[127.07034,37.65171],[127.07109,37.65253],[127.07163,37.65316],[127.07212,37.65416],[127.07224,37.65464],[127.07229,37.65518],[127.07221,37.65692],[127.07208,37.65793],[127.07204,37.65827],[127.07204,37.65857],[127.07211,37.65885],[127.07243,37.65948],[127.07243,37.65948]]]}},{"type":"Feature","properties":{"kind":"park","label":"공원","name":"게내수변공원","area":187861},"geometry":{"type":"Point","coordinates":[127.165992,37.55836]}},{"type":"Feature","properties":{"kind":"park_area","name":"게내수변공원"},"geometry":{"type":"Polygon","coordinates":[[[127.15771,37.57039],[127.15843,37.56993],[127.15905,37.56951],[127.15991,37.5689],[127.16157,37.56768],[127.16209,37.5673],[127.16249,37.56703],[127.16334,37.56665],[127.16443,37.56626],[127.16597,37.56573],[127.16724,37.56527],[127.16861,37.56486],[127.17013,37.56446],[127.17107,37.56423],[127.17156,37.56405],[127.1719,37.56387],[127.17231,37.56356],[127.17265,37.56303],[127.17283,37.56242],[127.17273,37.56179],[127.17228,37.56105],[127.17194,37.56033],[127.17173,37.55922],[127.17165,37.55848],[127.17137,37.5584],[127.17153,37.55767],[127.17145,37.55648],[127.17157,37.55603],[127.17196,37.5551],[127.17227,37.55391],[127.17254,37.5527],[127.17281,37.5513],[127.17311,37.54977],[127.17335,37.54863],[127.17356,37.54771],[127.17378,37.54672],[127.17361,37.5457],[127.17429,37.54573],[127.1742,37.54748],[127.17417,37.54812],[127.174,37.54914],[127.17397,37.54933],[127.17394,37.54949],[127.1739,37.5497],[127.17364,37.55095],[127.1736,37.5514],[127.17344,37.55235],[127.17311,37.55364],[127.17296,37.55428],[127.17277,37.55491],[127.17245,37.55568],[127.17224,37.55612],[127.17216,37.55635],[127.17216,37.55701],[127.17213,37.55771],[127.17219,37.55873],[127.17233,37.55972],[127.17252,37.56034],[127.17282,37.56099],[127.17313,37.56144],[127.17336,37.5619],[127.1734,37.56231],[127.1733,37.56265],[127.17297,37.56326],[127.17282,37.56355],[127.1726,37.56382],[127.17228,37.56415],[127.1717,37.56441],[127.17041,37.56477],[127.16915,37.56509],[127.16861,37.56525],[127.16754,37.56561],[127.16695,37.56585],[127.1663,37.56609],[127.16511,37.56651],[127.16411,37.56684],[127.16339,37.56708],[127.16241,37.56766],[127.16166,37.56824],[127.16099,37.56869],[127.16051,37.56903],[127.15965,37.56969],[127.15903,37.57009],[127.15842,37.57057],[127.1579,37.57102],[127.15771,37.57068],[127.15769,37.57064],[127.15771,37.57039],[127.15771,37.57039]]]}},{"type":"Feature","properties":{"kind":"park","label":"공원","name":"누에머리공원","area":44404},"geometry":{"type":"Point","coordinates":[127.14256,37.503849]}},{"type":"Feature","properties":{"kind":"park_area","name":"누에머리공원"},"geometry":{"type":"Polygon","coordinates":[[[127.14262,37.50204],[127.14177,37.50264],[127.14181,37.50285],[127.14193,37.50318],[127.14204,37.50343],[127.14164,37.50354],[127.14177,37.50395],[127.1414,37.50405],[127.14141,37.50437],[127.14145,37.5047],[127.14155,37.5053],[127.1415,37.50549],[127.1416,37.50566],[127.1418,37.50556],[127.14178,37.50528],[127.14279,37.50522],[127.14293,37.50481],[127.14322,37.50464],[127.14372,37.50445],[127.14262,37.50204],[127.14262,37.50204]]]}},{"type":"Feature","properties":{"kind":"park","label":"공원","name":"이촌한강공원","area":34112},"geometry":{"type":"Point","coordinates":[126.978562,37.515706]}},{"type":"Feature","properties":{"kind":"park_area","name":"이촌한강공원"},"geometry":{"type":"Polygon","coordinates":[[[126.9821,37.51524],[126.9821,37.51562],[126.98165,37.51574],[126.98145,37.51576],[126.97983,37.5158],[126.97906,37.5158],[126.97865,37.51585],[126.97711,37.51588],[126.97686,37.51589],[126.97582,37.51609],[126.9752,37.51621],[126.97517,37.5162],[126.97516,37.51616],[126.97502,37.51581],[126.97502,37.51577],[126.97503,37.51574],[126.97505,37.51572],[126.97509,37.5157],[126.97559,37.51569],[126.97668,37.51552],[126.97743,37.51542],[126.97906,37.51528],[126.97988,37.51523],[126.98056,37.51521],[126.98126,37.51521],[126.9821,37.51524],[126.9821,37.51524]]]}},{"type":"Feature","properties":{"kind":"park","label":"공원","name":"","area":98747},"geometry":{"type":"Point","coordinates":[127.160766,37.511695]}},{"type":"Feature","properties":{"kind":"park_area","name":""},"geometry":{"type":"Polygon","coordinates":[[[127.16411,37.51046],[127.16409,37.51052],[127.16381,37.51078],[127.16372,37.51086],[127.1637,37.51094],[127.16372,37.51102],[127.16369,37.51109],[127.16362,37.51116],[127.16343,37.51118],[127.16321,37.51115],[127.1629,37.51095],[127.16287,37.51094],[127.16262,37.51084],[127.16251,37.51085],[127.16208,37.51095],[127.16205,37.51094],[127.1619,37.51059],[127.16186,37.51057],[127.16175,37.51056],[127.16169,37.51055],[127.16162,37.51052],[127.16131,37.51034],[127.16123,37.51031],[127.16083,37.51039],[127.16038,37.51053],[127.15994,37.51068],[127.15969,37.51077],[127.15933,37.51111],[127.15928,37.51144],[127.15909,37.51175],[127.15899,37.51182],[127.15909,37.51235],[127.15893,37.5129],[127.15894,37.51292],[127.16116,37.51331],[127.16134,37.51331],[127.16138,37.51327],[127.16139,37.5132],[127.16143,37.51315],[127.16151,37.51314],[127.16241,37.51318],[127.1625,37.51323],[127.16259,37.51338],[127.16274,37.51351],[127.16289,37.51359],[127.16554,37.51413],[127.1656,37.51419],[127.16564,37.51428],[127.1652,37.51432],[127.16125,37.51389],[127.16107,37.51387],[127.15618,37.51302],[127.15589,37.51246],[127.15859,37.51287],[127.15862,37.51285],[127.15879,37.51235],[127.15871,37.51197],[127.15871,37.51187],[127.15875,37.51177],[127.15882,37.51167],[127.15902,37.51137],[127.15904,37.51126],[127.15907,37.51112],[127.15908,37.51104],[127.15911,37.51098],[127.15915,37.51093],[127.15937,37.51073],[127.15936,37.51061],[127.15934,37.51057],[127.15935,37.51054],[127.16012,37.51025],[127.16235,37.50947],[127.16249,37.50937],[127.16322,37.50907],[127.16329,37.50907],[127.16335,37.5091],[127.16411,37.51046],[127.16411,37.51046]]]}},{"type":"Feature","properties":{"kind":"park","label":"공원","name":"천마공원","area":197699},"geometry":{"type":"Point","coordinates":[127.157413,37.501167]}},{"type":"Feature","properties":{"kind":"park_area","name":"천마공원"},"geometry":{"type":"Polygon","coordinates":[[[127.15624,37.49846],[127.15512,37.49907],[127.15503,37.49918],[127.15481,37.49964],[127.15487,37.49987],[127.1554,37.50031],[127.15508,37.50068],[127.15376,37.50209],[127.15411,37.5028],[127.15505,37.50248],[127.15591,37.50228],[127.15721,37.50336],[127.15784,37.50388],[127.15809,37.50383],[127.15896,37.50269],[127.15921,37.50183],[127.15986,37.50164],[127.16029,37.50136],[127.16054,37.50117],[127.16091,37.50072],[127.16106,37.50008],[127.16096,37.4993],[127.16084,37.49906],[127.16069,37.49903],[127.15981,37.49936],[127.15977,37.49946],[127.15986,37.49963],[127.15983,37.49974],[127.15967,37.49984],[127.15859,37.50034],[127.1584,37.50034],[127.15653,37.49845],[127.15624,37.49846],[127.15624,37.49846]]]}},{"type":"Feature","properties":{"kind":"park","label":"공원","name":"솔뜨락공원","area":109018},"geometry":{"type":"Point","coordinates":[127.179534,37.553672]}},{"type":"Feature","properties":{"kind":"park_area","name":"솔뜨락공원"},"geometry":{"type":"Polygon","coordinates":[[[127.17798,37.55781],[127.17802,37.5577],[127.17817,37.55761],[127.17836,37.55753],[127.17854,37.55753],[127.17891,37.5577],[127.17917,37.55773],[127.17913,37.55724],[127.17964,37.55704],[127.1794,37.55643],[127.1792,37.55596],[127.17903,37.55589],[127.17877,37.55589],[127.17847,37.55589],[127.17816,37.55584],[127.17806,37.55568],[127.17801,37.55547],[127.17801,37.55508],[127.17806,37.5548],[127.17792,37.55481],[127.17774,37.55477],[127.17759,37.55477],[127.17777,37.55445],[127.1779,37.55424],[127.17807,37.55386],[127.17848,37.55317],[127.17861,37.55292],[127.17877,37.55268],[127.17899,37.5525],[127.17946,37.55212],[127.17967,37.55187],[127.17976,37.55173],[127.18048,37.55079],[127.18041,37.55077],[127.18036,37.55072],[127.18033,37.55067],[127.18034,37.5506],[127.18037,37.55056],[127.18041,37.55053],[127.18046,37.5505],[127.18052,37.55051],[127.18057,37.55052],[127.18059,37.55051],[127.18062,37.5505],[127.18087,37.55016],[127.18097,37.55009],[127.18107,37.55004],[127.18117,37.55],[127.18129,37.54997],[127.18144,37.54997],[127.18212,37.55002],[127.18279,37.55007],[127.1828,37.54977],[127.18178,37.54962],[127.18152,37.54957],[127.18109,37.54953],[127.18076,37.54958],[127.18054,37.54964],[127.18036,37.54973],[127.18011,37.54991],[127.17996,37.55004],[127.17974,37.55026],[127.17955,37.55049],[127.17939,37.55074],[127.17864,37.55181],[127.17816,37.55257],[127.17775,37.55339],[127.17691,37.55506],[127.17678,37.55544],[127.17663,37.55576],[127.17661,37.55599],[127.1763,37.55686],[127.17627,37.55695],[127.1764,37.55719],[127.17702,37.55732],[127.1771,37.55762],[127.17798,37.55781],[127.17798,37.55781]]]}},{"type":"Feature","properties":{"kind":"park","label":"공원","name":"","area":55551},"geometry":{"type":"Point","coordinates":[127.160368,37.619126]}},{"type":"Feature","properties":{"kind":"park_area","name":""},"geometry":{"type":"Polygon","coordinates":[[[127.15821,37.61828],[127.15821,37.61802],[127.15888,37.61801],[127.1598,37.618],[127.16173,37.61797],[127.16173,37.61803],[127.16206,37.61854],[127.16228,37.6189],[127.16245,37.61921],[127.16252,37.61956],[127.16215,37.61959],[127.16224,37.62003],[127.1618,37.62006],[127.16135,37.62012],[127.16052,37.62026],[127.16019,37.62029],[127.16009,37.61985],[127.15978,37.61986],[127.15976,37.61938],[127.15976,37.6193],[127.15976,37.61863],[127.15902,37.61829],[127.15821,37.61828],[127.15821,37.61828]]]}},{"type":"Feature","properties":{"kind":"park","label":"공원","name":"다산숲생태공원","area":113091},"geometry":{"type":"Point","coordinates":[127.174545,37.602527]}},{"type":"Feature","properties":{"kind":"park_area","name":"다산숲생태공원"},"geometry":{"type":"Polygon","coordinates":[[[127.17797,37.60176],[127.17824,37.60206],[127.17841,37.60232],[127.17849,37.60275],[127.17863,37.60334],[127.17875,37.60362],[127.17873,37.60431],[127.17807,37.60427],[127.17743,37.60421],[127.17737,37.60424],[127.17735,37.60432],[127.17712,37.60431],[127.17691,37.60433],[127.17666,37.60448],[127.17654,37.60459],[127.17648,37.60464],[127.17631,37.60457],[127.17615,37.60481],[127.17541,37.60467],[127.17538,37.60481],[127.17461,37.60466],[127.1745,37.60464],[127.17447,37.60449],[127.17448,37.60433],[127.17402,37.60433],[127.17403,37.60462],[127.17354,37.60465],[127.17299,37.60468],[127.17287,37.60471],[127.17207,37.60431],[127.17153,37.60413],[127.17115,37.6033],[127.1711,37.60301],[127.17062,37.60285],[127.17042,37.60272],[127.17034,37.60266],[127.17065,37.60248],[127.17087,37.60223],[127.17131,37.60175],[127.17115,37.60148],[127.17146,37.60092],[127.17135,37.6007],[127.17141,37.60056],[127.17136,37.60048],[127.17109,37.60035],[127.17108,37.60031],[127.17114,37.60029],[127.1719,37.60025],[127.17203,37.60205],[127.17258,37.60202],[127.17329,37.60199],[127.17331,37.60233],[127.17378,37.60231],[127.1738,37.60257],[127.17386,37.60269],[127.17402,37.6041],[127.17449,37.60409],[127.1745,37.60404],[127.17468,37.60401],[127.17818,37.60378],[127.17797,37.60176],[127.17797,37.60176]]]}},{"type":"Feature","properties":{"kind":"park","label":"공원","name":"양지공원","area":30035},"geometry":{"type":"Point","coordinates":[127.16351,37.464146]}},{"type":"Feature","properties":{"kind":"park_area","name":"양지공원"},"geometry":{"type":"Polygon","coordinates":[[[127.16277,37.46378],[127.1628,37.46362],[127.16231,37.46309],[127.16371,37.46276],[127.16362,37.46297],[127.16449,37.46452],[127.16471,37.46518],[127.1639,37.46554],[127.16363,37.46524],[127.16298,37.46421],[127.16277,37.46378],[127.16277,37.46378]]]}},{"type":"Feature","properties":{"kind":"park","label":"공원","name":"향동공원","area":33616},"geometry":{"type":"Point","coordinates":[126.887856,37.596145]}},{"type":"Feature","properties":{"kind":"park_area","name":"향동공원"},"geometry":{"type":"Polygon","coordinates":[[[126.88718,37.59468],[126.8864,37.595],[126.88639,37.59512],[126.88667,37.59551],[126.88688,37.5958],[126.88696,37.596],[126.8871,37.59623],[126.88791,37.59761],[126.88799,37.59748],[126.8886,37.59669],[126.88902,37.59672],[126.88927,37.59673],[126.88933,37.59674],[126.88924,37.59659],[126.88916,37.59647],[126.88898,37.59627],[126.88874,37.59607],[126.88862,37.59596],[126.88845,37.59586],[126.88813,37.59566],[126.88763,37.59505],[126.88741,37.59478],[126.88718,37.59468],[126.88718,37.59468]]]}},{"type":"Feature","properties":{"kind":"park","label":"공원","name":"강동그린웨이 명일근린공원","area":364043},"geometry":{"type":"Point","coordinates":[127.161081,37.552769]}},{"type":"Feature","properties":{"kind":"park_area","name":"강동그린웨이 명일근린공원"},"geometry":{"type":"Polygon","coordinates":[[[127.16063,37.55034],[127.16119,37.55066],[127.1617,37.551],[127.16147,37.55123],[127.16112,37.55144],[127.16048,37.55155],[127.1604,37.55176],[127.16065,37.55193],[127.16131,37.5518],[127.16207,37.55147],[127.16256,37.55118],[127.16319,37.55109],[127.16365,37.55106],[127.16364,37.55139],[127.16387,37.55145],[127.16408,37.55139],[127.16461,37.55161],[127.16505,37.55187],[127.16504,37.55243],[127.16451,37.5524],[127.1642,37.55236],[127.16376,37.5527],[127.16386,37.5529],[127.1642,37.55301],[127.16433,37.55321],[127.16451,37.55343],[127.16472,37.55355],[127.165,37.55364],[127.16504,37.55408],[127.16534,37.55461],[127.16549,37.55494],[127.16552,37.55543],[127.16495,37.55533],[127.16397,37.55481],[127.16351,37.55495],[127.16337,37.55552],[127.1639,37.55601],[127.16026,37.55579],[127.15986,37.55574],[127.15699,37.55535],[127.15745,37.554],[127.15791,37.55421],[127.15801,37.55414],[127.15807,37.55403],[127.15782,37.55303],[127.15736,37.55297],[127.1572,37.55276],[127.15717,37.55194],[127.15697,37.55188],[127.15669,37.55047],[127.15705,37.55053],[127.15739,37.55018],[127.1572,37.54982],[127.15722,37.54941],[127.15661,37.54935],[127.15665,37.54923],[127.15814,37.54964],[127.15895,37.55011],[127.15904,37.55028],[127.15922,37.55044],[127.15942,37.55051],[127.1594,37.55068],[127.15944,37.55073],[127.1594,37.55116],[127.1597,37.55127],[127.16034,37.5512],[127.16048,37.55072],[127.16063,37.55034],[127.16063,37.55034]]]}},{"type":"Feature","properties":{"kind":"park","label":"공원","name":"","area":81520},"geometry":{"type":"Point","coordinates":[127.056952,37.556646]}},{"type":"Feature","properties":{"kind":"park_area","name":""},"geometry":{"type":"Polygon","coordinates":[[[127.05752,37.55504],[127.05751,37.55509],[127.05715,37.55512],[127.0571,37.55506],[127.05647,37.55511],[127.0561,37.55522],[127.0556,37.55518],[127.05559,37.55548],[127.05547,37.55723],[127.05566,37.55736],[127.05589,37.55735],[127.05586,37.55751],[127.05598,37.55789],[127.05636,37.55805],[127.05668,37.55803],[127.0569,37.55833],[127.05844,37.55831],[127.05829,37.55556],[127.05805,37.55497],[127.05752,37.55504],[127.05752,37.55504]]]}},{"type":"Feature","properties":{"kind":"park","label":"공원","name":"암사역사공원","area":74990},"geometry":{"type":"Point","coordinates":[127.132306,37.557882]}},{"type":"Feature","properties":{"kind":"park_area","name":"암사역사공원"},"geometry":{"type":"Polygon","coordinates":[[[127.13118,37.55955],[127.13089,37.559],[127.12999,37.55643],[127.12998,37.55636],[127.13001,37.55631],[127.13006,37.55626],[127.13011,37.55623],[127.13023,37.55622],[127.13033,37.55624],[127.13089,37.55637],[127.13218,37.55655],[127.13348,37.55669],[127.13462,37.55686],[127.13464,37.55689],[127.13255,37.55853],[127.13118,37.55955],[127.13118,37.55955]]]}},{"type":"Feature","properties":{"kind":"park","label":"공원","name":"","area":83770},"geometry":{"type":"Point","coordinates":[127.052197,37.452935]}},{"type":"Feature","properties":{"kind":"park_area","name":""},"geometry":{"type":"Polygon","coordinates":[[[127.05113,37.4559],[127.05044,37.45541],[127.0509,37.455],[127.05145,37.45389],[127.05163,37.45344],[127.05092,37.45309],[127.05056,37.4533],[127.05035,37.45337],[127.05026,37.45332],[127.05087,37.45268],[127.05184,37.45158],[127.05322,37.45],[127.05341,37.44997],[127.0539,37.45026],[127.05413,37.45122],[127.05408,37.45157],[127.05394,37.45202],[127.05376,37.45226],[127.05315,37.45265],[127.05293,37.45293],[127.05282,37.45334],[127.05251,37.45375],[127.05229,37.45401],[127.05179,37.45472],[127.05168,37.45482],[127.05149,37.45574],[127.05113,37.4559],[127.05113,37.4559]]]}},{"type":"Feature","properties":{"kind":"park","label":"공원","name":"용산공원","area":59427},"geometry":{"type":"Point","coordinates":[126.989052,37.521901]}},{"type":"Feature","properties":{"kind":"park_area","name":"용산공원"},"geometry":{"type":"Polygon","coordinates":[[[126.99063,37.5234],[126.9906,37.52156],[126.99034,37.52124],[126.9894,37.52044],[126.9876,37.5204],[126.98747,37.52046],[126.98776,37.5207],[126.98808,37.52139],[126.98858,37.52242],[126.98875,37.52296],[126.98882,37.52323],[126.99054,37.52339],[126.99063,37.5234],[126.99063,37.5234]]]}},{"type":"Feature","properties":{"kind":"park","label":"공원","name":"여울빛공원","area":33591},"geometry":{"type":"Point","coordinates":[127.169379,37.574103]}},{"type":"Feature","properties":{"kind":"park_area","name":"여울빛공원"},"geometry":{"type":"Polygon","coordinates":[[[127.17063,37.57353],[127.17063,37.57364],[127.16947,37.57529],[127.16857,37.57464],[127.16824,37.57407],[127.16813,37.57357],[127.16824,37.57292],[127.16861,37.57301],[127.17063,37.57353],[127.17063,37.57353]]]}},{"type":"Feature","properties":{"kind":"park","label":"공원","name":"고인돌공원","area":41724},"geometry":{"type":"Point","coordinates":[127.175865,37.597377]}},{"type":"Feature","properties":{"kind":"park_area","name":"고인돌공원"},"geometry":{"type":"Polygon","coordinates":[[[127.17382,37.59712],[127.17378,37.59681],[127.17378,37.59675],[127.17382,37.59671],[127.17385,37.59668],[127.17418,37.59666],[127.17435,37.59662],[127.17499,37.59656],[127.17574,37.59651],[127.17688,37.59646],[127.17704,37.59647],[127.17718,37.59649],[127.17732,37.59654],[127.17749,37.59665],[127.1776,37.59671],[127.17778,37.59685],[127.1779,37.59697],[127.17795,37.5971],[127.17662,37.5972],[127.1767,37.59815],[127.17501,37.59828],[127.17486,37.59829],[127.17476,37.59712],[127.17468,37.59705],[127.17457,37.59703],[127.17435,37.59704],[127.17382,37.59712],[127.17382,37.59712]]]}},{"type":"Feature","properties":{"kind":"park","label":"공원","name":"염창공원","area":89833},"geometry":{"type":"Point","coordinates":[126.86894,37.557987]}},{"type":"Feature","properties":{"kind":"park_area","name":"염창공원"},"geometry":{"type":"Polygon","coordinates":[[[126.86543,37.55893],[126.86573,37.55917],[126.86716,37.55959],[126.86777,37.55991],[126.86809,37.55989],[126.86892,37.55931],[126.86969,37.55866],[126.87127,37.55719],[126.87245,37.55625],[126.87238,37.55618],[126.87221,37.55622],[126.87177,37.55652],[126.87175,37.55662],[126.87115,37.5571],[126.87059,37.55762],[126.87033,37.55771],[126.86989,37.55748],[126.86942,37.55757],[126.86911,37.55782],[126.86901,37.55757],[126.86893,37.55698],[126.86897,37.55648],[126.86849,37.55624],[126.86828,37.55606],[126.8678,37.55631],[126.86794,37.55703],[126.86801,37.55727],[126.86732,37.55742],[126.86717,37.55728],[126.86713,37.55756],[126.86707,37.55766],[126.86678,37.55778],[126.86634,37.55829],[126.86583,37.5586],[126.86561,37.55866],[126.86543,37.55893],[126.86543,37.55893]]]}},{"type":"Feature","properties":{"kind":"park","label":"공원","name":"장흥생활체육공원","area":33616},"geometry":{"type":"Point","coordinates":[126.920115,37.688418]}},{"type":"Feature","properties":{"kind":"park_area","name":"장흥생활체육공원"},"geometry":{"type":"Polygon","coordinates":[[[126.91911,37.68924],[126.91848,37.68816],[126.92021,37.68765],[126.92064,37.6876],[126.92173,37.68807],[126.92175,37.68821],[126.92107,37.68892],[126.91911,37.68924],[126.91911,37.68924]]]}},{"type":"Feature","properties":{"kind":"park","label":"공원","name":"황금내근린공원","area":32661},"geometry":{"type":"Point","coordinates":[126.862582,37.562086]}},{"type":"Feature","properties":{"kind":"park_area","name":"황금내근린공원"},"geometry":{"type":"Polygon","coordinates":[[[126.85786,37.5642],[126.85778,37.56401],[126.8579,37.56405],[126.85792,37.56412],[126.858,37.56412],[126.85995,37.56422],[126.86118,37.56348],[126.86416,37.56167],[126.86424,37.56171],[126.86642,37.56043],[126.86719,37.55995],[126.86719,37.55982],[126.8673,37.55985],[126.86735,37.55987],[126.86739,37.55991],[126.86649,37.56046],[126.86673,37.56071],[126.8655,37.56147],[126.86365,37.56253],[126.86096,37.564],[126.86057,37.56414],[126.85995,37.56429],[126.85963,37.56433],[126.85925,37.56436],[126.85832,37.56429],[126.85801,37.56425],[126.85786,37.5642],[126.85786,37.5642]]]}},{"type":"Feature","properties":{"kind":"park","label":"공원","name":"용산가족공원","area":118847},"geometry":{"type":"Point","coordinates":[126.983092,37.522428]}},{"type":"Feature","properties":{"kind":"park_area","name":"용산가족공원"},"geometry":{"type":"Polygon","coordinates":[[[126.98481,37.52479],[126.98445,37.52482],[126.98308,37.52491],[126.98312,37.52309],[126.98262,37.52304],[126.98192,37.52235],[126.98165,37.52183],[126.98177,37.52098],[126.98123,37.52054],[126.98089,37.52056],[126.98251,37.52007],[126.98291,37.51999],[126.983,37.51998],[126.98336,37.51997],[126.98438,37.51995],[126.98477,37.51999],[126.98529,37.52006],[126.98474,37.52119],[126.9848,37.52305],[126.98463,37.52351],[126.98476,37.52456],[126.98481,37.52479],[126.98481,37.52479]]]}},{"type":"Feature","properties":{"kind":"park","label":"공원","name":"황금산문화공원","area":39742},"geometry":{"type":"Point","coordinates":[127.167268,37.60526]}},{"type":"Feature","properties":{"kind":"park_area","name":"황금산문화공원"},"geometry":{"type":"Polygon","coordinates":[[[127.16523,37.60523],[127.1657,37.60511],[127.16622,37.60516],[127.16655,37.60519],[127.16734,37.60547],[127.16793,37.60568],[127.16822,37.60581],[127.16847,37.60599],[127.1686,37.60612],[127.16878,37.60638],[127.16891,37.60661],[127.16905,37.6063],[127.16903,37.60608],[127.16897,37.60589],[127.16914,37.60573],[127.16914,37.60553],[127.16911,37.60529],[127.16915,37.60517],[127.16934,37.60505],[127.16934,37.60493],[127.16925,37.60475],[127.16906,37.60463],[127.16865,37.60467],[127.16829,37.60468],[127.16775,37.60448],[127.16757,37.60422],[127.16756,37.60392],[127.16744,37.60391],[127.16718,37.60425],[127.16694,37.60437],[127.16656,37.60444],[127.16636,37.60458],[127.16593,37.60463],[127.16548,37.60458],[127.16519,37.60477],[127.16523,37.60523],[127.16523,37.60523]]]}},{"type":"Feature","properties":{"kind":"park","label":"공원","name":"고촌근린공원","area":44463},"geometry":{"type":"Point","coordinates":[126.767181,37.598205]}},{"type":"Feature","properties":{"kind":"park_area","name":"고촌근린공원"},"geometry":{"type":"Polygon","coordinates":[[[126.76597,37.59972],[126.76594,37.59835],[126.76622,37.59831],[126.76639,37.59736],[126.76734,37.59668],[126.76758,37.59692],[126.76809,37.59703],[126.76834,37.59723],[126.76843,37.59747],[126.76832,37.59779],[126.76753,37.59887],[126.76736,37.59927],[126.76671,37.59948],[126.76669,37.59973],[126.76597,37.59972],[126.76597,37.59972]]]}},{"type":"Feature","properties":{"kind":"park","label":"공원","name":"광나루한강공원","area":494243},"geometry":{"type":"Point","coordinates":[127.112166,37.539678]}},{"type":"Feature","properties":{"kind":"park_area","name":"광나루한강공원"},"geometry":{"type":"Polygon","coordinates":[[[127.11111,37.53545],[127.1107,37.53494],[127.11035,37.53447],[127.11003,37.53398],[127.1097,37.53333],[127.10945,37.53268],[127.10908,37.53164],[127.10881,37.53073],[127.10865,37.53025],[127.10852,37.52994],[127.10817,37.5293],[127.10789,37.52888],[127.10751,37.52846],[127.10702,37.52802],[127.10651,37.5275],[127.10601,37.527],[127.10514,37.52622],[127.1044,37.52556],[127.10362,37.52492],[127.10318,37.52456],[127.10248,37.52403],[127.10226,37.52408],[127.10206,37.52412],[127.10035,37.52409],[127.10031,37.52411],[127.10029,37.52412],[127.10029,37.52416],[127.10042,37.52424],[127.10049,37.52428],[127.10061,37.52434],[127.1012,37.52457],[127.10165,37.52478],[127.10182,37.52494],[127.10287,37.52592],[127.10336,37.5264],[127.10465,37.52762],[127.10553,37.52844],[127.10667,37.52962],[127.10694,37.5299],[127.10739,37.53037],[127.10752,37.53057],[127.10758,37.53067],[127.10761,37.5308],[127.10763,37.53094],[127.10765,37.53103],[127.1077,37.53111],[127.10816,37.5318],[127.10845,37.53234],[127.10927,37.53395],[127.10973,37.53482],[127.10993,37.53513],[127.11044,37.53583],[127.113,37.53907],[127.11652,37.54361],[127.11714,37.54451],[127.11735,37.5448],[127.11788,37.54575],[127.11815,37.5464],[127.1183,37.5468],[127.11986,37.54642],[127.12013,37.54715],[127.1203,37.54832],[127.1205,37.54818],[127.12063,37.54803],[127.12124,37.54973],[127.12177,37.5512],[127.12241,37.55292],[127.12277,37.55362],[127.12304,37.55414],[127.12308,37.55421],[127.12319,37.55435],[127.12337,37.55458],[127.12368,37.55496],[127.12381,37.55512],[127.12404,37.55532],[127.12392,37.55504],[127.12378,37.55448],[127.12364,37.55399],[127.12256,37.55049],[127.1223,37.54962],[127.12204,37.54902],[127.12154,37.54752],[127.11891,37.54267],[127.11111,37.53545],[127.11111,37.53545]]]}},{"type":"Feature","properties":{"kind":"park","label":"공원","name":"","area":48839},"geometry":{"type":"Point","coordinates":[127.152465,37.467897]}},{"type":"Feature","properties":{"kind":"park_area","name":""},"geometry":{"type":"Polygon","coordinates":[[[127.15032,37.46893],[127.15086,37.46885],[127.15202,37.4686],[127.15245,37.46853],[127.15253,37.46838],[127.15429,37.46829],[127.15469,37.46832],[127.15445,37.46815],[127.15446,37.46807],[127.15471,37.46778],[127.15476,37.46771],[127.15472,37.46748],[127.15435,37.46716],[127.15405,37.46699],[127.15364,37.46687],[127.15344,37.46708],[127.15327,37.46716],[127.15315,37.46719],[127.15227,37.4673],[127.15158,37.4674],[127.15149,37.46743],[127.15138,37.46749],[127.15128,37.46757],[127.15109,37.46779],[127.1507,37.46796],[127.15073,37.46803],[127.15072,37.46806],[127.15048,37.46821],[127.15033,37.46832],[127.15025,37.46833],[127.15017,37.46833],[127.15023,37.46845],[127.15028,37.46865],[127.15032,37.46893],[127.15032,37.46893]]]}},{"type":"Feature","properties":{"kind":"park","label":"공원","name":"잠실 한강 공원","area":436303},"geometry":{"type":"Point","coordinates":[127.084718,37.520346]}},{"type":"Feature","properties":{"kind":"park_area","name":"잠실 한강 공원"},"geometry":{"type":"Polygon","coordinates":[[[127.09999,37.52362],[127.10053,37.52365],[127.10176,37.52367],[127.10106,37.52313],[127.09908,37.52197],[127.09836,37.52155],[127.09819,37.52156],[127.09793,37.52147],[127.09732,37.5212],[127.09666,37.52096],[127.09635,37.52091],[127.09534,37.5204],[127.09482,37.51967],[127.09407,37.51937],[127.09401,37.51944],[127.09372,37.51929],[127.09315,37.51903],[127.09282,37.51889],[127.09226,37.51872],[127.0915,37.51845],[127.09129,37.51827],[127.08964,37.51772],[127.08711,37.51733],[127.08455,37.51709],[127.08311,37.51702],[127.08175,37.51702],[127.08026,37.51721],[127.07833,37.51746],[127.07727,37.51763],[127.07434,37.51819],[127.07284,37.51842],[127.07178,37.51848],[127.07094,37.5185],[127.07044,37.51852],[127.06989,37.51855],[127.06922,37.51859],[127.06853,37.51859],[127.06791,37.51862],[127.06769,37.51986],[127.06768,37.51994],[127.06769,37.52],[127.06769,37.52004],[127.06771,37.52008],[127.06773,37.52012],[127.06775,37.52015],[127.06779,37.52019],[127.06783,37.52022],[127.06788,37.52024],[127.06792,37.52027],[127.06796,37.52028],[127.06802,37.52031],[127.06807,37.52031],[127.06813,37.52032],[127.0682,37.52032],[127.06904,37.52018],[127.07009,37.52001],[127.07106,37.51986],[127.07271,37.51966],[127.07416,37.51942],[127.07652,37.51904],[127.07746,37.51888],[127.07832,37.51874],[127.07985,37.51857],[127.08072,37.51848],[127.08103,37.51847],[127.08128,37.51846],[127.08163,37.51846],[127.08192,37.51845],[127.08307,37.51844],[127.08389,37.51847],[127.08482,37.51854],[127.0855,37.51863],[127.08624,37.51873],[127.08725,37.51885],[127.08801,37.51895],[127.08884,37.51906],[127.08967,37.5192],[127.0903,37.51933],[127.09091,37.51948],[127.09161,37.51969],[127.09244,37.51998],[127.09284,37.52016],[127.0935,37.52043],[127.09391,37.52063],[127.09403,37.52069],[127.09463,37.5211],[127.09563,37.52161],[127.09612,37.52188],[127.09796,37.52289],[127.09819,37.52302],[127.09841,37.52312],[127.0987,37.52325],[127.09922,37.52343],[127.09949,37.52351],[127.09969,37.52356],[127.09985,37.5236],[127.09999,37.52362],[127.09999,37.52362]]]}},{"type":"Feature","properties":{"kind":"park","label":"공원","name":"잠실 생태화공원","area":63994},"geometry":{"type":"Point","coordinates":[127.097998,37.522023]}},{"type":"Feature","properties":{"kind":"park_area","name":"잠실 생태화공원"},"geometry":{"type":"Polygon","coordinates":[[[127.09452,37.52103],[127.09512,37.52038],[127.09522,37.52043],[127.09587,37.52075],[127.09647,37.52101],[127.09719,37.52124],[127.098,37.52159],[127.09933,37.52229],[127.10003,37.5227],[127.10069,37.5231],[127.10147,37.52367],[127.09999,37.52362],[127.09841,37.52312],[127.09612,37.52188],[127.09563,37.52161],[127.09452,37.52103],[127.09452,37.52103]]]}},{"type":"Feature","properties":{"kind":"park","label":"공원","name":"장지공원","area":94976},"geometry":{"type":"Point","coordinates":[127.134671,37.487545]}},{"type":"Feature","properties":{"kind":"park_area","name":"장지공원"},"geometry":{"type":"Polygon","coordinates":[[[127.13347,37.48293],[127.13411,37.48288],[127.13456,37.48286],[127.1348,37.48286],[127.13465,37.48317],[127.13457,37.48345],[127.13466,37.48362],[127.13484,37.48384],[127.13506,37.48395],[127.13546,37.48403],[127.13579,37.48591],[127.13615,37.48782],[127.13654,37.48905],[127.13715,37.49061],[127.13786,37.49199],[127.13839,37.4931],[127.13802,37.49325],[127.13799,37.49305],[127.13742,37.49305],[127.13739,37.49153],[127.13671,37.49085],[127.13594,37.49018],[127.13589,37.48955],[127.13586,37.48943],[127.13581,37.48934],[127.13572,37.48916],[127.13561,37.48894],[127.13519,37.4882],[127.13538,37.48812],[127.13527,37.48788],[127.13548,37.48774],[127.13555,37.48773],[127.13556,37.48766],[127.1356,37.48755],[127.13564,37.48744],[127.13555,37.48721],[127.13547,37.48693],[127.13536,37.48635],[127.13471,37.48582],[127.1342,37.48543],[127.13425,37.48539],[127.13392,37.48514],[127.13418,37.48484],[127.13401,37.48468],[127.13359,37.48428],[127.13355,37.48425],[127.13379,37.4841],[127.13394,37.48399],[127.1341,37.48375],[127.13407,37.4836],[127.13402,37.4835],[127.13393,37.48338],[127.13389,37.48336],[127.13375,37.48328],[127.13349,37.48318],[127.13215,37.483],[127.13179,37.48297],[127.13167,37.483],[127.1316,37.48308],[127.13158,37.48321],[127.13144,37.48298],[127.13118,37.48254],[127.13109,37.48229],[127.13099,37.48208],[127.13095,37.48202],[127.13097,37.48198],[127.13098,37.48192],[127.13102,37.48189],[127.13109,37.48185],[127.13112,37.48189],[127.1312,37.48184],[127.13125,37.48187],[127.13125,37.48208],[127.13128,37.48226],[127.13139,37.48246],[127.13155,37.48262],[127.13175,37.48273],[127.13203,37.48279],[127.1323,37.48283],[127.13271,37.48287],[127.13293,37.48289],[127.13318,37.48292],[127.13347,37.48293],[127.13347,37.48293]]]}},{"type":"Feature","properties":{"kind":"park","label":"공원","name":"","area":30965},"geometry":{"type":"Point","coordinates":[127.035147,37.545573]}},{"type":"Feature","properties":{"kind":"park_area","name":""},"geometry":{"type":"Polygon","coordinates":[[[127.03643,37.54654],[127.03644,37.54675],[127.03638,37.54682],[127.03631,37.54684],[127.03618,37.5468],[127.03503,37.54578],[127.03396,37.54513],[127.03388,37.54506],[127.03386,37.54504],[127.03386,37.54501],[127.03391,37.54494],[127.03405,37.54486],[127.03509,37.54451],[127.03574,37.5443],[127.03586,37.54431],[127.03595,37.54435],[127.03605,37.54444],[127.03643,37.54654],[127.03643,37.54654]]]}},{"type":"Feature","properties":{"kind":"park","label":"공원","name":"잠원한강공원","area":492795},"geometry":{"type":"Point","coordinates":[127.027472,37.524846]}},{"type":"Feature","properties":{"kind":"park_area","name":"잠원한강공원"},"geometry":{"type":"Polygon","coordinates":[[[127.0057,37.51485],[127.00883,37.51743],[127.01083,37.51915],[127.01274,37.52105],[127.01412,37.52269],[127.01547,37.524],[127.01793,37.52568],[127.02,37.52694],[127.02092,37.52784],[127.02247,37.53012],[127.02349,37.53138],[127.0248,37.53286],[127.0258,37.53364],[127.02716,37.53423],[127.02856,37.53448],[127.03016,37.53439],[127.03281,37.53364],[127.03674,37.53262],[127.03926,37.53201],[127.04157,37.53142],[127.04352,37.53088],[127.04569,37.5302],[127.04817,37.52955],[127.05076,37.52919],[127.04933,37.52949],[127.04671,37.53013],[127.0455,37.53046],[127.04275,37.53132],[127.04095,37.5318],[127.03962,37.53213],[127.03792,37.53252],[127.03691,37.53283],[127.03614,37.5331],[127.03534,37.53335],[127.03492,37.53366],[127.03453,37.53398],[127.03429,37.53419],[127.03397,37.5343],[127.03176,37.53479],[127.0302,37.53479],[127.02828,37.5348],[127.02688,37.53452],[127.0257,37.53405],[127.02445,37.5334],[127.02315,37.53228],[127.02246,37.53188],[127.0222,37.53187],[127.02128,37.531],[127.02074,37.53021],[127.02023,37.52965],[127.01972,37.5291],[127.01943,37.52879],[127.01907,37.52847],[127.01789,37.52748],[127.01567,37.52564],[127.01408,37.52436],[127.01152,37.52213],[127.00979,37.52055],[127.00811,37.51908],[127.0071,37.51819],[127.00648,37.51771],[127.0061,37.51761],[127.00547,37.51755],[127.00508,37.51742],[127.0048,37.51718],[127.00468,37.51636],[127.00454,37.51596],[127.0057,37.51485],[127.0057,37.51485]]]}},{"type":"Feature","properties":{"kind":"park","label":"공원","name":"다락원 체육공원","area":44753},"geometry":{"type":"Point","coordinates":[127.047626,37.692171]}},{"type":"Feature","properties":{"kind":"park_area","name":"다락원 체육공원"},"geometry":{"type":"Polygon","coordinates":[[[127.04638,37.69083],[127.04902,37.69099],[127.04852,37.69192],[127.04822,37.69285],[127.04804,37.69351],[127.04783,37.69331],[127.04752,37.69329],[127.04727,37.69303],[127.04726,37.69273],[127.04692,37.69254],[127.04626,37.69253],[127.04624,37.69237],[127.04628,37.69169],[127.04628,37.69161],[127.04632,37.69109],[127.04638,37.69083],[127.04638,37.69083]]]}},{"type":"Feature","properties":{"kind":"park","label":"공원","name":"강촌공원","area":52680},"geometry":{"type":"Point","coordinates":[126.78128,37.653167]}},{"type":"Feature","properties":{"kind":"park_area","name":"강촌공원"},"geometry":{"type":"Polygon","coordinates":[[[126.77884,37.65255],[126.77889,37.65246],[126.77892,37.65241],[126.77892,37.6524],[126.77895,37.65236],[126.77902,37.65226],[126.7795,37.65241],[126.77999,37.65258],[126.78029,37.65268],[126.78039,37.65272],[126.78072,37.65283],[126.78133,37.65306],[126.78158,37.65263],[126.78183,37.6522],[126.78226,37.65146],[126.78239,37.65125],[126.78256,37.65095],[126.783,37.65022],[126.7831,37.65029],[126.78318,37.65035],[126.78264,37.65129],[126.78257,37.65133],[126.78177,37.65271],[126.78236,37.65293],[126.78274,37.65308],[126.78288,37.65313],[126.78292,37.65315],[126.78296,37.65316],[126.78364,37.65342],[126.78338,37.65385],[126.78372,37.65397],[126.78366,37.65409],[126.78365,37.6541],[126.78357,37.65423],[126.78355,37.65426],[126.78349,37.65436],[126.78315,37.65424],[126.78289,37.65471],[126.78263,37.65462],[126.78259,37.65461],[126.78256,37.6546],[126.78212,37.65443],[126.78209,37.65442],[126.78205,37.65441],[126.78096,37.65402],[126.77979,37.65602],[126.77975,37.65609],[126.77974,37.65612],[126.7797,37.65611],[126.77967,37.65609],[126.77964,37.65608],[126.77961,37.65607],[126.77958,37.65606],[126.77954,37.65605],[126.77956,37.65602],[126.7796,37.65596],[126.78062,37.65427],[126.7808,37.65396],[126.78112,37.6534],[126.78098,37.65335],[126.78,37.65299],[126.78001,37.65298],[126.77992,37.65294],[126.77968,37.65286],[126.77884,37.65255],[126.77884,37.65255]]]}},{"type":"Feature","properties":{"kind":"park","label":"공원","name":"","area":68025},"geometry":{"type":"Point","coordinates":[127.068604,37.491821]}},{"type":"Feature","properties":{"kind":"park_area","name":""},"geometry":{"type":"Polygon","coordinates":[[[127.06557,37.49064],[127.06598,37.48973],[127.06726,37.48994],[127.0685,37.49043],[127.07002,37.49131],[127.07163,37.49276],[127.07103,37.49391],[127.06991,37.49263],[127.06837,37.49152],[127.06698,37.49093],[127.06557,37.49064],[127.06557,37.49064]]]}},{"type":"Feature","properties":{"kind":"park","label":"공원","name":"","area":54203},"geometry":{"type":"Point","coordinates":[127.073176,37.495322]}},{"type":"Feature","properties":{"kind":"park_area","name":""},"geometry":{"type":"Polygon","coordinates":[[[127.07328,37.49734],[127.07325,37.49669],[127.07305,37.49571],[127.07238,37.49474],[127.07185,37.49411],[127.07176,37.494],[127.07226,37.49307],[127.07343,37.49403],[127.07424,37.49497],[127.0746,37.49582],[127.07427,37.49643],[127.07428,37.49703],[127.07421,37.49757],[127.07328,37.49734],[127.07328,37.49734]]]}},{"type":"Feature","properties":{"kind":"park","label":"공원","name":"소개울공원","area":47107},"geometry":{"type":"Point","coordinates":[126.784496,37.683133]}},{"type":"Feature","properties":{"kind":"park_area","name":"소개울공원"},"geometry":{"type":"Polygon","coordinates":[[[126.78146,37.68389],[126.78172,37.68393],[126.78219,37.68383],[126.78246,37.68375],[126.78287,37.68366],[126.78325,37.6836],[126.78353,37.68357],[126.78393,37.68356],[126.78426,37.68357],[126.78453,37.68359],[126.78505,37.68372],[126.7856,37.68386],[126.78608,37.68397],[126.78638,37.68399],[126.78666,37.68397],[126.78698,37.68392],[126.78725,37.68383],[126.78753,37.68371],[126.78703,37.68308],[126.78645,37.68335],[126.78562,37.68332],[126.7846,37.68323],[126.78347,37.68312],[126.78349,37.68228],[126.78171,37.68231],[126.78159,37.6829],[126.78146,37.68389],[126.78146,37.68389]]]}},{"type":"Feature","properties":{"kind":"park","label":"공원","name":"","area":67224},"geometry":{"type":"Point","coordinates":[127.073172,37.499812]}},{"type":"Feature","properties":{"kind":"park_area","name":""},"geometry":{"type":"Polygon","coordinates":[[[127.07325,37.49771],[127.07306,37.49824],[127.07292,37.49837],[127.0725,37.49944],[127.07192,37.50062],[127.07101,37.50155],[127.07132,37.50191],[127.0727,37.50144],[127.07374,37.50121],[127.07503,37.50099],[127.07534,37.50084],[127.07453,37.50059],[127.07404,37.50023],[127.07385,37.49978],[127.07384,37.49926],[127.07419,37.49845],[127.07431,37.49802],[127.07325,37.49771],[127.07325,37.49771]]]}},{"type":"Feature","properties":{"kind":"park","label":"공원","name":"구리왕숙체육공원","area":49847},"geometry":{"type":"Point","coordinates":[127.147167,37.635836]}},{"type":"Feature","properties":{"kind":"park_area","name":"구리왕숙체육공원"},"geometry":{"type":"Polygon","coordinates":[[[127.14734,37.63812],[127.14839,37.63803],[127.1481,37.63601],[127.14793,37.63523],[127.14782,37.63479],[127.14761,37.63415],[127.14735,37.63355],[127.14594,37.63425],[127.14651,37.63519],[127.14711,37.63581],[127.14725,37.63602],[127.14714,37.63707],[127.14734,37.63812],[127.14734,37.63812]]]}},{"type":"Feature","properties":{"kind":"park","label":"공원","name":"다산체육공원","area":37336},"geometry":{"type":"Point","coordinates":[127.148758,37.616545]}},{"type":"Feature","properties":{"kind":"park_area","name":"다산체육공원"},"geometry":{"type":"Polygon","coordinates":[[[127.15034,37.61626],[127.14785,37.61564],[127.14721,37.61688],[127.14718,37.61711],[127.1483,37.61734],[127.14914,37.61745],[127.1495,37.61745],[127.14985,37.61725],[127.1501,37.61677],[127.15034,37.61626],[127.15034,37.61626]]]}},{"type":"Feature","properties":{"kind":"park","label":"공원","name":"성남제1공단근린공원","area":39785},"geometry":{"type":"Point","coordinates":[127.153654,37.44617]}},{"type":"Feature","properties":{"kind":"park_area","name":"성남제1공단근린공원"},"geometry":{"type":"Polygon","coordinates":[[[127.15204,37.4459],[127.15315,37.44485],[127.15527,37.4463],[127.15412,37.44749],[127.15204,37.4459],[127.15204,37.4459]]]}},{"type":"Feature","properties":{"kind":"park","label":"공원","name":"위례호수공원","area":128687},"geometry":{"type":"Point","coordinates":[127.144065,37.483218]}},{"type":"Feature","properties":{"kind":"park_area","name":"위례호수공원"},"geometry":{"type":"Polygon","coordinates":[[[127.14813,37.48334],[127.14808,37.48314],[127.14773,37.48261],[127.14776,37.48252],[127.14759,37.48211],[127.14756,37.48188],[127.14743,37.48189],[127.1474,37.48189],[127.14739,37.48177],[127.14469,37.48188],[127.14467,37.48187],[127.14465,37.4815],[127.14317,37.48155],[127.14319,37.48188],[127.14136,37.48194],[127.14081,37.48191],[127.14,37.48182],[127.14002,37.48185],[127.14041,37.48279],[127.14044,37.48287],[127.14056,37.48283],[127.14133,37.48281],[127.14323,37.48395],[127.1443,37.48427],[127.14457,37.48494],[127.14471,37.48493],[127.14492,37.48491],[127.14512,37.48487],[127.14527,37.48484],[127.14547,37.48478],[127.14493,37.48377],[127.14487,37.48366],[127.14569,37.48337],[127.14709,37.48323],[127.14758,37.48319],[127.14813,37.48334],[127.14813,37.48334]]]}},{"type":"Feature","properties":{"kind":"park","label":"공원","name":"위례호수공원 치유공원","area":68583},"geometry":{"type":"Point","coordinates":[127.145093,37.486902]}},{"type":"Feature","properties":{"kind":"park_area","name":"위례호수공원 치유공원"},"geometry":{"type":"Polygon","coordinates":[[[127.1447,37.48519],[127.14473,37.48534],[127.14485,37.48556],[127.14498,37.48646],[127.14476,37.48652],[127.14454,37.48647],[127.1443,37.48644],[127.14415,37.48639],[127.14327,37.48659],[127.14347,37.48706],[127.14299,37.48719],[127.14304,37.4873],[127.14277,37.48737],[127.14305,37.48803],[127.14263,37.48814],[127.1428,37.48852],[127.14283,37.48854],[127.14286,37.48861],[127.14314,37.48855],[127.14322,37.48875],[127.14331,37.48879],[127.14362,37.48866],[127.14411,37.48813],[127.14419,37.48807],[127.14433,37.4879],[127.14441,37.48773],[127.14444,37.48749],[127.1444,37.48723],[127.14439,37.48717],[127.14446,37.48715],[127.14464,37.48728],[127.14477,37.48732],[127.14495,37.48732],[127.14506,37.48731],[127.14524,37.48726],[127.14549,37.48713],[127.14569,37.48704],[127.14582,37.48704],[127.14584,37.48708],[127.14601,37.4872],[127.1464,37.4872],[127.14678,37.48728],[127.14684,37.48733],[127.14686,37.48737],[127.14717,37.48712],[127.14713,37.48709],[127.14747,37.48671],[127.14755,37.48662],[127.14685,37.48621],[127.14671,37.48612],[127.14648,37.48592],[127.14626,37.4857],[127.14602,37.48533],[127.1459,37.48506],[127.1458,37.48502],[127.14543,37.4851],[127.14524,37.48514],[127.14498,37.48518],[127.1447,37.48519],[127.1447,37.48519]]]}},{"type":"Feature","properties":{"kind":"park","label":"공원","name":"위례역사수변공원","area":89220},"geometry":{"type":"Point","coordinates":[127.141353,37.469202]}},{"type":"Feature","properties":{"kind":"park_area","name":"위례역사수변공원"},"geometry":{"type":"Polygon","coordinates":[[[127.14559,37.4693],[127.14489,37.46841],[127.14301,37.46854],[127.14281,37.46855],[127.14169,37.4686],[127.13998,37.46859],[127.13899,37.46859],[127.13794,37.46856],[127.13756,37.46848],[127.13742,37.4684],[127.13711,37.4684],[127.13712,37.46888],[127.13727,37.46895],[127.1374,37.46897],[127.13806,37.46925],[127.13913,37.46973],[127.13921,37.46976],[127.13934,37.46979],[127.13946,37.46981],[127.1396,37.46982],[127.14067,37.46978],[127.14076,37.46981],[127.14076,37.46984],[127.14145,37.46997],[127.14167,37.47001],[127.14208,37.47001],[127.14303,37.46997],[127.14308,37.4699],[127.14468,37.46939],[127.14543,37.46939],[127.14559,37.4693],[127.14559,37.4693]]]}},{"type":"Feature","properties":{"kind":"park","label":"공원","name":"은계호수공원","area":130398},"geometry":{"type":"Point","coordinates":[126.806575,37.445075]}},{"type":"Feature","properties":{"kind":"park_area","name":"은계호수공원"},"geometry":{"type":"Polygon","coordinates":[[[126.80401,37.44732],[126.80563,37.44775],[126.8062,37.44721],[126.80666,37.44696],[126.80822,37.44533],[126.80834,37.44526],[126.80855,37.44521],[126.80847,37.44501],[126.80848,37.44484],[126.80852,37.44462],[126.80864,37.44443],[126.80895,37.44412],[126.80914,37.44395],[126.80899,37.44383],[126.80887,37.44369],[126.80885,37.4435],[126.80881,37.44264],[126.80878,37.44252],[126.80867,37.44248],[126.80848,37.4424],[126.80839,37.44265],[126.80819,37.44293],[126.80806,37.44306],[126.80777,37.44329],[126.80747,37.44344],[126.80698,37.44361],[126.80662,37.44369],[126.80572,37.4442],[126.80507,37.44436],[126.80438,37.44532],[126.80418,37.4461],[126.80401,37.44732],[126.80401,37.44732]]]}},{"type":"Feature","properties":{"kind":"park","label":"공원","name":"경춘숲공원","area":44384},"geometry":{"type":"Point","coordinates":[127.069762,37.630625]}},{"type":"Feature","properties":{"kind":"park_area","name":"경춘숲공원"},"geometry":{"type":"Polygon","coordinates":[[[127.06537,37.63116],[127.06538,37.63122],[127.06546,37.63128],[127.06699,37.63155],[127.06811,37.63174],[127.06867,37.6318],[127.06927,37.6318],[127.06973,37.63177],[127.0699,37.63176],[127.0704,37.63167],[127.0712,37.63144],[127.072,37.63109],[127.07252,37.63074],[127.07415,37.62956],[127.07412,37.62955],[127.074,37.62951],[127.07377,37.62946],[127.07373,37.62946],[127.0735,37.62945],[127.07338,37.6295],[127.07196,37.63046],[127.0715,37.63074],[127.07105,37.63095],[127.07071,37.63111],[127.07049,37.63119],[127.07014,37.63127],[127.06997,37.6313],[127.06971,37.63133],[127.06898,37.63133],[127.06855,37.63129],[127.06776,37.63117],[127.06713,37.63104],[127.06616,37.63084],[127.06573,37.63077],[127.06564,37.63078],[127.06557,37.63081],[127.06548,37.63092],[127.06547,37.63094],[127.06538,37.63111],[127.06537,37.63116],[127.06537,37.63116]]]}},{"type":"Feature","properties":{"kind":"park","label":"공원","name":"도농체육공원","area":43962},"geometry":{"type":"Point","coordinates":[127.149119,37.607407]}},{"type":"Feature","properties":{"kind":"park_area","name":"도농체육공원"},"geometry":{"type":"Polygon","coordinates":[[[127.14822,37.6098],[127.14924,37.60989],[127.15002,37.60493],[127.14983,37.60493],[127.14958,37.60517],[127.1496,37.60521],[127.14956,37.6053],[127.14898,37.60579],[127.14895,37.60593],[127.14891,37.60607],[127.14879,37.6065],[127.14872,37.60682],[127.14867,37.60707],[127.14864,37.60725],[127.14862,37.60742],[127.14857,37.60767],[127.14845,37.60839],[127.14835,37.60897],[127.14828,37.60943],[127.14822,37.6098],[127.14822,37.6098]]]}},{"type":"Feature","properties":{"kind":"park","label":"공원","name":"공암나루근린공원","area":64445},"geometry":{"type":"Point","coordinates":[126.850392,37.569114]}},{"type":"Feature","properties":{"kind":"park_area","name":"공암나루근린공원"},"geometry":{"type":"Polygon","coordinates":[[[126.85634,37.56629],[126.85642,37.5662],[126.8565,37.56606],[126.85661,37.5658],[126.85666,37.56562],[126.85682,37.5649],[126.85687,37.56483],[126.85696,37.56477],[126.85698,37.56467],[126.85697,37.56451],[126.857,37.56447],[126.85708,37.5645],[126.85711,37.56466],[126.85712,37.56487],[126.857,37.56536],[126.8569,37.56579],[126.85673,37.5662],[126.85653,37.56653],[126.85619,37.56678],[126.85585,37.56698],[126.85545,37.56722],[126.85511,37.56752],[126.85496,37.56763],[126.8444,37.57369],[126.84424,37.57374],[126.84407,37.57376],[126.84388,37.57375],[126.84373,37.5737],[126.84367,37.57366],[126.85634,37.56629],[126.85634,37.56629]]]}},{"type":"Feature","properties":{"kind":"park","label":"공원","name":"우면산생태공원","area":39499},"geometry":{"type":"Point","coordinates":[127.017602,37.467763]}},{"type":"Feature","properties":{"kind":"park_area","name":"우면산생태공원"},"geometry":{"type":"Polygon","coordinates":[[[127.01583,37.46979],[127.01609,37.46979],[127.01629,37.46975],[127.01641,37.46964],[127.01636,37.46944],[127.01643,37.46936],[127.01627,37.46926],[127.01636,37.46914],[127.01666,37.46924],[127.0168,37.46916],[127.01687,37.46892],[127.01717,37.46874],[127.01728,37.46855],[127.01751,37.46843],[127.01759,37.46825],[127.01745,37.46816],[127.01723,37.46808],[127.01716,37.46796],[127.01733,37.46792],[127.01749,37.46804],[127.01786,37.46804],[127.0181,37.46789],[127.01834,37.46769],[127.01869,37.46747],[127.01883,37.46744],[127.01891,37.46741],[127.01881,37.46732],[127.0189,37.46719],[127.01923,37.46694],[127.01933,37.46694],[127.01938,37.46685],[127.01934,37.46676],[127.01936,37.46664],[127.01936,37.46658],[127.01922,37.46653],[127.01883,37.46678],[127.01851,37.46694],[127.01829,37.46705],[127.01825,37.467],[127.01825,37.46686],[127.01837,37.46678],[127.01869,37.46671],[127.01894,37.46662],[127.01905,37.4665],[127.01898,37.46641],[127.01873,37.46634],[127.01841,37.46641],[127.01808,37.46643],[127.01792,37.46642],[127.01799,37.46617],[127.01779,37.46573],[127.01583,37.46979],[127.01583,37.46979]]]}},{"type":"Feature","properties":{"kind":"park","label":"공원","name":"신림근린공원","area":72797},"geometry":{"type":"Point","coordinates":[126.917639,37.479995]}},{"type":"Feature","properties":{"kind":"park_area","name":"신림근린공원"},"geometry":{"type":"Polygon","coordinates":[[[126.91981,37.47915],[126.91999,37.47866],[126.91968,37.47861],[126.91863,37.47825],[126.91858,37.47844],[126.91789,37.47853],[126.91762,37.47866],[126.91728,37.47918],[126.917,37.47942],[126.9171,37.47955],[126.91707,37.47964],[126.91722,37.47979],[126.91683,37.48002],[126.91663,37.47983],[126.91632,37.47983],[126.91621,37.48025],[126.91551,37.48013],[126.91529,37.48118],[126.91535,37.48124],[126.91789,37.48174],[126.91794,37.48172],[126.91804,37.48137],[126.91799,37.48126],[126.91787,37.48105],[126.91785,37.48086],[126.91786,37.48065],[126.91794,37.48041],[126.91806,37.4803],[126.91838,37.48036],[126.91868,37.48052],[126.9188,37.48062],[126.91885,37.48062],[126.91889,37.48061],[126.91922,37.47909],[126.91981,37.47915],[126.91981,37.47915]]]}},{"type":"Feature","properties":{"kind":"park","label":"공원","name":"화랑대철도공원","area":38795},"geometry":{"type":"Point","coordinates":[127.093165,37.624618]}},{"type":"Feature","properties":{"kind":"park_area","name":"화랑대철도공원"},"geometry":{"type":"Polygon","coordinates":[[[127.09061,37.62336],[127.09055,37.62316],[127.09059,37.62312],[127.09129,37.62336],[127.0939,37.62425],[127.09408,37.62451],[127.09394,37.62468],[127.09451,37.62499],[127.09499,37.62522],[127.09511,37.62525],[127.09529,37.62534],[127.09577,37.62555],[127.09578,37.62565],[127.09575,37.62567],[127.09573,37.62568],[127.09561,37.62577],[127.09514,37.62612],[127.09427,37.62563],[127.09358,37.62526],[127.09252,37.62466],[127.09198,37.62434],[127.0911,37.62384],[127.09088,37.6237],[127.09072,37.62352],[127.09061,37.62336],[127.09061,37.62336]]]}},{"type":"Feature","properties":{"kind":"park","label":"공원","name":"산들소리수목원","area":162398},"geometry":{"type":"Point","coordinates":[127.099044,37.650373]}},{"type":"Feature","properties":{"kind":"park_area","name":"산들소리수목원"},"geometry":{"type":"Polygon","coordinates":[[[127.10188,37.65139],[127.10187,37.65038],[127.10131,37.65016],[127.10139,37.64983],[127.10136,37.64929],[127.10087,37.64886],[127.10018,37.64854],[127.09868,37.64838],[127.09748,37.64835],[127.0968,37.64853],[127.09638,37.64888],[127.09621,37.64968],[127.0966,37.65043],[127.09711,37.65156],[127.09749,37.65191],[127.09813,37.65197],[127.0992,37.65198],[127.09977,37.65237],[127.10018,37.65239],[127.10069,37.65211],[127.10054,37.6518],[127.10067,37.6515],[127.1011,37.65138],[127.10129,37.65123],[127.10158,37.65128],[127.10177,37.65139],[127.10188,37.65139],[127.10188,37.65139]]]}},{"type":"Feature","properties":{"kind":"park","label":"공원","name":"서울 영휘원과 숭인원","area":53739},"geometry":{"type":"Point","coordinates":[127.044212,37.589081]}},{"type":"Feature","properties":{"kind":"park_area","name":"서울 영휘원과 숭인원"},"geometry":{"type":"Polygon","coordinates":[[[127.04261,37.59011],[127.04272,37.59012],[127.04335,37.59014],[127.04417,37.59017],[127.04472,37.58977],[127.04528,37.58976],[127.04574,37.58975],[127.04571,37.58967],[127.04569,37.58963],[127.04575,37.589],[127.04577,37.58878],[127.04578,37.58877],[127.04582,37.58836],[127.04552,37.58827],[127.04542,37.5882],[127.04502,37.5881],[127.0446,37.58808],[127.04419,37.58806],[127.04382,37.58804],[127.04338,37.58802],[127.04302,37.588],[127.04298,37.5883],[127.04296,37.5883],[127.04281,37.58924],[127.04278,37.58944],[127.04277,37.5895],[127.04276,37.58951],[127.04269,37.58979],[127.04261,37.59011],[127.04261,37.59011]]]}},{"type":"Feature","properties":{"kind":"park","label":"공원","name":"고등근린공원","area":48579},"geometry":{"type":"Point","coordinates":[127.09911,37.429065]}},{"type":"Feature","properties":{"kind":"park_area","name":"고등근린공원"},"geometry":{"type":"Polygon","coordinates":[[[127.10014,37.43019],[127.10015,37.42964],[127.10057,37.42962],[127.10072,37.42926],[127.10075,37.42835],[127.10067,37.42827],[127.09903,37.42786],[127.09929,37.42856],[127.0982,37.42893],[127.09789,37.42919],[127.09747,37.43009],[127.09805,37.43023],[127.09926,37.43027],[127.10014,37.43019],[127.10014,37.43019]]]}},{"type":"Feature","properties":{"kind":"park","label":"공원","name":"인향공원","area":30703},"geometry":{"type":"Point","coordinates":[126.762836,37.594948]}},{"type":"Feature","properties":{"kind":"park_area","name":"인향공원"},"geometry":{"type":"Polygon","coordinates":[[[126.76298,37.59357],[126.76409,37.59472],[126.76479,37.59549],[126.76413,37.59597],[126.76387,37.59589],[126.76345,37.59594],[126.7631,37.59588],[126.76273,37.59562],[126.76262,37.5955],[126.7621,37.59578],[126.76185,37.59598],[126.76158,37.59605],[126.7614,37.59618],[126.76133,37.59628],[126.76118,37.59633],[126.76113,37.59622],[126.76107,37.59613],[126.76091,37.59611],[126.76088,37.5959],[126.76162,37.59562],[126.76199,37.59539],[126.76227,37.59526],[126.76231,37.59525],[126.76242,37.59537],[126.76316,37.59498],[126.76352,37.59476],[126.76316,37.59436],[126.76261,37.59377],[126.76298,37.59357],[126.76298,37.59357]]]}},{"type":"Feature","properties":{"kind":"park","label":"공원","name":"","area":56688},"geometry":{"type":"Point","coordinates":[126.770646,37.658509]}},{"type":"Feature","properties":{"kind":"park_area","name":""},"geometry":{"type":"Polygon","coordinates":[[[126.76803,37.65782],[126.76798,37.65796],[126.76797,37.65799],[126.76795,37.65803],[126.76792,37.65808],[126.76866,37.65836],[126.76871,37.65838],[126.76879,37.65841],[126.76968,37.65874],[126.76981,37.65879],[126.77026,37.65896],[126.77033,37.65898],[126.77041,37.65902],[126.77088,37.65919],[126.77105,37.65925],[126.77107,37.65926],[126.77193,37.65957],[126.77197,37.65959],[126.7721,37.65964],[126.77231,37.65972],[126.77261,37.65982],[126.77284,37.65991],[126.77285,37.65988],[126.77288,37.65984],[126.77289,37.65982],[126.7731,37.65942],[126.77337,37.65896],[126.77323,37.65889],[126.77258,37.65863],[126.77253,37.65861],[126.7725,37.6586],[126.77166,37.65829],[126.77163,37.65828],[126.77149,37.65823],[126.77098,37.65804],[126.77091,37.65801],[126.77088,37.658],[126.77049,37.65785],[126.77031,37.65778],[126.76926,37.65741],[126.76844,37.65711],[126.76839,37.6572],[126.76837,37.65724],[126.76829,37.6574],[126.76827,37.65743],[126.76824,37.65749],[126.76821,37.65753],[126.76817,37.65759],[126.76812,37.65767],[126.76811,37.65771],[126.76807,37.65776],[126.76803,37.65782],[126.76803,37.65782]]]}},{"type":"Feature","properties":{"kind":"park","label":"공원","name":"해누리체육공원","area":31621},"geometry":{"type":"Point","coordinates":[126.872442,37.511667]}},{"type":"Feature","properties":{"kind":"park_area","name":"해누리체육공원"},"geometry":{"type":"Polygon","coordinates":[[[126.87096,37.512],[126.87137,37.51137],[126.87162,37.51097],[126.8719,37.51074],[126.87329,37.51117],[126.87396,37.51178],[126.87272,37.51259],[126.87098,37.51204],[126.87092,37.51206],[126.87096,37.512],[126.87096,37.512]]]}},{"type":"Feature","properties":{"kind":"park","label":"공원","name":"미사한강공원2호","area":82448},"geometry":{"type":"Point","coordinates":[127.182313,37.577921]}},{"type":"Feature","properties":{"kind":"park_area","name":"미사한강공원2호"},"geometry":{"type":"Polygon","coordinates":[[[127.18,37.57842],[127.17993,37.57836],[127.17988,37.57829],[127.17983,37.57821],[127.1798,37.57815],[127.17978,37.57808],[127.17981,37.57798],[127.17985,37.5779],[127.17987,37.57786],[127.18022,37.57712],[127.18031,37.57695],[127.18036,37.57684],[127.18038,37.5768],[127.18052,37.5765],[127.18058,37.57639],[127.18064,37.57635],[127.1807,37.57634],[127.18088,37.57639],[127.18097,37.57641],[127.18099,37.57642],[127.18116,37.57646],[127.1812,37.57647],[127.18126,37.57648],[127.18134,37.5765],[127.18212,37.57671],[127.18259,37.57683],[127.18263,37.57684],[127.18304,37.57695],[127.18337,37.57704],[127.18335,37.57709],[127.18314,37.57761],[127.18305,37.57785],[127.18305,37.57789],[127.18306,37.57793],[127.18309,37.57796],[127.18312,37.57798],[127.18403,37.5782],[127.18422,37.57823],[127.18433,37.57825],[127.18476,37.57733],[127.18484,37.57734],[127.18461,37.57784],[127.1845,37.57809],[127.18438,37.57834],[127.18437,37.57838],[127.18434,37.57843],[127.18411,37.57891],[127.18407,37.579],[127.18395,37.57926],[127.18394,37.5793],[127.18384,37.5795],[127.18275,37.57923],[127.18244,37.57914],[127.18061,37.57864],[127.18037,37.57857],[127.18016,37.57851],[127.18,37.57842],[127.18,37.57842]]]}},{"type":"Feature","properties":{"kind":"park","label":"공원","name":"미사한강공원3호","area":60352},"geometry":{"type":"Point","coordinates":[127.185678,37.5787]}},{"type":"Feature","properties":{"kind":"park_area","name":"미사한강공원3호"},"geometry":{"type":"Polygon","coordinates":[[[127.18543,37.57985],[127.18501,37.57976],[127.18384,37.5795],[127.18394,37.5793],[127.18395,37.57926],[127.18407,37.579],[127.18411,37.57891],[127.18434,37.57843],[127.18437,37.57838],[127.18438,37.57834],[127.1845,37.57809],[127.18461,37.57784],[127.18484,37.57734],[127.18493,37.57734],[127.1847,37.57784],[127.18451,37.57827],[127.18479,37.5783],[127.18508,37.57831],[127.18539,37.5783],[127.18609,37.57822],[127.18619,37.57818],[127.18622,37.5781],[127.18605,37.57725],[127.18688,37.57714],[127.18751,37.58026],[127.18543,37.57985],[127.18543,37.57985]]]}},{"type":"Feature","properties":{"kind":"park","label":"공원","name":"미사한강공원4호","area":86487},"geometry":{"type":"Point","coordinates":[127.18847,37.578741]}},{"type":"Feature","properties":{"kind":"park_area","name":"미사한강공원4호"},"geometry":{"type":"Polygon","coordinates":[[[127.18812,37.58038],[127.18751,37.58026],[127.18688,37.57714],[127.18873,37.5769],[127.18886,37.57689],[127.18915,37.57728],[127.18944,37.57768],[127.18966,37.57805],[127.18982,37.57842],[127.18991,37.57867],[127.19001,37.57906],[127.19006,37.57954],[127.19006,37.58055],[127.1896,37.58059],[127.18812,37.58038],[127.18812,37.58038]]]}},{"type":"Feature","properties":{"kind":"park","label":"공원","name":"독산자연공원","area":202587},"geometry":{"type":"Point","coordinates":[126.909334,37.473267]}},{"type":"Feature","properties":{"kind":"park_area","name":"독산자연공원"},"geometry":{"type":"Polygon","coordinates":[[[126.90742,37.47597],[126.90741,37.47597],[126.90648,37.47583],[126.90604,37.47577],[126.906,37.47563],[126.90595,37.47546],[126.90587,37.47532],[126.90584,37.47523],[126.90584,37.47514],[126.90587,37.47505],[126.90594,37.47493],[126.90598,37.47477],[126.90607,37.47397],[126.90607,37.47382],[126.90606,37.47352],[126.90611,37.47323],[126.90627,37.47246],[126.90655,37.47148],[126.90663,37.47129],[126.90678,37.47056],[126.90729,37.47085],[126.908,37.47123],[126.90785,37.47148],[126.90785,37.47153],[126.90793,37.47156],[126.90789,37.47169],[126.90792,37.47174],[126.90787,37.47197],[126.90788,37.47205],[126.9085,37.47219],[126.90856,37.47216],[126.90864,37.47202],[126.90929,37.47201],[126.90979,37.47206],[126.91043,37.47238],[126.91071,37.47253],[126.91083,37.47249],[126.91097,37.47265],[126.91106,37.47267],[126.9112,37.47265],[126.91167,37.47282],[126.91186,37.47297],[126.91183,37.47324],[126.91189,37.4734],[126.91283,37.47447],[126.9128,37.47463],[126.9122,37.47472],[126.91206,37.47486],[126.91201,37.47502],[126.91193,37.47527],[126.91175,37.47552],[126.91133,37.47568],[126.91126,37.47547],[126.91105,37.47513],[126.91092,37.47525],[126.91011,37.47533],[126.91011,37.47522],[126.90979,37.47511],[126.90908,37.47518],[126.90893,37.47516],[126.90778,37.47504],[126.90769,37.4751],[126.90754,37.47562],[126.90729,37.47565],[126.90729,37.47573],[126.90742,37.47597],[126.90742,37.47597]]]}},{"type":"Feature","properties":{"kind":"park","label":"공원","name":"","area":74464},"geometry":{"type":"Point","coordinates":[127.113574,37.467596]}},{"type":"Feature","properties":{"kind":"park_area","name":""},"geometry":{"type":"Polygon","coordinates":[[[127.11471,37.46918],[127.11413,37.46931],[127.11364,37.46901],[127.11331,37.46857],[127.11301,37.46846],[127.11249,37.46849],[127.11188,37.46678],[127.11266,37.46662],[127.11301,37.46617],[127.1136,37.46588],[127.11409,37.46591],[127.11494,37.46641],[127.11527,37.46703],[127.11499,37.46794],[127.11502,37.4686],[127.11471,37.46918],[127.11471,37.46918]]]}},{"type":"Feature","properties":{"kind":"park","label":"공원","name":"태평공원","area":32080},"geometry":{"type":"Point","coordinates":[127.121449,37.44113]}},{"type":"Feature","properties":{"kind":"park_area","name":"태평공원"},"geometry":{"type":"Polygon","coordinates":[[[127.12015,37.44109],[127.12051,37.44057],[127.12095,37.4403],[127.12199,37.44],[127.12228,37.44106],[127.12274,37.44213],[127.12174,37.44226],[127.12152,37.44224],[127.12142,37.44219],[127.12141,37.442],[127.12143,37.44186],[127.12133,37.44182],[127.12113,37.44181],[127.12103,37.44181],[127.1209,37.44175],[127.12087,37.44165],[127.12073,37.44161],[127.12062,37.44157],[127.12058,37.441],[127.12015,37.44109],[127.12015,37.44109]]]}},{"type":"Feature","properties":{"kind":"park","label":"공원","name":"강빛숲공원","area":69691},"geometry":{"type":"Point","coordinates":[127.172809,37.576062]}},{"type":"Feature","properties":{"kind":"park_area","name":"강빛숲공원"},"geometry":{"type":"Polygon","coordinates":[[[127.16984,37.57528],[127.17001,37.57504],[127.17025,37.57469],[127.17494,37.57597],[127.17542,37.57485],[127.17566,37.57491],[127.17569,37.57493],[127.17573,37.57523],[127.17576,37.57541],[127.17577,37.57546],[127.17577,37.57547],[127.17577,37.57549],[127.17578,37.57559],[127.17578,37.57566],[127.17575,37.57579],[127.17574,37.57588],[127.17573,37.57591],[127.17565,37.57631],[127.17563,37.57637],[127.17562,37.57642],[127.17561,37.57648],[127.17559,37.57656],[127.17559,37.57662],[127.17556,37.57665],[127.17554,37.57668],[127.17552,37.57682],[127.17551,37.57691],[127.17551,37.57697],[127.1755,37.57702],[127.17545,37.57706],[127.17542,37.57712],[127.17536,37.57719],[127.17533,37.57723],[127.17533,37.57727],[127.17533,37.57737],[127.17533,37.57739],[127.17534,37.57741],[127.1753,37.57743],[127.1734,37.57686],[127.17213,37.57638],[127.17102,37.57589],[127.16984,37.57528],[127.16984,37.57528]]]}},{"type":"Feature","properties":{"kind":"university","label":"대학","name":"상명대학교 서울캠퍼스","area":null},"geometry":{"type":"Point","coordinates":[126.954885,37.601739]}},{"type":"Feature","properties":{"kind":"university","label":"대학","name":"한국외국어대학교 서울캠퍼스","area":null},"geometry":{"type":"Point","coordinates":[127.058444,37.597111]}},{"type":"Feature","properties":{"kind":"university","label":"대학","name":"서울디지털대학교","area":null},"geometry":{"type":"Point","coordinates":[126.947751,37.543038]}},{"type":"Feature","properties":{"kind":"university","label":"대학","name":"서울기독대학교","area":null},"geometry":{"type":"Point","coordinates":[126.912327,37.600856]}},{"type":"Feature","properties":{"kind":"university","label":"대학","name":"서울신학대학교","area":null},"geometry":{"type":"Point","coordinates":[126.789993,37.479748]}},{"type":"Feature","properties":{"kind":"university","label":"대학","name":"경기대학교 사회교육원","area":null},"geometry":{"type":"Point","coordinates":[126.962474,37.563198]}},{"type":"Feature","properties":{"kind":"university","label":"대학","name":"성균관대학교 도봉선수촌","area":null},"geometry":{"type":"Point","coordinates":[127.047565,37.678522]}},{"type":"Feature","properties":{"kind":"university","label":"대학","name":"경희사이버대학교","area":null},"geometry":{"type":"Point","coordinates":[127.053089,37.594872]}},{"type":"Feature","properties":{"kind":"university","label":"대학","name":"한국방송통신대학교 남양주시학습관","area":null},"geometry":{"type":"Point","coordinates":[127.157236,37.605525]}},{"type":"Feature","properties":{"kind":"university","label":"대학","name":"한국방송통신대학교","area":null},"geometry":{"type":"Point","coordinates":[126.766377,37.482423]}},{"type":"Feature","properties":{"kind":"university","label":"대학","name":"한국방송통신대학교 서울지역대학","area":null},"geometry":{"type":"Point","coordinates":[127.045666,37.547412]}},{"type":"Feature","properties":{"kind":"university","label":"대학","name":"한국방송통신대학교 서울남부학습센터","area":null},"geometry":{"type":"Point","coordinates":[126.865386,37.529533]}},{"type":"Feature","properties":{"kind":"university","label":"대학","name":"서울장신대학교","area":null},"geometry":{"type":"Point","coordinates":[127.022472,37.574697]}},{"type":"Feature","properties":{"kind":"university","label":"대학","name":"디지털서울문화예술대학교","area":null},"geometry":{"type":"Point","coordinates":[126.943736,37.585392]}},{"type":"Feature","properties":{"kind":"university","label":"대학","name":"서울사회복지대학원대학교","area":null},"geometry":{"type":"Point","coordinates":[126.903125,37.519522]}},{"type":"Feature","properties":{"kind":"university","label":"대학","name":"남서울대학교","area":null},"geometry":{"type":"Point","coordinates":[127.024824,37.576717]}},{"type":"Feature","properties":{"kind":"university","label":"대학","name":"동방대학원대학교","area":null},"geometry":{"type":"Point","coordinates":[126.991584,37.596713]}},{"type":"Feature","properties":{"kind":"university","label":"대학","name":"개신대학원대학교","area":null},"geometry":{"type":"Point","coordinates":[127.024407,37.629564]}},{"type":"Feature","properties":{"kind":"university","label":"대학","name":"한림국제대학원대학교","area":null},"geometry":{"type":"Point","coordinates":[127.053567,37.501723]}},{"type":"Feature","properties":{"kind":"university","label":"대학","name":"한국벤처대학원대학교","area":null},"geometry":{"type":"Point","coordinates":[127.044209,37.510653]}},{"type":"Feature","properties":{"kind":"university","label":"대학","name":"덕성여자대학교","area":null},"geometry":{"type":"Point","coordinates":[127.016908,37.650931]}},{"type":"Feature","properties":{"kind":"university","label":"대학","name":"장로회신학대학교","area":null},"geometry":{"type":"Point","coordinates":[127.104293,37.550294]}},{"type":"Feature","properties":{"kind":"university","label":"대학","name":"추계예술대학교","area":null},"geometry":{"type":"Point","coordinates":[126.954102,37.562697]}},{"type":"Feature","properties":{"kind":"university","label":"대학","name":"서울여자간호대학교","area":null},"geometry":{"type":"Point","coordinates":[126.947491,37.597456]}},{"type":"Feature","properties":{"kind":"university","label":"대학","name":"인덕대학교","area":null},"geometry":{"type":"Point","coordinates":[127.055037,37.630814]}},{"type":"Feature","properties":{"kind":"university","label":"대학","name":"동국대학교 바이오메디융합캠퍼스","area":null},"geometry":{"type":"Point","coordinates":[126.807403,37.677999]}},{"type":"Feature","properties":{"kind":"university","label":"대학","name":"가톨릭대학교 성의교정","area":null},"geometry":{"type":"Point","coordinates":[127.005918,37.500441]}},{"type":"Feature","properties":{"kind":"university","label":"대학","name":"숭의여자대학교 별관","area":null},"geometry":{"type":"Point","coordinates":[126.986324,37.557825]}},{"type":"Feature","properties":{"kind":"university","label":"대학","name":"광운대학교미디어콘텐츠센터","area":null},"geometry":{"type":"Point","coordinates":[127.060945,37.623828]}},{"type":"Feature","properties":{"kind":"university","label":"대학","name":"의학도서관 4층 자습실","area":null},"geometry":{"type":"Point","coordinates":[126.940335,37.561588]}},{"type":"Feature","properties":{"kind":"university","label":"대학","name":"윤인배홀","area":null},"geometry":{"type":"Point","coordinates":[126.940043,37.561355]}},{"type":"Feature","properties":{"kind":"university","label":"대학","name":"성균관대학교 경영관","area":null},"geometry":{"type":"Point","coordinates":[126.992404,37.588365]}},{"type":"Feature","properties":{"kind":"university","label":"대학","name":"연세대학교 생활환경대학원","area":null},"geometry":{"type":"Point","coordinates":[126.934453,37.565245]}},{"type":"Feature","properties":{"kind":"university","label":"대학","name":"의학도서관 3층 자습실","area":null},"geometry":{"type":"Point","coordinates":[126.940188,37.561463]}},{"type":"Feature","properties":{"kind":"university","label":"대학","name":"의과대학 LC 룸","area":null},"geometry":{"type":"Point","coordinates":[126.940192,37.561122]}},{"type":"Feature","properties":{"kind":"university","label":"대학","name":"연세대학교 산학협력단","area":null},"geometry":{"type":"Point","coordinates":[126.937209,37.564459]}},{"type":"Feature","properties":{"kind":"university","label":"대학","name":"법학전문대학원","area":null},"geometry":{"type":"Point","coordinates":[126.936965,37.565054]}},{"type":"Feature","properties":{"kind":"university","label":"대학","name":"연합신학대학원","area":null},"geometry":{"type":"Point","coordinates":[126.93667,37.565672]}},{"type":"Feature","properties":{"kind":"university","label":"대학","name":"대학원학생회관","area":null},"geometry":{"type":"Point","coordinates":[126.936732,37.566059]}},{"type":"Feature","properties":{"kind":"university","label":"대학","name":"행정대학원","area":null},"geometry":{"type":"Point","coordinates":[126.939295,37.567244]}},{"type":"Feature","properties":{"kind":"university","label":"대학","name":"예술정보관","area":null},"geometry":{"type":"Point","coordinates":[127.056747,37.606579]}},{"type":"Feature","properties":{"kind":"university","label":"대학","name":"서울감리교신학원","area":null},"geometry":{"type":"Point","coordinates":[126.985037,37.571999]}},{"type":"Feature","properties":{"kind":"university","label":"대학","name":"한국예술종합학교 대학로캠퍼스","area":null},"geometry":{"type":"Point","coordinates":[126.996939,37.582518]}},{"type":"Feature","properties":{"kind":"university","label":"대학","name":"서대문교회 실버대학","area":null},"geometry":{"type":"Point","coordinates":[126.965522,37.569536]}},{"type":"Feature","properties":{"kind":"university","label":"대학","name":"고려사이버대학교 미래교육원","area":null},"geometry":{"type":"Point","coordinates":[126.985935,37.585901]}},{"type":"Feature","properties":{"kind":"university","label":"대학","name":"사회혁신경영대학원","area":null},"geometry":{"type":"Point","coordinates":[127.012102,37.635023]}},{"type":"Feature","properties":{"kind":"university","label":"대학","name":"신학대학원","area":null},"geometry":{"type":"Point","coordinates":[127.011808,37.635022]}},{"type":"Feature","properties":{"kind":"university","label":"대학","name":"고려대학교 서울캠퍼스","area":null},"geometry":{"type":"Point","coordinates":[127.029978,37.588021]}},{"type":"Feature","properties":{"kind":"university","label":"대학","name":"건국대학교 서울캠퍼스","area":null},"geometry":{"type":"Point","coordinates":[127.077385,37.541845]}},{"type":"Feature","properties":{"kind":"university","label":"대학","name":"성신여자대학교","area":null},"geometry":{"type":"Point","coordinates":[127.022445,37.591487]}},{"type":"Feature","properties":{"kind":"university","label":"대학","name":"성균관대학교 인문사회과학캠퍼스","area":null},"geometry":{"type":"Point","coordinates":[126.99315,37.587046]}},{"type":"Feature","properties":{"kind":"university","label":"대학","name":"세종사이버대학교","area":null},"geometry":{"type":"Point","coordinates":[127.072798,37.553542]}},{"type":"Feature","properties":{"kind":"university","label":"대학","name":"교수회관","area":null},"geometry":{"type":"Point","coordinates":[126.953881,37.457758]}},{"type":"Feature","properties":{"kind":"university","label":"대학","name":"멀티미디어강의동 (인문사회계)","area":null},"geometry":{"type":"Point","coordinates":[126.951594,37.463519]}},{"type":"Feature","properties":{"kind":"university","label":"대학","name":"국민대학교","area":null},"geometry":{"type":"Point","coordinates":[126.995973,37.61157]}},{"type":"Feature","properties":{"kind":"university","label":"대학","name":"한국성서대학교","area":null},"geometry":{"type":"Point","coordinates":[127.06414,37.648531]}},{"type":"Feature","properties":{"kind":"university","label":"대학","name":"성공회대학교","area":null},"geometry":{"type":"Point","coordinates":[126.825686,37.487464]}},{"type":"Feature","properties":{"kind":"university","label":"대학","name":"한양여자대학교","area":null},"geometry":{"type":"Point","coordinates":[127.049386,37.558487]}},{"type":"Feature","properties":{"kind":"university","label":"대학","name":"","area":null},"geometry":{"type":"Point","coordinates":[127.049784,37.559743]}},{"type":"Feature","properties":{"kind":"university","label":"대학","name":"한양대학교 서울캠퍼스","area":null},"geometry":{"type":"Point","coordinates":[127.046193,37.556944]}},{"type":"Feature","properties":{"kind":"university","label":"대학","name":"경기대학교 서울캠퍼스","area":null},"geometry":{"type":"Point","coordinates":[126.962034,37.564799]}},{"type":"Feature","properties":{"kind":"university","label":"대학","name":"홍익대학교 서울캠퍼스","area":null},"geometry":{"type":"Point","coordinates":[126.925769,37.550376]}},{"type":"Feature","properties":{"kind":"university","label":"대학","name":"상명대학교","area":null},"geometry":{"type":"Point","coordinates":[126.955337,37.602537]}},{"type":"Feature","properties":{"kind":"university","label":"대학","name":"서울대학교 연건캠퍼스","area":null},"geometry":{"type":"Point","coordinates":[126.999312,37.5793]}},{"type":"Feature","properties":{"kind":"university","label":"대학","name":"한국방송통신대학교","area":null},"geometry":{"type":"Point","coordinates":[127.003462,37.578405]}},{"type":"Feature","properties":{"kind":"university","label":"대학","name":"한성대학교","area":null},"geometry":{"type":"Point","coordinates":[127.010345,37.582213]}},{"type":"Feature","properties":{"kind":"university","label":"대학","name":"가톨릭대학교 성신교정","area":null},"geometry":{"type":"Point","coordinates":[127.005138,37.585309]}},{"type":"Feature","properties":{"kind":"university","label":"대학","name":"서강대학교","area":null},"geometry":{"type":"Point","coordinates":[126.940984,37.552129]}},{"type":"Feature","properties":{"kind":"university","label":"대학","name":"서울교육대학교","area":null},"geometry":{"type":"Point","coordinates":[127.016531,37.490027]}},{"type":"Feature","properties":{"kind":"university","label":"대학","name":"신양학술정보관 Ⅲ","area":null},"geometry":{"type":"Point","coordinates":[126.950941,37.462753]}},{"type":"Feature","properties":{"kind":"university","label":"대학","name":"두산인문관","area":null},"geometry":{"type":"Point","coordinates":[126.953989,37.460147]}},{"type":"Feature","properties":{"kind":"university","label":"대학","name":"한국폴리텍대학 성남캠퍼스","area":null},"geometry":{"type":"Point","coordinates":[127.153523,37.459141]}},{"type":"Feature","properties":{"kind":"university","label":"대학","name":"문원중학교","area":null},"geometry":{"type":"Point","coordinates":[127.157236,37.460627]}},{"type":"Feature","properties":{"kind":"university","label":"대학","name":"강서대학교","area":null},"geometry":{"type":"Point","coordinates":[126.854536,37.548335]}},{"type":"Feature","properties":{"kind":"university","label":"대학","name":"서울한영대학교","area":null},"geometry":{"type":"Point","coordinates":[126.851529,37.496507]}},{"type":"Feature","properties":{"kind":"university","label":"대학","name":"동양미래대학교","area":null},"geometry":{"type":"Point","coordinates":[126.867498,37.501078]}},{"type":"Feature","properties":{"kind":"university","label":"대학","name":"유한대학교","area":null},"geometry":{"type":"Point","coordinates":[126.821098,37.487117]}},{"type":"Feature","properties":{"kind":"university","label":"대학","name":"동국대학교 서울캠퍼스","area":null},"geometry":{"type":"Point","coordinates":[127.000679,37.558271]}},{"type":"Feature","properties":{"kind":"university","label":"대학","name":"중앙대학교 서울캠퍼스","area":null},"geometry":{"type":"Point","coordinates":[126.956755,37.504385]}},{"type":"Feature","properties":{"kind":"university","label":"대학","name":"경인교육대학교 경기캠퍼스","area":null},"geometry":{"type":"Point","coordinates":[126.917195,37.433272]}},{"type":"Feature","properties":{"kind":"university","label":"대학","name":"경희대학교 서울캠퍼스","area":null},"geometry":{"type":"Point","coordinates":[127.051821,37.597125]}},{"type":"Feature","properties":{"kind":"university","label":"대학","name":"한국예술종합학교","area":null},"geometry":{"type":"Point","coordinates":[127.0571,37.604926]}},{"type":"Feature","properties":{"kind":"university","label":"대학","name":"한국과학기술연구원","area":null},"geometry":{"type":"Point","coordinates":[127.045711,37.601276]}},{"type":"Feature","properties":{"kind":"university","label":"대학","name":"한국항공대학교","area":null},"geometry":{"type":"Point","coordinates":[126.86519,37.600254]}},{"type":"Feature","properties":{"kind":"university","label":"대학","name":"총신대학교","area":null},"geometry":{"type":"Point","coordinates":[126.967606,37.489023]}},{"type":"Feature","properties":{"kind":"university","label":"대학","name":"서경대학교","area":null},"geometry":{"type":"Point","coordinates":[127.012726,37.614917]}},{"type":"Feature","properties":{"kind":"university","label":"대학","name":"서울과학기술대학교","area":null},"geometry":{"type":"Point","coordinates":[127.079186,37.632367]}},{"type":"Feature","properties":{"kind":"university","label":"대학","name":"서울여자대학교","area":null},"geometry":{"type":"Point","coordinates":[127.091327,37.628301]}},{"type":"Feature","properties":{"kind":"university","label":"대학","name":"육군사관학교","area":null},"geometry":{"type":"Point","coordinates":[127.100292,37.623327]}},{"type":"Feature","properties":{"kind":"university","label":"대학","name":"삼육대학교","area":null},"geometry":{"type":"Point","coordinates":[127.105022,37.641803]}},{"type":"Feature","properties":{"kind":"university","label":"대학","name":"덕성여자대학교","area":null},"geometry":{"type":"Point","coordinates":[127.017397,37.651516]}},{"type":"Feature","properties":{"kind":"university","label":"대학","name":"고려사이버대학교","area":null},"geometry":{"type":"Point","coordinates":[126.987146,37.58698]}},{"type":"Feature","properties":{"kind":"university","label":"대학","name":"한국체육대학교","area":null},"geometry":{"type":"Point","coordinates":[127.131138,37.5195]}},{"type":"Feature","properties":{"kind":"university","label":"대학","name":"한국과학기술원 서울캠퍼스","area":null},"geometry":{"type":"Point","coordinates":[127.046596,37.593753]}},{"type":"Feature","properties":{"kind":"university","label":"대학","name":"삼육보건대학교","area":null},"geometry":{"type":"Point","coordinates":[127.065094,37.589079]}},{"type":"Feature","properties":{"kind":"university","label":"대학","name":"서일대학교","area":null},"geometry":{"type":"Point","coordinates":[127.097624,37.586691]}},{"type":"Feature","properties":{"kind":"university","label":"대학","name":"","area":null},"geometry":{"type":"Point","coordinates":[127.103394,37.549926]}},{"type":"Feature","properties":{"kind":"university","label":"대학","name":"명지대학교 인문캠퍼스","area":null},"geometry":{"type":"Point","coordinates":[126.922996,37.579969]}},{"type":"Feature","properties":{"kind":"university","label":"대학","name":"서울기독대학교","area":null},"geometry":{"type":"Point","coordinates":[126.912241,37.600781]}},{"type":"Feature","properties":{"kind":"university","label":"대학","name":"","area":null},"geometry":{"type":"Point","coordinates":[126.947481,37.597494]}},{"type":"Feature","properties":{"kind":"university","label":"대학","name":"배화여자대학교","area":null},"geometry":{"type":"Point","coordinates":[126.966621,37.578735]}},{"type":"Feature","properties":{"kind":"university","label":"대학","name":"폴리텍1대학 정수캠퍼스","area":null},"geometry":{"type":"Point","coordinates":[126.995971,37.529114]}},{"type":"Feature","properties":{"kind":"university","label":"대학","name":"부천대학교","area":null},"geometry":{"type":"Point","coordinates":[126.778802,37.489631]}},{"type":"Feature","properties":{"kind":"university","label":"대학","name":"정화예술대학교","area":null},"geometry":{"type":"Point","coordinates":[126.984845,37.560069]}},{"type":"Feature","properties":{"kind":"university","label":"대학","name":"한국폴리텍1대학 서울강서캠퍼스","area":null},"geometry":{"type":"Point","coordinates":[126.84233,37.549652]}},{"type":"Feature","properties":{"kind":"university","label":"대학","name":"농협대학교","area":null},"geometry":{"type":"Point","coordinates":[126.872663,37.659564]}},{"type":"Feature","properties":{"kind":"university","label":"대학","name":"을지대학교 성남캠퍼스","area":null},"geometry":{"type":"Point","coordinates":[127.165652,37.460707]}},{"type":"Feature","properties":{"kind":"university","label":"대학","name":"위례고운초등학교","area":null},"geometry":{"type":"Point","coordinates":[127.146061,37.471192]}},{"type":"Feature","properties":{"kind":"university","label":"대학","name":"성신여자대학교 운정그린캠퍼스","area":null},"geometry":{"type":"Point","coordinates":[127.027392,37.631997]}},{"type":"Feature","properties":{"kind":"university","label":"대학","name":"울산대학교 의과대학","area":null},"geometry":{"type":"Point","coordinates":[127.11012,37.525345]}},{"type":"Feature","properties":{"kind":"university","label":"대학","name":"조계사불교대학","area":null},"geometry":{"type":"Point","coordinates":[126.981768,37.572952]}},{"type":"Feature","properties":{"kind":"university","label":"대학","name":"동산불교대학","area":null},"geometry":{"type":"Point","coordinates":[126.982272,37.572906]}},{"type":"Feature","properties":{"kind":"university","label":"대학","name":"가천대학교 글로벌캠퍼스","area":null},"geometry":{"type":"Point","coordinates":[127.13139,37.452853]}},{"type":"Feature","properties":{"kind":"university","label":"대학","name":"북한대학원대학교","area":null},"geometry":{"type":"Point","coordinates":[126.983524,37.586222]}},{"type":"Feature","properties":{"kind":"university","label":"대학","name":"가톨릭대학교 성심교정","area":null},"geometry":{"type":"Point","coordinates":[126.80139,37.486782]}},{"type":"Feature","properties":{"kind":"university","label":"대학","name":"동국대학교 바이오메디융합캠퍼스","area":null},"geometry":{"type":"Point","coordinates":[126.806486,37.678647]}},{"type":"Feature","properties":{"kind":"university","label":"대학","name":"연세대학교 삼애캠퍼스","area":null},"geometry":{"type":"Point","coordinates":[126.784228,37.687182]}},{"type":"Feature","properties":{"kind":"university","label":"대학","name":"동덕여자대학교","area":null},"geometry":{"type":"Point","coordinates":[127.042383,37.606452]}},{"type":"Feature","properties":{"kind":"university","label":"대학","name":"인덕대학교","area":null},"geometry":{"type":"Point","coordinates":[127.05469,37.631247]}},{"type":"Feature","properties":{"kind":"university","label":"대학","name":"에스라성경대학원대학교","area":null},"geometry":{"type":"Point","coordinates":[126.894359,37.70332]}},{"type":"Feature","properties":{"kind":"university","label":"대학","name":"한국국방연구원","area":null},"geometry":{"type":"Point","coordinates":[127.040611,37.592559]}},{"type":"Feature","properties":{"kind":"university","label":"대학","name":"감리교신학대학교","area":null},"geometry":{"type":"Point","coordinates":[126.962294,37.567449]}},{"type":"Feature","properties":{"kind":"university","label":"대학","name":"","area":null},"geometry":{"type":"Point","coordinates":[126.986224,37.557707]}},{"type":"Feature","properties":{"kind":"university","label":"대학","name":"한신대학교","area":null},"geometry":{"type":"Point","coordinates":[127.011915,37.634448]}},{"type":"Feature","properties":{"kind":"university","label":"대학","name":"광운대학교","area":null},"geometry":{"type":"Point","coordinates":[127.05975,37.619676]}},{"type":"Feature","properties":{"kind":"university","label":"대학","name":"광운대학교","area":null},"geometry":{"type":"Point","coordinates":[127.054988,37.620373]}},{"type":"Feature","properties":{"kind":"university","label":"대학","name":"광운대학교","area":null},"geometry":{"type":"Point","coordinates":[127.05709,37.620617]}},{"type":"Feature","properties":{"kind":"university","label":"대학","name":"광운대학교","area":null},"geometry":{"type":"Point","coordinates":[127.056477,37.622157]}},{"type":"Feature","properties":{"kind":"university","label":"대학","name":"세종대학교","area":null},"geometry":{"type":"Point","coordinates":[127.074227,37.550808]}},{"type":"Feature","properties":{"kind":"university","label":"대학","name":"서울시립대학교","area":null},"geometry":{"type":"Point","coordinates":[127.059514,37.583073]}},{"type":"Feature","properties":{"kind":"university","label":"대학","name":"부천대학교 소사캠퍼스","area":null},"geometry":{"type":"Point","coordinates":[126.803913,37.464515]}},{"type":"Feature","properties":{"kind":"university","label":"대학","name":"한성대학교","area":null},"geometry":{"type":"Point","coordinates":[127.009324,37.583721]}},{"type":"Feature","properties":{"kind":"university","label":"대학","name":"한성대학교","area":null},"geometry":{"type":"Point","coordinates":[127.009416,37.584063]}},{"type":"Feature","properties":{"kind":"university","label":"대학","name":"한성대학교","area":null},"geometry":{"type":"Point","coordinates":[127.012806,37.587799]}},{"type":"Feature","properties":{"kind":"university","label":"대학","name":"","area":null},"geometry":{"type":"Point","coordinates":[126.962022,37.564026]}},{"type":"Feature","properties":{"kind":"university","label":"대학","name":"독립문총신사회교육원 사회복지학과","area":null},"geometry":{"type":"Point","coordinates":[126.954371,37.577456]}},{"type":"Feature","properties":{"kind":"university","label":"대학","name":"","area":null},"geometry":{"type":"Point","coordinates":[126.9393,37.55136]}},{"type":"Feature","properties":{"kind":"university","label":"대학","name":"이화여자대학교","area":null},"geometry":{"type":"Point","coordinates":[126.946623,37.564366]}},{"type":"Feature","properties":{"kind":"university","label":"대학","name":"한국외국어대학교 서울캠퍼스","area":null},"geometry":{"type":"Point","coordinates":[127.058852,37.597022]}},{"type":"Feature","properties":{"kind":"university","label":"대학","name":"서울대학교 관악캠퍼스","area":null},"geometry":{"type":"Point","coordinates":[126.954336,37.458161]}},{"type":"Feature","properties":{"kind":"university","label":"대학","name":"연세대학교 신촌캠퍼스","area":null},"geometry":{"type":"Point","coordinates":[126.938815,37.567746]}},{"type":"Feature","properties":{"kind":"university","label":"대학","name":"숭실대학교","area":null},"geometry":{"type":"Point","coordinates":[126.957338,37.496112]}},{"type":"Feature","properties":{"kind":"university","label":"대학","name":"숙명여자대학교","area":null},"geometry":{"type":"Point","coordinates":[126.965012,37.545362]}},{"type":"Feature","properties":{"kind":"emergency","label":"응급실","name":"선한이웃병원","area":null},"geometry":{"type":"Point","coordinates":[127.063708,37.614903]}},{"type":"Feature","properties":{"kind":"emergency","label":"응급실","name":"경희의료원","area":null},"geometry":{"type":"Point","coordinates":[127.051277,37.593589]}},{"type":"Feature","properties":{"kind":"emergency","label":"응급실","name":"국립 경찰병원","area":null},"geometry":{"type":"Point","coordinates":[127.12346,37.496041]}},{"type":"Feature","properties":{"kind":"emergency","label":"응급실","name":"뉴강서성심병원 (New Kangseosungsim Hospital)","area":null},"geometry":{"type":"Point","coordinates":[126.808793,37.573309]}},{"type":"Feature","properties":{"kind":"emergency","label":"응급실","name":"혜민병원","area":null},"geometry":{"type":"Point","coordinates":[127.083655,37.535346]}},{"type":"Feature","properties":{"kind":"emergency","label":"응급실","name":"청구성심병원","area":null},"geometry":{"type":"Point","coordinates":[126.919627,37.620904]}},{"type":"Feature","properties":{"kind":"emergency","label":"응급실","name":"명지춘혜병원","area":null},"geometry":{"type":"Point","coordinates":[126.897116,37.50064]}},{"type":"Feature","properties":{"kind":"emergency","label":"응급실","name":"영동병원","area":null},"geometry":{"type":"Point","coordinates":[127.058661,37.563235]}},{"type":"Feature","properties":{"kind":"emergency","label":"응급실","name":"마이팜 약국","area":null},"geometry":{"type":"Point","coordinates":[127.161596,37.453685]}},{"type":"Feature","properties":{"kind":"emergency","label":"응급실","name":"김애경내과의원","area":null},"geometry":{"type":"Point","coordinates":[126.903879,37.533163]}},{"type":"Feature","properties":{"kind":"emergency","label":"응급실","name":"고려대학교구로병원","area":null},"geometry":{"type":"Point","coordinates":[126.884897,37.492231]}},{"type":"Feature","properties":{"kind":"emergency","label":"응급실","name":"세종병원 (Sejongh Hospital)","area":null},"geometry":{"type":"Point","coordinates":[126.791269,37.480978]}},{"type":"Feature","properties":{"kind":"emergency","label":"응급실","name":"중앙대학교병원","area":null},"geometry":{"type":"Point","coordinates":[126.960624,37.506629]}},{"type":"Feature","properties":{"kind":"emergency","label":"응급실","name":"세브란스병원","area":null},"geometry":{"type":"Point","coordinates":[126.940493,37.562296]}},{"type":"Feature","properties":{"kind":"emergency","label":"응급실","name":"가톨릭대학교 서울성모병원","area":null},"geometry":{"type":"Point","coordinates":[127.005446,37.500273]}},{"type":"Feature","properties":{"kind":"emergency","label":"응급실","name":"삼육의료원 서울병원","area":null},"geometry":{"type":"Point","coordinates":[127.064675,37.587528]}},{"type":"Feature","properties":{"kind":"emergency","label":"응급실","name":"삼성서울병원","area":null},"geometry":{"type":"Point","coordinates":[127.086291,37.488605]}},{"type":"Feature","properties":{"kind":"emergency","label":"응급실","name":"중앙보훈병원","area":null},"geometry":{"type":"Point","coordinates":[127.14773,37.529701]}},{"type":"Feature","properties":{"kind":"emergency","label":"응급실","name":"이대목동병원","area":null},"geometry":{"type":"Point","coordinates":[126.886274,37.536476]}},{"type":"Feature","properties":{"kind":"emergency","label":"응급실","name":"한양대학교 구리병원","area":null},"geometry":{"type":"Point","coordinates":[127.132477,37.601229]}},{"type":"Feature","properties":{"kind":"emergency","label":"응급실","name":"동신병원","area":null},"geometry":{"type":"Point","coordinates":[126.936536,37.581425]}},{"type":"Feature","properties":{"kind":"emergency","label":"응급실","name":"햇빛여성병원 신관","area":null},"geometry":{"type":"Point","coordinates":[127.030312,37.615764]}},{"type":"Feature","properties":{"kind":"emergency","label":"응급실","name":"서울아산병원","area":null},"geometry":{"type":"Point","coordinates":[127.109606,37.526476]}},{"type":"Feature","properties":{"kind":"emergency","label":"응급실","name":"희명병원","area":null},"geometry":{"type":"Point","coordinates":[126.900558,37.455687]}},{"type":"Feature","properties":{"kind":"emergency","label":"응급실","name":"건국대학교병원","area":null},"geometry":{"type":"Point","coordinates":[127.072224,37.54069]}},{"type":"Feature","properties":{"kind":"emergency","label":"응급실","name":"서울적십자병원","area":null},"geometry":{"type":"Point","coordinates":[126.966896,37.567392]}},{"type":"Feature","properties":{"kind":"emergency","label":"응급실","name":"강남세브란스병원","area":null},"geometry":{"type":"Point","coordinates":[127.046498,37.492611]}},{"type":"Feature","properties":{"kind":"emergency","label":"응급실","name":"원자력병원","area":null},"geometry":{"type":"Point","coordinates":[127.083082,37.629295]}},{"type":"Feature","properties":{"kind":"academy","label":"대형 입시학원","name":"(주)산에듀김영준국어논술전문별관학원","cap":1890},"geometry":{"type":"Point","coordinates":[127.054757558624,37.4978571190151]}},{"type":"Feature","properties":{"kind":"academy","label":"대형 입시학원","name":"(주)산에듀김영준국어논술전문프리미엄관학원","cap":1890},"geometry":{"type":"Point","coordinates":[127.055092390487,37.4976801858931]}},{"type":"Feature","properties":{"kind":"academy","label":"대형 입시학원","name":"(주)산에듀김영준국어논술전문학원","cap":1890},"geometry":{"type":"Point","coordinates":[127.055167024731,37.4973692137569]}},{"type":"Feature","properties":{"kind":"academy","label":"대형 입시학원","name":"101프렙학원","cap":400},"geometry":{"type":"Point","coordinates":[127.062341077644,37.5001056055771]}},{"type":"Feature","properties":{"kind":"academy","label":"대형 입시학원","name":"강남삼성학원","cap":400},"geometry":{"type":"Point","coordinates":[127.051181825235,37.4984389703775]}},{"type":"Feature","properties":{"kind":"academy","label":"대형 입시학원","name":"강남이엠에이영어학원","cap":345},"geometry":{"type":"Point","coordinates":[127.09906968835,37.4667954646607]}},{"type":"Feature","properties":{"kind":"academy","label":"대형 입시학원","name":"강안교육학원","cap":1080},"geometry":{"type":"Point","coordinates":[127.061623736066,37.5073823215031]}},{"type":"Feature","properties":{"kind":"academy","label":"대형 입시학원","name":"강의하는아이들대치학원","cap":599},"geometry":{"type":"Point","coordinates":[127.051760330195,37.4980396626336]}},{"type":"Feature","properties":{"kind":"academy","label":"대형 입시학원","name":"개념상상에스엠(SM)관학원","cap":492},"geometry":{"type":"Point","coordinates":[127.062238112663,37.4996326317154]}},{"type":"Feature","properties":{"kind":"academy","label":"대형 입시학원","name":"개념폴리아삼성청담관학원","cap":1107},"geometry":{"type":"Point","coordinates":[127.050318566945,37.5160373189863]}},{"type":"Feature","properties":{"kind":"academy","label":"대형 입시학원","name":"개념폴리아중등관학원","cap":4564},"geometry":{"type":"Point","coordinates":[127.057706616736,37.4927023171867]}},{"type":"Feature","properties":{"kind":"academy","label":"대형 입시학원","name":"개념폴리아학원","cap":4360},"geometry":{"type":"Point","coordinates":[127.057706616736,37.4927023171867]}},{"type":"Feature","properties":{"kind":"academy","label":"대형 입시학원","name":"결국이루는학원","cap":750},"geometry":{"type":"Point","coordinates":[127.037856255205,37.494539299776]}},{"type":"Feature","properties":{"kind":"academy","label":"대형 입시학원","name":"고등학원","cap":772},"geometry":{"type":"Point","coordinates":[127.061116129725,37.4993226407079]}},{"type":"Feature","properties":{"kind":"academy","label":"대형 입시학원","name":"고앤정학원","cap":390},"geometry":{"type":"Point","coordinates":[127.063736788721,37.4995230812063]}},{"type":"Feature","properties":{"kind":"academy","label":"대형 입시학원","name":"국어샘학원","cap":456},"geometry":{"type":"Point","coordinates":[127.059164905458,37.4931666957307]}},{"type":"Feature","properties":{"kind":"academy","label":"대형 입시학원","name":"규연수학전문학원","cap":4040},"geometry":{"type":"Point","coordinates":[127.065915414443,37.4996157705058]}},{"type":"Feature","properties":{"kind":"academy","label":"대형 입시학원","name":"그래머랩스영어학원","cap":600},"geometry":{"type":"Point","coordinates":[127.050639191063,37.4958653891477]}},{"type":"Feature","properties":{"kind":"academy","label":"대형 입시학원","name":"그리날다학원","cap":497},"geometry":{"type":"Point","coordinates":[127.050524078979,37.5022536623371]}},{"type":"Feature","properties":{"kind":"academy","label":"대형 입시학원","name":"기파랑문해원대치본원학원","cap":447},"geometry":{"type":"Point","coordinates":[127.053147574977,37.5004483370916]}},{"type":"Feature","properties":{"kind":"academy","label":"대형 입시학원","name":"기파랑문해원대치원중등2관학원","cap":444},"geometry":{"type":"Point","coordinates":[127.053668461581,37.4982260402942]}},{"type":"Feature","properties":{"kind":"academy","label":"대형 입시학원","name":"김태호과학학원","cap":320},"geometry":{"type":"Point","coordinates":[127.058357948933,37.4988053262096]}},{"type":"Feature","properties":{"kind":"academy","label":"대형 입시학원","name":"김현정수학1관학원","cap":330},"geometry":{"type":"Point","coordinates":[127.063233847146,37.5000176433904]}},{"type":"Feature","properties":{"kind":"academy","label":"대형 입시학원","name":"깊은생각상담센터학원","cap":398},"geometry":{"type":"Point","coordinates":[127.060178595462,37.499003535147]}},{"type":"Feature","properties":{"kind":"academy","label":"대형 입시학원","name":"깊은생각수학의원리3관학원","cap":507},"geometry":{"type":"Point","coordinates":[127.060901364297,37.4980568379199]}},{"type":"Feature","properties":{"kind":"academy","label":"대형 입시학원","name":"깊은생각필연의길1관보습학원","cap":820},"geometry":{"type":"Point","coordinates":[127.060178595462,37.499003535147]}},{"type":"Feature","properties":{"kind":"academy","label":"대형 입시학원","name":"꿈짜수학학원","cap":369},"geometry":{"type":"Point","coordinates":[127.05284788121,37.4981954156163]}},{"type":"Feature","properties":{"kind":"academy","label":"대형 입시학원","name":"나다어학원","cap":5200},"geometry":{"type":"Point","coordinates":[127.061116129725,37.4993226407079]}},{"type":"Feature","properties":{"kind":"academy","label":"대형 입시학원","name":"노바수학2관학원","cap":430},"geometry":{"type":"Point","coordinates":[127.081242652976,37.4904826306587]}},{"type":"Feature","properties":{"kind":"academy","label":"대형 입시학원","name":"눈높이러닝센터개포일원학원","cap":637},"geometry":{"type":"Point","coordinates":[127.08151340546,37.489904628125]}},{"type":"Feature","properties":{"kind":"academy","label":"대형 입시학원","name":"뉴런사이언스학원","cap":387},"geometry":{"type":"Point","coordinates":[127.052694154026,37.5013541412334]}},{"type":"Feature","properties":{"kind":"academy","label":"대형 입시학원","name":"다른수학학원","cap":761},"geometry":{"type":"Point","coordinates":[127.049582696586,37.5126904910139]}},{"type":"Feature","properties":{"kind":"academy","label":"대형 입시학원","name":"다솔학원","cap":704},"geometry":{"type":"Point","coordinates":[127.059413456816,37.5010212748665]}},{"type":"Feature","properties":{"kind":"academy","label":"대형 입시학원","name":"다원교육자사관학원","cap":810},"geometry":{"type":"Point","coordinates":[127.060395696707,37.4991092925753]}},{"type":"Feature","properties":{"kind":"academy","label":"대형 입시학원","name":"다원교육특목관학원","cap":404},"geometry":{"type":"Point","coordinates":[127.060395696707,37.4991092925753]}},{"type":"Feature","properties":{"kind":"academy","label":"대형 입시학원","name":"다원국어학원","cap":2220},"geometry":{"type":"Point","coordinates":[127.058791512792,37.5035462939706]}},{"type":"Feature","properties":{"kind":"academy","label":"대형 입시학원","name":"다원매쓰아이(Math i)2관학원","cap":340},"geometry":{"type":"Point","coordinates":[127.063233847146,37.5000176433904]}},{"type":"Feature","properties":{"kind":"academy","label":"대형 입시학원","name":"다원영어학원","cap":2220},"geometry":{"type":"Point","coordinates":[127.058791512792,37.5035462939706]}},{"type":"Feature","properties":{"kind":"academy","label":"대형 입시학원","name":"다원중등2관학원","cap":490},"geometry":{"type":"Point","coordinates":[127.063233847146,37.5000176433904]}},{"type":"Feature","properties":{"kind":"academy","label":"대형 입시학원","name":"다원초중등1관학원","cap":2220},"geometry":{"type":"Point","coordinates":[127.058804003389,37.5040428318415]}},{"type":"Feature","properties":{"kind":"academy","label":"대형 입시학원","name":"다원초중등2관학원","cap":2220},"geometry":{"type":"Point","coordinates":[127.058804003389,37.5040428318415]}},{"type":"Feature","properties":{"kind":"academy","label":"대형 입시학원","name":"다원초중등과학학원","cap":2220},"geometry":{"type":"Point","coordinates":[127.058791512792,37.5035462939706]}},{"type":"Feature","properties":{"kind":"academy","label":"대형 입시학원","name":"다원초중등수학학원","cap":2220},"geometry":{"type":"Point","coordinates":[127.058791512792,37.5035462939706]}},{"type":"Feature","properties":{"kind":"academy","label":"대형 입시학원","name":"다함영재원학원","cap":536},"geometry":{"type":"Point","coordinates":[127.068117178661,37.4986572925855]}},{"type":"Feature","properties":{"kind":"academy","label":"대형 입시학원","name":"대찬2학원","cap":796},"geometry":{"type":"Point","coordinates":[127.05734252783,37.4974668380095]}},{"type":"Feature","properties":{"kind":"academy","label":"대형 입시학원","name":"대치IDA(아이디에이)입시연구소학원","cap":594},"geometry":{"type":"Point","coordinates":[127.061694547141,37.5038211518539]}},{"type":"Feature","properties":{"kind":"academy","label":"대형 입시학원","name":"대치강안교육스카이(SKY)학원","cap":1080},"geometry":{"type":"Point","coordinates":[127.061612764312,37.5075187393607]}},{"type":"Feature","properties":{"kind":"academy","label":"대형 입시학원","name":"대치강안교육스터디학원","cap":1080},"geometry":{"type":"Point","coordinates":[127.061612764312,37.5075187393607]}},{"type":"Feature","properties":{"kind":"academy","label":"대형 입시학원","name":"대치강안교육프리미엄(Premium)학원","cap":1080},"geometry":{"type":"Point","coordinates":[127.061612764312,37.5075187393607]}},{"type":"Feature","properties":{"kind":"academy","label":"대형 입시학원","name":"대치강안교육학원","cap":1080},"geometry":{"type":"Point","coordinates":[127.061612764312,37.5075187393607]}},{"type":"Feature","properties":{"kind":"academy","label":"대형 입시학원","name":"대치개선교육6관학원","cap":378},"geometry":{"type":"Point","coordinates":[127.058809301555,37.5021463026666]}},{"type":"Feature","properties":{"kind":"academy","label":"대형 입시학원","name":"대치다원영재4관학원","cap":345},"geometry":{"type":"Point","coordinates":[127.058809301555,37.5021463026666]}},{"type":"Feature","properties":{"kind":"academy","label":"대형 입시학원","name":"대치독한수능리더학원","cap":950},"geometry":{"type":"Point","coordinates":[127.056621926548,37.4969928057011]}},{"type":"Feature","properties":{"kind":"academy","label":"대형 입시학원","name":"대치리얼수학학원","cap":325},"geometry":{"type":"Point","coordinates":[127.056571524892,37.4971881680472]}},{"type":"Feature","properties":{"kind":"academy","label":"대형 입시학원","name":"대치메카2관학원","cap":425},"geometry":{"type":"Point","coordinates":[127.062987853204,37.4991812807975]}},{"type":"Feature","properties":{"kind":"academy","label":"대형 입시학원","name":"대치메카학원","cap":425},"geometry":{"type":"Point","coordinates":[127.05734252783,37.4974668380095]}},{"type":"Feature","properties":{"kind":"academy","label":"대형 입시학원","name":"대치사거리점잠룡승천학원","cap":372},"geometry":{"type":"Point","coordinates":[127.057708949453,37.5021999145686]}},{"type":"Feature","properties":{"kind":"academy","label":"대형 입시학원","name":"대치수학의문수학학원","cap":330},"geometry":{"type":"Point","coordinates":[127.062951852624,37.4938813994708]}},{"type":"Feature","properties":{"kind":"academy","label":"대형 입시학원","name":"대치스터디학원","cap":345},"geometry":{"type":"Point","coordinates":[127.063023470075,37.5003851860407]}},{"type":"Feature","properties":{"kind":"academy","label":"대형 입시학원","name":"대치예찬학원","cap":386},"geometry":{"type":"Point","coordinates":[127.060615893958,37.4980078798987]}},{"type":"Feature","properties":{"kind":"academy","label":"대형 입시학원","name":"대치올깨학원","cap":366},"geometry":{"type":"Point","coordinates":[127.055423881417,37.5018594375046]}},{"type":"Feature","properties":{"kind":"academy","label":"대형 입시학원","name":"대치올스터디입시컨설팅학원","cap":480},"geometry":{"type":"Point","coordinates":[127.057405670704,37.5025429850853]}},{"type":"Feature","properties":{"kind":"academy","label":"대형 입시학원","name":"대치위더스에스(S)관학원","cap":357},"geometry":{"type":"Point","coordinates":[127.058123389936,37.4999533236191]}},{"type":"Feature","properties":{"kind":"academy","label":"대형 입시학원","name":"대치위더스프리미엄학원","cap":460},"geometry":{"type":"Point","coordinates":[127.058617755819,37.499295885528]}},{"type":"Feature","properties":{"kind":"academy","label":"대형 입시학원","name":"대치이강프리미엄엠에스1학원","cap":304},"geometry":{"type":"Point","coordinates":[127.059072270556,37.5030433027391]}},{"type":"Feature","properties":{"kind":"academy","label":"대형 입시학원","name":"대치이르키움학원","cap":320},"geometry":{"type":"Point","coordinates":[127.056528455682,37.5015603207974]}},{"type":"Feature","properties":{"kind":"academy","label":"대형 입시학원","name":"대치창의열정2관학원","cap":306},"geometry":{"type":"Point","coordinates":[127.058809301555,37.5021463026666]}},{"type":"Feature","properties":{"kind":"academy","label":"대형 입시학원","name":"대치창의열정3관학원","cap":348},"geometry":{"type":"Point","coordinates":[127.058809301555,37.5021463026666]}},{"type":"Feature","properties":{"kind":"academy","label":"대형 입시학원","name":"대치채움학원","cap":420},"geometry":{"type":"Point","coordinates":[127.06191661451,37.4933489108525]}},{"type":"Feature","properties":{"kind":"academy","label":"대형 입시학원","name":"대치탑수학학원","cap":320},"geometry":{"type":"Point","coordinates":[127.052910486815,37.5002158938773]}},{"type":"Feature","properties":{"kind":"academy","label":"대형 입시학원","name":"대치투에스에듀학원","cap":399},"geometry":{"type":"Point","coordinates":[127.052199273657,37.4964928018315]}},{"type":"Feature","properties":{"kind":"academy","label":"대형 입시학원","name":"대치파인만영재관학원","cap":1285},"geometry":{"type":"Point","coordinates":[127.068795077005,37.4976038937635]}},{"type":"Feature","properties":{"kind":"academy","label":"대형 입시학원","name":"대치플투스학원","cap":338},"geometry":{"type":"Point","coordinates":[127.057364743585,37.5018204885168]}},{"type":"Feature","properties":{"kind":"academy","label":"대형 입시학원","name":"대치피엘학원","cap":1088},"geometry":{"type":"Point","coordinates":[127.05841137805,37.5027914399234]}},{"type":"Feature","properties":{"kind":"academy","label":"대형 입시학원","name":"대치필3관학원","cap":380},"geometry":{"type":"Point","coordinates":[127.068564672209,37.4956953356085]}},{"type":"Feature","properties":{"kind":"academy","label":"대형 입시학원","name":"대치학원","cap":1095},"geometry":{"type":"Point","coordinates":[127.058562377245,37.5025261091151]}},{"type":"Feature","properties":{"kind":"academy","label":"대형 입시학원","name":"대치해법수학학원","cap":320},"geometry":{"type":"Point","coordinates":[127.059315262317,37.4986941157594]}},{"type":"Feature","properties":{"kind":"academy","label":"대형 입시학원","name":"대치혜성학원","cap":1550},"geometry":{"type":"Point","coordinates":[127.057971933116,37.500938557933]}},{"type":"Feature","properties":{"kind":"academy","label":"대형 입시학원","name":"대현학원","cap":470},"geometry":{"type":"Point","coordinates":[127.060395696707,37.4991092925753]}},{"type":"Feature","properties":{"kind":"academy","label":"대형 입시학원","name":"더그릿클럽학원","cap":355},"geometry":{"type":"Point","coordinates":[127.030471989537,37.5255743746747]}},{"type":"Feature","properties":{"kind":"academy","label":"대형 입시학원","name":"더에스학원","cap":639},"geometry":{"type":"Point","coordinates":[127.053963625089,37.4987066827712]}},{"type":"Feature","properties":{"kind":"academy","label":"대형 입시학원","name":"더이란희수학학원","cap":500},"geometry":{"type":"Point","coordinates":[127.061694547141,37.5038211518539]}},{"type":"Feature","properties":{"kind":"academy","label":"대형 입시학원","name":"더자람종합학원","cap":5140},"geometry":{"type":"Point","coordinates":[127.060395404774,37.4831580387932]}},{"type":"Feature","properties":{"kind":"academy","label":"대형 입시학원","name":"더킹고등수학전문학원","cap":612},"geometry":{"type":"Point","coordinates":[127.052395659668,37.5012890411822]}},{"type":"Feature","properties":{"kind":"academy","label":"대형 입시학원","name":"더프라임수학학원","cap":500},"geometry":{"type":"Point","coordinates":[127.063233847146,37.5000176433904]}},{"type":"Feature","properties":{"kind":"academy","label":"대형 입시학원","name":"더프린키피아영재학원","cap":630},"geometry":{"type":"Point","coordinates":[127.056528455682,37.5015603207974]}},{"type":"Feature","properties":{"kind":"academy","label":"대형 입시학원","name":"돌파수학2관학원","cap":308},"geometry":{"type":"Point","coordinates":[127.055127801914,37.5021622238642]}},{"type":"Feature","properties":{"kind":"academy","label":"대형 입시학원","name":"돌파수학3관학원","cap":558},"geometry":{"type":"Point","coordinates":[127.055900066076,37.5024025195612]}},{"type":"Feature","properties":{"kind":"academy","label":"대형 입시학원","name":"돌파수학학원","cap":562},"geometry":{"type":"Point","coordinates":[127.052605894724,37.500963594534]}},{"type":"Feature","properties":{"kind":"academy","label":"대형 입시학원","name":"두각S관학원","cap":1980},"geometry":{"type":"Point","coordinates":[127.057197531679,37.4980334610955]}},{"type":"Feature","properties":{"kind":"academy","label":"대형 입시학원","name":"두각대성세림관학원","cap":1102},"geometry":{"type":"Point","coordinates":[127.056756676528,37.4972289849311]}},{"type":"Feature","properties":{"kind":"academy","label":"대형 입시학원","name":"두각본관2학원","cap":1686},"geometry":{"type":"Point","coordinates":[127.057957175861,37.4983794376689]}},{"type":"Feature","properties":{"kind":"academy","label":"대형 입시학원","name":"두각비전관학원","cap":500},"geometry":{"type":"Point","coordinates":[127.058425833023,37.4978295929759]}},{"type":"Feature","properties":{"kind":"academy","label":"대형 입시학원","name":"두각스톤관학원","cap":1080},"geometry":{"type":"Point","coordinates":[127.058475594544,37.4984142313366]}},{"type":"Feature","properties":{"kind":"academy","label":"대형 입시학원","name":"두각오름관3학원","cap":535},"geometry":{"type":"Point","coordinates":[127.058123389936,37.4999533236191]}},{"type":"Feature","properties":{"kind":"academy","label":"대형 입시학원","name":"두각우전관학원","cap":1080},"geometry":{"type":"Point","coordinates":[127.059377167657,37.4980386026142]}},{"type":"Feature","properties":{"kind":"academy","label":"대형 입시학원","name":"두각티(T)관학원","cap":1506},"geometry":{"type":"Point","coordinates":[127.061708294936,37.4995006419713]}},{"type":"Feature","properties":{"kind":"academy","label":"대형 입시학원","name":"두각하늘관학원","cap":1260},"geometry":{"type":"Point","coordinates":[127.060395696707,37.4991092925753]}},{"type":"Feature","properties":{"kind":"academy","label":"대형 입시학원","name":"디케이(DK)수학학원","cap":321},"geometry":{"type":"Point","coordinates":[127.059686543114,37.4995643006781]}},{"type":"Feature","properties":{"kind":"academy","label":"대형 입시학원","name":"디케이(DK)엠(M)수학학원","cap":376},"geometry":{"type":"Point","coordinates":[127.059686543114,37.4995643006781]}},{"type":"Feature","properties":{"kind":"academy","label":"대형 입시학원","name":"디피매스수학학원","cap":436},"geometry":{"type":"Point","coordinates":[127.052460284229,37.5008745498047]}},{"type":"Feature","properties":{"kind":"academy","label":"대형 입시학원","name":"라이벌매쓰수학전문알엠(RM)관학원","cap":1252},"geometry":{"type":"Point","coordinates":[127.05696899778,37.5023689419911]}},{"type":"Feature","properties":{"kind":"academy","label":"대형 입시학원","name":"러셀대치별관학원","cap":1584},"geometry":{"type":"Point","coordinates":[127.062951852624,37.4938813994708]}},{"type":"Feature","properties":{"kind":"academy","label":"대형 입시학원","name":"로고스학원","cap":558},"geometry":{"type":"Point","coordinates":[127.06139805987,37.4986324139076]}},{"type":"Feature","properties":{"kind":"academy","label":"대형 입시학원","name":"로두스3관보습학원","cap":354},"geometry":{"type":"Point","coordinates":[127.060178595462,37.499003535147]}},{"type":"Feature","properties":{"kind":"academy","label":"대형 입시학원","name":"로드맵학원","cap":300},"geometry":{"type":"Point","coordinates":[127.052720025644,37.4953648706654]}},{"type":"Feature","properties":{"kind":"academy","label":"대형 입시학원","name":"로지카대치본원학원","cap":330},"geometry":{"type":"Point","coordinates":[127.056175336098,37.5021020837914]}},{"type":"Feature","properties":{"kind":"academy","label":"대형 입시학원","name":"리드101개포구룡학원","cap":1400},"geometry":{"type":"Point","coordinates":[127.060395404774,37.4831580387932]}},{"type":"Feature","properties":{"kind":"academy","label":"대형 입시학원","name":"리드101개포영어학원","cap":360},"geometry":{"type":"Point","coordinates":[127.060374398364,37.4833277995413]}},{"type":"Feature","properties":{"kind":"academy","label":"대형 입시학원","name":"리드101대치영어학원","cap":1000},"geometry":{"type":"Point","coordinates":[127.064475155955,37.5003237649497]}},{"type":"Feature","properties":{"kind":"academy","label":"대형 입시학원","name":"리드101도곡영어학원","cap":1000},"geometry":{"type":"Point","coordinates":[127.052720025644,37.4953648706654]}},{"type":"Feature","properties":{"kind":"academy","label":"대형 입시학원","name":"리드101삼성영어학원","cap":1000},"geometry":{"type":"Point","coordinates":[127.046743685239,37.5176166251155]}},{"type":"Feature","properties":{"kind":"academy","label":"대형 입시학원","name":"리드101영어꼼꼼수학학원","cap":355},"geometry":{"type":"Point","coordinates":[127.068451024326,37.4861548149371]}},{"type":"Feature","properties":{"kind":"academy","label":"대형 입시학원","name":"리딩오션독서논술강남직영학원","cap":355},"geometry":{"type":"Point","coordinates":[127.052159610697,37.4971857834581]}},{"type":"Feature","properties":{"kind":"academy","label":"대형 입시학원","name":"리진교육학원","cap":300},"geometry":{"type":"Point","coordinates":[127.060454108584,37.4983399836131]}},{"type":"Feature","properties":{"kind":"academy","label":"대형 입시학원","name":"리틀러시문해력대치학원","cap":426},"geometry":{"type":"Point","coordinates":[127.053302311024,37.4977838119609]}},{"type":"Feature","properties":{"kind":"academy","label":"대형 입시학원","name":"링크(LINK)물리학원","cap":350},"geometry":{"type":"Point","coordinates":[127.057553292843,37.5021468311725]}},{"type":"Feature","properties":{"kind":"academy","label":"대형 입시학원","name":"마두식순수학원","cap":432},"geometry":{"type":"Point","coordinates":[127.052295606682,37.4990662136131]}},{"type":"Feature","properties":{"kind":"academy","label":"대형 입시학원","name":"만점자의눈수학학원","cap":432},"geometry":{"type":"Point","coordinates":[127.060037965137,37.4833860860284]}},{"type":"Feature","properties":{"kind":"academy","label":"대형 입시학원","name":"매그나학원","cap":1128},"geometry":{"type":"Point","coordinates":[127.068564672209,37.4956953356085]}},{"type":"Feature","properties":{"kind":"academy","label":"대형 입시학원","name":"매그너스수학학원","cap":1175},"geometry":{"type":"Point","coordinates":[127.057706616736,37.4927023171867]}},{"type":"Feature","properties":{"kind":"academy","label":"대형 입시학원","name":"맹모지교학원","cap":480},"geometry":{"type":"Point","coordinates":[127.05959160092,37.5029032959393]}},{"type":"Feature","properties":{"kind":"academy","label":"대형 입시학원","name":"멕스(MEXX)2관학원","cap":1060},"geometry":{"type":"Point","coordinates":[127.061708294936,37.4995006419713]}},{"type":"Feature","properties":{"kind":"academy","label":"대형 입시학원","name":"멘토스학원","cap":420},"geometry":{"type":"Point","coordinates":[127.053160981438,37.4995784097446]}},{"type":"Feature","properties":{"kind":"academy","label":"대형 입시학원","name":"명인2관학원","cap":1152},"geometry":{"type":"Point","coordinates":[127.055233195315,37.4966225187716]}},{"type":"Feature","properties":{"kind":"academy","label":"대형 입시학원","name":"명인학원","cap":945},"geometry":{"type":"Point","coordinates":[127.055233195315,37.4966225187716]}},{"type":"Feature","properties":{"kind":"academy","label":"대형 입시학원","name":"모노스학원","cap":1960},"geometry":{"type":"Point","coordinates":[127.059341096336,37.5011867359081]}},{"type":"Feature","properties":{"kind":"academy","label":"대형 입시학원","name":"모든에듀케이션학원","cap":345},"geometry":{"type":"Point","coordinates":[127.063575811445,37.4994619896378]}},{"type":"Feature","properties":{"kind":"academy","label":"대형 입시학원","name":"무한도전수학과학학원","cap":330},"geometry":{"type":"Point","coordinates":[127.079626293964,37.4828609336734]}},{"type":"Feature","properties":{"kind":"academy","label":"대형 입시학원","name":"문예원글로피아보습학원","cap":1044},"geometry":{"type":"Point","coordinates":[127.062061195531,37.4995772228187]}},{"type":"Feature","properties":{"kind":"academy","label":"대형 입시학원","name":"미대재수전문대치이든학원","cap":1664},"geometry":{"type":"Point","coordinates":[127.0540207789,37.5022220214646]}},{"type":"Feature","properties":{"kind":"academy","label":"대형 입시학원","name":"미래인대치학원","cap":431},"geometry":{"type":"Point","coordinates":[127.06066935795,37.5039860262112]}},{"type":"Feature","properties":{"kind":"academy","label":"대형 입시학원","name":"미래탐구고등학원","cap":3810},"geometry":{"type":"Point","coordinates":[127.05777840895,37.4975297861782]}},{"type":"Feature","properties":{"kind":"academy","label":"대형 입시학원","name":"미래탐구논증과추론학원","cap":1580},"geometry":{"type":"Point","coordinates":[127.058156258677,37.4977140367764]}},{"type":"Feature","properties":{"kind":"academy","label":"대형 입시학원","name":"미래탐구단우학원","cap":4760},"geometry":{"type":"Point","coordinates":[127.057562743259,37.4975155654589]}},{"type":"Feature","properties":{"kind":"academy","label":"대형 입시학원","name":"미래탐구미래영재학원","cap":5118},"geometry":{"type":"Point","coordinates":[127.059488884161,37.5007305724148]}},{"type":"Feature","properties":{"kind":"academy","label":"대형 입시학원","name":"미래탐구별관2학원","cap":4000},"geometry":{"type":"Point","coordinates":[127.054042025841,37.4978081634619]}},{"type":"Feature","properties":{"kind":"academy","label":"대형 입시학원","name":"미래탐구별관3학원","cap":1930},"geometry":{"type":"Point","coordinates":[127.054042025841,37.4978081634619]}},{"type":"Feature","properties":{"kind":"academy","label":"대형 입시학원","name":"미래탐구별관학원","cap":1870},"geometry":{"type":"Point","coordinates":[127.054042025841,37.4978081634619]}},{"type":"Feature","properties":{"kind":"academy","label":"대형 입시학원","name":"미래탐구세림1관학원","cap":340},"geometry":{"type":"Point","coordinates":[127.056756676528,37.4972289849311]}},{"type":"Feature","properties":{"kind":"academy","label":"대형 입시학원","name":"미래탐구에스엠학원","cap":736},"geometry":{"type":"Point","coordinates":[127.061116129725,37.4993226407079]}},{"type":"Feature","properties":{"kind":"academy","label":"대형 입시학원","name":"미래탐구의대과고센터학원","cap":420},"geometry":{"type":"Point","coordinates":[127.052792826644,37.4972582134027]}},{"type":"Feature","properties":{"kind":"academy","label":"대형 입시학원","name":"미래탐구중등특목센터학원","cap":455},"geometry":{"type":"Point","coordinates":[127.059488884161,37.5007305724148]}},{"type":"Feature","properties":{"kind":"academy","label":"대형 입시학원","name":"미래탐구중등학원","cap":378},"geometry":{"type":"Point","coordinates":[127.052630971504,37.4978602479977]}},{"type":"Feature","properties":{"kind":"academy","label":"대형 입시학원","name":"미래탐구청은1관학원","cap":2345},"geometry":{"type":"Point","coordinates":[127.0579733177,37.4976097000565]}},{"type":"Feature","properties":{"kind":"academy","label":"대형 입시학원","name":"미래탐구초등학원","cap":2620},"geometry":{"type":"Point","coordinates":[127.060821135085,37.4996674277764]}},{"type":"Feature","properties":{"kind":"academy","label":"대형 입시학원","name":"미술탐구학원","cap":321},"geometry":{"type":"Point","coordinates":[127.052258972969,37.5015101184549]}},{"type":"Feature","properties":{"kind":"academy","label":"대형 입시학원","name":"미탐인학원","cap":585},"geometry":{"type":"Point","coordinates":[127.060110708756,37.4982559147602]}},{"type":"Feature","properties":{"kind":"academy","label":"대형 입시학원","name":"바른교육대치관학원","cap":320},"geometry":{"type":"Point","coordinates":[127.056528455682,37.5015603207974]}},{"type":"Feature","properties":{"kind":"academy","label":"대형 입시학원","name":"밸류인수학대치본원학원","cap":982},"geometry":{"type":"Point","coordinates":[127.056677683852,37.5028364337313]}},{"type":"Feature","properties":{"kind":"academy","label":"대형 입시학원","name":"브라이트마인드학원","cap":1095},"geometry":{"type":"Point","coordinates":[127.050686658826,37.4881276085659]}},{"type":"Feature","properties":{"kind":"academy","label":"대형 입시학원","name":"브레인밸리인재관학원","cap":834},"geometry":{"type":"Point","coordinates":[127.060593049193,37.5022048675635]}},{"type":"Feature","properties":{"kind":"academy","label":"대형 입시학원","name":"브레인밸리특목관학원","cap":876},"geometry":{"type":"Point","coordinates":[127.059872093155,37.5026440249063]}},{"type":"Feature","properties":{"kind":"academy","label":"대형 입시학원","name":"비탑영어학원","cap":387},"geometry":{"type":"Point","coordinates":[127.06191661451,37.4933489108525]}},{"type":"Feature","properties":{"kind":"academy","label":"대형 입시학원","name":"뿌리수학영어학원","cap":450},"geometry":{"type":"Point","coordinates":[127.107033929306,37.4747519175665]}},{"type":"Feature","properties":{"kind":"academy","label":"대형 입시학원","name":"산논술학원","cap":1890},"geometry":{"type":"Point","coordinates":[127.054668203745,37.4973689050395]}},{"type":"Feature","properties":{"kind":"academy","label":"대형 입시학원","name":"상상미학N2관학원","cap":320},"geometry":{"type":"Point","coordinates":[127.050886103084,37.5031065790694]}},{"type":"Feature","properties":{"kind":"academy","label":"대형 입시학원","name":"상상미학N학원","cap":400},"geometry":{"type":"Point","coordinates":[127.050586603895,37.5034040395308]}},{"type":"Feature","properties":{"kind":"academy","label":"대형 입시학원","name":"상상미학학원","cap":400},"geometry":{"type":"Point","coordinates":[127.050586603895,37.5034040395308]}},{"type":"Feature","properties":{"kind":"academy","label":"대형 입시학원","name":"새움6관학원","cap":5200},"geometry":{"type":"Point","coordinates":[127.060395696707,37.4991092925753]}},{"type":"Feature","properties":{"kind":"academy","label":"대형 입시학원","name":"새움8관학원","cap":1995},"geometry":{"type":"Point","coordinates":[127.062238112663,37.4996326317154]}},{"type":"Feature","properties":{"kind":"academy","label":"대형 입시학원","name":"새움9관학원","cap":1383},"geometry":{"type":"Point","coordinates":[127.058357948933,37.4988053262096]}},{"type":"Feature","properties":{"kind":"academy","label":"대형 입시학원","name":"새움국어관학원","cap":800},"geometry":{"type":"Point","coordinates":[127.057438768605,37.4982112927923]}},{"type":"Feature","properties":{"kind":"academy","label":"대형 입시학원","name":"생각하는황소학원","cap":669},"geometry":{"type":"Point","coordinates":[127.067769302362,37.5015144023213]}},{"type":"Feature","properties":{"kind":"academy","label":"대형 입시학원","name":"서원신관학원","cap":5220},"geometry":{"type":"Point","coordinates":[127.055069444711,37.4980027568639]}},{"type":"Feature","properties":{"kind":"academy","label":"대형 입시학원","name":"서원학원","cap":560},"geometry":{"type":"Point","coordinates":[127.054692399212,37.497982479181]}},{"type":"Feature","properties":{"kind":"academy","label":"대형 입시학원","name":"세정대치관5층학원","cap":904},"geometry":{"type":"Point","coordinates":[127.059040713749,37.4994481251308]}},{"type":"Feature","properties":{"kind":"academy","label":"대형 입시학원","name":"세정대치관학원","cap":552},"geometry":{"type":"Point","coordinates":[127.059040713749,37.4994481251308]}},{"type":"Feature","properties":{"kind":"academy","label":"대형 입시학원","name":"세정스카이3층학원","cap":396},"geometry":{"type":"Point","coordinates":[127.059377167657,37.4980386026142]}},{"type":"Feature","properties":{"kind":"academy","label":"대형 입시학원","name":"세정스카이학원","cap":384},"geometry":{"type":"Point","coordinates":[127.059377167657,37.4980386026142]}},{"type":"Feature","properties":{"kind":"academy","label":"대형 입시학원","name":"세정양지관학원","cap":1425},"geometry":{"type":"Point","coordinates":[127.058617755819,37.499295885528]}},{"type":"Feature","properties":{"kind":"academy","label":"대형 입시학원","name":"세정우전관학원","cap":1016},"geometry":{"type":"Point","coordinates":[127.059377167657,37.4980386026142]}},{"type":"Feature","properties":{"kind":"academy","label":"대형 입시학원","name":"세정학원","cap":534},"geometry":{"type":"Point","coordinates":[127.060878976993,37.4994545803508]}},{"type":"Feature","properties":{"kind":"academy","label":"대형 입시학원","name":"수(SUE)영어학원","cap":688},"geometry":{"type":"Point","coordinates":[127.074831658558,37.4887017892269]}},{"type":"Feature","properties":{"kind":"academy","label":"대형 입시학원","name":"수미사대치학원","cap":930},"geometry":{"type":"Point","coordinates":[127.059788271748,37.5003508274779]}},{"type":"Feature","properties":{"kind":"academy","label":"대형 입시학원","name":"수시레시피정시레시피학원","cap":530},"geometry":{"type":"Point","coordinates":[127.032463837143,37.4905757520493]}},{"type":"Feature","properties":{"kind":"academy","label":"대형 입시학원","name":"수학의미래학원","cap":704},"geometry":{"type":"Point","coordinates":[127.057117693988,37.5013017190036]}},{"type":"Feature","properties":{"kind":"academy","label":"대형 입시학원","name":"수학의원리2관보습학원","cap":482},"geometry":{"type":"Point","coordinates":[127.060178595462,37.499003535147]}},{"type":"Feature","properties":{"kind":"academy","label":"대형 입시학원","name":"수학의원리4관보습학원","cap":324},"geometry":{"type":"Point","coordinates":[127.059937580035,37.4999630489466]}},{"type":"Feature","properties":{"kind":"academy","label":"대형 입시학원","name":"수학의원리학원","cap":530},"geometry":{"type":"Point","coordinates":[127.060178595462,37.499003535147]}},{"type":"Feature","properties":{"kind":"academy","label":"대형 입시학원","name":"수학전문더원학원","cap":486},"geometry":{"type":"Point","coordinates":[127.058617755819,37.499295885528]}},{"type":"Feature","properties":{"kind":"academy","label":"대형 입시학원","name":"수학하는부엉이학원","cap":1485},"geometry":{"type":"Point","coordinates":[127.05841137805,37.5027914399234]}},{"type":"Feature","properties":{"kind":"academy","label":"대형 입시학원","name":"스터디브릭스내신관학원","cap":450},"geometry":{"type":"Point","coordinates":[127.059830795567,37.5002115104278]}},{"type":"Feature","properties":{"kind":"academy","label":"대형 입시학원","name":"스터디피티2관학원","cap":1100},"geometry":{"type":"Point","coordinates":[127.053055886879,37.4993692433737]}},{"type":"Feature","properties":{"kind":"academy","label":"대형 입시학원","name":"시대인재2관2학원","cap":440},"geometry":{"type":"Point","coordinates":[127.062182304456,37.4990204274664]}},{"type":"Feature","properties":{"kind":"academy","label":"대형 입시학원","name":"시대인재2관학원","cap":1168},"geometry":{"type":"Point","coordinates":[127.060008815305,37.4981119857603]}},{"type":"Feature","properties":{"kind":"academy","label":"대형 입시학원","name":"시대인재3학원","cap":1552},"geometry":{"type":"Point","coordinates":[127.059749106569,37.4988863520498]}},{"type":"Feature","properties":{"kind":"academy","label":"대형 입시학원","name":"시대인재5학원","cap":1648},"geometry":{"type":"Point","coordinates":[127.059749771442,37.5018496701545]}},{"type":"Feature","properties":{"kind":"academy","label":"대형 입시학원","name":"시대인재A관2학원","cap":756},"geometry":{"type":"Point","coordinates":[127.060137997529,37.5008375535508]}},{"type":"Feature","properties":{"kind":"academy","label":"대형 입시학원","name":"시대인재대덕관3학원","cap":2508},"geometry":{"type":"Point","coordinates":[127.058323476451,37.497521499379]}},{"type":"Feature","properties":{"kind":"academy","label":"대형 입시학원","name":"시대인재더블유(W)학원","cap":2397},"geometry":{"type":"Point","coordinates":[127.059012054357,37.5016864183429]}},{"type":"Feature","properties":{"kind":"academy","label":"대형 입시학원","name":"시대인재볼텍스관2학원","cap":1288},"geometry":{"type":"Point","coordinates":[127.060008815305,37.4981119857603]}},{"type":"Feature","properties":{"kind":"academy","label":"대형 입시학원","name":"시대인재볼텍스관3학원","cap":1288},"geometry":{"type":"Point","coordinates":[127.060008815305,37.4981119857603]}},{"type":"Feature","properties":{"kind":"academy","label":"대형 입시학원","name":"시대인재수학스쿨별관3학원","cap":312},"geometry":{"type":"Point","coordinates":[127.0579733177,37.4976097000565]}},{"type":"Feature","properties":{"kind":"academy","label":"대형 입시학원","name":"시대인재수학스쿨학원","cap":363},"geometry":{"type":"Point","coordinates":[127.059772100614,37.4980817418549]}},{"type":"Feature","properties":{"kind":"academy","label":"대형 입시학원","name":"시대인재스톤관학원","cap":536},"geometry":{"type":"Point","coordinates":[127.058475594544,37.4984142313366]}},{"type":"Feature","properties":{"kind":"academy","label":"대형 입시학원","name":"시대인재신관2,3층학원","cap":494},"geometry":{"type":"Point","coordinates":[127.060603087334,37.49629417224]}},{"type":"Feature","properties":{"kind":"academy","label":"대형 입시학원","name":"시대인재에이(A)관학원","cap":580},"geometry":{"type":"Point","coordinates":[127.060137997529,37.5008375535508]}},{"type":"Feature","properties":{"kind":"academy","label":"대형 입시학원","name":"시대인재에이치알디(HRD)학원","cap":460},"geometry":{"type":"Point","coordinates":[127.061312603086,37.4974333090176]}},{"type":"Feature","properties":{"kind":"academy","label":"대형 입시학원","name":"시대인재엠(M)3학원","cap":528},"geometry":{"type":"Point","coordinates":[127.063992605278,37.5001968052956]}},{"type":"Feature","properties":{"kind":"academy","label":"대형 입시학원","name":"시대인재엣지관학원","cap":868},"geometry":{"type":"Point","coordinates":[127.060110708756,37.4982559147602]}},{"type":"Feature","properties":{"kind":"academy","label":"대형 입시학원","name":"시대인재특목센터2학원","cap":1131},"geometry":{"type":"Point","coordinates":[127.059413456816,37.5010212748665]}},{"type":"Feature","properties":{"kind":"academy","label":"대형 입시학원","name":"시리우스감마학원","cap":320},"geometry":{"type":"Point","coordinates":[127.059150168529,37.5034430399018]}},{"type":"Feature","properties":{"kind":"academy","label":"대형 입시학원","name":"시리우스베타학원","cap":420},"geometry":{"type":"Point","coordinates":[127.059150168529,37.5034430399018]}},{"type":"Feature","properties":{"kind":"academy","label":"대형 입시학원","name":"시크릿프랩학원","cap":546},"geometry":{"type":"Point","coordinates":[127.045480849957,37.4790088175715]}},{"type":"Feature","properties":{"kind":"academy","label":"대형 입시학원","name":"신미래탐구학원","cap":1580},"geometry":{"type":"Point","coordinates":[127.058156258677,37.4977140367764]}},{"type":"Feature","properties":{"kind":"academy","label":"대형 입시학원","name":"싱클레어의우산수학학원","cap":400},"geometry":{"type":"Point","coordinates":[127.053192801882,37.4991599681784]}},{"type":"Feature","properties":{"kind":"academy","label":"대형 입시학원","name":"싸이매쓰학원","cap":1120},"geometry":{"type":"Point","coordinates":[127.058562377245,37.5025261091151]}},{"type":"Feature","properties":{"kind":"academy","label":"대형 입시학원","name":"씨앤에이논술학원","cap":340},"geometry":{"type":"Point","coordinates":[127.059772100614,37.4980817418549]}},{"type":"Feature","properties":{"kind":"academy","label":"대형 입시학원","name":"씨엠에스(CMS)대치영재1관학원","cap":515},"geometry":{"type":"Point","coordinates":[127.058719968704,37.5023041131974]}},{"type":"Feature","properties":{"kind":"academy","label":"대형 입시학원","name":"씨엠에스(CMS)대치영재3관학원","cap":515},"geometry":{"type":"Point","coordinates":[127.058719968704,37.5023041131974]}},{"type":"Feature","properties":{"kind":"academy","label":"대형 입시학원","name":"씨엠에스(CMS)대치영재4관학원","cap":555},"geometry":{"type":"Point","coordinates":[127.058719968704,37.5023041131974]}},{"type":"Feature","properties":{"kind":"academy","label":"대형 입시학원","name":"씨엠에스(CMS)대치입시센터2관학원","cap":495},"geometry":{"type":"Point","coordinates":[127.059878211652,37.5015254232555]}},{"type":"Feature","properties":{"kind":"academy","label":"대형 입시학원","name":"씨엠에스(CMS)대치입시센터3관학원","cap":635},"geometry":{"type":"Point","coordinates":[127.059878211652,37.5015254232555]}},{"type":"Feature","properties":{"kind":"academy","label":"대형 입시학원","name":"아우라에듀1학원","cap":396},"geometry":{"type":"Point","coordinates":[127.055676531316,37.5018613910109]}},{"type":"Feature","properties":{"kind":"academy","label":"대형 입시학원","name":"아이브레인아카데미학원","cap":370},"geometry":{"type":"Point","coordinates":[127.046476269108,37.4958917878081]}},{"type":"Feature","properties":{"kind":"academy","label":"대형 입시학원","name":"아이엠아트랩학원","cap":360},"geometry":{"type":"Point","coordinates":[127.031669625761,37.4914509359645]}},{"type":"Feature","properties":{"kind":"academy","label":"대형 입시학원","name":"아카로드레드학원","cap":1280},"geometry":{"type":"Point","coordinates":[127.06735847736,37.499793986392]}},{"type":"Feature","properties":{"kind":"academy","label":"대형 입시학원","name":"아카로드학원","cap":320},"geometry":{"type":"Point","coordinates":[127.066014410681,37.5018487681441]}},{"type":"Feature","properties":{"kind":"academy","label":"대형 입시학원","name":"아토즈아카데미학원","cap":597},"geometry":{"type":"Point","coordinates":[127.060626529084,37.4984336900026]}},{"type":"Feature","properties":{"kind":"academy","label":"대형 입시학원","name":"아톰과학학원","cap":560},"geometry":{"type":"Point","coordinates":[127.056759766048,37.5026553822973]}},{"type":"Feature","properties":{"kind":"academy","label":"대형 입시학원","name":"아폴론교육학원","cap":2600},"geometry":{"type":"Point","coordinates":[127.064501719435,37.500834891089]}},{"type":"Feature","properties":{"kind":"academy","label":"대형 입시학원","name":"안보라언어독해학원","cap":448},"geometry":{"type":"Point","coordinates":[127.052370453579,37.4980695774469]}},{"type":"Feature","properties":{"kind":"academy","label":"대형 입시학원","name":"알엑스(RX)수학학원","cap":1164},"geometry":{"type":"Point","coordinates":[127.061934331534,37.4942633335042]}},{"type":"Feature","properties":{"kind":"academy","label":"대형 입시학원","name":"압구정크라센고등관학원","cap":2480},"geometry":{"type":"Point","coordinates":[127.026481801436,37.5244927825397]}},{"type":"Feature","properties":{"kind":"academy","label":"대형 입시학원","name":"압구정파인만고등관학원","cap":424},"geometry":{"type":"Point","coordinates":[127.025925224982,37.5222225598493]}},{"type":"Feature","properties":{"kind":"academy","label":"대형 입시학원","name":"압구정파인만삼성특별관학원","cap":332},"geometry":{"type":"Point","coordinates":[127.046743685239,37.5176166251155]}},{"type":"Feature","properties":{"kind":"academy","label":"대형 입시학원","name":"압구정파인만중2관학원","cap":459},"geometry":{"type":"Point","coordinates":[127.03009593568,37.5263801471974]}},{"type":"Feature","properties":{"kind":"academy","label":"대형 입시학원","name":"압구정파인만중3관학원","cap":459},"geometry":{"type":"Point","coordinates":[127.03009593568,37.5263801471974]}},{"type":"Feature","properties":{"kind":"academy","label":"대형 입시학원","name":"압구정파인만초등관학원","cap":459},"geometry":{"type":"Point","coordinates":[127.030240853015,37.5269370195263]}},{"type":"Feature","properties":{"kind":"academy","label":"대형 입시학원","name":"압구정페르마수학학원","cap":1260},"geometry":{"type":"Point","coordinates":[127.02714259476,37.5254874291428]}},{"type":"Feature","properties":{"kind":"academy","label":"대형 입시학원","name":"에듀-퍼스트학원","cap":310},"geometry":{"type":"Point","coordinates":[127.057117693988,37.5013017190036]}},{"type":"Feature","properties":{"kind":"academy","label":"대형 입시학원","name":"에듀그룹맥스학원","cap":508},"geometry":{"type":"Point","coordinates":[127.053728313188,37.4979503051563]}},{"type":"Feature","properties":{"kind":"academy","label":"대형 입시학원","name":"에듀더원학원","cap":2520},"geometry":{"type":"Point","coordinates":[127.029667949517,37.5237648261231]}},{"type":"Feature","properties":{"kind":"academy","label":"대형 입시학원","name":"에듀시크릿학원","cap":337},"geometry":{"type":"Point","coordinates":[127.053097476965,37.4977346191558]}},{"type":"Feature","properties":{"kind":"academy","label":"대형 입시학원","name":"에듀플렉스에듀코치개별지도개포학원","cap":2130},"geometry":{"type":"Point","coordinates":[127.060107964685,37.4838252019816]}},{"type":"Feature","properties":{"kind":"academy","label":"대형 입시학원","name":"에듀플렉스에듀코치개별지도대치2관학원","cap":350},"geometry":{"type":"Point","coordinates":[127.065915414443,37.4996157705058]}},{"type":"Feature","properties":{"kind":"academy","label":"대형 입시학원","name":"에듀플렉스에듀코치대치한티학원","cap":520},"geometry":{"type":"Point","coordinates":[127.053207520987,37.4982285013155]}},{"type":"Feature","properties":{"kind":"academy","label":"대형 입시학원","name":"에스알피(SRP)에듀학원","cap":408},"geometry":{"type":"Point","coordinates":[127.028290548097,37.4998293543379]}},{"type":"Feature","properties":{"kind":"academy","label":"대형 입시학원","name":"에스에듀학원","cap":402},"geometry":{"type":"Point","coordinates":[127.030054274225,37.5260238114813]}},{"type":"Feature","properties":{"kind":"academy","label":"대형 입시학원","name":"에스엔티(SNT)14관학원","cap":1360},"geometry":{"type":"Point","coordinates":[127.06267769754,37.4997771909726]}},{"type":"Feature","properties":{"kind":"academy","label":"대형 입시학원","name":"에스엔티(SNT)4관학원","cap":404},"geometry":{"type":"Point","coordinates":[127.063233847146,37.5000176433904]}},{"type":"Feature","properties":{"kind":"academy","label":"대형 입시학원","name":"에스엔티(SNT)국제중관영과고관학원","cap":489},"geometry":{"type":"Point","coordinates":[127.057553292843,37.5021468311725]}},{"type":"Feature","properties":{"kind":"academy","label":"대형 입시학원","name":"에스엔티(SNT)초중등관학원","cap":648},"geometry":{"type":"Point","coordinates":[127.063127335964,37.5003091757829]}},{"type":"Feature","properties":{"kind":"academy","label":"대형 입시학원","name":"에스엔티(SNT)초중등특목관학원","cap":416},"geometry":{"type":"Point","coordinates":[127.052094163626,37.4985303841214]}},{"type":"Feature","properties":{"kind":"academy","label":"대형 입시학원","name":"에스엔티(SNT)탑스수능관학원","cap":1427},"geometry":{"type":"Point","coordinates":[127.06267769754,37.4997771909726]}},{"type":"Feature","properties":{"kind":"academy","label":"대형 입시학원","name":"에스엠씨프라임관학원","cap":411},"geometry":{"type":"Point","coordinates":[127.095369167039,37.4719990515054]}},{"type":"Feature","properties":{"kind":"academy","label":"대형 입시학원","name":"에스온수리영재아카데미학원","cap":420},"geometry":{"type":"Point","coordinates":[127.063065467806,37.5043335504661]}},{"type":"Feature","properties":{"kind":"academy","label":"대형 입시학원","name":"에이펙스에듀학원","cap":480},"geometry":{"type":"Point","coordinates":[127.063683993392,37.5010080575686]}},{"type":"Feature","properties":{"kind":"academy","label":"대형 입시학원","name":"엑소더스영어학원","cap":380},"geometry":{"type":"Point","coordinates":[127.0646421331,37.5011760252425]}},{"type":"Feature","properties":{"kind":"academy","label":"대형 입시학원","name":"엑스(X)포스학원","cap":344},"geometry":{"type":"Point","coordinates":[127.057750625757,37.5006601654113]}},{"type":"Feature","properties":{"kind":"academy","label":"대형 입시학원","name":"엘브라운엠학원","cap":685},"geometry":{"type":"Point","coordinates":[127.064248037467,37.5010764988933]}},{"type":"Feature","properties":{"kind":"academy","label":"대형 입시학원","name":"엘브라운통합영재관학원","cap":402},"geometry":{"type":"Point","coordinates":[127.064265387792,37.5007359092488]}},{"type":"Feature","properties":{"kind":"academy","label":"대형 입시학원","name":"엘엠제이(LMJ)수학학원","cap":435},"geometry":{"type":"Point","coordinates":[127.056289850943,37.501736671461]}},{"type":"Feature","properties":{"kind":"academy","label":"대형 입시학원","name":"엠아이엔케이(MINK)수학과학학원","cap":426},"geometry":{"type":"Point","coordinates":[127.053662537549,37.4986393345578]}},{"type":"Feature","properties":{"kind":"academy","label":"대형 입시학원","name":"역사화랑2관학원","cap":372},"geometry":{"type":"Point","coordinates":[127.053543993217,37.4978073991347]}},{"type":"Feature","properties":{"kind":"academy","label":"대형 입시학원","name":"역사화랑학원","cap":561},"geometry":{"type":"Point","coordinates":[127.053543993217,37.4978073991347]}},{"type":"Feature","properties":{"kind":"academy","label":"대형 입시학원","name":"연우아카데미학원","cap":412},"geometry":{"type":"Point","coordinates":[127.0273179921,37.52189824534]}},{"type":"Feature","properties":{"kind":"academy","label":"대형 입시학원","name":"영독대치학원","cap":458},"geometry":{"type":"Point","coordinates":[127.061690159265,37.4824012434227]}},{"type":"Feature","properties":{"kind":"academy","label":"대형 입시학원","name":"영어나무학원","cap":830},"geometry":{"type":"Point","coordinates":[127.061934331534,37.4942633335042]}},{"type":"Feature","properties":{"kind":"academy","label":"대형 입시학원","name":"영어설계소대치2캠퍼스학원","cap":848},"geometry":{"type":"Point","coordinates":[127.053728313188,37.4979503051563]}},{"type":"Feature","properties":{"kind":"academy","label":"대형 입시학원","name":"영은학원","cap":504},"geometry":{"type":"Point","coordinates":[127.0321478368,37.5257586358472]}},{"type":"Feature","properties":{"kind":"academy","label":"대형 입시학원","name":"예섬본관학원","cap":1320},"geometry":{"type":"Point","coordinates":[127.056248492743,37.4969569438366]}},{"type":"Feature","properties":{"kind":"academy","label":"대형 입시학원","name":"예섬프론티어학원","cap":2840},"geometry":{"type":"Point","coordinates":[127.057562743259,37.4975155654589]}},{"type":"Feature","properties":{"kind":"academy","label":"대형 입시학원","name":"예지안컨설팅학원","cap":400},"geometry":{"type":"Point","coordinates":[127.061694547141,37.5038211518539]}},{"type":"Feature","properties":{"kind":"academy","label":"대형 입시학원","name":"오른수학학원","cap":370},"geometry":{"type":"Point","coordinates":[127.063443541334,37.5001820546491]}},{"type":"Feature","properties":{"kind":"academy","label":"대형 입시학원","name":"온보딩아카데미(Onboarding Academy)학원","cap":420},"geometry":{"type":"Point","coordinates":[127.032326135365,37.5257773280248]}},{"type":"Feature","properties":{"kind":"academy","label":"대형 입시학원","name":"온어스에듀학원","cap":310},"geometry":{"type":"Point","coordinates":[127.030460541935,37.5266340461985]}},{"type":"Feature","properties":{"kind":"academy","label":"대형 입시학원","name":"올림수학학원","cap":316},"geometry":{"type":"Point","coordinates":[127.083445404216,37.482899384108]}},{"type":"Feature","properties":{"kind":"academy","label":"대형 입시학원","name":"올바른인재학원","cap":540},"geometry":{"type":"Point","coordinates":[127.058131025365,37.477849348428]}},{"type":"Feature","properties":{"kind":"academy","label":"대형 입시학원","name":"웅진씽크빅학습센터개포학원","cap":420},"geometry":{"type":"Point","coordinates":[127.0611746831,37.4825134167189]}},{"type":"Feature","properties":{"kind":"academy","label":"대형 입시학원","name":"웅진씽크빅학습센터자곡학원","cap":450},"geometry":{"type":"Point","coordinates":[127.107316682292,37.4738109169316]}},{"type":"Feature","properties":{"kind":"academy","label":"대형 입시학원","name":"원(元)수학신관학원","cap":486},"geometry":{"type":"Point","coordinates":[127.059140377351,37.4990590208389]}},{"type":"Feature","properties":{"kind":"academy","label":"대형 입시학원","name":"원(元)수학학원","cap":492},"geometry":{"type":"Point","coordinates":[127.059528020927,37.4976057733546]}},{"type":"Feature","properties":{"kind":"academy","label":"대형 입시학원","name":"원솔루션(onesolution)학원","cap":400},"geometry":{"type":"Point","coordinates":[127.062872712855,37.5042868910393]}},{"type":"Feature","properties":{"kind":"academy","label":"대형 입시학원","name":"원인학원","cap":396},"geometry":{"type":"Point","coordinates":[127.052792826644,37.4972582134027]}},{"type":"Feature","properties":{"kind":"academy","label":"대형 입시학원","name":"위대한학원","cap":355},"geometry":{"type":"Point","coordinates":[127.061116129725,37.4993226407079]}},{"type":"Feature","properties":{"kind":"academy","label":"대형 입시학원","name":"윤도영본관2학원","cap":1080},"geometry":{"type":"Point","coordinates":[127.058610471103,37.4990910003494]}},{"type":"Feature","properties":{"kind":"academy","label":"대형 입시학원","name":"윤도영본관3학원","cap":1080},"geometry":{"type":"Point","coordinates":[127.058610471103,37.4990910003494]}},{"type":"Feature","properties":{"kind":"academy","label":"대형 입시학원","name":"윤도영통합과학시스템학원","cap":1350},"geometry":{"type":"Point","coordinates":[127.058610471103,37.4990910003494]}},{"type":"Feature","properties":{"kind":"academy","label":"대형 입시학원","name":"은지호영감수학수능2관학원","cap":305},"geometry":{"type":"Point","coordinates":[127.053061831984,37.4973827020725]}},{"type":"Feature","properties":{"kind":"academy","label":"대형 입시학원","name":"이노블스강남영어학원","cap":546},"geometry":{"type":"Point","coordinates":[127.053302311024,37.4977838119609]}},{"type":"Feature","properties":{"kind":"academy","label":"대형 입시학원","name":"이노블스대치영어학원","cap":1606},"geometry":{"type":"Point","coordinates":[127.06191661451,37.4933489108525]}},{"type":"Feature","properties":{"kind":"academy","label":"대형 입시학원","name":"이도국어학원","cap":360},"geometry":{"type":"Point","coordinates":[127.059176427276,37.4980239268368]}},{"type":"Feature","properties":{"kind":"academy","label":"대형 입시학원","name":"이루리4관학원","cap":345},"geometry":{"type":"Point","coordinates":[127.058636219242,37.4978879640491]}},{"type":"Feature","properties":{"kind":"academy","label":"대형 입시학원","name":"이피유(EP.U)프렙학원","cap":576},"geometry":{"type":"Point","coordinates":[127.047814531833,37.5150963598633]}},{"type":"Feature","properties":{"kind":"academy","label":"대형 입시학원","name":"잇올스파르타대치재수학원","cap":432},"geometry":{"type":"Point","coordinates":[127.053927141676,37.5012837568559]}},{"type":"Feature","properties":{"kind":"academy","label":"대형 입시학원","name":"자곡가우스수학전문학원","cap":660},"geometry":{"type":"Point","coordinates":[127.096024011591,37.472056996722]}},{"type":"Feature","properties":{"kind":"academy","label":"대형 입시학원","name":"정수학학원","cap":316},"geometry":{"type":"Point","coordinates":[127.052833182384,37.4750787086775]}},{"type":"Feature","properties":{"kind":"academy","label":"대형 입시학원","name":"정영어학원","cap":470},"geometry":{"type":"Point","coordinates":[127.061934331534,37.4942633335042]}},{"type":"Feature","properties":{"kind":"academy","label":"대형 입시학원","name":"제니스학원","cap":372},"geometry":{"type":"Point","coordinates":[127.057388920521,37.502083570441]}},{"type":"Feature","properties":{"kind":"academy","label":"대형 입시학원","name":"제이엘씨잉글리시아카데미학원","cap":2130},"geometry":{"type":"Point","coordinates":[127.060238415861,37.4832293887145]}},{"type":"Feature","properties":{"kind":"academy","label":"대형 입시학원","name":"조앤북영어학원","cap":644},"geometry":{"type":"Point","coordinates":[127.039748870748,37.4917134802222]}},{"type":"Feature","properties":{"kind":"academy","label":"대형 입시학원","name":"주연학원1관학원","cap":380},"geometry":{"type":"Point","coordinates":[127.051631798516,37.499587377249]}},{"type":"Feature","properties":{"kind":"academy","label":"대형 입시학원","name":"준토에듀수학학원","cap":366},"geometry":{"type":"Point","coordinates":[127.052988852524,37.4986075628364]}},{"type":"Feature","properties":{"kind":"academy","label":"대형 입시학원","name":"중심과원리학원","cap":520},"geometry":{"type":"Point","coordinates":[127.060064909231,37.5037627956618]}},{"type":"Feature","properties":{"kind":"academy","label":"대형 입시학원","name":"지니국어논술학원","cap":684},"geometry":{"type":"Point","coordinates":[127.057410744328,37.4921823099018]}},{"type":"Feature","properties":{"kind":"academy","label":"대형 입시학원","name":"지속가능한본교육학원","cap":312},"geometry":{"type":"Point","coordinates":[127.062182304456,37.4990204274664]}},{"type":"Feature","properties":{"kind":"academy","label":"대형 입시학원","name":"지혜의숲사고력보습학원","cap":396},"geometry":{"type":"Point","coordinates":[127.064265387792,37.5007359092488]}},{"type":"Feature","properties":{"kind":"academy","label":"대형 입시학원","name":"짱솔학원","cap":708},"geometry":{"type":"Point","coordinates":[127.061334443036,37.4939940652114]}},{"type":"Feature","properties":{"kind":"academy","label":"대형 입시학원","name":"책나무개포독서논술학원","cap":468},"geometry":{"type":"Point","coordinates":[127.052833182384,37.4750787086775]}},{"type":"Feature","properties":{"kind":"academy","label":"대형 입시학원","name":"책나무대곡초점독서논술학원","cap":600},"geometry":{"type":"Point","coordinates":[127.068564672209,37.4956953356085]}},{"type":"Feature","properties":{"kind":"academy","label":"대형 입시학원","name":"책나무대치개포독서논술학원","cap":438},"geometry":{"type":"Point","coordinates":[127.061341407851,37.4823218659331]}},{"type":"Feature","properties":{"kind":"academy","label":"대형 입시학원","name":"책나무대치구룡초점독서논술학원","cap":432},"geometry":{"type":"Point","coordinates":[127.05299794567,37.4809077151366]}},{"type":"Feature","properties":{"kind":"academy","label":"대형 입시학원","name":"책나무대치도곡독서논술학원","cap":576},"geometry":{"type":"Point","coordinates":[127.055211465089,37.4984413004357]}},{"type":"Feature","properties":{"kind":"academy","label":"대형 입시학원","name":"책나무도곡언주점독서논술학원","cap":570},"geometry":{"type":"Point","coordinates":[127.039772467818,37.4880199717505]}},{"type":"Feature","properties":{"kind":"academy","label":"대형 입시학원","name":"천개의고원심화관학원","cap":1050},"geometry":{"type":"Point","coordinates":[127.06029257756,37.4994121734028]}},{"type":"Feature","properties":{"kind":"academy","label":"대형 입시학원","name":"천개의고원초등관학원","cap":1026},"geometry":{"type":"Point","coordinates":[127.059481547327,37.5008908650544]}},{"type":"Feature","properties":{"kind":"academy","label":"대형 입시학원","name":"청담리드인독서중심국어학원","cap":376},"geometry":{"type":"Point","coordinates":[127.044568406899,37.5186670446767]}},{"type":"Feature","properties":{"kind":"academy","label":"대형 입시학원","name":"카이스트플러스수학학원","cap":336},"geometry":{"type":"Point","coordinates":[127.039712570874,37.491495899154]}},{"type":"Feature","properties":{"kind":"academy","label":"대형 입시학원","name":"케이씨아이중국어학원","cap":375},"geometry":{"type":"Point","coordinates":[127.0588476129,37.4966357303128]}},{"type":"Feature","properties":{"kind":"academy","label":"대형 입시학원","name":"케이엔에스(KNS)고등관영어학원","cap":3460},"geometry":{"type":"Point","coordinates":[127.06139805987,37.4986324139076]}},{"type":"Feature","properties":{"kind":"academy","label":"대형 입시학원","name":"케이엔에스(KNS)영어학원","cap":635},"geometry":{"type":"Point","coordinates":[127.06139805987,37.4986324139076]}},{"type":"Feature","properties":{"kind":"academy","label":"대형 입시학원","name":"케이엔에스수능관학원","cap":400},"geometry":{"type":"Point","coordinates":[127.061312603086,37.4974333090176]}},{"type":"Feature","properties":{"kind":"academy","label":"대형 입시학원","name":"케이엠지수학학원","cap":537},"geometry":{"type":"Point","coordinates":[127.059579892941,37.5019747254472]}},{"type":"Feature","properties":{"kind":"academy","label":"대형 입시학원","name":"케이투아이(K2I)수학올림피아드학원","cap":750},"geometry":{"type":"Point","coordinates":[127.05765668565,37.5008569008839]}},{"type":"Feature","properties":{"kind":"academy","label":"대형 입시학원","name":"코어부원정학원","cap":360},"geometry":{"type":"Point","coordinates":[127.055829114915,37.5002200467324]}},{"type":"Feature","properties":{"kind":"academy","label":"대형 입시학원","name":"콴다일로2관학원","cap":5200},"geometry":{"type":"Point","coordinates":[127.060395696707,37.4991092925753]}},{"type":"Feature","properties":{"kind":"academy","label":"대형 입시학원","name":"콴다일로4관학원","cap":322},"geometry":{"type":"Point","coordinates":[127.060150611709,37.4996448855404]}},{"type":"Feature","properties":{"kind":"academy","label":"대형 입시학원","name":"콴다일로5관학원","cap":336},"geometry":{"type":"Point","coordinates":[127.05962755892,37.5006204896798]}},{"type":"Feature","properties":{"kind":"academy","label":"대형 입시학원","name":"콴다일로8관학원","cap":485},"geometry":{"type":"Point","coordinates":[127.05962755892,37.5006204896798]}},{"type":"Feature","properties":{"kind":"academy","label":"대형 입시학원","name":"콴다일로학원","cap":564},"geometry":{"type":"Point","coordinates":[127.059315262317,37.4986941157594]}},{"type":"Feature","properties":{"kind":"academy","label":"대형 입시학원","name":"크레버스영재관압구정제1지점학원","cap":630},"geometry":{"type":"Point","coordinates":[127.026646963083,37.5254380769865]}},{"type":"Feature","properties":{"kind":"academy","label":"대형 입시학원","name":"클라디수학학원","cap":378},"geometry":{"type":"Point","coordinates":[127.061627662341,37.4968857836783]}},{"type":"Feature","properties":{"kind":"academy","label":"대형 입시학원","name":"클라이매쓰대치고등2관학원","cap":330},"geometry":{"type":"Point","coordinates":[127.059768180119,37.5016759469377]}},{"type":"Feature","properties":{"kind":"academy","label":"대형 입시학원","name":"키즈12리더스학원","cap":300},"geometry":{"type":"Point","coordinates":[127.054764237271,37.5224812075002]}},{"type":"Feature","properties":{"kind":"academy","label":"대형 입시학원","name":"키즈스피치예소스대치센터학원","cap":400},"geometry":{"type":"Point","coordinates":[127.051424467948,37.5005207297221]}},{"type":"Feature","properties":{"kind":"academy","label":"대형 입시학원","name":"탑티어학원","cap":416},"geometry":{"type":"Point","coordinates":[127.061334443036,37.4939940652114]}},{"type":"Feature","properties":{"kind":"academy","label":"대형 입시학원","name":"판테라수학학원","cap":300},"geometry":{"type":"Point","coordinates":[127.055233195315,37.4966225187716]}},{"type":"Feature","properties":{"kind":"academy","label":"대형 입시학원","name":"퍼스러너학원","cap":396},"geometry":{"type":"Point","coordinates":[127.061756451296,37.4832705019012]}},{"type":"Feature","properties":{"kind":"academy","label":"대형 입시학원","name":"퍼스트인(First 人)학원","cap":400},"geometry":{"type":"Point","coordinates":[127.060821135085,37.4996674277764]}},{"type":"Feature","properties":{"kind":"academy","label":"대형 입시학원","name":"프라이머리수학학원","cap":388},"geometry":{"type":"Point","coordinates":[127.061627662341,37.4968857836783]}},{"type":"Feature","properties":{"kind":"academy","label":"대형 입시학원","name":"프라임스톤컨설팅학원","cap":420},"geometry":{"type":"Point","coordinates":[127.031206181327,37.5222904796053]}},{"type":"Feature","properties":{"kind":"academy","label":"대형 입시학원","name":"플라즈마고등1관학원","cap":1590},"geometry":{"type":"Point","coordinates":[127.058922194261,37.5018916222024]}},{"type":"Feature","properties":{"kind":"academy","label":"대형 입시학원","name":"플라즈마고등에이치(H)관학원","cap":740},"geometry":{"type":"Point","coordinates":[127.057388920521,37.502083570441]}},{"type":"Feature","properties":{"kind":"academy","label":"대형 입시학원","name":"플라즈마대치학원","cap":1140},"geometry":{"type":"Point","coordinates":[127.058922194261,37.5018916222024]}},{"type":"Feature","properties":{"kind":"academy","label":"대형 입시학원","name":"플라즈마영재학원","cap":475},"geometry":{"type":"Point","coordinates":[127.059772100614,37.4980817418549]}},{"type":"Feature","properties":{"kind":"academy","label":"대형 입시학원","name":"플라즈마학원","cap":540},"geometry":{"type":"Point","coordinates":[127.059772100614,37.4980817418549]}},{"type":"Feature","properties":{"kind":"academy","label":"대형 입시학원","name":"플랜업학원","cap":1240},"geometry":{"type":"Point","coordinates":[127.052544777772,37.5020250966655]}},{"type":"Feature","properties":{"kind":"academy","label":"대형 입시학원","name":"플레이팩토대치학원","cap":438},"geometry":{"type":"Point","coordinates":[127.046959597261,37.4989772734253]}},{"type":"Feature","properties":{"kind":"academy","label":"대형 입시학원","name":"피어슨학원","cap":320},"geometry":{"type":"Point","coordinates":[127.055313215927,37.5011633723047]}},{"type":"Feature","properties":{"kind":"academy","label":"대형 입시학원","name":"픽스아카데미2관학원","cap":5670},"geometry":{"type":"Point","coordinates":[127.064109899912,37.5010143144394]}},{"type":"Feature","properties":{"kind":"academy","label":"대형 입시학원","name":"픽스아카데미영재2관학원","cap":441},"geometry":{"type":"Point","coordinates":[127.062826761112,37.5003313205658]}},{"type":"Feature","properties":{"kind":"academy","label":"대형 입시학원","name":"픽스아카데미영재본관학원","cap":342},"geometry":{"type":"Point","coordinates":[127.062826761112,37.5003313205658]}},{"type":"Feature","properties":{"kind":"academy","label":"대형 입시학원","name":"픽스아카데미학원","cap":480},"geometry":{"type":"Point","coordinates":[127.063233847146,37.5000176433904]}},{"type":"Feature","properties":{"kind":"academy","label":"대형 입시학원","name":"필수학학원","cap":472},"geometry":{"type":"Point","coordinates":[127.05256446352,37.4989707678358]}},{"type":"Feature","properties":{"kind":"academy","label":"대형 입시학원","name":"하다수학학원","cap":495},"geometry":{"type":"Point","coordinates":[127.059481547327,37.5008908650544]}},{"type":"Feature","properties":{"kind":"academy","label":"대형 입시학원","name":"하비(havy)실용음악학원","cap":480},"geometry":{"type":"Point","coordinates":[127.036098552079,37.5049460201012]}},{"type":"Feature","properties":{"kind":"academy","label":"대형 입시학원","name":"하이원학원","cap":494},"geometry":{"type":"Point","coordinates":[127.061934331534,37.4942633335042]}},{"type":"Feature","properties":{"kind":"academy","label":"대형 입시학원","name":"학원날개를달다2관학원","cap":360},"geometry":{"type":"Point","coordinates":[127.058699889511,37.5013585176711]}},{"type":"Feature","properties":{"kind":"academy","label":"대형 입시학원","name":"한석만수학학원","cap":2340},"geometry":{"type":"Point","coordinates":[127.060178595462,37.499003535147]}},{"type":"Feature","properties":{"kind":"academy","label":"대형 입시학원","name":"한솔플라톤아카데미학원","cap":356},"geometry":{"type":"Point","coordinates":[127.062951852624,37.4938813994708]}},{"type":"Feature","properties":{"kind":"academy","label":"대형 입시학원","name":"함영원명품수학관학원","cap":3084},"geometry":{"type":"Point","coordinates":[127.061617564506,37.4940924880388]}},{"type":"Feature","properties":{"kind":"academy","label":"대형 입시학원","name":"함영원입시전문학원","cap":2170},"geometry":{"type":"Point","coordinates":[127.061617564506,37.4940924880388]}},{"type":"Feature","properties":{"kind":"academy","label":"대형 입시학원","name":"해피클래스학원","cap":315},"geometry":{"type":"Point","coordinates":[127.061341407851,37.4823218659331]}},{"type":"Feature","properties":{"kind":"academy","label":"대형 입시학원","name":"현상훈수학학원","cap":312},"geometry":{"type":"Point","coordinates":[127.059358990564,37.4997907083382]}},{"type":"Feature","properties":{"kind":"academy","label":"대형 입시학원","name":"혜성코멧학원","cap":4300},"geometry":{"type":"Point","coordinates":[127.057971933116,37.500938557933]}},{"type":"Feature","properties":{"kind":"academy","label":"대형 입시학원","name":"LCA영어학원","cap":342},"geometry":{"type":"Point","coordinates":[127.164510295845,37.557135101795]}},{"type":"Feature","properties":{"kind":"academy","label":"대형 입시학원","name":"PIN과학전문학원","cap":3120},"geometry":{"type":"Point","coordinates":[127.154105278912,37.5546198628524]}},{"type":"Feature","properties":{"kind":"academy","label":"대형 입시학원","name":"T클래스큐미르하다학원","cap":350},"geometry":{"type":"Point","coordinates":[127.179800600485,37.5540389678121]}},{"type":"Feature","properties":{"kind":"academy","label":"대형 입시학원","name":"YCC2관학원","cap":342},"geometry":{"type":"Point","coordinates":[127.154105278912,37.5546198628524]}},{"type":"Feature","properties":{"kind":"academy","label":"대형 입시학원","name":"YCC수능관학원","cap":321},"geometry":{"type":"Point","coordinates":[127.154105278912,37.5546198628524]}},{"type":"Feature","properties":{"kind":"academy","label":"대형 입시학원","name":"YCC학원","cap":354},"geometry":{"type":"Point","coordinates":[127.154105278912,37.5546198628524]}},{"type":"Feature","properties":{"kind":"academy","label":"대형 입시학원","name":"각인입시영어전문학원","cap":342},"geometry":{"type":"Point","coordinates":[127.155564135586,37.5525299791779]}},{"type":"Feature","properties":{"kind":"academy","label":"대형 입시학원","name":"강동고스(GOS)에듀국어수학3관학원","cap":380},"geometry":{"type":"Point","coordinates":[127.154068058218,37.5520423388557]}},{"type":"Feature","properties":{"kind":"academy","label":"대형 입시학원","name":"강동고스(GOS)에듀국어수학학원","cap":1504},"geometry":{"type":"Point","coordinates":[127.15467778148,37.5514819322431]}},{"type":"Feature","properties":{"kind":"academy","label":"대형 입시학원","name":"강동세움수학학원","cap":312},"geometry":{"type":"Point","coordinates":[127.135513168345,37.5371868110506]}},{"type":"Feature","properties":{"kind":"academy","label":"대형 입시학원","name":"강동수능선배학원","cap":450},"geometry":{"type":"Point","coordinates":[127.139314330701,37.5368399179472]}},{"type":"Feature","properties":{"kind":"academy","label":"대형 입시학원","name":"강동의명불허전학원","cap":336},"geometry":{"type":"Point","coordinates":[127.173888109708,37.5575054874572]}},{"type":"Feature","properties":{"kind":"academy","label":"대형 입시학원","name":"강동파인만고덕고등관학원","cap":362},"geometry":{"type":"Point","coordinates":[127.153680899165,37.5546824045649]}},{"type":"Feature","properties":{"kind":"academy","label":"대형 입시학원","name":"강동파인만고덕초중관학원","cap":362},"geometry":{"type":"Point","coordinates":[127.153680899165,37.5546824045649]}},{"type":"Feature","properties":{"kind":"academy","label":"대형 입시학원","name":"강동파인만고덕초중등관학원","cap":912},"geometry":{"type":"Point","coordinates":[127.15467778148,37.5514819322431]}},{"type":"Feature","properties":{"kind":"academy","label":"대형 입시학원","name":"강동파인만학원","cap":371},"geometry":{"type":"Point","coordinates":[127.172316461002,37.5567817688097]}},{"type":"Feature","properties":{"kind":"academy","label":"대형 입시학원","name":"강일리딩오션독서논술학원","cap":639},"geometry":{"type":"Point","coordinates":[127.17439134875,37.5652507850857]}},{"type":"Feature","properties":{"kind":"academy","label":"대형 입시학원","name":"고덕강일G1230학원","cap":327},"geometry":{"type":"Point","coordinates":[127.173931648055,37.5719495468616]}},{"type":"Feature","properties":{"kind":"academy","label":"대형 입시학원","name":"고덕더오름리드인학원","cap":576},"geometry":{"type":"Point","coordinates":[127.153566700911,37.5595869476527]}},{"type":"Feature","properties":{"kind":"academy","label":"대형 입시학원","name":"고덕수학전문가153학원","cap":300},"geometry":{"type":"Point","coordinates":[127.154802832757,37.5523580783663]}},{"type":"Feature","properties":{"kind":"academy","label":"대형 입시학원","name":"고덕올림피아드학원","cap":380},"geometry":{"type":"Point","coordinates":[127.143944021144,37.5538571094692]}},{"type":"Feature","properties":{"kind":"academy","label":"대형 입시학원","name":"구주이배강동카이관학원","cap":452},"geometry":{"type":"Point","coordinates":[127.155461707633,37.5527430197238]}},{"type":"Feature","properties":{"kind":"academy","label":"대형 입시학원","name":"구주이배매쓰빈학원","cap":456},"geometry":{"type":"Point","coordinates":[127.155461707633,37.5527430197238]}},{"type":"Feature","properties":{"kind":"academy","label":"대형 입시학원","name":"국어로이루다국어학원","cap":300},"geometry":{"type":"Point","coordinates":[127.154637177627,37.5539579257605]}},{"type":"Feature","properties":{"kind":"academy","label":"대형 입시학원","name":"김영아수학학원","cap":370},"geometry":{"type":"Point","coordinates":[127.169311092308,37.5584324171257]}},{"type":"Feature","properties":{"kind":"academy","label":"대형 입시학원","name":"눈높이러닝센터강동학원","cap":611},"geometry":{"type":"Point","coordinates":[127.127221348861,37.5315617197689]}},{"type":"Feature","properties":{"kind":"academy","label":"대형 입시학원","name":"눈높이러닝센터강일학원","cap":300},"geometry":{"type":"Point","coordinates":[127.175146969481,37.5722988674132]}},{"type":"Feature","properties":{"kind":"academy","label":"대형 입시학원","name":"눈높이러닝센터고덕학원","cap":520},"geometry":{"type":"Point","coordinates":[127.154524190121,37.5600207894274]}},{"type":"Feature","properties":{"kind":"academy","label":"대형 입시학원","name":"눈높이러닝센터길동학원","cap":596},"geometry":{"type":"Point","coordinates":[127.142840015209,37.5380691745951]}},{"type":"Feature","properties":{"kind":"academy","label":"대형 입시학원","name":"눈높이러닝센터성안학원","cap":642},"geometry":{"type":"Point","coordinates":[127.131127416661,37.529174300066]}},{"type":"Feature","properties":{"kind":"academy","label":"대형 입시학원","name":"눈높이러닝센터천일학원","cap":498},"geometry":{"type":"Point","coordinates":[127.138979733499,37.5440796609618]}},{"type":"Feature","properties":{"kind":"academy","label":"대형 입시학원","name":"대치메이드세이노고덕점학원","cap":486},"geometry":{"type":"Point","coordinates":[127.154782936805,37.5532988356176]}},{"type":"Feature","properties":{"kind":"academy","label":"대형 입시학원","name":"대치명인학원","cap":573},"geometry":{"type":"Point","coordinates":[127.15536011311,37.5519403648839]}},{"type":"Feature","properties":{"kind":"academy","label":"대형 입시학원","name":"더블랙에듀미래관학원","cap":408},"geometry":{"type":"Point","coordinates":[127.134711216003,37.5249336681948]}},{"type":"Feature","properties":{"kind":"academy","label":"대형 입시학원","name":"더스터디보습학원","cap":309},"geometry":{"type":"Point","coordinates":[127.143362463805,37.5487905167291]}},{"type":"Feature","properties":{"kind":"academy","label":"대형 입시학원","name":"도트(DOT)영어전문학원","cap":381},"geometry":{"type":"Point","coordinates":[127.153680899165,37.5546824045649]}},{"type":"Feature","properties":{"kind":"academy","label":"대형 입시학원","name":"리드앤톡강동고덕영어학원","cap":420},"geometry":{"type":"Point","coordinates":[127.161956002694,37.5606775659267]}},{"type":"Feature","properties":{"kind":"academy","label":"대형 입시학원","name":"리드인아소비큐미르강일센터학원","cap":470},"geometry":{"type":"Point","coordinates":[127.173931648055,37.5719495468616]}},{"type":"Feature","properties":{"kind":"academy","label":"대형 입시학원","name":"리밋수학3관학원","cap":350},"geometry":{"type":"Point","coordinates":[127.154528830061,37.554156377051]}},{"type":"Feature","properties":{"kind":"academy","label":"대형 입시학원","name":"리사영어학원","cap":355},"geometry":{"type":"Point","coordinates":[127.172923689194,37.5568493567628]}},{"type":"Feature","properties":{"kind":"academy","label":"대형 입시학원","name":"메리트수학써밋영어1관학원","cap":304},"geometry":{"type":"Point","coordinates":[127.154500056801,37.5520049235939]}},{"type":"Feature","properties":{"kind":"academy","label":"대형 입시학원","name":"명일점와와학습코칭학원","cap":752},"geometry":{"type":"Point","coordinates":[127.143899429908,37.5489706037489]}},{"type":"Feature","properties":{"kind":"academy","label":"대형 입시학원","name":"뮤엠영어뮤엠폴리오국어논술성일엔젤라학원","cap":462},"geometry":{"type":"Point","coordinates":[127.129174384877,37.5296951586615]}},{"type":"Feature","properties":{"kind":"academy","label":"대형 입시학원","name":"미네르바수학학원","cap":444},"geometry":{"type":"Point","coordinates":[127.14525459951,37.5368583491685]}},{"type":"Feature","properties":{"kind":"academy","label":"대형 입시학원","name":"미래엔수학미아쌤학원","cap":730},"geometry":{"type":"Point","coordinates":[127.174832528524,37.5722127479825]}},{"type":"Feature","properties":{"kind":"academy","label":"대형 입시학원","name":"벽문학원","cap":500},"geometry":{"type":"Point","coordinates":[127.17439134875,37.5652507850857]}},{"type":"Feature","properties":{"kind":"academy","label":"대형 입시학원","name":"보나보습학원","cap":350},"geometry":{"type":"Point","coordinates":[127.121438196295,37.5321002094048]}},{"type":"Feature","properties":{"kind":"academy","label":"대형 입시학원","name":"보라국어학원","cap":312},"geometry":{"type":"Point","coordinates":[127.154802832757,37.5523580783663]}},{"type":"Feature","properties":{"kind":"academy","label":"대형 입시학원","name":"본본고등영어학원","cap":300},"geometry":{"type":"Point","coordinates":[127.161956002694,37.5606775659267]}},{"type":"Feature","properties":{"kind":"academy","label":"대형 입시학원","name":"삐삐롱펀글리쉬영어학원","cap":348},"geometry":{"type":"Point","coordinates":[127.175614430713,37.5723742168444]}},{"type":"Feature","properties":{"kind":"academy","label":"대형 입시학원","name":"삼성영어셀레나스마트해법수학투플러스보습학원","cap":300},"geometry":{"type":"Point","coordinates":[127.134178623594,37.54678875023]}},{"type":"Feature","properties":{"kind":"academy","label":"대형 입시학원","name":"선사보습학원","cap":330},"geometry":{"type":"Point","coordinates":[127.125660013035,37.5534474873056]}},{"type":"Feature","properties":{"kind":"academy","label":"대형 입시학원","name":"설리반학원","cap":552},"geometry":{"type":"Point","coordinates":[127.155773390155,37.5606334469867]}},{"type":"Feature","properties":{"kind":"academy","label":"대형 입시학원","name":"성내스카이(SKY)학원","cap":320},"geometry":{"type":"Point","coordinates":[127.134828787213,37.5252029335254]}},{"type":"Feature","properties":{"kind":"academy","label":"대형 입시학원","name":"세강학원","cap":360},"geometry":{"type":"Point","coordinates":[127.152757292717,37.5486896278655]}},{"type":"Feature","properties":{"kind":"academy","label":"대형 입시학원","name":"수잉글리쉬영어학원","cap":405},"geometry":{"type":"Point","coordinates":[127.147491752125,37.5427985673706]}},{"type":"Feature","properties":{"kind":"academy","label":"대형 입시학원","name":"수학상상학원","cap":324},"geometry":{"type":"Point","coordinates":[127.152922512826,37.5488568194051]}},{"type":"Feature","properties":{"kind":"academy","label":"대형 입시학원","name":"숲국어수학학원","cap":355},"geometry":{"type":"Point","coordinates":[127.136262071919,37.5292227276953]}},{"type":"Feature","properties":{"kind":"academy","label":"대형 입시학원","name":"스마트해법수학영어강동플래그십학원","cap":497},"geometry":{"type":"Point","coordinates":[127.137046059861,37.5274758605763]}},{"type":"Feature","properties":{"kind":"academy","label":"대형 입시학원","name":"스마트해법영어강동강빛초점학원","cap":410},"geometry":{"type":"Point","coordinates":[127.173931648055,37.5719495468616]}},{"type":"Feature","properties":{"kind":"academy","label":"대형 입시학원","name":"신동철의생각의차이메타노이아관학원","cap":416},"geometry":{"type":"Point","coordinates":[127.155472639896,37.5533205445048]}},{"type":"Feature","properties":{"kind":"academy","label":"대형 입시학원","name":"신동철의생각의차이에필로그관학원","cap":450},"geometry":{"type":"Point","coordinates":[127.154068058218,37.5520423388557]}},{"type":"Feature","properties":{"kind":"academy","label":"대형 입시학원","name":"신동철의생각의차이인싸이트관학원","cap":392},"geometry":{"type":"Point","coordinates":[127.154802832757,37.5523580783663]}},{"type":"Feature","properties":{"kind":"academy","label":"대형 입시학원","name":"신동철의생각의차이프롤로그관학원","cap":360},"geometry":{"type":"Point","coordinates":[127.154500056801,37.5520049235939]}},{"type":"Feature","properties":{"kind":"academy","label":"대형 입시학원","name":"신동철의생각의차이학원","cap":360},"geometry":{"type":"Point","coordinates":[127.155088966059,37.5519419827342]}},{"type":"Feature","properties":{"kind":"academy","label":"대형 입시학원","name":"씨앤씨헤세드학원","cap":346},"geometry":{"type":"Point","coordinates":[127.171422355716,37.5507448596839]}},{"type":"Feature","properties":{"kind":"academy","label":"대형 입시학원","name":"씨앤에이논술강동학원","cap":355},"geometry":{"type":"Point","coordinates":[127.154105278912,37.5546198628524]}},{"type":"Feature","properties":{"kind":"academy","label":"대형 입시학원","name":"아몬드영어학원","cap":600},"geometry":{"type":"Point","coordinates":[127.174603355856,37.5649623335076]}},{"type":"Feature","properties":{"kind":"academy","label":"대형 입시학원","name":"아소비리드인포레온혜안국어논술학원","cap":416},"geometry":{"type":"Point","coordinates":[127.140290598327,37.5249677176279]}},{"type":"Feature","properties":{"kind":"academy","label":"대형 입시학원","name":"아소비스토리온강동명일학원","cap":576},"geometry":{"type":"Point","coordinates":[127.153519460705,37.5488624418841]}},{"type":"Feature","properties":{"kind":"academy","label":"대형 입시학원","name":"아소비책나무수학M상일학원","cap":300},"geometry":{"type":"Point","coordinates":[127.179800600485,37.5540389678121]}},{"type":"Feature","properties":{"kind":"academy","label":"대형 입시학원","name":"아소비큐미르대연강동길동학원","cap":300},"geometry":{"type":"Point","coordinates":[127.148049643495,37.5402444380879]}},{"type":"Feature","properties":{"kind":"academy","label":"대형 입시학원","name":"알과영과학강동본관학원","cap":342},"geometry":{"type":"Point","coordinates":[127.15507536373,37.5527505555431]}},{"type":"Feature","properties":{"kind":"academy","label":"대형 입시학원","name":"에듀플렉스에듀코치개별지도고덕학원","cap":300},"geometry":{"type":"Point","coordinates":[127.169311092308,37.5584324171257]}},{"type":"Feature","properties":{"kind":"academy","label":"대형 입시학원","name":"에듀플렉스에듀코치개별지도둔촌학원","cap":588},"geometry":{"type":"Point","coordinates":[127.136840451912,37.5304836404047]}},{"type":"Feature","properties":{"kind":"academy","label":"대형 입시학원","name":"에스티(S.T.)학원","cap":300},"geometry":{"type":"Point","coordinates":[127.169085796412,37.5502858368826]}},{"type":"Feature","properties":{"kind":"academy","label":"대형 입시학원","name":"에이닷영어학원","cap":960},"geometry":{"type":"Point","coordinates":[127.154500056801,37.5520049235939]}},{"type":"Feature","properties":{"kind":"academy","label":"대형 입시학원","name":"에이티에스(ATS)올댓스터디보습학원","cap":306},"geometry":{"type":"Point","coordinates":[127.154802832757,37.5523580783663]}},{"type":"Feature","properties":{"kind":"academy","label":"대형 입시학원","name":"에이펙스(APEX)학원","cap":378},"geometry":{"type":"Point","coordinates":[127.155514976018,37.5539246973821]}},{"type":"Feature","properties":{"kind":"academy","label":"대형 입시학원","name":"에이플러스잉글리시영어학원","cap":350},"geometry":{"type":"Point","coordinates":[127.143360778583,37.5545278906067]}},{"type":"Feature","properties":{"kind":"academy","label":"대형 입시학원","name":"엠제이피잉글리쉬학원","cap":540},"geometry":{"type":"Point","coordinates":[127.154068058218,37.5520423388557]}},{"type":"Feature","properties":{"kind":"academy","label":"대형 입시학원","name":"영어그리다학원","cap":580},"geometry":{"type":"Point","coordinates":[127.175146969481,37.5722988674132]}},{"type":"Feature","properties":{"kind":"academy","label":"대형 입시학원","name":"영재브릿지학원","cap":426},"geometry":{"type":"Point","coordinates":[127.153701219446,37.559616775785]}},{"type":"Feature","properties":{"kind":"academy","label":"대형 입시학원","name":"오키학원","cap":420},"geometry":{"type":"Point","coordinates":[127.173931648055,37.5719495468616]}},{"type":"Feature","properties":{"kind":"academy","label":"대형 입시학원","name":"오픽영어학원","cap":351},"geometry":{"type":"Point","coordinates":[127.15511458665,37.5546936843646]}},{"type":"Feature","properties":{"kind":"academy","label":"대형 입시학원","name":"올림픽CMS사고력관영재교육센터학원","cap":837},"geometry":{"type":"Point","coordinates":[127.133676366013,37.5224818664459]}},{"type":"Feature","properties":{"kind":"academy","label":"대형 입시학원","name":"올림픽디오픈(THE OPEN)청담어학원씨엠에스(CMS)영재관학원","cap":795},"geometry":{"type":"Point","coordinates":[127.133676366013,37.5224818664459]}},{"type":"Feature","properties":{"kind":"academy","label":"대형 입시학원","name":"와이즈과학학원","cap":464},"geometry":{"type":"Point","coordinates":[127.155564135586,37.5525299791779]}},{"type":"Feature","properties":{"kind":"academy","label":"대형 입시학원","name":"이상스터디학원","cap":320},"geometry":{"type":"Point","coordinates":[127.146158111488,37.550156245641]}},{"type":"Feature","properties":{"kind":"academy","label":"대형 입시학원","name":"이엔앰고등수학학원","cap":1020},"geometry":{"type":"Point","coordinates":[127.155088966059,37.5519419827342]}},{"type":"Feature","properties":{"kind":"academy","label":"대형 입시학원","name":"이엠씨(EMC)리드앤톡영어수학학원","cap":432},"geometry":{"type":"Point","coordinates":[127.137046059861,37.5274758605763]}},{"type":"Feature","properties":{"kind":"academy","label":"대형 입시학원","name":"이투스투포세븐학원","cap":1000},"geometry":{"type":"Point","coordinates":[127.141864467088,37.5435065290527]}},{"type":"Feature","properties":{"kind":"academy","label":"대형 입시학원","name":"인피니트수학학원","cap":670},"geometry":{"type":"Point","coordinates":[127.15554959338,37.5541907161954]}},{"type":"Feature","properties":{"kind":"academy","label":"대형 입시학원","name":"일타수학학원","cap":640},"geometry":{"type":"Point","coordinates":[127.15507536373,37.5527505555431]}},{"type":"Feature","properties":{"kind":"academy","label":"대형 입시학원","name":"잉글리시아이신명초점학원","cap":385},"geometry":{"type":"Point","coordinates":[127.147317001353,37.5409950757231]}},{"type":"Feature","properties":{"kind":"academy","label":"대형 입시학원","name":"자기주도파이터클럽둔촌점독학재수학원","cap":355},"geometry":{"type":"Point","coordinates":[127.134828787213,37.5252029335254]}},{"type":"Feature","properties":{"kind":"academy","label":"대형 입시학원","name":"전병훈수학중등관특목자사학원","cap":460},"geometry":{"type":"Point","coordinates":[127.155664769791,37.5490061354369]}},{"type":"Feature","properties":{"kind":"academy","label":"대형 입시학원","name":"전병훈수학초등특목자사점학원","cap":476},"geometry":{"type":"Point","coordinates":[127.155664769791,37.5490061354369]}},{"type":"Feature","properties":{"kind":"academy","label":"대형 입시학원","name":"전병훈수학학원","cap":340},"geometry":{"type":"Point","coordinates":[127.154772322619,37.5519422180107]}},{"type":"Feature","properties":{"kind":"academy","label":"대형 입시학원","name":"종로GMS에듀영어수학국어둔촌동학원","cap":360},"geometry":{"type":"Point","coordinates":[127.144614705551,37.5341330690596]}},{"type":"Feature","properties":{"kind":"academy","label":"대형 입시학원","name":"주은재수학학원","cap":324},"geometry":{"type":"Point","coordinates":[127.152138420708,37.5589412507333]}},{"type":"Feature","properties":{"kind":"academy","label":"대형 입시학원","name":"창의로열림포레온캠퍼스국어논술전문학원","cap":444},"geometry":{"type":"Point","coordinates":[127.137046059861,37.5274758605763]}},{"type":"Feature","properties":{"kind":"academy","label":"대형 입시학원","name":"채선생국어영어학원","cap":360},"geometry":{"type":"Point","coordinates":[127.144369245406,37.5339273106444]}},{"type":"Feature","properties":{"kind":"academy","label":"대형 입시학원","name":"책나무강동암사독서논술학원","cap":405},"geometry":{"type":"Point","coordinates":[127.140347239304,37.5552528493133]}},{"type":"Feature","properties":{"kind":"academy","label":"대형 입시학원","name":"책나무고덕강일독서논술학원","cap":624},"geometry":{"type":"Point","coordinates":[127.173931648055,37.5719495468616]}},{"type":"Feature","properties":{"kind":"academy","label":"대형 입시학원","name":"책나무둔촌포레온9독서논술학원","cap":686},"geometry":{"type":"Point","coordinates":[127.140290598327,37.5249677176279]}},{"type":"Feature","properties":{"kind":"academy","label":"대형 입시학원","name":"청어람수9관학원","cap":800},"geometry":{"type":"Point","coordinates":[127.154782936805,37.5532988356176]}},{"type":"Feature","properties":{"kind":"academy","label":"대형 입시학원","name":"최강영어학원","cap":316},"geometry":{"type":"Point","coordinates":[127.134246666959,37.5237068525464]}},{"type":"Feature","properties":{"kind":"academy","label":"대형 입시학원","name":"탑수학보습학원","cap":350},"geometry":{"type":"Point","coordinates":[127.128185781393,37.5539961826206]}},{"type":"Feature","properties":{"kind":"academy","label":"대형 입시학원","name":"파로스수학학원","cap":450},"geometry":{"type":"Point","coordinates":[127.145579195087,37.5503498644145]}},{"type":"Feature","properties":{"kind":"academy","label":"대형 입시학원","name":"파머스영어학원","cap":420},"geometry":{"type":"Point","coordinates":[127.145236538949,37.5336132397405]}},{"type":"Feature","properties":{"kind":"academy","label":"대형 입시학원","name":"파이널영어학원","cap":920},"geometry":{"type":"Point","coordinates":[127.15536011311,37.5519403648839]}},{"type":"Feature","properties":{"kind":"academy","label":"대형 입시학원","name":"퍼스트스터디보습학원","cap":385},"geometry":{"type":"Point","coordinates":[127.15554959338,37.5541907161954]}},{"type":"Feature","properties":{"kind":"academy","label":"대형 입시학원","name":"포티수학학원","cap":303},"geometry":{"type":"Point","coordinates":[127.156359812525,37.5607024990113]}},{"type":"Feature","properties":{"kind":"academy","label":"대형 입시학원","name":"프렌잉글리시대명캠퍼스학원","cap":350},"geometry":{"type":"Point","coordinates":[127.154177710953,37.5476437053741]}},{"type":"Feature","properties":{"kind":"academy","label":"대형 입시학원","name":"플래너스강동캠퍼스영어학원","cap":432},"geometry":{"type":"Point","coordinates":[127.140347239304,37.5552528493133]}},{"type":"Feature","properties":{"kind":"academy","label":"대형 입시학원","name":"피드마이쉽학원","cap":500},"geometry":{"type":"Point","coordinates":[127.153375480471,37.5490103025303]}},{"type":"Feature","properties":{"kind":"academy","label":"대형 입시학원","name":"한우리독서토론논술학원","cap":370},"geometry":{"type":"Point","coordinates":[127.17439134875,37.5652507850857]}},{"type":"Feature","properties":{"kind":"academy","label":"대형 입시학원","name":"21세기제2연세학원","cap":480},"geometry":{"type":"Point","coordinates":[127.027488129808,37.6238456044782]}},{"type":"Feature","properties":{"kind":"academy","label":"대형 입시학원","name":"E.EDU(이.에듀)학원","cap":360},"geometry":{"type":"Point","coordinates":[127.011022507096,37.6444053590177]}},{"type":"Feature","properties":{"kind":"academy","label":"대형 입시학원","name":"H·A수학학원","cap":668},"geometry":{"type":"Point","coordinates":[127.02762719114,37.6234239099998]}},{"type":"Feature","properties":{"kind":"academy","label":"대형 입시학원","name":"강북고려학원","cap":511},"geometry":{"type":"Point","coordinates":[127.015609265536,37.6446111666542]}},{"type":"Feature","properties":{"kind":"academy","label":"대형 입시학원","name":"강일학원2관학원","cap":528},"geometry":{"type":"Point","coordinates":[127.034610388171,37.6169370292441]}},{"type":"Feature","properties":{"kind":"academy","label":"대형 입시학원","name":"경희학원","cap":648},"geometry":{"type":"Point","coordinates":[127.012697182308,37.6442891439244]}},{"type":"Feature","properties":{"kind":"academy","label":"대형 입시학원","name":"글리영어고등관학원","cap":450},"geometry":{"type":"Point","coordinates":[127.034465184369,37.6115463668122]}},{"type":"Feature","properties":{"kind":"academy","label":"대형 입시학원","name":"눈높이러닝센터삼양학원","cap":300},"geometry":{"type":"Point","coordinates":[127.020475631482,37.6198096147248]}},{"type":"Feature","properties":{"kind":"academy","label":"대형 입시학원","name":"눈높이러닝센터수유학원","cap":300},"geometry":{"type":"Point","coordinates":[127.01716146525,37.6406126530701]}},{"type":"Feature","properties":{"kind":"academy","label":"대형 입시학원","name":"대치K4관학원","cap":498},"geometry":{"type":"Point","coordinates":[127.040039504413,37.6286035478846]}},{"type":"Feature","properties":{"kind":"academy","label":"대형 입시학원","name":"더퍼스트수학.영어학원","cap":340},"geometry":{"type":"Point","coordinates":[127.027617427066,37.6255069042608]}},{"type":"Feature","properties":{"kind":"academy","label":"대형 입시학원","name":"도약독학재수학원","cap":1136},"geometry":{"type":"Point","coordinates":[127.028644578066,37.6126357772224]}},{"type":"Feature","properties":{"kind":"academy","label":"대형 입시학원","name":"동아수학학원","cap":300},"geometry":{"type":"Point","coordinates":[127.012851056561,37.6199587236903]}},{"type":"Feature","properties":{"kind":"academy","label":"대형 입시학원","name":"리드인독서영어원서학원","cap":708},"geometry":{"type":"Point","coordinates":[127.016836048526,37.6425670253301]}},{"type":"Feature","properties":{"kind":"academy","label":"대형 입시학원","name":"리딩리더영어학원","cap":432},"geometry":{"type":"Point","coordinates":[127.015491635803,37.6194318693017]}},{"type":"Feature","properties":{"kind":"academy","label":"대형 입시학원","name":"메이트영어수학학원","cap":496},"geometry":{"type":"Point","coordinates":[127.013888166409,37.6309174903833]}},{"type":"Feature","properties":{"kind":"academy","label":"대형 입시학원","name":"멘토수학영어학원","cap":360},"geometry":{"type":"Point","coordinates":[127.043990325332,37.6277017853264]}},{"type":"Feature","properties":{"kind":"academy","label":"대형 입시학원","name":"미래엔영어학원","cap":474},"geometry":{"type":"Point","coordinates":[127.032245734143,37.637152235603]}},{"type":"Feature","properties":{"kind":"academy","label":"대형 입시학원","name":"미아수학의힘학원","cap":300},"geometry":{"type":"Point","coordinates":[127.015621846,37.6202726539329]}},{"type":"Feature","properties":{"kind":"academy","label":"대형 입시학원","name":"미아프라임학원","cap":840},"geometry":{"type":"Point","coordinates":[127.018478964446,37.6260473893127]}},{"type":"Feature","properties":{"kind":"academy","label":"대형 입시학원","name":"미지수학과학전문학원","cap":384},"geometry":{"type":"Point","coordinates":[127.035563978783,37.6121806974249]}},{"type":"Feature","properties":{"kind":"academy","label":"대형 입시학원","name":"바른스터디학원","cap":432},"geometry":{"type":"Point","coordinates":[127.040347434183,37.6273893637024]}},{"type":"Feature","properties":{"kind":"academy","label":"대형 입시학원","name":"사토즈학원","cap":910},"geometry":{"type":"Point","coordinates":[127.018393236753,37.620174136934]}},{"type":"Feature","properties":{"kind":"academy","label":"대형 입시학원","name":"삼성영어셀레나일대일수학수유학원","cap":648},"geometry":{"type":"Point","coordinates":[127.018391309953,37.6440739594811]}},{"type":"Feature","properties":{"kind":"academy","label":"대형 입시학원","name":"삼성영어화계학원","cap":385},"geometry":{"type":"Point","coordinates":[127.028188489674,37.6222618640213]}},{"type":"Feature","properties":{"kind":"academy","label":"대형 입시학원","name":"송동인수학명가학원","cap":304},"geometry":{"type":"Point","coordinates":[127.028217300552,37.6073783374843]}},{"type":"Feature","properties":{"kind":"academy","label":"대형 입시학원","name":"수유학원","cap":355},"geometry":{"type":"Point","coordinates":[127.019578382594,37.6460345797576]}},{"type":"Feature","properties":{"kind":"academy","label":"대형 입시학원","name":"수인학원","cap":612},"geometry":{"type":"Point","coordinates":[127.021498154386,37.6187231118028]}},{"type":"Feature","properties":{"kind":"academy","label":"대형 입시학원","name":"수플러스학원","cap":340},"geometry":{"type":"Point","coordinates":[127.012851056561,37.6199587236903]}},{"type":"Feature","properties":{"kind":"academy","label":"대형 입시학원","name":"수피아랩영어학원","cap":552},"geometry":{"type":"Point","coordinates":[127.015757336565,37.6165999385445]}},{"type":"Feature","properties":{"kind":"academy","label":"대형 입시학원","name":"수학에미친사람들길음미아관학원","cap":474},"geometry":{"type":"Point","coordinates":[127.018847158476,37.6185504851986]}},{"type":"Feature","properties":{"kind":"academy","label":"대형 입시학원","name":"수학의기술삼각산점학원","cap":633},"geometry":{"type":"Point","coordinates":[127.021622086882,37.6183872008438]}},{"type":"Feature","properties":{"kind":"academy","label":"대형 입시학원","name":"스마트에듀2관학원","cap":450},"geometry":{"type":"Point","coordinates":[127.018934343303,37.6179766319717]}},{"type":"Feature","properties":{"kind":"academy","label":"대형 입시학원","name":"스카이학원","cap":909},"geometry":{"type":"Point","coordinates":[127.023157542414,37.6438962570286]}},{"type":"Feature","properties":{"kind":"academy","label":"대형 입시학원","name":"신이화학원","cap":380},"geometry":{"type":"Point","coordinates":[127.01266809325,37.6544791776517]}},{"type":"Feature","properties":{"kind":"academy","label":"대형 입시학원","name":"아발론강북이레힐학원","cap":565},"geometry":{"type":"Point","coordinates":[127.022751150623,37.6302856042009]}},{"type":"Feature","properties":{"kind":"academy","label":"대형 입시학원","name":"아소비큐미르수유학원","cap":426},"geometry":{"type":"Point","coordinates":[127.016677649831,37.6405497436297]}},{"type":"Feature","properties":{"kind":"academy","label":"대형 입시학원","name":"아이매쓰사고력학원","cap":497},"geometry":{"type":"Point","coordinates":[127.015683383731,37.6182646141042]}},{"type":"Feature","properties":{"kind":"academy","label":"대형 입시학원","name":"에이펙스학원","cap":395},"geometry":{"type":"Point","coordinates":[127.01648688841,37.6202164047082]}},{"type":"Feature","properties":{"kind":"academy","label":"대형 입시학원","name":"엔젤영어학원","cap":345},"geometry":{"type":"Point","coordinates":[127.01605749895,37.6376981225782]}},{"type":"Feature","properties":{"kind":"academy","label":"대형 입시학원","name":"엘리트영어수학학원","cap":680},"geometry":{"type":"Point","coordinates":[127.016036457984,37.6383762968468]}},{"type":"Feature","properties":{"kind":"academy","label":"대형 입시학원","name":"엠베스트학원","cap":384},"geometry":{"type":"Point","coordinates":[127.032387298173,37.637280947598]}},{"type":"Feature","properties":{"kind":"academy","label":"대형 입시학원","name":"영수최강예일학원","cap":432},"geometry":{"type":"Point","coordinates":[127.040670517702,37.6280172403952]}},{"type":"Feature","properties":{"kind":"academy","label":"대형 입시학원","name":"예일학원","cap":812},"geometry":{"type":"Point","coordinates":[127.03987378053,37.6288359683906]}},{"type":"Feature","properties":{"kind":"academy","label":"대형 입시학원","name":"웅진씽크빅스마트올클래스미아학원","cap":420},"geometry":{"type":"Point","coordinates":[127.028691418945,37.6231205639264]}},{"type":"Feature","properties":{"kind":"academy","label":"대형 입시학원","name":"웅진씽크빅스마트올클래스번동학원","cap":564},"geometry":{"type":"Point","coordinates":[127.041410969408,37.6274625157464]}},{"type":"Feature","properties":{"kind":"academy","label":"대형 입시학원","name":"웅진씽크빅학습센터수유학원","cap":324},"geometry":{"type":"Point","coordinates":[127.018128174988,37.6294756976145]}},{"type":"Feature","properties":{"kind":"academy","label":"대형 입시학원","name":"위드업(WITH UP)학원","cap":592},"geometry":{"type":"Point","coordinates":[127.032327683987,37.6351432863478]}},{"type":"Feature","properties":{"kind":"academy","label":"대형 입시학원","name":"유앤오학원","cap":497},"geometry":{"type":"Point","coordinates":[127.012851056561,37.6199587236903]}},{"type":"Feature","properties":{"kind":"academy","label":"대형 입시학원","name":"이엠스터디제2관학원","cap":519},"geometry":{"type":"Point","coordinates":[127.0138362408,37.6319247087461]}},{"type":"Feature","properties":{"kind":"academy","label":"대형 입시학원","name":"잉글리쉬붐기탄학원","cap":408},"geometry":{"type":"Point","coordinates":[127.034764277107,37.6141744634627]}},{"type":"Feature","properties":{"kind":"academy","label":"대형 입시학원","name":"잉글리시아이영어학원","cap":414},"geometry":{"type":"Point","coordinates":[127.018322489859,37.6240609176177]}},{"type":"Feature","properties":{"kind":"academy","label":"대형 입시학원","name":"제2관파머스영어학원","cap":1240},"geometry":{"type":"Point","coordinates":[127.043439052977,37.6282201468873]}},{"type":"Feature","properties":{"kind":"academy","label":"대형 입시학원","name":"주연학원","cap":639},"geometry":{"type":"Point","coordinates":[127.0369032128,37.6262740785715]}},{"type":"Feature","properties":{"kind":"academy","label":"대형 입시학원","name":"짱수학학원","cap":342},"geometry":{"type":"Point","coordinates":[127.030080216814,37.622365821391]}},{"type":"Feature","properties":{"kind":"academy","label":"대형 입시학원","name":"청수학원","cap":440},"geometry":{"type":"Point","coordinates":[127.016055274809,37.6431573689532]}},{"type":"Feature","properties":{"kind":"academy","label":"대형 입시학원","name":"초이스앤유(NU)학원","cap":350},"geometry":{"type":"Point","coordinates":[127.012851056561,37.6199587236903]}},{"type":"Feature","properties":{"kind":"academy","label":"대형 입시학원","name":"킹스프링학원","cap":330},"geometry":{"type":"Point","coordinates":[127.032779914047,37.6376310520613]}},{"type":"Feature","properties":{"kind":"academy","label":"대형 입시학원","name":"튼튼영어마스터클럽수유보습학원","cap":365},"geometry":{"type":"Point","coordinates":[127.018731839392,37.643781446469]}},{"type":"Feature","properties":{"kind":"academy","label":"대형 입시학원","name":"프라임안목학원","cap":375},"geometry":{"type":"Point","coordinates":[127.017486944339,37.6167548450951]}},{"type":"Feature","properties":{"kind":"academy","label":"대형 입시학원","name":"프로스D&V학원","cap":632},"geometry":{"type":"Point","coordinates":[127.020898247686,37.6416660220277]}},{"type":"Feature","properties":{"kind":"academy","label":"대형 입시학원","name":"하나보습학원","cap":909},"geometry":{"type":"Point","coordinates":[127.031204490286,37.6156425380408]}},{"type":"Feature","properties":{"kind":"academy","label":"대형 입시학원","name":"하이클래스학원","cap":492},"geometry":{"type":"Point","coordinates":[127.019904158926,37.645215981435]}},{"type":"Feature","properties":{"kind":"academy","label":"대형 입시학원","name":"한스영어학원","cap":350},"geometry":{"type":"Point","coordinates":[127.037885972023,37.6277108408217]}},{"type":"Feature","properties":{"kind":"academy","label":"대형 입시학원","name":"한우리독서토론논술강북학원","cap":476},"geometry":{"type":"Point","coordinates":[127.018847158476,37.6185504851986]}},{"type":"Feature","properties":{"kind":"academy","label":"대형 입시학원","name":"호프풀잉글리시(Hopeful English)학원","cap":378},"geometry":{"type":"Point","coordinates":[127.01120650382,37.6201585502158]}},{"type":"Feature","properties":{"kind":"academy","label":"대형 입시학원","name":"1001의행복한학원","cap":750},"geometry":{"type":"Point","coordinates":[126.818571159801,37.5667077205368]}},{"type":"Feature","properties":{"kind":"academy","label":"대형 입시학원","name":"강남현에듀수학학원","cap":300},"geometry":{"type":"Point","coordinates":[126.836498925185,37.5549964565333]}},{"type":"Feature","properties":{"kind":"academy","label":"대형 입시학원","name":"기준과학전문학원","cap":510},"geometry":{"type":"Point","coordinates":[126.838838533459,37.5544746622723]}},{"type":"Feature","properties":{"kind":"academy","label":"대형 입시학원","name":"김종길국어논술(강서점)학원","cap":315},"geometry":{"type":"Point","coordinates":[126.83808109977,37.5570784073479]}},{"type":"Feature","properties":{"kind":"academy","label":"대형 입시학원","name":"눈높이러닝센터가양등촌학원","cap":660},"geometry":{"type":"Point","coordinates":[126.846826834173,37.5609642709512]}},{"type":"Feature","properties":{"kind":"academy","label":"대형 입시학원","name":"눈높이러닝센터강신학원","cap":675},"geometry":{"type":"Point","coordinates":[126.833097646355,37.5445884198873]}},{"type":"Feature","properties":{"kind":"academy","label":"대형 입시학원","name":"눈높이러닝센터등촌학원","cap":660},"geometry":{"type":"Point","coordinates":[126.860965984937,37.5456458929853]}},{"type":"Feature","properties":{"kind":"academy","label":"대형 입시학원","name":"눈높이러닝센터마곡학원","cap":675},"geometry":{"type":"Point","coordinates":[126.823855000993,37.5586282971172]}},{"type":"Feature","properties":{"kind":"academy","label":"대형 입시학원","name":"눈높이러닝센터화곡1동학원","cap":660},"geometry":{"type":"Point","coordinates":[126.841204073962,37.5357917027397]}},{"type":"Feature","properties":{"kind":"academy","label":"대형 입시학원","name":"눈높이러닝센터화곡본동학원","cap":660},"geometry":{"type":"Point","coordinates":[126.847147267821,37.5424481087748]}},{"type":"Feature","properties":{"kind":"academy","label":"대형 입시학원","name":"눈높이러닝센터화곡학원","cap":660},"geometry":{"type":"Point","coordinates":[126.856251921729,37.5349166457089]}},{"type":"Feature","properties":{"kind":"academy","label":"대형 입시학원","name":"대교하이캠퍼스방화학원","cap":675},"geometry":{"type":"Point","coordinates":[126.818593453899,37.5671296005228]}},{"type":"Feature","properties":{"kind":"academy","label":"대형 입시학원","name":"더프리미엄아이엠영어학원","cap":384},"geometry":{"type":"Point","coordinates":[126.81705155434,37.5669962165931]}},{"type":"Feature","properties":{"kind":"academy","label":"대형 입시학원","name":"마곡에이닷영어학원","cap":1080},"geometry":{"type":"Point","coordinates":[126.818571159801,37.5667077205368]}},{"type":"Feature","properties":{"kind":"academy","label":"대형 입시학원","name":"마곡페르마학원","cap":384},"geometry":{"type":"Point","coordinates":[126.81705155434,37.5669962165931]}},{"type":"Feature","properties":{"kind":"academy","label":"대형 입시학원","name":"목동사과나무강서쓰리학원","cap":1280},"geometry":{"type":"Point","coordinates":[126.837663019273,37.5537959527532]}},{"type":"Feature","properties":{"kind":"academy","label":"대형 입시학원","name":"목동사과나무강서원학원","cap":1280},"geometry":{"type":"Point","coordinates":[126.836799948563,37.5531353232807]}},{"type":"Feature","properties":{"kind":"academy","label":"대형 입시학원","name":"목동사과나무강서투학원","cap":1280},"geometry":{"type":"Point","coordinates":[126.837134412972,37.553113350269]}},{"type":"Feature","properties":{"kind":"academy","label":"대형 입시학원","name":"목동사과나무등촌투학원","cap":680},"geometry":{"type":"Point","coordinates":[126.846209280257,37.5600452630994]}},{"type":"Feature","properties":{"kind":"academy","label":"대형 입시학원","name":"목동사과나무등촌학원","cap":680},"geometry":{"type":"Point","coordinates":[126.846328848733,37.5601861543743]}},{"type":"Feature","properties":{"kind":"academy","label":"대형 입시학원","name":"목동사과나무수학학원","cap":680},"geometry":{"type":"Point","coordinates":[126.846209280257,37.5600452630994]}},{"type":"Feature","properties":{"kind":"academy","label":"대형 입시학원","name":"목동사과나무학원","cap":1280},"geometry":{"type":"Point","coordinates":[126.838025438076,37.5534609191989]}},{"type":"Feature","properties":{"kind":"academy","label":"대형 입시학원","name":"목동씨앤씨학원","cap":300},"geometry":{"type":"Point","coordinates":[126.824241089722,37.5588046568145]}},{"type":"Feature","properties":{"kind":"academy","label":"대형 입시학원","name":"사과나무강서영어학원","cap":1280},"geometry":{"type":"Point","coordinates":[126.837663019273,37.5537959527532]}},{"type":"Feature","properties":{"kind":"academy","label":"대형 입시학원","name":"사과나무강서원학원","cap":1280},"geometry":{"type":"Point","coordinates":[126.836799948563,37.5531353232807]}},{"type":"Feature","properties":{"kind":"academy","label":"대형 입시학원","name":"사과나무목동학원","cap":520},"geometry":{"type":"Point","coordinates":[126.836799948563,37.5531353232807]}},{"type":"Feature","properties":{"kind":"academy","label":"대형 입시학원","name":"서울뉴스터디웨일즈학원","cap":783},"geometry":{"type":"Point","coordinates":[126.826197321696,37.5525909469274]}},{"type":"Feature","properties":{"kind":"academy","label":"대형 입시학원","name":"스터디플랜학원","cap":660},"geometry":{"type":"Point","coordinates":[126.839648718504,37.5549026576418]}},{"type":"Feature","properties":{"kind":"academy","label":"대형 입시학원","name":"시대인재강서관학원","cap":1058},"geometry":{"type":"Point","coordinates":[126.83417679061,37.552674052072]}},{"type":"Feature","properties":{"kind":"academy","label":"대형 입시학원","name":"씨앤씨17관학원","cap":360},"geometry":{"type":"Point","coordinates":[126.824241089722,37.5588046568145]}},{"type":"Feature","properties":{"kind":"academy","label":"대형 입시학원","name":"어나더레벨학원","cap":780},"geometry":{"type":"Point","coordinates":[126.836011933558,37.5504559270634]}},{"type":"Feature","properties":{"kind":"academy","label":"대형 입시학원","name":"에듀플렉스에듀코치개별지도등촌학원","cap":612},"geometry":{"type":"Point","coordinates":[126.844878507014,37.5588989867375]}},{"type":"Feature","properties":{"kind":"academy","label":"대형 입시학원","name":"에듀플렉스에듀코치개별지도마곡학원","cap":972},"geometry":{"type":"Point","coordinates":[126.81705155434,37.5669962165931]}},{"type":"Feature","properties":{"kind":"academy","label":"대형 입시학원","name":"염창유투엠고등관학원","cap":1360},"geometry":{"type":"Point","coordinates":[126.868141059392,37.5519851660445]}},{"type":"Feature","properties":{"kind":"academy","label":"대형 입시학원","name":"예일아카데미학원","cap":500},"geometry":{"type":"Point","coordinates":[126.836870937147,37.5327633022599]}},{"type":"Feature","properties":{"kind":"academy","label":"대형 입시학원","name":"오늘학원","cap":430},"geometry":{"type":"Point","coordinates":[126.86148823763,37.5354168316481]}},{"type":"Feature","properties":{"kind":"academy","label":"대형 입시학원","name":"우장산로드맵보습학원","cap":300},"geometry":{"type":"Point","coordinates":[126.835941270275,37.5496000614643]}},{"type":"Feature","properties":{"kind":"academy","label":"대형 입시학원","name":"유인어스학원","cap":510},"geometry":{"type":"Point","coordinates":[126.836821265995,37.5550367265114]}},{"type":"Feature","properties":{"kind":"academy","label":"대형 입시학원","name":"이투스24/7학원","cap":700},"geometry":{"type":"Point","coordinates":[126.83808109977,37.5570784073479]}},{"type":"Feature","properties":{"kind":"academy","label":"대형 입시학원","name":"트리거수학학원","cap":465},"geometry":{"type":"Point","coordinates":[126.835651854052,37.5475634041181]}},{"type":"Feature","properties":{"kind":"academy","label":"대형 입시학원","name":"튼튼영어마스터클럽염창1학원","cap":840},"geometry":{"type":"Point","coordinates":[126.868141059392,37.5519851660445]}},{"type":"Feature","properties":{"kind":"academy","label":"대형 입시학원","name":"해인생각수학해인생각문해력학원","cap":1180},"geometry":{"type":"Point","coordinates":[126.833790380585,37.547702705756]}},{"type":"Feature","properties":{"kind":"academy","label":"대형 입시학원","name":"333수학독서논술학원","cap":540},"geometry":{"type":"Point","coordinates":[126.764307728468,37.6695269076404]}},{"type":"Feature","properties":{"kind":"academy","label":"대형 입시학원","name":"꿈이룸학원","cap":525},"geometry":{"type":"Point","coordinates":[126.756747446888,37.6828543980318]}},{"type":"Feature","properties":{"kind":"academy","label":"대형 입시학원","name":"눈높이러닝센터강선학원","cap":616},"geometry":{"type":"Point","coordinates":[126.764307728468,37.6695269076404]}},{"type":"Feature","properties":{"kind":"academy","label":"대형 입시학원","name":"눈높이러닝센터달빛드림학원","cap":661},"geometry":{"type":"Point","coordinates":[126.833740814374,37.6453159339824]}},{"type":"Feature","properties":{"kind":"academy","label":"대형 입시학원","name":"눈높이러닝센터덕이학원","cap":616},"geometry":{"type":"Point","coordinates":[126.753968443817,37.6990682516669]}},{"type":"Feature","properties":{"kind":"academy","label":"대형 입시학원","name":"눈높이러닝센터목암학원","cap":661},"geometry":{"type":"Point","coordinates":[126.90481983538,37.7103767805464]}},{"type":"Feature","properties":{"kind":"academy","label":"대형 입시학원","name":"눈높이러닝센터일산가좌학원","cap":616},"geometry":{"type":"Point","coordinates":[126.719091126679,37.687360553645]}},{"type":"Feature","properties":{"kind":"academy","label":"대형 입시학원","name":"눈높이러닝센터저동탑학원","cap":660},"geometry":{"type":"Point","coordinates":[126.773933420605,37.6697890135502]}},{"type":"Feature","properties":{"kind":"academy","label":"대형 입시학원","name":"눈높이러닝센터중산학원","cap":616},"geometry":{"type":"Point","coordinates":[126.768542075711,37.6868346816043]}},{"type":"Feature","properties":{"kind":"academy","label":"대형 입시학원","name":"눈높이러닝센터킨텍스학원","cap":616},"geometry":{"type":"Point","coordinates":[126.735086330082,37.6711481026283]}},{"type":"Feature","properties":{"kind":"academy","label":"대형 입시학원","name":"눈높이러닝센터탄현학원","cap":616},"geometry":{"type":"Point","coordinates":[126.765838696875,37.7029907529218]}},{"type":"Feature","properties":{"kind":"academy","label":"대형 입시학원","name":"눈높이러닝센터후곡학원","cap":616},"geometry":{"type":"Point","coordinates":[126.767306617534,37.67831847492]}},{"type":"Feature","properties":{"kind":"academy","label":"대형 입시학원","name":"대교하이캠퍼스풍산학원","cap":660},"geometry":{"type":"Point","coordinates":[126.796923875476,37.6656177694508]}},{"type":"Feature","properties":{"kind":"academy","label":"대형 입시학원","name":"대치명인2관학원","cap":760},"geometry":{"type":"Point","coordinates":[126.765904521,37.6788807028759]}},{"type":"Feature","properties":{"kind":"academy","label":"대형 입시학원","name":"대화종로엠학원","cap":680},"geometry":{"type":"Point","coordinates":[126.735293916334,37.67062483046]}},{"type":"Feature","properties":{"kind":"academy","label":"대형 입시학원","name":"덕이점와와학습코칭학원","cap":1440},"geometry":{"type":"Point","coordinates":[126.753575820691,37.6990531063405]}},{"type":"Feature","properties":{"kind":"academy","label":"대형 입시학원","name":"마두점와와학습코칭센터학원","cap":720},"geometry":{"type":"Point","coordinates":[126.776700276323,37.652929566286]}},{"type":"Feature","properties":{"kind":"academy","label":"대형 입시학원","name":"목동수학전문학원","cap":592},"geometry":{"type":"Point","coordinates":[126.81270995075,37.6764244621302]}},{"type":"Feature","properties":{"kind":"academy","label":"대형 입시학원","name":"목암학원","cap":380},"geometry":{"type":"Point","coordinates":[126.904050406199,37.708140840975]}},{"type":"Feature","properties":{"kind":"academy","label":"대형 입시학원","name":"박정용국어백마별관학원","cap":330},"geometry":{"type":"Point","coordinates":[126.789899340669,37.6539721011725]}},{"type":"Feature","properties":{"kind":"academy","label":"대형 입시학원","name":"백마마두동박통수학학원","cap":425},"geometry":{"type":"Point","coordinates":[126.790176142798,37.6549545729682]}},{"type":"Feature","properties":{"kind":"academy","label":"대형 입시학원","name":"백마명인학원","cap":2655},"geometry":{"type":"Point","coordinates":[126.787125784455,37.6585722209425]}},{"type":"Feature","properties":{"kind":"academy","label":"대형 입시학원","name":"별빛드림러닝학원","cap":661},"geometry":{"type":"Point","coordinates":[126.826294938956,37.6326512487296]}},{"type":"Feature","properties":{"kind":"academy","label":"대형 입시학원","name":"브레인리그백마2학원","cap":1320},"geometry":{"type":"Point","coordinates":[126.783699834161,37.6535324803492]}},{"type":"Feature","properties":{"kind":"academy","label":"대형 입시학원","name":"브레인리그백마학원","cap":3000},"geometry":{"type":"Point","coordinates":[126.78362175628,37.6537665021157]}},{"type":"Feature","properties":{"kind":"academy","label":"대형 입시학원","name":"브레인리그후곡2학원","cap":1320},"geometry":{"type":"Point","coordinates":[126.756747446888,37.6828543980318]}},{"type":"Feature","properties":{"kind":"academy","label":"대형 입시학원","name":"삼송수학마루학원","cap":300},"geometry":{"type":"Point","coordinates":[126.898918218169,37.64491811734]}},{"type":"Feature","properties":{"kind":"academy","label":"대형 입시학원","name":"삼송점와와학습코칭학원","cap":720},"geometry":{"type":"Point","coordinates":[126.888689008149,37.6637593465675]}},{"type":"Feature","properties":{"kind":"academy","label":"대형 입시학원","name":"수학마루학원","cap":300},"geometry":{"type":"Point","coordinates":[126.889103260155,37.6527091988946]}},{"type":"Feature","properties":{"kind":"academy","label":"대형 입시학원","name":"써밋에듀(summitedu)입시학원","cap":425},"geometry":{"type":"Point","coordinates":[126.830957139718,37.6310645384004]}},{"type":"Feature","properties":{"kind":"academy","label":"대형 입시학원","name":"씨앤에이논술일산식사학원","cap":356},"geometry":{"type":"Point","coordinates":[126.815878134466,37.6788190237907]}},{"type":"Feature","properties":{"kind":"academy","label":"대형 입시학원","name":"에듀플렉스에듀코치개별지도주엽학원","cap":680},"geometry":{"type":"Point","coordinates":[126.759158664707,37.6706419178402]}},{"type":"Feature","properties":{"kind":"academy","label":"대형 입시학원","name":"에듀플렉스에듀코치개별지도후곡학원","cap":600},"geometry":{"type":"Point","coordinates":[126.768022763248,37.6779371506653]}},{"type":"Feature","properties":{"kind":"academy","label":"대형 입시학원","name":"에듀하다학원","cap":350},"geometry":{"type":"Point","coordinates":[126.888920400102,37.6641686999884]}},{"type":"Feature","properties":{"kind":"academy","label":"대형 입시학원","name":"에스피과학학원","cap":435},"geometry":{"type":"Point","coordinates":[126.765904521,37.6788807028759]}},{"type":"Feature","properties":{"kind":"academy","label":"대형 입시학원","name":"에이치알수학고등관학원","cap":500},"geometry":{"type":"Point","coordinates":[126.763624802773,37.6742487372538]}},{"type":"Feature","properties":{"kind":"academy","label":"대형 입시학원","name":"엘리트프렙학원","cap":324},"geometry":{"type":"Point","coordinates":[126.78362175628,37.6537665021157]}},{"type":"Feature","properties":{"kind":"academy","label":"대형 입시학원","name":"웅진씽크빅학습센터풍동2학원","cap":770},"geometry":{"type":"Point","coordinates":[126.797909766034,37.6674360169788]}},{"type":"Feature","properties":{"kind":"academy","label":"대형 입시학원","name":"웅진씽크빅학습센터화정학원","cap":375},"geometry":{"type":"Point","coordinates":[126.835355130438,37.6305307068371]}},{"type":"Feature","properties":{"kind":"academy","label":"대형 입시학원","name":"원흥점와와학습코칭학원","cap":720},"geometry":{"type":"Point","coordinates":[126.874174197672,37.6498654956373]}},{"type":"Feature","properties":{"kind":"academy","label":"대형 입시학원","name":"위시티이안의학원","cap":702},"geometry":{"type":"Point","coordinates":[126.812760178839,37.6770966713542]}},{"type":"Feature","properties":{"kind":"academy","label":"대형 입시학원","name":"이데아국어후곡학원","cap":696},"geometry":{"type":"Point","coordinates":[126.765904521,37.6788807028759]}},{"type":"Feature","properties":{"kind":"academy","label":"대형 입시학원","name":"이상수(秀)학학원","cap":1080},"geometry":{"type":"Point","coordinates":[126.788880480502,37.6557252126846]}},{"type":"Feature","properties":{"kind":"academy","label":"대형 입시학원","name":"이안의학원","cap":552},"geometry":{"type":"Point","coordinates":[126.787125784455,37.6585722209425]}},{"type":"Feature","properties":{"kind":"academy","label":"대형 입시학원","name":"이탑(e-TOP)학원","cap":345},"geometry":{"type":"Point","coordinates":[126.753218605749,37.6989946969881]}},{"type":"Feature","properties":{"kind":"academy","label":"대형 입시학원","name":"인재의창KSI수학과학학원","cap":595},"geometry":{"type":"Point","coordinates":[126.765481339187,37.6784149580933]}},{"type":"Feature","properties":{"kind":"academy","label":"대형 입시학원","name":"인재의창고등부학원","cap":585},"geometry":{"type":"Point","coordinates":[126.765481339187,37.6784149580933]}},{"type":"Feature","properties":{"kind":"academy","label":"대형 입시학원","name":"인재의창중등부학원","cap":585},"geometry":{"type":"Point","coordinates":[126.765481339187,37.6784149580933]}},{"type":"Feature","properties":{"kind":"academy","label":"대형 입시학원","name":"일산명문고등부학원","cap":960},"geometry":{"type":"Point","coordinates":[126.768290855283,37.6778283891581]}},{"type":"Feature","properties":{"kind":"academy","label":"대형 입시학원","name":"일산씨엠에스학원","cap":420},"geometry":{"type":"Point","coordinates":[126.789192390476,37.6565932346819]}},{"type":"Feature","properties":{"kind":"academy","label":"대형 입시학원","name":"잇올스파르타독학재수학원","cap":318},"geometry":{"type":"Point","coordinates":[126.789899340669,37.6539721011725]}},{"type":"Feature","properties":{"kind":"academy","label":"대형 입시학원","name":"제리킹영어&시그매쓰수학학원","cap":350},"geometry":{"type":"Point","coordinates":[126.830806342574,37.6306196861147]}},{"type":"Feature","properties":{"kind":"academy","label":"대형 입시학원","name":"주엽2호와와학습코칭학원","cap":712},"geometry":{"type":"Point","coordinates":[126.762798836447,37.669037264497]}},{"type":"Feature","properties":{"kind":"academy","label":"대형 입시학원","name":"주엽점와와학습코칭학원","cap":712},"geometry":{"type":"Point","coordinates":[126.75852499633,37.6705536778608]}},{"type":"Feature","properties":{"kind":"academy","label":"대형 입시학원","name":"케이엠일산학원","cap":2640},"geometry":{"type":"Point","coordinates":[126.758114396878,37.6707100571822]}},{"type":"Feature","properties":{"kind":"academy","label":"대형 입시학원","name":"클루학원","cap":400},"geometry":{"type":"Point","coordinates":[126.826294938956,37.6326512487296]}},{"type":"Feature","properties":{"kind":"academy","label":"대형 입시학원","name":"탄현점와와학습코칭학원","cap":720},"geometry":{"type":"Point","coordinates":[126.763392923796,37.6905108035956]}},{"type":"Feature","properties":{"kind":"academy","label":"대형 입시학원","name":"파이브에이아카데미학원","cap":750},"geometry":{"type":"Point","coordinates":[126.787603638507,37.6579555504024]}},{"type":"Feature","properties":{"kind":"academy","label":"대형 입시학원","name":"퍼스트1학원","cap":563},"geometry":{"type":"Point","coordinates":[126.82935726822,37.627407208282]}},{"type":"Feature","properties":{"kind":"academy","label":"대형 입시학원","name":"퍼스트2학원","cap":563},"geometry":{"type":"Point","coordinates":[126.82935726822,37.627407208282]}},{"type":"Feature","properties":{"kind":"academy","label":"대형 입시학원","name":"포인트주니어포인트학원","cap":300},"geometry":{"type":"Point","coordinates":[126.789846549103,37.6554941242635]}},{"type":"Feature","properties":{"kind":"academy","label":"대형 입시학원","name":"풍동와와학습코칭학원","cap":720},"geometry":{"type":"Point","coordinates":[126.798258700292,37.6674121977686]}},{"type":"Feature","properties":{"kind":"academy","label":"대형 입시학원","name":"피플어스과학1관학원","cap":560},"geometry":{"type":"Point","coordinates":[126.789899340669,37.6539721011725]}},{"type":"Feature","properties":{"kind":"academy","label":"대형 입시학원","name":"하이탑학원","cap":300},"geometry":{"type":"Point","coordinates":[126.90481983538,37.7103767805464]}},{"type":"Feature","properties":{"kind":"academy","label":"대형 입시학원","name":"햇빛드림러닝학원","cap":661},"geometry":{"type":"Point","coordinates":[126.835892529037,37.6236938748121]}},{"type":"Feature","properties":{"kind":"academy","label":"대형 입시학원","name":"행신점와와학습코칭센터학원","cap":1440},"geometry":{"type":"Point","coordinates":[126.84609327199,37.6182206111375]}},{"type":"Feature","properties":{"kind":"academy","label":"대형 입시학원","name":"화정이강티칭코칭학원","cap":490},"geometry":{"type":"Point","coordinates":[126.829604317578,37.6273163855593]}},{"type":"Feature","properties":{"kind":"academy","label":"대형 입시학원","name":"화정점더블유플러스학원","cap":360},"geometry":{"type":"Point","coordinates":[126.831921365315,37.6301443882775]}},{"type":"Feature","properties":{"kind":"academy","label":"대형 입시학원","name":"화정점와와학습코칭학원","cap":512},"geometry":{"type":"Point","coordinates":[126.832048913118,37.6304520761468]}},{"type":"Feature","properties":{"kind":"academy","label":"대형 입시학원","name":"후곡점더블유플러스학원","cap":720},"geometry":{"type":"Point","coordinates":[126.769759842723,37.6772140967054]}},{"type":"Feature","properties":{"kind":"academy","label":"대형 입시학원","name":"후곡점와와학습코칭학원","cap":952},"geometry":{"type":"Point","coordinates":[126.770648146235,37.6761359161445]}},{"type":"Feature","properties":{"kind":"academy","label":"대형 입시학원","name":"훈련학원","cap":410},"geometry":{"type":"Point","coordinates":[126.869477567953,37.6303744495607]}},{"type":"Feature","properties":{"kind":"academy","label":"대형 입시학원","name":"강산국어학원","cap":363},"geometry":{"type":"Point","coordinates":[126.993559604489,37.428158172462]}},{"type":"Feature","properties":{"kind":"academy","label":"대형 입시학원","name":"에듀플렉스에듀코치개별지도과천별양학원","cap":522},"geometry":{"type":"Point","coordinates":[126.992515379799,37.4275253266116]}},{"type":"Feature","properties":{"kind":"academy","label":"대형 입시학원","name":"감성수학학원","cap":3010},"geometry":{"type":"Point","coordinates":[126.927561353474,37.4791564660541]}},{"type":"Feature","properties":{"kind":"academy","label":"대형 입시학원","name":"강산국어2관학원","cap":765},"geometry":{"type":"Point","coordinates":[126.945986146095,37.4822430006847]}},{"type":"Feature","properties":{"kind":"academy","label":"대형 입시학원","name":"강쌤수학의달인학원","cap":388},"geometry":{"type":"Point","coordinates":[126.963173835859,37.4762747453442]}},{"type":"Feature","properties":{"kind":"academy","label":"대형 입시학원","name":"고등관강남예일학원","cap":420},"geometry":{"type":"Point","coordinates":[126.918471728046,37.4730965705873]}},{"type":"Feature","properties":{"kind":"academy","label":"대형 입시학원","name":"공신학원","cap":340},"geometry":{"type":"Point","coordinates":[126.956874928618,37.4859120585393]}},{"type":"Feature","properties":{"kind":"academy","label":"대형 입시학원","name":"공터영어&리드인학원","cap":3430},"geometry":{"type":"Point","coordinates":[126.927561353474,37.4791564660541]}},{"type":"Feature","properties":{"kind":"academy","label":"대형 입시학원","name":"관악시매쓰청명학원","cap":303},"geometry":{"type":"Point","coordinates":[126.946426921985,37.4873886798178]}},{"type":"Feature","properties":{"kind":"academy","label":"대형 입시학원","name":"관악아이스터디영어학원","cap":770},"geometry":{"type":"Point","coordinates":[126.95892477375,37.4920550488974]}},{"type":"Feature","properties":{"kind":"academy","label":"대형 입시학원","name":"관악정예학원","cap":516},"geometry":{"type":"Point","coordinates":[126.966587840198,37.4737262624202]}},{"type":"Feature","properties":{"kind":"academy","label":"대형 입시학원","name":"관악지엠에스뉴스터디학원","cap":756},"geometry":{"type":"Point","coordinates":[126.947220766123,37.4864591968344]}},{"type":"Feature","properties":{"kind":"academy","label":"대형 입시학원","name":"교보보습학원","cap":468},"geometry":{"type":"Point","coordinates":[126.95502103328,37.4806748854818]}},{"type":"Feature","properties":{"kind":"academy","label":"대형 입시학원","name":"김홍학원","cap":1120},"geometry":{"type":"Point","coordinates":[126.918459237472,37.482824128202]}},{"type":"Feature","properties":{"kind":"academy","label":"대형 입시학원","name":"네오진명보습학원","cap":3198},"geometry":{"type":"Point","coordinates":[126.949595277943,37.4813226832698]}},{"type":"Feature","properties":{"kind":"academy","label":"대형 입시학원","name":"눈높이러닝센터남현보습논술학원","cap":675},"geometry":{"type":"Point","coordinates":[126.976650488343,37.4749678384268]}},{"type":"Feature","properties":{"kind":"academy","label":"대형 입시학원","name":"눈높이러닝센터신림난곡보습논술학원","cap":675},"geometry":{"type":"Point","coordinates":[126.917626954698,37.4758393792937]}},{"type":"Feature","properties":{"kind":"academy","label":"대형 입시학원","name":"눈높이러닝센터신사보습논술학원","cap":675},"geometry":{"type":"Point","coordinates":[126.916644177851,37.4851063771258]}},{"type":"Feature","properties":{"kind":"academy","label":"대형 입시학원","name":"눈높이러닝센터신원보습논술학원","cap":675},"geometry":{"type":"Point","coordinates":[126.930094764438,37.4786674826803]}},{"type":"Feature","properties":{"kind":"academy","label":"대형 입시학원","name":"눈높이러닝센터인헌보습논술학원","cap":675},"geometry":{"type":"Point","coordinates":[126.965506883785,37.4739116499957]}},{"type":"Feature","properties":{"kind":"academy","label":"대형 입시학원","name":"눈높이러닝센터행운보습논술학원","cap":675},"geometry":{"type":"Point","coordinates":[126.956328907178,37.4843825765396]}},{"type":"Feature","properties":{"kind":"academy","label":"대형 입시학원","name":"다마스쿠스학원","cap":480},"geometry":{"type":"Point","coordinates":[126.915438657711,37.4780820676797]}},{"type":"Feature","properties":{"kind":"academy","label":"대형 입시학원","name":"대교하이캠퍼스구암학원","cap":675},"geometry":{"type":"Point","coordinates":[126.948355993845,37.4890682965874]}},{"type":"Feature","properties":{"kind":"academy","label":"대형 입시학원","name":"대치스코영수전문학원","cap":365},"geometry":{"type":"Point","coordinates":[126.946629088042,37.4870766621533]}},{"type":"Feature","properties":{"kind":"academy","label":"대형 입시학원","name":"더꼼꼼한수학학원","cap":760},"geometry":{"type":"Point","coordinates":[126.961353935612,37.476195686181]}},{"type":"Feature","properties":{"kind":"academy","label":"대형 입시학원","name":"더블에스이씨(SSEC)영어학원","cap":304},"geometry":{"type":"Point","coordinates":[126.951918263819,37.4862235159842]}},{"type":"Feature","properties":{"kind":"academy","label":"대형 입시학원","name":"덕승마스터학원","cap":539},"geometry":{"type":"Point","coordinates":[126.966353193028,37.4723656704257]}},{"type":"Feature","properties":{"kind":"academy","label":"대형 입시학원","name":"리트학원","cap":312},"geometry":{"type":"Point","coordinates":[126.915517441507,37.477895975529]}},{"type":"Feature","properties":{"kind":"academy","label":"대형 입시학원","name":"마중물제1관보습학원","cap":580},"geometry":{"type":"Point","coordinates":[126.928910070872,37.4909210289001]}},{"type":"Feature","properties":{"kind":"academy","label":"대형 입시학원","name":"마중물제2관학원","cap":362},"geometry":{"type":"Point","coordinates":[126.941800911852,37.4864534978185]}},{"type":"Feature","properties":{"kind":"academy","label":"대형 입시학원","name":"메트로영어학원","cap":814},"geometry":{"type":"Point","coordinates":[126.940943866094,37.4824077251032]}},{"type":"Feature","properties":{"kind":"academy","label":"대형 입시학원","name":"메티스교육학원","cap":400},"geometry":{"type":"Point","coordinates":[126.94836783824,37.4820446722436]}},{"type":"Feature","properties":{"kind":"academy","label":"대형 입시학원","name":"뮤엠영어사당남현점학원","cap":770},"geometry":{"type":"Point","coordinates":[126.977119964966,37.4746884369788]}},{"type":"Feature","properties":{"kind":"academy","label":"대형 입시학원","name":"뮤엠영어인헌보습학원","cap":568},"geometry":{"type":"Point","coordinates":[126.961641909995,37.4754801980605]}},{"type":"Feature","properties":{"kind":"academy","label":"대형 입시학원","name":"뮤엠영어폴리오구암학원","cap":345},"geometry":{"type":"Point","coordinates":[126.9478042333,37.4908036649866]}},{"type":"Feature","properties":{"kind":"academy","label":"대형 입시학원","name":"미래사관보습학원","cap":2518},"geometry":{"type":"Point","coordinates":[126.962644486024,37.4770198042559]}},{"type":"Feature","properties":{"kind":"academy","label":"대형 입시학원","name":"미래학원","cap":488},"geometry":{"type":"Point","coordinates":[126.952035419049,37.4865523414687]}},{"type":"Feature","properties":{"kind":"academy","label":"대형 입시학원","name":"베스트한솔보습학원","cap":624},"geometry":{"type":"Point","coordinates":[126.927016908496,37.4655088003601]}},{"type":"Feature","properties":{"kind":"academy","label":"대형 입시학원","name":"보라매학원","cap":390},"geometry":{"type":"Point","coordinates":[126.92761603866,37.4906778721801]}},{"type":"Feature","properties":{"kind":"academy","label":"대형 입시학원","name":"봉천에듀플렉스에듀코치학원","cap":1650},"geometry":{"type":"Point","coordinates":[126.946168526486,37.4871142054397]}},{"type":"Feature","properties":{"kind":"academy","label":"대형 입시학원","name":"상지학원","cap":870},"geometry":{"type":"Point","coordinates":[126.934893196844,37.4745718921364]}},{"type":"Feature","properties":{"kind":"academy","label":"대형 입시학원","name":"생각하는황소관악학원","cap":327},"geometry":{"type":"Point","coordinates":[126.941852475255,37.4858649847029]}},{"type":"Feature","properties":{"kind":"academy","label":"대형 입시학원","name":"서문보습학원","cap":620},"geometry":{"type":"Point","coordinates":[126.942542658222,37.4814172235618]}},{"type":"Feature","properties":{"kind":"academy","label":"대형 입시학원","name":"솔잎샘수학영어학원","cap":768},"geometry":{"type":"Point","coordinates":[126.915912779842,37.4767025102586]}},{"type":"Feature","properties":{"kind":"academy","label":"대형 입시학원","name":"스카이플러스보습학원","cap":366},"geometry":{"type":"Point","coordinates":[126.949367719564,37.481942029552]}},{"type":"Feature","properties":{"kind":"academy","label":"대형 입시학원","name":"스터디드림학원","cap":330},"geometry":{"type":"Point","coordinates":[126.94692377608,37.4886362593472]}},{"type":"Feature","properties":{"kind":"academy","label":"대형 입시학원","name":"신사해법영어학원","cap":405},"geometry":{"type":"Point","coordinates":[126.920309238258,37.4834133886061]}},{"type":"Feature","properties":{"kind":"academy","label":"대형 입시학원","name":"쎔수학학원","cap":584},"geometry":{"type":"Point","coordinates":[126.945894955554,37.4873460900284]}},{"type":"Feature","properties":{"kind":"academy","label":"대형 입시학원","name":"씨엘에스영어학원","cap":480},"geometry":{"type":"Point","coordinates":[126.946655989673,37.488520539445]}},{"type":"Feature","properties":{"kind":"academy","label":"대형 입시학원","name":"씨엠에스관악입시관학원","cap":328},"geometry":{"type":"Point","coordinates":[126.93760797956,37.4838555532077]}},{"type":"Feature","properties":{"kind":"academy","label":"대형 입시학원","name":"아벨보습학원","cap":720},"geometry":{"type":"Point","coordinates":[126.962205494624,37.4779156285198]}},{"type":"Feature","properties":{"kind":"academy","label":"대형 입시학원","name":"아벨에듀보습학원","cap":1080},"geometry":{"type":"Point","coordinates":[126.957115303953,37.4809806557141]}},{"type":"Feature","properties":{"kind":"academy","label":"대형 입시학원","name":"아소비딱풀리는수학신림푸르지오보습학원","cap":380},"geometry":{"type":"Point","coordinates":[126.910123169474,37.4804599612785]}},{"type":"Feature","properties":{"kind":"academy","label":"대형 입시학원","name":"앤플러스학원","cap":1224},"geometry":{"type":"Point","coordinates":[126.91686351445,37.4739951985327]}},{"type":"Feature","properties":{"kind":"academy","label":"대형 입시학원","name":"에듀플렉스에듀코치개별지도봉천2학원","cap":336},"geometry":{"type":"Point","coordinates":[126.957017858338,37.4860896993396]}},{"type":"Feature","properties":{"kind":"academy","label":"대형 입시학원","name":"열혈수학·과학전문학원","cap":640},"geometry":{"type":"Point","coordinates":[126.945428874003,37.4873527233282]}},{"type":"Feature","properties":{"kind":"academy","label":"대형 입시학원","name":"열혈학원","cap":693},"geometry":{"type":"Point","coordinates":[126.946051566679,37.4791573451475]}},{"type":"Feature","properties":{"kind":"academy","label":"대형 입시학원","name":"영어종결센터청림학원","cap":432},"geometry":{"type":"Point","coordinates":[126.959937748135,37.4875621618116]}},{"type":"Feature","properties":{"kind":"academy","label":"대형 입시학원","name":"오소리프라임보습학원","cap":365},"geometry":{"type":"Point","coordinates":[126.947036314759,37.4873102965781]}},{"type":"Feature","properties":{"kind":"academy","label":"대형 입시학원","name":"온누리보습학원","cap":1440},"geometry":{"type":"Point","coordinates":[126.914897921947,37.4752783688121]}},{"type":"Feature","properties":{"kind":"academy","label":"대형 입시학원","name":"와이즈만수학과학관악센터학원","cap":372},"geometry":{"type":"Point","coordinates":[126.949921758362,37.4818924398904]}},{"type":"Feature","properties":{"kind":"academy","label":"대형 입시학원","name":"웅진씽크빅학습센터성현학원","cap":1638},"geometry":{"type":"Point","coordinates":[126.948355993845,37.4890682965874]}},{"type":"Feature","properties":{"kind":"academy","label":"대형 입시학원","name":"유씨수학학원","cap":801},"geometry":{"type":"Point","coordinates":[126.947131764449,37.4871240108782]}},{"type":"Feature","properties":{"kind":"academy","label":"대형 입시학원","name":"윤선생아이지에스이아카데미(IGSE Academy)보라매학원","cap":480},"geometry":{"type":"Point","coordinates":[126.92761603866,37.4906778721801]}},{"type":"Feature","properties":{"kind":"academy","label":"대형 입시학원","name":"이쌤영어학원","cap":880},"geometry":{"type":"Point","coordinates":[126.952985510916,37.4898474387668]}},{"type":"Feature","properties":{"kind":"academy","label":"대형 입시학원","name":"이지학원","cap":2100},"geometry":{"type":"Point","coordinates":[126.94836783824,37.4820446722436]}},{"type":"Feature","properties":{"kind":"academy","label":"대형 입시학원","name":"이플러스영수학원","cap":508},"geometry":{"type":"Point","coordinates":[126.943916299392,37.4796784857238]}},{"type":"Feature","properties":{"kind":"academy","label":"대형 입시학원","name":"이화보습학원","cap":370},"geometry":{"type":"Point","coordinates":[126.918942273894,37.4725400701048]}},{"type":"Feature","properties":{"kind":"academy","label":"대형 입시학원","name":"일등학원","cap":891},"geometry":{"type":"Point","coordinates":[126.945377054435,37.4867772255744]}},{"type":"Feature","properties":{"kind":"academy","label":"대형 입시학원","name":"잉글리시아이뉴웨이수학학원","cap":910},"geometry":{"type":"Point","coordinates":[126.917394863453,37.476141235668]}},{"type":"Feature","properties":{"kind":"academy","label":"대형 입시학원","name":"정호올림피아드보습학원","cap":1023},"geometry":{"type":"Point","coordinates":[126.919110907593,37.482955943187]}},{"type":"Feature","properties":{"kind":"academy","label":"대형 입시학원","name":"제이엘에스(JLS)관악학원","cap":488},"geometry":{"type":"Point","coordinates":[126.949921758362,37.4818924398904]}},{"type":"Feature","properties":{"kind":"academy","label":"대형 입시학원","name":"젬(GEM)영어·수학학원","cap":420},"geometry":{"type":"Point","coordinates":[126.935262030255,37.4714874867172]}},{"type":"Feature","properties":{"kind":"academy","label":"대형 입시학원","name":"종로엠신림보습학원","cap":765},"geometry":{"type":"Point","coordinates":[126.920180427488,37.4604788982933]}},{"type":"Feature","properties":{"kind":"academy","label":"대형 입시학원","name":"중앙수학학원","cap":720},"geometry":{"type":"Point","coordinates":[126.952604796556,37.4864361610003]}},{"type":"Feature","properties":{"kind":"academy","label":"대형 입시학원","name":"진수학학원","cap":336},"geometry":{"type":"Point","coordinates":[126.918942273894,37.4725400701048]}},{"type":"Feature","properties":{"kind":"academy","label":"대형 입시학원","name":"채움학원","cap":1547},"geometry":{"type":"Point","coordinates":[126.919248807252,37.4741658821631]}},{"type":"Feature","properties":{"kind":"academy","label":"대형 입시학원","name":"책나무서울대벤처타운점독서논술학원","cap":438},"geometry":{"type":"Point","coordinates":[126.936108113418,37.4713051322276]}},{"type":"Feature","properties":{"kind":"academy","label":"대형 입시학원","name":"책나무성현국어논술학원","cap":360},"geometry":{"type":"Point","coordinates":[126.948629335961,37.488838388485]}},{"type":"Feature","properties":{"kind":"academy","label":"대형 입시학원","name":"책으로리드인독서논술국어학원","cap":882},"geometry":{"type":"Point","coordinates":[126.952985510916,37.4898474387668]}},{"type":"Feature","properties":{"kind":"academy","label":"대형 입시학원","name":"철학교육논술학원","cap":1194},"geometry":{"type":"Point","coordinates":[126.965400717632,37.4766351014703]}},{"type":"Feature","properties":{"kind":"academy","label":"대형 입시학원","name":"청맥보습학원","cap":426},"geometry":{"type":"Point","coordinates":[126.916539767186,37.475900695933]}},{"type":"Feature","properties":{"kind":"academy","label":"대형 입시학원","name":"케이엔제이(KNJ)학원","cap":810},"geometry":{"type":"Point","coordinates":[126.93390587138,37.484511186246]}},{"type":"Feature","properties":{"kind":"academy","label":"대형 입시학원","name":"케이엠(KM)올케어학원","cap":856},"geometry":{"type":"Point","coordinates":[126.934527042144,37.4779202019066]}},{"type":"Feature","properties":{"kind":"academy","label":"대형 입시학원","name":"키맨학원","cap":720},"geometry":{"type":"Point","coordinates":[126.960607343765,37.4841357625535]}},{"type":"Feature","properties":{"kind":"academy","label":"대형 입시학원","name":"탑클래스학원","cap":390},"geometry":{"type":"Point","coordinates":[126.919326648265,37.4602221608432]}},{"type":"Feature","properties":{"kind":"academy","label":"대형 입시학원","name":"탑한빛학원","cap":372},"geometry":{"type":"Point","coordinates":[126.939223564554,37.4866527645058]}},{"type":"Feature","properties":{"kind":"academy","label":"대형 입시학원","name":"파스칼수학2관학원","cap":1596},"geometry":{"type":"Point","coordinates":[126.91914540513,37.4722404432108]}},{"type":"Feature","properties":{"kind":"academy","label":"대형 입시학원","name":"필즈수학전문학원","cap":390},"geometry":{"type":"Point","coordinates":[126.927360360339,37.4911599343742]}},{"type":"Feature","properties":{"kind":"academy","label":"대형 입시학원","name":"하브루타학원","cap":996},"geometry":{"type":"Point","coordinates":[126.917252351174,37.4820441870141]}},{"type":"Feature","properties":{"kind":"academy","label":"대형 입시학원","name":"하이뉴스터디학원","cap":510},"geometry":{"type":"Point","coordinates":[126.946942234369,37.4846004722881]}},{"type":"Feature","properties":{"kind":"academy","label":"대형 입시학원","name":"하이필드영어학원","cap":390},"geometry":{"type":"Point","coordinates":[126.956789333907,37.4868970093613]}},{"type":"Feature","properties":{"kind":"academy","label":"대형 입시학원","name":"해오름엔보습학원","cap":300},"geometry":{"type":"Point","coordinates":[126.914017006977,37.4777551466521]}},{"type":"Feature","properties":{"kind":"academy","label":"대형 입시학원","name":"호크마학원","cap":1740},"geometry":{"type":"Point","coordinates":[126.951265478693,37.4866312249968]}},{"type":"Feature","properties":{"kind":"academy","label":"대형 입시학원","name":"광명점와와학습코칭학원","cap":1072},"geometry":{"type":"Point","coordinates":[126.8509644652,37.4729484466432]}},{"type":"Feature","properties":{"kind":"academy","label":"대형 입시학원","name":"광명하안에이닷영어학원","cap":1080},"geometry":{"type":"Point","coordinates":[126.880655342814,37.4623690714765]}},{"type":"Feature","properties":{"kind":"academy","label":"대형 입시학원","name":"눈높이러닝센터광명학원","cap":675},"geometry":{"type":"Point","coordinates":[126.853494878079,37.4688141740868]}},{"type":"Feature","properties":{"kind":"academy","label":"대형 입시학원","name":"눈높이러닝센터광명한진학원","cap":675},"geometry":{"type":"Point","coordinates":[126.850656765431,37.4776545692772]}},{"type":"Feature","properties":{"kind":"academy","label":"대형 입시학원","name":"눈높이러닝센터늘해랑학원","cap":675},"geometry":{"type":"Point","coordinates":[126.880131800837,37.4610781129755]}},{"type":"Feature","properties":{"kind":"academy","label":"대형 입시학원","name":"눈높이러닝센터도덕학원","cap":675},"geometry":{"type":"Point","coordinates":[126.865886761358,37.4709389635179]}},{"type":"Feature","properties":{"kind":"academy","label":"대형 입시학원","name":"눈높이러닝센터소하학원","cap":675},"geometry":{"type":"Point","coordinates":[126.879399290104,37.4376092137255]}},{"type":"Feature","properties":{"kind":"academy","label":"대형 입시학원","name":"눈높이러닝센터승리학원","cap":675},"geometry":{"type":"Point","coordinates":[126.858004615327,37.4786045514726]}},{"type":"Feature","properties":{"kind":"academy","label":"대형 입시학원","name":"눈높이러닝센터철산학원","cap":675},"geometry":{"type":"Point","coordinates":[126.871077325546,37.4774147094983]}},{"type":"Feature","properties":{"kind":"academy","label":"대형 입시학원","name":"리드101철산영어학원","cap":600},"geometry":{"type":"Point","coordinates":[126.868394411499,37.4757994860365]}},{"type":"Feature","properties":{"kind":"academy","label":"대형 입시학원","name":"베스티안수학학원철산관","cap":320},"geometry":{"type":"Point","coordinates":[126.866261238015,37.4748973430136]}},{"type":"Feature","properties":{"kind":"academy","label":"대형 입시학원","name":"소하점와와학습코칭학원","cap":760},"geometry":{"type":"Point","coordinates":[126.879772772494,37.4332803049646]}},{"type":"Feature","properties":{"kind":"academy","label":"대형 입시학원","name":"시태종수학학원","cap":360},"geometry":{"type":"Point","coordinates":[126.868744388688,37.4775002596506]}},{"type":"Feature","properties":{"kind":"academy","label":"대형 입시학원","name":"에듀플렉스에듀코치개별지도광명소하학원","cap":300},"geometry":{"type":"Point","coordinates":[126.883362166817,37.4472867518649]}},{"type":"Feature","properties":{"kind":"academy","label":"대형 입시학원","name":"잇올스파르타독학관리학원","cap":2011},"geometry":{"type":"Point","coordinates":[126.879743782045,37.4629735368685]}},{"type":"Feature","properties":{"kind":"academy","label":"대형 입시학원","name":"철산점와와학습코칭학원","cap":400},"geometry":{"type":"Point","coordinates":[126.865449589102,37.4715832291923]}},{"type":"Feature","properties":{"kind":"academy","label":"대형 입시학원","name":"하안2관베스티안학원","cap":320},"geometry":{"type":"Point","coordinates":[126.879291155973,37.4627164673843]}},{"type":"Feature","properties":{"kind":"academy","label":"대형 입시학원","name":"하안베스티안학원","cap":320},"geometry":{"type":"Point","coordinates":[126.881341079501,37.4622473145711]}},{"type":"Feature","properties":{"kind":"academy","label":"대형 입시학원","name":"1등급학원","cap":497},"geometry":{"type":"Point","coordinates":[127.092941976054,37.5434680423536]}},{"type":"Feature","properties":{"kind":"academy","label":"대형 입시학원","name":"강단수학학원","cap":450},"geometry":{"type":"Point","coordinates":[127.093703340621,37.5428801693639]}},{"type":"Feature","properties":{"kind":"academy","label":"대형 입시학원","name":"강북전문가집단보습학원","cap":540},"geometry":{"type":"Point","coordinates":[127.086643404936,37.5635945424938]}},{"type":"Feature","properties":{"kind":"academy","label":"대형 입시학원","name":"광개토아카데미보습학원","cap":320},"geometry":{"type":"Point","coordinates":[127.087099875861,37.5638803629845]}},{"type":"Feature","properties":{"kind":"academy","label":"대형 입시학원","name":"광진고스(GOS)에듀학원","cap":690},"geometry":{"type":"Point","coordinates":[127.094709156353,37.5417964558524]}},{"type":"Feature","properties":{"kind":"academy","label":"대형 입시학원","name":"광진구주이배고등관학원","cap":603},"geometry":{"type":"Point","coordinates":[127.095511510737,37.541965017303]}},{"type":"Feature","properties":{"kind":"academy","label":"대형 입시학원","name":"광진에이닷영어학원","cap":1040},"geometry":{"type":"Point","coordinates":[127.093937543814,37.5425886902215]}},{"type":"Feature","properties":{"kind":"academy","label":"대형 입시학원","name":"광진전문가집단보습학원","cap":530},"geometry":{"type":"Point","coordinates":[127.086643404936,37.5635945424938]}},{"type":"Feature","properties":{"kind":"academy","label":"대형 입시학원","name":"눈높이러닝센타아차산보습학원","cap":1305},"geometry":{"type":"Point","coordinates":[127.091960416394,37.5560453043097]}},{"type":"Feature","properties":{"kind":"academy","label":"대형 입시학원","name":"눈높이러닝센터중곡보습학원","cap":1305},"geometry":{"type":"Point","coordinates":[127.081983443106,37.5571944871538]}},{"type":"Feature","properties":{"kind":"academy","label":"대형 입시학원","name":"동부대일보습학원","cap":408},"geometry":{"type":"Point","coordinates":[127.090404201594,37.5567374808748]}},{"type":"Feature","properties":{"kind":"academy","label":"대형 입시학원","name":"라온슬옹학원","cap":305},"geometry":{"type":"Point","coordinates":[127.093974084703,37.5404187841405]}},{"type":"Feature","properties":{"kind":"academy","label":"대형 입시학원","name":"라임(Lime)학원","cap":340},"geometry":{"type":"Point","coordinates":[127.081144577045,37.5354748686688]}},{"type":"Feature","properties":{"kind":"academy","label":"대형 입시학원","name":"리드체인지학원","cap":515},"geometry":{"type":"Point","coordinates":[127.084330413163,37.5549200684998]}},{"type":"Feature","properties":{"kind":"academy","label":"대형 입시학원","name":"리차드잉글리쉬학원","cap":300},"geometry":{"type":"Point","coordinates":[127.095646084596,37.5407523432876]}},{"type":"Feature","properties":{"kind":"academy","label":"대형 입시학원","name":"명문고려보습학원","cap":855},"geometry":{"type":"Point","coordinates":[127.082657634876,37.5624218704524]}},{"type":"Feature","properties":{"kind":"academy","label":"대형 입시학원","name":"명장보습학원","cap":589},"geometry":{"type":"Point","coordinates":[127.075949906451,37.5333130389845]}},{"type":"Feature","properties":{"kind":"academy","label":"대형 입시학원","name":"모난돌국어역사학원","cap":372},"geometry":{"type":"Point","coordinates":[127.093235584143,37.5399003937123]}},{"type":"Feature","properties":{"kind":"academy","label":"대형 입시학원","name":"반석학원","cap":688},"geometry":{"type":"Point","coordinates":[127.100121481037,37.5423084438085]}},{"type":"Feature","properties":{"kind":"academy","label":"대형 입시학원","name":"브레인학원","cap":528},"geometry":{"type":"Point","coordinates":[127.082177272732,37.5629282053001]}},{"type":"Feature","properties":{"kind":"academy","label":"대형 입시학원","name":"비젼아카데미보습학원","cap":360},"geometry":{"type":"Point","coordinates":[127.071110375309,37.5502594389327]}},{"type":"Feature","properties":{"kind":"academy","label":"대형 입시학원","name":"수좌국어학원","cap":445},"geometry":{"type":"Point","coordinates":[127.093251396174,37.5432386743189]}},{"type":"Feature","properties":{"kind":"academy","label":"대형 입시학원","name":"수학지능학원","cap":600},"geometry":{"type":"Point","coordinates":[127.095243453597,37.5404545279486]}},{"type":"Feature","properties":{"kind":"academy","label":"대형 입시학원","name":"아이작수능사고력학원","cap":330},"geometry":{"type":"Point","coordinates":[127.075820421522,37.5327019732956]}},{"type":"Feature","properties":{"kind":"academy","label":"대형 입시학원","name":"에듀프라임학원","cap":468},"geometry":{"type":"Point","coordinates":[127.093278979836,37.5547505278968]}},{"type":"Feature","properties":{"kind":"academy","label":"대형 입시학원","name":"에듀플렉스에듀코치개별지도구의학원","cap":1050},"geometry":{"type":"Point","coordinates":[127.094572728442,37.5420027138547]}},{"type":"Feature","properties":{"kind":"academy","label":"대형 입시학원","name":"에스에이치보습학원","cap":320},"geometry":{"type":"Point","coordinates":[127.093703340621,37.5428801693639]}},{"type":"Feature","properties":{"kind":"academy","label":"대형 입시학원","name":"에이스원영어학원","cap":300},"geometry":{"type":"Point","coordinates":[127.07035980227,37.534904335365]}},{"type":"Feature","properties":{"kind":"academy","label":"대형 입시학원","name":"연세이룸학원","cap":350},"geometry":{"type":"Point","coordinates":[127.081397776835,37.5317138271823]}},{"type":"Feature","properties":{"kind":"academy","label":"대형 입시학원","name":"오늘의국어학원","cap":370},"geometry":{"type":"Point","coordinates":[127.093703340621,37.5428801693639]}},{"type":"Feature","properties":{"kind":"academy","label":"대형 입시학원","name":"올림피아드보습학원","cap":504},"geometry":{"type":"Point","coordinates":[127.084486774651,37.5364328110879]}},{"type":"Feature","properties":{"kind":"academy","label":"대형 입시학원","name":"올림피아드영재센터보습학원","cap":790},"geometry":{"type":"Point","coordinates":[127.084253255468,37.5358393988947]}},{"type":"Feature","properties":{"kind":"academy","label":"대형 입시학원","name":"와와학습코칭학원","cap":744},"geometry":{"type":"Point","coordinates":[127.093550688144,37.5430554446503]}},{"type":"Feature","properties":{"kind":"academy","label":"대형 입시학원","name":"용마스마트해법학원","cap":1060},"geometry":{"type":"Point","coordinates":[127.082981717368,37.5573526355645]}},{"type":"Feature","properties":{"kind":"academy","label":"대형 입시학원","name":"위드학원","cap":639},"geometry":{"type":"Point","coordinates":[127.084895018038,37.5547091908837]}},{"type":"Feature","properties":{"kind":"academy","label":"대형 입시학원","name":"유니크수학학원","cap":330},"geometry":{"type":"Point","coordinates":[127.075301209905,37.5331352364244]}},{"type":"Feature","properties":{"kind":"academy","label":"대형 입시학원","name":"윤선생영어숲자양보습학원","cap":380},"geometry":{"type":"Point","coordinates":[127.08256885061,37.5296502621028]}},{"type":"Feature","properties":{"kind":"academy","label":"대형 입시학원","name":"이투스247서울광진점학원","cap":2120},"geometry":{"type":"Point","coordinates":[127.093974084703,37.5404187841405]}},{"type":"Feature","properties":{"kind":"academy","label":"대형 입시학원","name":"이튼클래스보습학원","cap":360},"geometry":{"type":"Point","coordinates":[127.07035980227,37.534904335365]}},{"type":"Feature","properties":{"kind":"academy","label":"대형 입시학원","name":"잉글리쉬무무자양보습학원","cap":740},"geometry":{"type":"Point","coordinates":[127.071843016145,37.5341117330817]}},{"type":"Feature","properties":{"kind":"academy","label":"대형 입시학원","name":"자양에듀플렉스보습학원","cap":480},"geometry":{"type":"Point","coordinates":[127.07605161622,37.5336443616233]}},{"type":"Feature","properties":{"kind":"academy","label":"대형 입시학원","name":"전문가집단보습학원","cap":552},"geometry":{"type":"Point","coordinates":[127.086643404936,37.5635945424938]}},{"type":"Feature","properties":{"kind":"academy","label":"대형 입시학원","name":"청출어람보습학원","cap":910},"geometry":{"type":"Point","coordinates":[127.09484187802,37.5408087637925]}},{"type":"Feature","properties":{"kind":"academy","label":"대형 입시학원","name":"클라비스수학학원","cap":420},"geometry":{"type":"Point","coordinates":[127.094397164406,37.541682909439]}},{"type":"Feature","properties":{"kind":"academy","label":"대형 입시학원","name":"탑(Top)고려보습학원","cap":840},"geometry":{"type":"Point","coordinates":[127.082267149875,37.5627301037268]}},{"type":"Feature","properties":{"kind":"academy","label":"대형 입시학원","name":"튜터링랩(TutoringLAB)광진광장센터학원","cap":504},"geometry":{"type":"Point","coordinates":[127.083794490916,37.5422389870294]}},{"type":"Feature","properties":{"kind":"academy","label":"대형 입시학원","name":"피케이(PK)독학재수광진본원학원","cap":760},"geometry":{"type":"Point","coordinates":[127.092865583565,37.5396261506412]}},{"type":"Feature","properties":{"kind":"academy","label":"대형 입시학원","name":"한국보습학원","cap":440},"geometry":{"type":"Point","coordinates":[127.066020044205,37.5417521895385]}},{"type":"Feature","properties":{"kind":"academy","label":"대형 입시학원","name":"허윤호수학학원","cap":390},"geometry":{"type":"Point","coordinates":[127.094914025322,37.5415780693025]}},{"type":"Feature","properties":{"kind":"academy","label":"대형 입시학원","name":"구로이엠아이(EMI)학원","cap":315},"geometry":{"type":"Point","coordinates":[126.876446827824,37.4918751361412]}},{"type":"Feature","properties":{"kind":"academy","label":"대형 입시학원","name":"구일수학삼성영어학원","cap":795},"geometry":{"type":"Point","coordinates":[126.876446827824,37.4918751361412]}},{"type":"Feature","properties":{"kind":"academy","label":"대형 입시학원","name":"깊은생각수학신도림학원","cap":420},"geometry":{"type":"Point","coordinates":[126.883427027522,37.5063918465946]}},{"type":"Feature","properties":{"kind":"academy","label":"대형 입시학원","name":"눈높이러닝센터개봉학원","cap":660},"geometry":{"type":"Point","coordinates":[126.852977404887,37.4860510010048]}},{"type":"Feature","properties":{"kind":"academy","label":"대형 입시학원","name":"눈높이러닝센터개봉현대학원","cap":660},"geometry":{"type":"Point","coordinates":[126.856793522742,37.4913524386688]}},{"type":"Feature","properties":{"kind":"academy","label":"대형 입시학원","name":"눈높이러닝센터남구로학원","cap":660},"geometry":{"type":"Point","coordinates":[126.891399918226,37.4866606515713]}},{"type":"Feature","properties":{"kind":"academy","label":"대형 입시학원","name":"눈높이러닝센터라온학원","cap":660},"geometry":{"type":"Point","coordinates":[126.874445893777,37.495744201061]}},{"type":"Feature","properties":{"kind":"academy","label":"대형 입시학원","name":"눈높이러닝센터신도림학원","cap":660},"geometry":{"type":"Point","coordinates":[126.883427027522,37.5063918465946]}},{"type":"Feature","properties":{"kind":"academy","label":"대형 입시학원","name":"눈높이러닝센터오남학원","cap":660},"geometry":{"type":"Point","coordinates":[126.839503047777,37.486414321006]}},{"type":"Feature","properties":{"kind":"academy","label":"대형 입시학원","name":"멘토플러스수학학원","cap":595},"geometry":{"type":"Point","coordinates":[126.884470304555,37.5112029731186]}},{"type":"Feature","properties":{"kind":"academy","label":"대형 입시학원","name":"뮤엠영어이지수학학원","cap":330},"geometry":{"type":"Point","coordinates":[126.876446827824,37.4918751361412]}},{"type":"Feature","properties":{"kind":"academy","label":"대형 입시학원","name":"베스티안학원","cap":480},"geometry":{"type":"Point","coordinates":[126.855708578139,37.4905756220475]}},{"type":"Feature","properties":{"kind":"academy","label":"대형 입시학원","name":"보스조슈아영어학원","cap":308},"geometry":{"type":"Point","coordinates":[126.883427027522,37.5063918465946]}},{"type":"Feature","properties":{"kind":"academy","label":"대형 입시학원","name":"새솔뮤엠영어수학학원","cap":480},"geometry":{"type":"Point","coordinates":[126.890520884986,37.5001619663469]}},{"type":"Feature","properties":{"kind":"academy","label":"대형 입시학원","name":"에듀플렉스에듀코치개별지도고척학원","cap":300},"geometry":{"type":"Point","coordinates":[126.861897972524,37.4969063722102]}},{"type":"Feature","properties":{"kind":"academy","label":"대형 입시학원","name":"와와학습코칭신도림학원","cap":392},"geometry":{"type":"Point","coordinates":[126.878751845875,37.5066016695447]}},{"type":"Feature","properties":{"kind":"academy","label":"대형 입시학원","name":"웅진씽크빅스마트올클래스항동2학원","cap":1208},"geometry":{"type":"Point","coordinates":[126.824497553802,37.4809973004477]}},{"type":"Feature","properties":{"kind":"academy","label":"대형 입시학원","name":"웅진씽크빅스마트올클래스항동학원","cap":630},"geometry":{"type":"Point","coordinates":[126.824294637379,37.4808405838883]}},{"type":"Feature","properties":{"kind":"academy","label":"대형 입시학원","name":"웅진씽크빅학습센터고척학원","cap":540},"geometry":{"type":"Point","coordinates":[126.85690305892,37.5052977060929]}},{"type":"Feature","properties":{"kind":"academy","label":"대형 입시학원","name":"웅진씽크빅학습센터신도림학원","cap":480},"geometry":{"type":"Point","coordinates":[126.884470304555,37.5112029731186]}},{"type":"Feature","properties":{"kind":"academy","label":"대형 입시학원","name":"인커브수학학원","cap":324},"geometry":{"type":"Point","coordinates":[126.883427027522,37.5063918465946]}},{"type":"Feature","properties":{"kind":"academy","label":"대형 입시학원","name":"차이랑중국어국어한문학원","cap":312},"geometry":{"type":"Point","coordinates":[126.883427027522,37.5063918465946]}},{"type":"Feature","properties":{"kind":"academy","label":"대형 입시학원","name":"하이이이학원","cap":324},"geometry":{"type":"Point","coordinates":[126.83937984931,37.4808996260751]}},{"type":"Feature","properties":{"kind":"academy","label":"대형 입시학원","name":"YBM잉글루구리부양제1캠퍼스학원","cap":300},"geometry":{"type":"Point","coordinates":[127.141846500002,37.59204837938]}},{"type":"Feature","properties":{"kind":"academy","label":"대형 입시학원","name":"갈매꿈의열매학원","cap":330},"geometry":{"type":"Point","coordinates":[127.121620387027,37.636928717354]}},{"type":"Feature","properties":{"kind":"academy","label":"대형 입시학원","name":"갈매유투엠수학학원","cap":345},"geometry":{"type":"Point","coordinates":[127.117421483224,37.6323130800285]}},{"type":"Feature","properties":{"kind":"academy","label":"대형 입시학원","name":"갈매점와와학습코칭학원","cap":720},"geometry":{"type":"Point","coordinates":[127.116963766952,37.6316461747299]}},{"type":"Feature","properties":{"kind":"academy","label":"대형 입시학원","name":"구리구주이배수학학원","cap":1260},"geometry":{"type":"Point","coordinates":[127.138681029771,37.5921437718742]}},{"type":"Feature","properties":{"kind":"academy","label":"대형 입시학원","name":"구리에이닷영어학원","cap":1080},"geometry":{"type":"Point","coordinates":[127.150567762364,37.5928604516015]}},{"type":"Feature","properties":{"kind":"academy","label":"대형 입시학원","name":"구주이배대입학원","cap":1560},"geometry":{"type":"Point","coordinates":[127.138681029771,37.5921437718742]}},{"type":"Feature","properties":{"kind":"academy","label":"대형 입시학원","name":"깊이와통찰2관학원","cap":300},"geometry":{"type":"Point","coordinates":[127.140568905603,37.5913674068385]}},{"type":"Feature","properties":{"kind":"academy","label":"대형 입시학원","name":"깊이와통찰학원","cap":300},"geometry":{"type":"Point","coordinates":[127.140568905603,37.5913674068385]}},{"type":"Feature","properties":{"kind":"academy","label":"대형 입시학원","name":"눈높이러닝센터갈매학원","cap":1605},"geometry":{"type":"Point","coordinates":[127.117146968409,37.6324486809073]}},{"type":"Feature","properties":{"kind":"academy","label":"대형 입시학원","name":"눈높이러닝센터아름학원","cap":1620},"geometry":{"type":"Point","coordinates":[127.133818197752,37.6082697210005]}},{"type":"Feature","properties":{"kind":"academy","label":"대형 입시학원","name":"눈높이러닝센터인창학원","cap":1620},"geometry":{"type":"Point","coordinates":[127.141700467429,37.6075300883182]}},{"type":"Feature","properties":{"kind":"academy","label":"대형 입시학원","name":"대교하이캠퍼스장자학원","cap":1620},"geometry":{"type":"Point","coordinates":[127.138969659191,37.5872769959334]}},{"type":"Feature","properties":{"kind":"academy","label":"대형 입시학원","name":"더스코어학원","cap":645},"geometry":{"type":"Point","coordinates":[127.138146946487,37.5919079780444]}},{"type":"Feature","properties":{"kind":"academy","label":"대형 입시학원","name":"동부대명학원","cap":315},"geometry":{"type":"Point","coordinates":[127.139655676565,37.5918870114526]}},{"type":"Feature","properties":{"kind":"academy","label":"대형 입시학원","name":"막강한샘학원","cap":510},"geometry":{"type":"Point","coordinates":[127.141358503339,37.6045083103427]}},{"type":"Feature","properties":{"kind":"academy","label":"대형 입시학원","name":"보승학원","cap":304},"geometry":{"type":"Point","coordinates":[127.138284619205,37.5866378257431]}},{"type":"Feature","properties":{"kind":"academy","label":"대형 입시학원","name":"비상주니어학원","cap":315},"geometry":{"type":"Point","coordinates":[127.117246249621,37.6320409764948]}},{"type":"Feature","properties":{"kind":"academy","label":"대형 입시학원","name":"수택에듀플렉스학원","cap":345},"geometry":{"type":"Point","coordinates":[127.140276235541,37.5919831321525]}},{"type":"Feature","properties":{"kind":"academy","label":"대형 입시학원","name":"스피드TC학원","cap":340},"geometry":{"type":"Point","coordinates":[127.139828913942,37.5871046124826]}},{"type":"Feature","properties":{"kind":"academy","label":"대형 입시학원","name":"아이엠에스학원","cap":600},"geometry":{"type":"Point","coordinates":[127.139617252329,37.587319659544]}},{"type":"Feature","properties":{"kind":"academy","label":"대형 입시학원","name":"엠베스트SE갈매학원","cap":360},"geometry":{"type":"Point","coordinates":[127.116984130727,37.6330013266779]}},{"type":"Feature","properties":{"kind":"academy","label":"대형 입시학원","name":"오름학원","cap":324},"geometry":{"type":"Point","coordinates":[127.140369308486,37.591620913066]}},{"type":"Feature","properties":{"kind":"academy","label":"대형 입시학원","name":"와와학습코칭센터학원","cap":720},"geometry":{"type":"Point","coordinates":[127.140488843483,37.6044311428955]}},{"type":"Feature","properties":{"kind":"academy","label":"대형 입시학원","name":"위캔(WeCan)학원","cap":345},"geometry":{"type":"Point","coordinates":[127.1417371153,37.6045813769871]}},{"type":"Feature","properties":{"kind":"academy","label":"대형 입시학원","name":"제우스학원","cap":460},"geometry":{"type":"Point","coordinates":[127.139616396567,37.5913470036649]}},{"type":"Feature","properties":{"kind":"academy","label":"대형 입시학원","name":"케이투라티오학원","cap":350},"geometry":{"type":"Point","coordinates":[127.140780158048,37.6046337886781]}},{"type":"Feature","properties":{"kind":"academy","label":"대형 입시학원","name":"케이투학원","cap":480},"geometry":{"type":"Point","coordinates":[127.140780158048,37.6046337886781]}},{"type":"Feature","properties":{"kind":"academy","label":"대형 입시학원","name":"티스터디학원","cap":300},"geometry":{"type":"Point","coordinates":[127.140117969011,37.591635177067]}},{"type":"Feature","properties":{"kind":"academy","label":"대형 입시학원","name":"한샘하이보습학원","cap":510},"geometry":{"type":"Point","coordinates":[127.141358503339,37.6045083103427]}},{"type":"Feature","properties":{"kind":"academy","label":"대형 입시학원","name":"금천점와와학습코칭학원","cap":361},"geometry":{"type":"Point","coordinates":[126.914588261631,37.4503452637179]}},{"type":"Feature","properties":{"kind":"academy","label":"대형 입시학원","name":"네임드에듀학원","cap":325},"geometry":{"type":"Point","coordinates":[126.903424101382,37.4722244051207]}},{"type":"Feature","properties":{"kind":"academy","label":"대형 입시학원","name":"눈높이러닝센터시흥벽산학원","cap":675},"geometry":{"type":"Point","coordinates":[126.914919784616,37.450599949033]}},{"type":"Feature","properties":{"kind":"academy","label":"대형 입시학원","name":"눈높이러닝센터큰꿈학원","cap":675},"geometry":{"type":"Point","coordinates":[126.901787256927,37.465764252171]}},{"type":"Feature","properties":{"kind":"academy","label":"대형 입시학원","name":"이지(EG)학원","cap":650},"geometry":{"type":"Point","coordinates":[126.903472790688,37.4794589203551]}},{"type":"Feature","properties":{"kind":"academy","label":"대형 입시학원","name":"구자현입시학원","cap":516},"geometry":{"type":"Point","coordinates":[126.666822824283,37.6448439596987]}},{"type":"Feature","properties":{"kind":"academy","label":"대형 입시학원","name":"권쌤수학학원","cap":405},"geometry":{"type":"Point","coordinates":[126.682574204756,37.6541524367087]}},{"type":"Feature","properties":{"kind":"academy","label":"대형 입시학원","name":"김지영 영어학원","cap":540},"geometry":{"type":"Point","coordinates":[126.721212971347,37.6226914660495]}},{"type":"Feature","properties":{"kind":"academy","label":"대형 입시학원","name":"눈높이러닝센터고촌학원","cap":875},"geometry":{"type":"Point","coordinates":[126.77334836947,37.6053251507695]}},{"type":"Feature","properties":{"kind":"academy","label":"대형 입시학원","name":"눈높이러닝센터구래나비학원","cap":610},"geometry":{"type":"Point","coordinates":[126.627197266175,37.6402078861889]}},{"type":"Feature","properties":{"kind":"academy","label":"대형 입시학원","name":"눈높이러닝센터김포호수학원","cap":740},"geometry":{"type":"Point","coordinates":[126.63322138496,37.6506451500818]}},{"type":"Feature","properties":{"kind":"academy","label":"대형 입시학원","name":"눈높이러닝센터북변학원","cap":930},"geometry":{"type":"Point","coordinates":[126.701956875508,37.6280662503215]}},{"type":"Feature","properties":{"kind":"academy","label":"대형 입시학원","name":"눈높이러닝센터통진학원","cap":915},"geometry":{"type":"Point","coordinates":[126.595561111911,37.6932171380148]}},{"type":"Feature","properties":{"kind":"academy","label":"대형 입시학원","name":"눈높이러닝센터풍무그린학원","cap":660},"geometry":{"type":"Point","coordinates":[126.725315484158,37.6067933703888]}},{"type":"Feature","properties":{"kind":"academy","label":"대형 입시학원","name":"눈높이러닝센터풍무학원","cap":875},"geometry":{"type":"Point","coordinates":[126.720719886767,37.6022481854254]}},{"type":"Feature","properties":{"kind":"academy","label":"대형 입시학원","name":"눈높이러닝센터한강학원","cap":930},"geometry":{"type":"Point","coordinates":[126.667522654722,37.6437677310871]}},{"type":"Feature","properties":{"kind":"academy","label":"대형 입시학원","name":"다온캐피타운학원","cap":1250},"geometry":{"type":"Point","coordinates":[126.627195588231,37.6397500930445]}},{"type":"Feature","properties":{"kind":"academy","label":"대형 입시학원","name":"대교하이캠퍼스수기학원","cap":440},"geometry":{"type":"Point","coordinates":[126.763953856888,37.5938460657144]}},{"type":"Feature","properties":{"kind":"academy","label":"대형 입시학원","name":"더베스트영수학원","cap":361},"geometry":{"type":"Point","coordinates":[126.721938513676,37.6054401982038]}},{"type":"Feature","properties":{"kind":"academy","label":"대형 입시학원","name":"라온중고등관학원","cap":595},"geometry":{"type":"Point","coordinates":[126.624697865578,37.6431986018021]}},{"type":"Feature","properties":{"kind":"academy","label":"대형 입시학원","name":"리딩프라미스영어학원","cap":360},"geometry":{"type":"Point","coordinates":[126.68481909007,37.6542678348328]}},{"type":"Feature","properties":{"kind":"academy","label":"대형 입시학원","name":"사우점와와학습코칭학원","cap":3840},"geometry":{"type":"Point","coordinates":[126.720358395855,37.6216107850652]}},{"type":"Feature","properties":{"kind":"academy","label":"대형 입시학원","name":"앤스잉글리쉬학원","cap":610},"geometry":{"type":"Point","coordinates":[126.72617318865,37.6002281548111]}},{"type":"Feature","properties":{"kind":"academy","label":"대형 입시학원","name":"에듀플렉스에듀코치개별지도구래학원","cap":1206},"geometry":{"type":"Point","coordinates":[126.624994107209,37.646274314952]}},{"type":"Feature","properties":{"kind":"academy","label":"대형 입시학원","name":"에듀플렉스에듀코치개별지도운양학원","cap":1206},"geometry":{"type":"Point","coordinates":[126.682794727137,37.6531675389813]}},{"type":"Feature","properties":{"kind":"academy","label":"대형 입시학원","name":"엠베스트SE김포북변점학원","cap":810},"geometry":{"type":"Point","coordinates":[126.703007181315,37.6285638088201]}},{"type":"Feature","properties":{"kind":"academy","label":"대형 입시학원","name":"엠베스트SE은여울점학원","cap":320},"geometry":{"type":"Point","coordinates":[126.643036759616,37.63656465602]}},{"type":"Feature","properties":{"kind":"academy","label":"대형 입시학원","name":"영어발전소대과1관학원","cap":805},"geometry":{"type":"Point","coordinates":[126.666138913032,37.6445361435297]}},{"type":"Feature","properties":{"kind":"academy","label":"대형 입시학원","name":"영어발전소대과2관학원","cap":840},"geometry":{"type":"Point","coordinates":[126.666138913032,37.6445361435297]}},{"type":"Feature","properties":{"kind":"academy","label":"대형 입시학원","name":"운양점와와학습코칭학원","cap":3840},"geometry":{"type":"Point","coordinates":[126.684731176326,37.6548248554116]}},{"type":"Feature","properties":{"kind":"academy","label":"대형 입시학원","name":"원탑아카데미학원","cap":468},"geometry":{"type":"Point","coordinates":[126.721862469578,37.6048464485768]}},{"type":"Feature","properties":{"kind":"academy","label":"대형 입시학원","name":"준호수학학원","cap":3840},"geometry":{"type":"Point","coordinates":[126.726321430864,37.6005036604275]}},{"type":"Feature","properties":{"kind":"academy","label":"대형 입시학원","name":"청석학원","cap":720},"geometry":{"type":"Point","coordinates":[126.601166139886,37.6893849364567]}},{"type":"Feature","properties":{"kind":"academy","label":"대형 입시학원","name":"큐더블유엠(QWM퀸웨이메이커)학원","cap":300},"geometry":{"type":"Point","coordinates":[126.662924686233,37.6477504390413]}},{"type":"Feature","properties":{"kind":"academy","label":"대형 입시학원","name":"포피엠입시영어학원","cap":480},"geometry":{"type":"Point","coordinates":[126.667973958447,37.6441743530741]}},{"type":"Feature","properties":{"kind":"academy","label":"대형 입시학원","name":"플라톤아카데미풍무독서논술","cap":570},"geometry":{"type":"Point","coordinates":[126.721862469578,37.6048464485768]}},{"type":"Feature","properties":{"kind":"academy","label":"대형 입시학원","name":"STN대치학원","cap":1155},"geometry":{"type":"Point","coordinates":[127.154049493001,37.6255992351061]}},{"type":"Feature","properties":{"kind":"academy","label":"대형 입시학원","name":"구주이배수학다산학원","cap":1315},"geometry":{"type":"Point","coordinates":[127.153008915395,37.6238347461453]}},{"type":"Feature","properties":{"kind":"academy","label":"대형 입시학원","name":"그래이수학학원","cap":465},"geometry":{"type":"Point","coordinates":[127.235658713791,37.6458602111011]}},{"type":"Feature","properties":{"kind":"academy","label":"대형 입시학원","name":"남양주독학기숙학원김미연학원","cap":830},"geometry":{"type":"Point","coordinates":[127.353131565736,37.6908694025334]}},{"type":"Feature","properties":{"kind":"academy","label":"대형 입시학원","name":"눈높이러닝센터다산중앙학원","cap":1620},"geometry":{"type":"Point","coordinates":[127.155370161769,37.6256261548853]}},{"type":"Feature","properties":{"kind":"academy","label":"대형 입시학원","name":"눈높이러닝센터다산한강학원","cap":1620},"geometry":{"type":"Point","coordinates":[127.173547748991,37.6012392833329]}},{"type":"Feature","properties":{"kind":"academy","label":"대형 입시학원","name":"눈높이러닝센터도곡학원","cap":1620},"geometry":{"type":"Point","coordinates":[127.21392561495,37.5787696873041]}},{"type":"Feature","properties":{"kind":"academy","label":"대형 입시학원","name":"눈높이러닝센터도농학원","cap":1620},"geometry":{"type":"Point","coordinates":[127.156810748408,37.6084261125277]}},{"type":"Feature","properties":{"kind":"academy","label":"대형 입시학원","name":"눈높이러닝센터별내학원","cap":1620},"geometry":{"type":"Point","coordinates":[127.112895435244,37.6501271594622]}},{"type":"Feature","properties":{"kind":"academy","label":"대형 입시학원","name":"눈높이러닝센터양지학원","cap":1605},"geometry":{"type":"Point","coordinates":[127.201192274598,37.6982658221621]}},{"type":"Feature","properties":{"kind":"academy","label":"대형 입시학원","name":"눈높이러닝센터장현키움학원","cap":1605},"geometry":{"type":"Point","coordinates":[127.193544220961,37.7314397060307]}},{"type":"Feature","properties":{"kind":"academy","label":"대형 입시학원","name":"눈높이러닝센터진접학원","cap":1605},"geometry":{"type":"Point","coordinates":[127.198388308384,37.7151331857407]}},{"type":"Feature","properties":{"kind":"academy","label":"대형 입시학원","name":"눈높이러닝센터평내학원","cap":1605},"geometry":{"type":"Point","coordinates":[127.23542170069,37.6451522422291]}},{"type":"Feature","properties":{"kind":"academy","label":"대형 입시학원","name":"눈높이러닝센터호평학원","cap":1605},"geometry":{"type":"Point","coordinates":[127.255203237069,37.6563570613062]}},{"type":"Feature","properties":{"kind":"academy","label":"대형 입시학원","name":"다산점와와학습코칭학원","cap":720},"geometry":{"type":"Point","coordinates":[127.154668520356,37.6251946934473]}},{"type":"Feature","properties":{"kind":"academy","label":"대형 입시학원","name":"다산지금점와와학습코칭학원","cap":720},"geometry":{"type":"Point","coordinates":[127.174329352115,37.6005611278328]}},{"type":"Feature","properties":{"kind":"academy","label":"대형 입시학원","name":"대교하이캠퍼스퇴계원학원","cap":1605},"geometry":{"type":"Point","coordinates":[127.14074954214,37.6497292540821]}},{"type":"Feature","properties":{"kind":"academy","label":"대형 입시학원","name":"대치깊은생각수학학원","cap":500},"geometry":{"type":"Point","coordinates":[127.15539408538,37.6252012183439]}},{"type":"Feature","properties":{"kind":"academy","label":"대형 입시학원","name":"대치학당학원","cap":340},"geometry":{"type":"Point","coordinates":[127.173520975945,37.6008773951764]}},{"type":"Feature","properties":{"kind":"academy","label":"대형 입시학원","name":"더쎈세이션학원","cap":462},"geometry":{"type":"Point","coordinates":[127.201192274598,37.6982658221621]}},{"type":"Feature","properties":{"kind":"academy","label":"대형 입시학원","name":"독서코칭책나무다산새봄독서학원","cap":300},"geometry":{"type":"Point","coordinates":[127.157716997247,37.6200071027027]}},{"type":"Feature","properties":{"kind":"academy","label":"대형 입시학원","name":"디엠(DM)수학영어학원","cap":310},"geometry":{"type":"Point","coordinates":[127.21392561495,37.5787696873041]}},{"type":"Feature","properties":{"kind":"academy","label":"대형 입시학원","name":"맨투맨학원","cap":540},"geometry":{"type":"Point","coordinates":[127.155370161769,37.6256261548853]}},{"type":"Feature","properties":{"kind":"academy","label":"대형 입시학원","name":"메소드학원","cap":510},"geometry":{"type":"Point","coordinates":[127.196962779824,37.7182150066697]}},{"type":"Feature","properties":{"kind":"academy","label":"대형 입시학원","name":"바른학원","cap":330},"geometry":{"type":"Point","coordinates":[127.125276343287,37.6578997767466]}},{"type":"Feature","properties":{"kind":"academy","label":"대형 입시학원","name":"별내더오름수학학원","cap":540},"geometry":{"type":"Point","coordinates":[127.11663709946,37.6676939167694]}},{"type":"Feature","properties":{"kind":"academy","label":"대형 입시학원","name":"별내점와와학습코칭학원","cap":720},"geometry":{"type":"Point","coordinates":[127.125276343287,37.6578997767466]}},{"type":"Feature","properties":{"kind":"academy","label":"대형 입시학원","name":"비상학원","cap":324},"geometry":{"type":"Point","coordinates":[127.241859704948,37.6539955941537]}},{"type":"Feature","properties":{"kind":"academy","label":"대형 입시학원","name":"삼성영어다산하늘교실학원","cap":500},"geometry":{"type":"Point","coordinates":[127.147963952327,37.6287737182179]}},{"type":"Feature","properties":{"kind":"academy","label":"대형 입시학원","name":"삼성영어셀레나가람학원","cap":450},"geometry":{"type":"Point","coordinates":[127.148324182584,37.6201010924996]}},{"type":"Feature","properties":{"kind":"academy","label":"대형 입시학원","name":"삼성영어셀레나스타학원","cap":300},"geometry":{"type":"Point","coordinates":[127.19830340144,37.7351444194101]}},{"type":"Feature","properties":{"kind":"academy","label":"대형 입시학원","name":"삼성영어해밀학원","cap":390},"geometry":{"type":"Point","coordinates":[127.196962779824,37.7182150066697]}},{"type":"Feature","properties":{"kind":"academy","label":"대형 입시학원","name":"아니마(ANIMA)학원","cap":1000},"geometry":{"type":"Point","coordinates":[127.150473660416,37.6252930091024]}},{"type":"Feature","properties":{"kind":"academy","label":"대형 입시학원","name":"알파영어학원","cap":300},"geometry":{"type":"Point","coordinates":[127.186905679814,37.7122987492447]}},{"type":"Feature","properties":{"kind":"academy","label":"대형 입시학원","name":"에듀셀파여학생독학기숙학원","cap":390},"geometry":{"type":"Point","coordinates":[127.369309449501,37.6519288064843]}},{"type":"Feature","properties":{"kind":"academy","label":"대형 입시학원","name":"에듀코치개별지도다산학원","cap":600},"geometry":{"type":"Point","coordinates":[127.153008915395,37.6238347461453]}},{"type":"Feature","properties":{"kind":"academy","label":"대형 입시학원","name":"에듀코치개별지도별내학원","cap":1896},"geometry":{"type":"Point","coordinates":[127.125858003112,37.6562553167805]}},{"type":"Feature","properties":{"kind":"academy","label":"대형 입시학원","name":"영수베스트학원","cap":825},"geometry":{"type":"Point","coordinates":[127.188611979399,37.7159330762428]}},{"type":"Feature","properties":{"kind":"academy","label":"대형 입시학원","name":"예스학원","cap":410},"geometry":{"type":"Point","coordinates":[127.145690245332,37.6594176391292]}},{"type":"Feature","properties":{"kind":"academy","label":"대형 입시학원","name":"오메가수학과학학원","cap":665},"geometry":{"type":"Point","coordinates":[127.164654898397,37.6120168594993]}},{"type":"Feature","properties":{"kind":"academy","label":"대형 입시학원","name":"원리탐구학원","cap":331},"geometry":{"type":"Point","coordinates":[127.153008915395,37.6238347461453]}},{"type":"Feature","properties":{"kind":"academy","label":"대형 입시학원","name":"위드원영수학원","cap":588},"geometry":{"type":"Point","coordinates":[127.125068260334,37.6582306577176]}},{"type":"Feature","properties":{"kind":"academy","label":"대형 입시학원","name":"제이어스영어수학학원","cap":320},"geometry":{"type":"Point","coordinates":[127.15771334617,37.6188685303434]}},{"type":"Feature","properties":{"kind":"academy","label":"대형 입시학원","name":"제임스리딩별내영어학원","cap":300},"geometry":{"type":"Point","coordinates":[127.112248397143,37.6505795296039]}},{"type":"Feature","properties":{"kind":"academy","label":"대형 입시학원","name":"제임스리딩전문학원","cap":525},"geometry":{"type":"Point","coordinates":[127.113951424885,37.6526422279197]}},{"type":"Feature","properties":{"kind":"academy","label":"대형 입시학원","name":"조앤제이국영수학원","cap":300},"geometry":{"type":"Point","coordinates":[127.115870214198,37.7090105869197]}},{"type":"Feature","properties":{"kind":"academy","label":"대형 입시학원","name":"진접GNB영어차수학학원","cap":300},"geometry":{"type":"Point","coordinates":[127.198564198269,37.7144890551463]}},{"type":"Feature","properties":{"kind":"academy","label":"대형 입시학원","name":"진접점와와학습코칭학원","cap":720},"geometry":{"type":"Point","coordinates":[127.19713284637,37.7198173700864]}},{"type":"Feature","properties":{"kind":"academy","label":"대형 입시학원","name":"파머스영어리더스학원","cap":315},"geometry":{"type":"Point","coordinates":[127.241607682212,37.6469670168634]}},{"type":"Feature","properties":{"kind":"academy","label":"대형 입시학원","name":"평내점와와학습코칭학원","cap":720},"geometry":{"type":"Point","coordinates":[127.235408536392,37.6461151478452]}},{"type":"Feature","properties":{"kind":"academy","label":"대형 입시학원","name":"프라우드학원","cap":840},"geometry":{"type":"Point","coordinates":[127.154668520356,37.6251946934473]}},{"type":"Feature","properties":{"kind":"academy","label":"대형 입시학원","name":"학생공감학원","cap":560},"geometry":{"type":"Point","coordinates":[127.304783860092,37.6513775137988]}},{"type":"Feature","properties":{"kind":"academy","label":"대형 입시학원","name":"한우리남양주서학원","cap":960},"geometry":{"type":"Point","coordinates":[127.157133254641,37.6282137039763]}},{"type":"Feature","properties":{"kind":"academy","label":"대형 입시학원","name":"해결영어학원","cap":500},"geometry":{"type":"Point","coordinates":[127.198477735113,37.7148987825528]}},{"type":"Feature","properties":{"kind":"academy","label":"대형 입시학원","name":"헤세드잉글리쉬영어학원","cap":408},"geometry":{"type":"Point","coordinates":[127.244586415193,37.6552569307877]}},{"type":"Feature","properties":{"kind":"academy","label":"대형 입시학원","name":"호평점와와학습코칭학원","cap":720},"geometry":{"type":"Point","coordinates":[127.247612278831,37.6597238030585]}},{"type":"Feature","properties":{"kind":"academy","label":"대형 입시학원","name":"과수원과학수학전문학원","cap":916},"geometry":{"type":"Point","coordinates":[127.077782301891,37.650467997279]}},{"type":"Feature","properties":{"kind":"academy","label":"대형 입시학원","name":"글의힘국어학원","cap":3110},"geometry":{"type":"Point","coordinates":[127.077219064677,37.652170864325]}},{"type":"Feature","properties":{"kind":"academy","label":"대형 입시학원","name":"눈높이러닝센터공릉학원","cap":1584},"geometry":{"type":"Point","coordinates":[127.079767248678,37.6223518844496]}},{"type":"Feature","properties":{"kind":"academy","label":"대형 입시학원","name":"눈높이러닝센터과기대학원","cap":1425},"geometry":{"type":"Point","coordinates":[127.075105366947,37.6266809421384]}},{"type":"Feature","properties":{"kind":"academy","label":"대형 입시학원","name":"눈높이러닝센터마들학원","cap":780},"geometry":{"type":"Point","coordinates":[127.056973759982,37.6663907694807]}},{"type":"Feature","properties":{"kind":"academy","label":"대형 입시학원","name":"눈높이러닝센터상계학원","cap":780},"geometry":{"type":"Point","coordinates":[127.065441493669,37.6648233542549]}},{"type":"Feature","properties":{"kind":"academy","label":"대형 입시학원","name":"눈높이러닝센터수암학원","cap":780},"geometry":{"type":"Point","coordinates":[127.081142361471,37.6476309709245]}},{"type":"Feature","properties":{"kind":"academy","label":"대형 입시학원","name":"눈높이러닝센터신중계학원","cap":780},"geometry":{"type":"Point","coordinates":[127.074331641927,37.6574836489319]}},{"type":"Feature","properties":{"kind":"academy","label":"대형 입시학원","name":"눈높이러닝센터하계학원","cap":780},"geometry":{"type":"Point","coordinates":[127.060865806768,37.6372461774035]}},{"type":"Feature","properties":{"kind":"academy","label":"대형 입시학원","name":"도담도담학원","cap":660},"geometry":{"type":"Point","coordinates":[127.056693301685,37.6615547994209]}},{"type":"Feature","properties":{"kind":"academy","label":"대형 입시학원","name":"두림과학학원","cap":1080},"geometry":{"type":"Point","coordinates":[127.076251603698,37.6479118263804]}},{"type":"Feature","properties":{"kind":"academy","label":"대형 입시학원","name":"러셀중계내신관학원","cap":5500},"geometry":{"type":"Point","coordinates":[127.07848718628,37.6482546259351]}},{"type":"Feature","properties":{"kind":"academy","label":"대형 입시학원","name":"리드앤리드(Read&Lead)영어리딩학원","cap":420},"geometry":{"type":"Point","coordinates":[127.074654749532,37.6573798319788]}},{"type":"Feature","properties":{"kind":"academy","label":"대형 입시학원","name":"박기태언어학원","cap":391},"geometry":{"type":"Point","coordinates":[127.077765434631,37.6518970571863]}},{"type":"Feature","properties":{"kind":"academy","label":"대형 입시학원","name":"배움의숲학원","cap":2000},"geometry":{"type":"Point","coordinates":[127.075992830225,37.6505035811197]}},{"type":"Feature","properties":{"kind":"academy","label":"대형 입시학원","name":"생각하는황소수학학원","cap":1955},"geometry":{"type":"Point","coordinates":[127.077525686582,37.6508417136906]}},{"type":"Feature","properties":{"kind":"academy","label":"대형 입시학원","name":"수학에미친사람들중계2관학원","cap":375},"geometry":{"type":"Point","coordinates":[127.075671682358,37.6504973905776]}},{"type":"Feature","properties":{"kind":"academy","label":"대형 입시학원","name":"수학에미친사람들중계관학원","cap":375},"geometry":{"type":"Point","coordinates":[127.075671682358,37.6504973905776]}},{"type":"Feature","properties":{"kind":"academy","label":"대형 입시학원","name":"스카이(SKY)2관학원","cap":414},"geometry":{"type":"Point","coordinates":[127.077086240765,37.6504043041825]}},{"type":"Feature","properties":{"kind":"academy","label":"대형 입시학원","name":"스카이(SKY)학원","cap":385},"geometry":{"type":"Point","coordinates":[127.077086240765,37.6504043041825]}},{"type":"Feature","properties":{"kind":"academy","label":"대형 입시학원","name":"씨앤에이논술보습학원","cap":360},"geometry":{"type":"Point","coordinates":[127.072882881024,37.6518277357317]}},{"type":"Feature","properties":{"kind":"academy","label":"대형 입시학원","name":"씨엔케이(CNK)수학학원","cap":300},"geometry":{"type":"Point","coordinates":[127.072761003099,37.6402669300959]}},{"type":"Feature","properties":{"kind":"academy","label":"대형 입시학원","name":"알로곤학원","cap":410},"geometry":{"type":"Point","coordinates":[127.07599964207,37.650849734349]}},{"type":"Feature","properties":{"kind":"academy","label":"대형 입시학원","name":"에듀플렉스에듀코치개별지도상계2학원","cap":1920},"geometry":{"type":"Point","coordinates":[127.062272983643,37.6479984188148]}},{"type":"Feature","properties":{"kind":"academy","label":"대형 입시학원","name":"에듀플렉스에듀코치개별지도상계학원","cap":550},"geometry":{"type":"Point","coordinates":[127.055377806803,37.6708275957536]}},{"type":"Feature","properties":{"kind":"academy","label":"대형 입시학원","name":"에이앤에스(A&S)학원","cap":518},"geometry":{"type":"Point","coordinates":[127.05483336974,37.6747987373946]}},{"type":"Feature","properties":{"kind":"academy","label":"대형 입시학원","name":"왕효진수학학원","cap":336},"geometry":{"type":"Point","coordinates":[127.0763481119,37.6504237048351]}},{"type":"Feature","properties":{"kind":"academy","label":"대형 입시학원","name":"웅진씽크빅학습센터상계학원","cap":390},"geometry":{"type":"Point","coordinates":[127.065441493669,37.6648233542549]}},{"type":"Feature","properties":{"kind":"academy","label":"대형 입시학원","name":"웅진씽크빅학습센터중계학원","cap":390},"geometry":{"type":"Point","coordinates":[127.072435497752,37.6521796648241]}},{"type":"Feature","properties":{"kind":"academy","label":"대형 입시학원","name":"이앤엠(E&M)학원","cap":560},"geometry":{"type":"Point","coordinates":[127.055377806803,37.6708275957536]}},{"type":"Feature","properties":{"kind":"academy","label":"대형 입시학원","name":"장민준영어1관학원","cap":330},"geometry":{"type":"Point","coordinates":[127.077219064677,37.652170864325]}},{"type":"Feature","properties":{"kind":"academy","label":"대형 입시학원","name":"장민준영어학원","cap":330},"geometry":{"type":"Point","coordinates":[127.077219064677,37.652170864325]}},{"type":"Feature","properties":{"kind":"academy","label":"대형 입시학원","name":"제2과수원과학수학전문학원","cap":1011},"geometry":{"type":"Point","coordinates":[127.077782301891,37.650467997279]}},{"type":"Feature","properties":{"kind":"academy","label":"대형 입시학원","name":"중계미래탐구영과센터학원","cap":360},"geometry":{"type":"Point","coordinates":[127.076938720805,37.6484456633269]}},{"type":"Feature","properties":{"kind":"academy","label":"대형 입시학원","name":"중계미래탐구초등영재센터제2관학원","cap":300},"geometry":{"type":"Point","coordinates":[127.076938720805,37.6484456633269]}},{"type":"Feature","properties":{"kind":"academy","label":"대형 입시학원","name":"중계미래탐구초등영재센터학원","cap":1100},"geometry":{"type":"Point","coordinates":[127.076938720805,37.6484456633269]}},{"type":"Feature","properties":{"kind":"academy","label":"대형 입시학원","name":"중계세이노학원","cap":800},"geometry":{"type":"Point","coordinates":[127.077337907538,37.6511587125973]}},{"type":"Feature","properties":{"kind":"academy","label":"대형 입시학원","name":"중계탑클래스학원","cap":602},"geometry":{"type":"Point","coordinates":[127.077056587374,37.6519742860545]}},{"type":"Feature","properties":{"kind":"academy","label":"대형 입시학원","name":"최고수챌린지에듀학원","cap":710},"geometry":{"type":"Point","coordinates":[127.058103667964,37.6647987260509]}},{"type":"Feature","properties":{"kind":"academy","label":"대형 입시학원","name":"크레버스영재관중계제1지점학원","cap":854},"geometry":{"type":"Point","coordinates":[127.075992830225,37.6505035811197]}},{"type":"Feature","properties":{"kind":"academy","label":"대형 입시학원","name":"크레버스영재관중계제2지점학원","cap":534},"geometry":{"type":"Point","coordinates":[127.077403153081,37.6515705090228]}},{"type":"Feature","properties":{"kind":"academy","label":"대형 입시학원","name":"크레버스영재관중계제3지점학원","cap":854},"geometry":{"type":"Point","coordinates":[127.074984978156,37.6503840349218]}},{"type":"Feature","properties":{"kind":"academy","label":"대형 입시학원","name":"탑플러스영어수학전문학원","cap":310},"geometry":{"type":"Point","coordinates":[127.060865806768,37.6372461774035]}},{"type":"Feature","properties":{"kind":"academy","label":"대형 입시학원","name":"피켈중계학원","cap":5500},"geometry":{"type":"Point","coordinates":[127.076973642943,37.6492349017795]}},{"type":"Feature","properties":{"kind":"academy","label":"대형 입시학원","name":"학림2관학원","cap":2000},"geometry":{"type":"Point","coordinates":[127.075992830225,37.6505035811197]}},{"type":"Feature","properties":{"kind":"academy","label":"대형 입시학원","name":"학림제5학원","cap":2000},"geometry":{"type":"Point","coordinates":[127.074984978156,37.6503840349218]}},{"type":"Feature","properties":{"kind":"academy","label":"대형 입시학원","name":"BMA유명학원","cap":338},"geometry":{"type":"Point","coordinates":[127.03807221148,37.6432591750754]}},{"type":"Feature","properties":{"kind":"academy","label":"대형 입시학원","name":"S.T.S과외식전문학원","cap":440},"geometry":{"type":"Point","coordinates":[127.028218971963,37.6558426422301]}},{"type":"Feature","properties":{"kind":"academy","label":"대형 입시학원","name":"강태우고등관학원","cap":360},"geometry":{"type":"Point","coordinates":[127.027718734592,37.6564029915718]}},{"type":"Feature","properties":{"kind":"academy","label":"대형 입시학원","name":"강태우영어학원도봉지점학원","cap":320},"geometry":{"type":"Point","coordinates":[127.027720693373,37.656184863325]}},{"type":"Feature","properties":{"kind":"academy","label":"대형 입시학원","name":"눈높이러닝센터신동아학원","cap":1515},"geometry":{"type":"Point","coordinates":[127.032648421787,37.662069716124]}},{"type":"Feature","properties":{"kind":"academy","label":"대형 입시학원","name":"눈높이러닝센터창5동학원","cap":1623},"geometry":{"type":"Point","coordinates":[127.041487916229,37.6556290632666]}},{"type":"Feature","properties":{"kind":"academy","label":"대형 입시학원","name":"두드림학원","cap":670},"geometry":{"type":"Point","coordinates":[127.052567817039,37.6488484451094]}},{"type":"Feature","properties":{"kind":"academy","label":"대형 입시학원","name":"비엠에이(BMA)유명제7학원","cap":338},"geometry":{"type":"Point","coordinates":[127.039390202856,37.6434943497409]}},{"type":"Feature","properties":{"kind":"academy","label":"대형 입시학원","name":"엠베스트에스이(SE)학원","cap":338},"geometry":{"type":"Point","coordinates":[127.038745142976,37.643486094098]}},{"type":"Feature","properties":{"kind":"academy","label":"대형 입시학원","name":"영어사관보습학원","cap":598},"geometry":{"type":"Point","coordinates":[127.044531851033,37.6689416628853]}},{"type":"Feature","properties":{"kind":"academy","label":"대형 입시학원","name":"와이에스학원","cap":361},"geometry":{"type":"Point","coordinates":[127.041101277019,37.669860556473]}},{"type":"Feature","properties":{"kind":"academy","label":"대형 입시학원","name":"월드에듀2관학원","cap":360},"geometry":{"type":"Point","coordinates":[127.028218971963,37.6558426422301]}},{"type":"Feature","properties":{"kind":"academy","label":"대형 입시학원","name":"월드에듀학원","cap":535},"geometry":{"type":"Point","coordinates":[127.038133673466,37.6551027602176]}},{"type":"Feature","properties":{"kind":"academy","label":"대형 입시학원","name":"정교수학학원","cap":330},"geometry":{"type":"Point","coordinates":[127.03656915497,37.6524085969756]}},{"type":"Feature","properties":{"kind":"academy","label":"대형 입시학원","name":"제이팀즈학원","cap":335},"geometry":{"type":"Point","coordinates":[127.038133673466,37.6551027602176]}},{"type":"Feature","properties":{"kind":"academy","label":"대형 입시학원","name":"지니EMA학원","cap":341},"geometry":{"type":"Point","coordinates":[127.041120415777,37.6363323729126]}},{"type":"Feature","properties":{"kind":"academy","label":"대형 입시학원","name":"탑에듀학원","cap":480},"geometry":{"type":"Point","coordinates":[127.030456083206,37.6471217425337]}},{"type":"Feature","properties":{"kind":"academy","label":"대형 입시학원","name":"포텐독학재수학원","cap":300},"geometry":{"type":"Point","coordinates":[127.046219561589,37.6570544599562]}},{"type":"Feature","properties":{"kind":"academy","label":"대형 입시학원","name":"포텐수학제2관학원","cap":693},"geometry":{"type":"Point","coordinates":[127.046193194873,37.6518116535822]}},{"type":"Feature","properties":{"kind":"academy","label":"대형 입시학원","name":"포텐수학학원","cap":675},"geometry":{"type":"Point","coordinates":[127.046095779851,37.6520591916627]}},{"type":"Feature","properties":{"kind":"academy","label":"대형 입시학원","name":"학림메타플러스학원","cap":340},"geometry":{"type":"Point","coordinates":[127.050731143404,37.6525838236507]}},{"type":"Feature","properties":{"kind":"academy","label":"대형 입시학원","name":"G21학원","cap":300},"geometry":{"type":"Point","coordinates":[127.036637830769,37.5766962551002]}},{"type":"Feature","properties":{"kind":"academy","label":"대형 입시학원","name":"눈높이러닝센터베스트학원","cap":375},"geometry":{"type":"Point","coordinates":[127.057324186563,37.5748916197387]}},{"type":"Feature","properties":{"kind":"academy","label":"대형 입시학원","name":"눈높이스마트러닝센터학원","cap":375},"geometry":{"type":"Point","coordinates":[127.073866196873,37.5746934896406]}},{"type":"Feature","properties":{"kind":"academy","label":"대형 입시학원","name":"대치에스학원","cap":950},"geometry":{"type":"Point","coordinates":[127.06659655052,37.591711720367]}},{"type":"Feature","properties":{"kind":"academy","label":"대형 입시학원","name":"더올라학원","cap":480},"geometry":{"type":"Point","coordinates":[127.058113984974,37.5770544310002]}},{"type":"Feature","properties":{"kind":"academy","label":"대형 입시학원","name":"무한수학막강과학학원","cap":384},"geometry":{"type":"Point","coordinates":[127.073002901449,37.5727082344197]}},{"type":"Feature","properties":{"kind":"academy","label":"대형 입시학원","name":"수도학원","cap":360},"geometry":{"type":"Point","coordinates":[127.02352619506,37.5761433223238]}},{"type":"Feature","properties":{"kind":"academy","label":"대형 입시학원","name":"수재탑학원","cap":370},"geometry":{"type":"Point","coordinates":[127.054810411959,37.5730463150815]}},{"type":"Feature","properties":{"kind":"academy","label":"대형 입시학원","name":"수재학원","cap":370},"geometry":{"type":"Point","coordinates":[127.054810411959,37.5730463150815]}},{"type":"Feature","properties":{"kind":"academy","label":"대형 입시학원","name":"수학하는아이(I)수학전문학원","cap":340},"geometry":{"type":"Point","coordinates":[127.073917555235,37.5719087531142]}},{"type":"Feature","properties":{"kind":"academy","label":"대형 입시학원","name":"앨리스수학학원","cap":368},"geometry":{"type":"Point","coordinates":[127.060129124176,37.5746094744702]}},{"type":"Feature","properties":{"kind":"academy","label":"대형 입시학원","name":"에듀플렉스에듀코치개별지도이문학원","cap":450},"geometry":{"type":"Point","coordinates":[127.058381373197,37.5940102650479]}},{"type":"Feature","properties":{"kind":"academy","label":"대형 입시학원","name":"에듀플렉스에듀코치개별지도전농학원","cap":570},"geometry":{"type":"Point","coordinates":[127.057324186563,37.5748916197387]}},{"type":"Feature","properties":{"kind":"academy","label":"대형 입시학원","name":"영어하다장안동영어학원","cap":600},"geometry":{"type":"Point","coordinates":[127.07257242454,37.5750625285245]}},{"type":"Feature","properties":{"kind":"academy","label":"대형 입시학원","name":"장안드림러닝센터학원","cap":375},"geometry":{"type":"Point","coordinates":[127.072005015079,37.567617683751]}},{"type":"Feature","properties":{"kind":"academy","label":"대형 입시학원","name":"제기와와학습코칭학원","cap":744},"geometry":{"type":"Point","coordinates":[127.030038934555,37.5780204178722]}},{"type":"Feature","properties":{"kind":"academy","label":"대형 입시학원","name":"청량대성제넥스학원","cap":310},"geometry":{"type":"Point","coordinates":[127.049226158581,37.5880281566858]}},{"type":"Feature","properties":{"kind":"academy","label":"대형 입시학원","name":"탑퍼스트학원","cap":370},"geometry":{"type":"Point","coordinates":[127.054810411959,37.5730463150815]}},{"type":"Feature","properties":{"kind":"academy","label":"대형 입시학원","name":"허지스영앤수학원","cap":910},"geometry":{"type":"Point","coordinates":[127.068314251007,37.5843095358408]}},{"type":"Feature","properties":{"kind":"academy","label":"대형 입시학원","name":"갈무리국어동작학원","cap":942},"geometry":{"type":"Point","coordinates":[126.927153186125,37.4995614234716]}},{"type":"Feature","properties":{"kind":"academy","label":"대형 입시학원","name":"강한수학과학학원","cap":1480},"geometry":{"type":"Point","coordinates":[126.948842201009,37.5013468877048]}},{"type":"Feature","properties":{"kind":"academy","label":"대형 입시학원","name":"경이로운올바름국어학원","cap":500},"geometry":{"type":"Point","coordinates":[126.925611349157,37.4990877047725]}},{"type":"Feature","properties":{"kind":"academy","label":"대형 입시학원","name":"노블렘(noblEM)학원","cap":490},"geometry":{"type":"Point","coordinates":[126.976056747281,37.4908886337091]}},{"type":"Feature","properties":{"kind":"academy","label":"대형 입시학원","name":"눈높이러닝센터대방보습논술학원","cap":420},"geometry":{"type":"Point","coordinates":[126.932175862829,37.5119990948936]}},{"type":"Feature","properties":{"kind":"academy","label":"대형 입시학원","name":"눈높이러닝센터보라매보습논술학원","cap":728},"geometry":{"type":"Point","coordinates":[126.909650623594,37.4897174592335]}},{"type":"Feature","properties":{"kind":"academy","label":"대형 입시학원","name":"눈높이러닝센터숭실보습논술학원","cap":375},"geometry":{"type":"Point","coordinates":[126.952129073175,37.4992576611713]}},{"type":"Feature","properties":{"kind":"academy","label":"대형 입시학원","name":"대한논리논술학원","cap":405},"geometry":{"type":"Point","coordinates":[126.924517791265,37.5087434455459]}},{"type":"Feature","properties":{"kind":"academy","label":"대형 입시학원","name":"대한리더스학원","cap":468},"geometry":{"type":"Point","coordinates":[126.973655730482,37.4837010518511]}},{"type":"Feature","properties":{"kind":"academy","label":"대형 입시학원","name":"더루츠영어학원","cap":355},"geometry":{"type":"Point","coordinates":[126.960613906428,37.5091041889773]}},{"type":"Feature","properties":{"kind":"academy","label":"대형 입시학원","name":"더원영수학원","cap":994},"geometry":{"type":"Point","coordinates":[126.938825347928,37.5038264678637]}},{"type":"Feature","properties":{"kind":"academy","label":"대형 입시학원","name":"독학사칼리지학원","cap":426},"geometry":{"type":"Point","coordinates":[126.972294269182,37.4847416755718]}},{"type":"Feature","properties":{"kind":"academy","label":"대형 입시학원","name":"동작이수플에이스영어미래엔수학학원","cap":730},"geometry":{"type":"Point","coordinates":[126.978107297965,37.4884520759924]}},{"type":"Feature","properties":{"kind":"academy","label":"대형 입시학원","name":"동작해법아카데미학원","cap":637},"geometry":{"type":"Point","coordinates":[126.912566500917,37.4954099627716]}},{"type":"Feature","properties":{"kind":"academy","label":"대형 입시학원","name":"라비브학원","cap":960},"geometry":{"type":"Point","coordinates":[126.962535521483,37.5079943257006]}},{"type":"Feature","properties":{"kind":"academy","label":"대형 입시학원","name":"리드인수학여우바른공부학원","cap":700},"geometry":{"type":"Point","coordinates":[126.945718197277,37.5070717430905]}},{"type":"Feature","properties":{"kind":"academy","label":"대형 입시학원","name":"매쓰엠수학학원","cap":490},"geometry":{"type":"Point","coordinates":[126.924517791265,37.5087434455459]}},{"type":"Feature","properties":{"kind":"academy","label":"대형 입시학원","name":"맥스학원","cap":810},"geometry":{"type":"Point","coordinates":[126.922789865137,37.5039648401443]}},{"type":"Feature","properties":{"kind":"academy","label":"대형 입시학원","name":"미래탐구5관학원","cap":336},"geometry":{"type":"Point","coordinates":[126.926019241395,37.4995634218009]}},{"type":"Feature","properties":{"kind":"academy","label":"대형 입시학원","name":"미래탐구학원","cap":302},"geometry":{"type":"Point","coordinates":[126.924931113768,37.5000011648497]}},{"type":"Feature","properties":{"kind":"academy","label":"대형 입시학원","name":"비에이비수학학원","cap":656},"geometry":{"type":"Point","coordinates":[126.924345986172,37.5051590482108]}},{"type":"Feature","properties":{"kind":"academy","label":"대형 입시학원","name":"사고력생각수학&리드인독서논술학원","cap":348},"geometry":{"type":"Point","coordinates":[126.916661704502,37.4968095727752]}},{"type":"Feature","properties":{"kind":"academy","label":"대형 입시학원","name":"사피엔스학원","cap":324},"geometry":{"type":"Point","coordinates":[126.930835747931,37.5001237923409]}},{"type":"Feature","properties":{"kind":"academy","label":"대형 입시학원","name":"삼성영어셀레나한성학원","cap":345},"geometry":{"type":"Point","coordinates":[126.924517791265,37.5087434455459]}},{"type":"Feature","properties":{"kind":"academy","label":"대형 입시학원","name":"샤인학원","cap":400},"geometry":{"type":"Point","coordinates":[126.922564471109,37.5046165699106]}},{"type":"Feature","properties":{"kind":"academy","label":"대형 입시학원","name":"성훈학원","cap":2460},"geometry":{"type":"Point","coordinates":[126.941562079427,37.5011509657145]}},{"type":"Feature","properties":{"kind":"academy","label":"대형 입시학원","name":"세스토킹학원","cap":395},"geometry":{"type":"Point","coordinates":[126.943900147918,37.4993128756834]}},{"type":"Feature","properties":{"kind":"academy","label":"대형 입시학원","name":"세이지잉글리쉬영어학원","cap":380},"geometry":{"type":"Point","coordinates":[126.953007217038,37.4983366447838]}},{"type":"Feature","properties":{"kind":"academy","label":"대형 입시학원","name":"수탐대세수학학원","cap":400},"geometry":{"type":"Point","coordinates":[126.922789865137,37.5039648401443]}},{"type":"Feature","properties":{"kind":"academy","label":"대형 입시학원","name":"스마트해법수학흑석1호점학원","cap":380},"geometry":{"type":"Point","coordinates":[126.963127205926,37.5076635727862]}},{"type":"Feature","properties":{"kind":"academy","label":"대형 입시학원","name":"스카이리딩학원","cap":456},"geometry":{"type":"Point","coordinates":[126.970904707484,37.4899198852192]}},{"type":"Feature","properties":{"kind":"academy","label":"대형 입시학원","name":"신동아보습학원","cap":365},"geometry":{"type":"Point","coordinates":[126.945718197277,37.5070717430905]}},{"type":"Feature","properties":{"kind":"academy","label":"대형 입시학원","name":"써밋캠퍼스슈어학원","cap":1936},"geometry":{"type":"Point","coordinates":[126.924025868943,37.5055448333444]}},{"type":"Feature","properties":{"kind":"academy","label":"대형 입시학원","name":"씨드스쿨학원","cap":300},"geometry":{"type":"Point","coordinates":[126.954399513262,37.4972737325827]}},{"type":"Feature","properties":{"kind":"academy","label":"대형 입시학원","name":"씨엘씨하바드학원","cap":912},"geometry":{"type":"Point","coordinates":[126.911813692107,37.4910969139998]}},{"type":"Feature","properties":{"kind":"academy","label":"대형 입시학원","name":"아스터영어학원","cap":492},"geometry":{"type":"Point","coordinates":[126.972660477747,37.4841600698068]}},{"type":"Feature","properties":{"kind":"academy","label":"대형 입시학원","name":"아이지에스이아카데미(IGSE Academy)동작영어학원","cap":570},"geometry":{"type":"Point","coordinates":[126.977247298457,37.4835139377852]}},{"type":"Feature","properties":{"kind":"academy","label":"대형 입시학원","name":"앰플스터디학원","cap":618},"geometry":{"type":"Point","coordinates":[126.915784157066,37.4966166756965]}},{"type":"Feature","properties":{"kind":"academy","label":"대형 입시학원","name":"에듀플렉스에듀코치개별지도남성역학원","cap":420},"geometry":{"type":"Point","coordinates":[126.974314762616,37.4841015150633]}},{"type":"Feature","properties":{"kind":"academy","label":"대형 입시학원","name":"에듀플렉스에듀코치개별지도상도학원","cap":690},"geometry":{"type":"Point","coordinates":[126.951530243091,37.4982489207157]}},{"type":"Feature","properties":{"kind":"academy","label":"대형 입시학원","name":"에듀플렉스에듀코치개별지도서울대방학원","cap":320},"geometry":{"type":"Point","coordinates":[126.921890338086,37.503279755011]}},{"type":"Feature","properties":{"kind":"academy","label":"대형 입시학원","name":"에듀플렉스에듀코치개별지도장승배기학원","cap":392},"geometry":{"type":"Point","coordinates":[126.943183283281,37.5054269376064]}},{"type":"Feature","properties":{"kind":"academy","label":"대형 입시학원","name":"에이펙스(APEX)스마트해법수학영어학원","cap":560},"geometry":{"type":"Point","coordinates":[126.970370358182,37.4909626686624]}},{"type":"Feature","properties":{"kind":"academy","label":"대형 입시학원","name":"연세보습학원","cap":584},"geometry":{"type":"Point","coordinates":[126.926256035768,37.5000374989913]}},{"type":"Feature","properties":{"kind":"academy","label":"대형 입시학원","name":"연주수학학원","cap":504},"geometry":{"type":"Point","coordinates":[126.942466980966,37.5043182643342]}},{"type":"Feature","properties":{"kind":"academy","label":"대형 입시학원","name":"영어의중심2관학원","cap":495},"geometry":{"type":"Point","coordinates":[126.923780085888,37.5048982038383]}},{"type":"Feature","properties":{"kind":"academy","label":"대형 입시학원","name":"오르다(ORDA)수학학원","cap":300},"geometry":{"type":"Point","coordinates":[126.927153186125,37.4995614234716]}},{"type":"Feature","properties":{"kind":"academy","label":"대형 입시학원","name":"온열매리드인국어논술2관학원","cap":355},"geometry":{"type":"Point","coordinates":[126.977427599098,37.4836391224658]}},{"type":"Feature","properties":{"kind":"academy","label":"대형 입시학원","name":"유인애국어스마트해법수학학원","cap":1342},"geometry":{"type":"Point","coordinates":[126.924875576136,37.5056554796036]}},{"type":"Feature","properties":{"kind":"academy","label":"대형 입시학원","name":"윤선생아이지에스이아카데미(IGSE Academy)대방학원","cap":320},"geometry":{"type":"Point","coordinates":[126.911690497183,37.4952734394062]}},{"type":"Feature","properties":{"kind":"academy","label":"대형 입시학원","name":"윤선생아이지에스이아카데미대방남부학원","cap":365},"geometry":{"type":"Point","coordinates":[126.924517791265,37.5087434455459]}},{"type":"Feature","properties":{"kind":"academy","label":"대형 입시학원","name":"이엠아이영어학원","cap":700},"geometry":{"type":"Point","coordinates":[126.966943109794,37.4871777070316]}},{"type":"Feature","properties":{"kind":"academy","label":"대형 입시학원","name":"이투스상도2동점수학학원","cap":580},"geometry":{"type":"Point","coordinates":[126.944760271969,37.5036486505716]}},{"type":"Feature","properties":{"kind":"academy","label":"대형 입시학원","name":"이티영어학원","cap":1140},"geometry":{"type":"Point","coordinates":[126.922735738274,37.5053469467303]}},{"type":"Feature","properties":{"kind":"academy","label":"대형 입시학원","name":"장용문수학학원","cap":380},"geometry":{"type":"Point","coordinates":[126.926256035768,37.5000374989913]}},{"type":"Feature","properties":{"kind":"academy","label":"대형 입시학원","name":"전형필국어학원","cap":410},"geometry":{"type":"Point","coordinates":[126.923492249792,37.5039049297871]}},{"type":"Feature","properties":{"kind":"academy","label":"대형 입시학원","name":"제시영어학원","cap":490},"geometry":{"type":"Point","coordinates":[126.977778182947,37.4898500181989]}},{"type":"Feature","properties":{"kind":"academy","label":"대형 입시학원","name":"지앤비남성보습학원","cap":450},"geometry":{"type":"Point","coordinates":[126.971254780365,37.4858029952773]}},{"type":"Feature","properties":{"kind":"academy","label":"대형 입시학원","name":"지캠프수학학원","cap":780},"geometry":{"type":"Point","coordinates":[126.92555426535,37.5027068288696]}},{"type":"Feature","properties":{"kind":"academy","label":"대형 입시학원","name":"참누리이(e)해법셀파학원","cap":700},"geometry":{"type":"Point","coordinates":[126.930988395318,37.5125587415186]}},{"type":"Feature","properties":{"kind":"academy","label":"대형 입시학원","name":"창의보습학원","cap":592},"geometry":{"type":"Point","coordinates":[126.980717990391,37.4819766233359]}},{"type":"Feature","properties":{"kind":"academy","label":"대형 입시학원","name":"채터박스잉글리쉬학원","cap":629},"geometry":{"type":"Point","coordinates":[126.963411926926,37.5073389391423]}},{"type":"Feature","properties":{"kind":"academy","label":"대형 입시학원","name":"책의숲리드인학원","cap":860},"geometry":{"type":"Point","coordinates":[126.962330368282,37.5070676669922]}},{"type":"Feature","properties":{"kind":"academy","label":"대형 입시학원","name":"천과수수학과학학원","cap":580},"geometry":{"type":"Point","coordinates":[126.922735738274,37.5053469467303]}},{"type":"Feature","properties":{"kind":"academy","label":"대형 입시학원","name":"청명보습학원","cap":756},"geometry":{"type":"Point","coordinates":[126.927071422699,37.4946774679661]}},{"type":"Feature","properties":{"kind":"academy","label":"대형 입시학원","name":"최강교육동작학원","cap":1305},"geometry":{"type":"Point","coordinates":[126.922695621022,37.5052058230842]}},{"type":"Feature","properties":{"kind":"academy","label":"대형 입시학원","name":"최강수학상아탑학원","cap":3600},"geometry":{"type":"Point","coordinates":[126.933871728074,37.5013099931363]}},{"type":"Feature","properties":{"kind":"academy","label":"대형 입시학원","name":"케이유유레카보습학원","cap":552},"geometry":{"type":"Point","coordinates":[126.928961347255,37.4983865314722]}},{"type":"Feature","properties":{"kind":"academy","label":"대형 입시학원","name":"클레매쓰수학학원","cap":630},"geometry":{"type":"Point","coordinates":[126.954383436535,37.494701442449]}},{"type":"Feature","properties":{"kind":"academy","label":"대형 입시학원","name":"탑클래스수학영어학원","cap":372},"geometry":{"type":"Point","coordinates":[126.925195253725,37.5058197554941]}},{"type":"Feature","properties":{"kind":"academy","label":"대형 입시학원","name":"튼튼수학학원","cap":316},"geometry":{"type":"Point","coordinates":[126.911813692107,37.4910969139998]}},{"type":"Feature","properties":{"kind":"academy","label":"대형 입시학원","name":"푸름국어학원","cap":483},"geometry":{"type":"Point","coordinates":[126.972784617704,37.4835538098021]}},{"type":"Feature","properties":{"kind":"academy","label":"대형 입시학원","name":"한솔플러스학원","cap":408},"geometry":{"type":"Point","coordinates":[126.970880925708,37.4844781511253]}},{"type":"Feature","properties":{"kind":"academy","label":"대형 입시학원","name":"해성속셈학원","cap":360},"geometry":{"type":"Point","coordinates":[126.937500813354,37.5009311137459]}},{"type":"Feature","properties":{"kind":"academy","label":"대형 입시학원","name":"현민수학학원","cap":350},"geometry":{"type":"Point","coordinates":[126.952060124062,37.4976110442294]}},{"type":"Feature","properties":{"kind":"academy","label":"대형 입시학원","name":"흑석유투엠수학학원","cap":344},"geometry":{"type":"Point","coordinates":[126.966516645021,37.5065990536717]}},{"type":"Feature","properties":{"kind":"academy","label":"대형 입시학원","name":"DM디엠학원","cap":618},"geometry":{"type":"Point","coordinates":[126.904998936389,37.5695010772358]}},{"type":"Feature","properties":{"kind":"academy","label":"대형 입시학원","name":"EiE고려대학교영어교육프로그램마포염리학원","cap":570},"geometry":{"type":"Point","coordinates":[126.944628802617,37.5422938477871]}},{"type":"Feature","properties":{"kind":"academy","label":"대형 입시학원","name":"각인입시전문학원마포관학원","cap":1424},"geometry":{"type":"Point","coordinates":[126.945719646397,37.5459782699661]}},{"type":"Feature","properties":{"kind":"academy","label":"대형 입시학원","name":"갈무리마포학원","cap":678},"geometry":{"type":"Point","coordinates":[126.939330193274,37.5488223160271]}},{"type":"Feature","properties":{"kind":"academy","label":"대형 입시학원","name":"갈무리플러스마포학원","cap":956},"geometry":{"type":"Point","coordinates":[126.935260882259,37.5498203534403]}},{"type":"Feature","properties":{"kind":"academy","label":"대형 입시학원","name":"공덕에듀플렉스학원","cap":825},"geometry":{"type":"Point","coordinates":[126.956497177398,37.550974625237]}},{"type":"Feature","properties":{"kind":"academy","label":"대형 입시학원","name":"공부습관고등관영어학원","cap":740},"geometry":{"type":"Point","coordinates":[126.93746560134,37.5500412050395]}},{"type":"Feature","properties":{"kind":"academy","label":"대형 입시학원","name":"그리니치수학과학학원","cap":500},"geometry":{"type":"Point","coordinates":[126.945514548429,37.5538253308679]}},{"type":"Feature","properties":{"kind":"academy","label":"대형 입시학원","name":"기강학원","cap":585},"geometry":{"type":"Point","coordinates":[126.943170565054,37.5471021480065]}},{"type":"Feature","properties":{"kind":"academy","label":"대형 입시학원","name":"길가온학원","cap":570},"geometry":{"type":"Point","coordinates":[126.939913084441,37.5492615805475]}},{"type":"Feature","properties":{"kind":"academy","label":"대형 입시학원","name":"노블온더힐학원","cap":328},"geometry":{"type":"Point","coordinates":[126.905055114548,37.5677802213943]}},{"type":"Feature","properties":{"kind":"academy","label":"대형 입시학원","name":"눈높이러닝센터공덕학원","cap":660},"geometry":{"type":"Point","coordinates":[126.952161144333,37.5489364214211]}},{"type":"Feature","properties":{"kind":"academy","label":"대형 입시학원","name":"뉴오미크론학원","cap":660},"geometry":{"type":"Point","coordinates":[126.944417774614,37.5470143536838]}},{"type":"Feature","properties":{"kind":"academy","label":"대형 입시학원","name":"뉴탑영어전문학원","cap":576},"geometry":{"type":"Point","coordinates":[126.937555301322,37.549682204664]}},{"type":"Feature","properties":{"kind":"academy","label":"대형 입시학원","name":"뉴파인마포중고등관학원","cap":600},"geometry":{"type":"Point","coordinates":[126.942488876385,37.5469658572394]}},{"type":"Feature","properties":{"kind":"academy","label":"대형 입시학원","name":"뉴파인아현관학원","cap":411},"geometry":{"type":"Point","coordinates":[126.950815422662,37.5568294214989]}},{"type":"Feature","properties":{"kind":"academy","label":"대형 입시학원","name":"뉴퍼센트독학재수학원","cap":385},"geometry":{"type":"Point","coordinates":[126.945514548429,37.5538253308679]}},{"type":"Feature","properties":{"kind":"academy","label":"대형 입시학원","name":"대교하이캠퍼스망원스카이학원","cap":660},"geometry":{"type":"Point","coordinates":[126.903931794159,37.5579986387445]}},{"type":"Feature","properties":{"kind":"academy","label":"대형 입시학원","name":"대치명인스카이수학학원","cap":465},"geometry":{"type":"Point","coordinates":[126.939344606101,37.5494698710378]}},{"type":"Feature","properties":{"kind":"academy","label":"대형 입시학원","name":"대치비전과멘토학원","cap":340},"geometry":{"type":"Point","coordinates":[126.920249370284,37.5629617646657]}},{"type":"Feature","properties":{"kind":"academy","label":"대형 입시학원","name":"대치상상학원","cap":380},"geometry":{"type":"Point","coordinates":[126.950410159323,37.556802402263]}},{"type":"Feature","properties":{"kind":"academy","label":"대형 입시학원","name":"대치써미트영어학원","cap":630},"geometry":{"type":"Point","coordinates":[126.943769143228,37.5451997049762]}},{"type":"Feature","properties":{"kind":"academy","label":"대형 입시학원","name":"대치써미트영어학원제2관학원","cap":800},"geometry":{"type":"Point","coordinates":[126.94245380601,37.5473952561776]}},{"type":"Feature","properties":{"kind":"academy","label":"대형 입시학원","name":"대치이강학원신촌캠퍼스학원","cap":705},"geometry":{"type":"Point","coordinates":[126.920249370284,37.5629617646657]}},{"type":"Feature","properties":{"kind":"academy","label":"대형 입시학원","name":"대한논리독서논술학원","cap":440},"geometry":{"type":"Point","coordinates":[126.942562000578,37.5459041557203]}},{"type":"Feature","properties":{"kind":"academy","label":"대형 입시학원","name":"대한논리미래N국어학원","cap":340},"geometry":{"type":"Point","coordinates":[126.942562000578,37.5459041557203]}},{"type":"Feature","properties":{"kind":"academy","label":"대형 입시학원","name":"더맺음(MathZm)마포2관수학학원","cap":308},"geometry":{"type":"Point","coordinates":[126.945719646397,37.5459782699661]}},{"type":"Feature","properties":{"kind":"academy","label":"대형 입시학원","name":"두이스트(DOOIST)학원","cap":672},"geometry":{"type":"Point","coordinates":[126.951398571008,37.5568982288777]}},{"type":"Feature","properties":{"kind":"academy","label":"대형 입시학원","name":"라이트영어수학학원","cap":355},"geometry":{"type":"Point","coordinates":[126.905139983363,37.5718164774992]}},{"type":"Feature","properties":{"kind":"academy","label":"대형 입시학원","name":"룩스하이학원","cap":410},"geometry":{"type":"Point","coordinates":[126.949333367033,37.5449942729365]}},{"type":"Feature","properties":{"kind":"academy","label":"대형 입시학원","name":"리더스국영수전문학원","cap":324},"geometry":{"type":"Point","coordinates":[126.933364882387,37.5455389242882]}},{"type":"Feature","properties":{"kind":"academy","label":"대형 입시학원","name":"리드101마포염리영어학원","cap":480},"geometry":{"type":"Point","coordinates":[126.944628802617,37.5422938477871]}},{"type":"Feature","properties":{"kind":"academy","label":"대형 입시학원","name":"리드윈보습학원","cap":440},"geometry":{"type":"Point","coordinates":[126.938445300774,37.5552352521511]}},{"type":"Feature","properties":{"kind":"academy","label":"대형 입시학원","name":"리드인독서논술국어2상수학학원","cap":904},"geometry":{"type":"Point","coordinates":[126.879869563728,37.5850443805494]}},{"type":"Feature","properties":{"kind":"academy","label":"대형 입시학원","name":"마운트수학중고등관학원","cap":438},"geometry":{"type":"Point","coordinates":[126.939985670851,37.5446845434909]}},{"type":"Feature","properties":{"kind":"academy","label":"대형 입시학원","name":"마포2호점와와학습코칭학원","cap":540},"geometry":{"type":"Point","coordinates":[126.938303206822,37.5432283824035]}},{"type":"Feature","properties":{"kind":"academy","label":"대형 입시학원","name":"마포블랙관정이조학원","cap":356},"geometry":{"type":"Point","coordinates":[126.943739325536,37.5434688712478]}},{"type":"Feature","properties":{"kind":"academy","label":"대형 입시학원","name":"마포에이닷영어학원","cap":1040},"geometry":{"type":"Point","coordinates":[126.939347387549,37.5453387932227]}},{"type":"Feature","properties":{"kind":"academy","label":"대형 입시학원","name":"마포점와와학습코칭학원","cap":984},"geometry":{"type":"Point","coordinates":[126.946187966049,37.5433654064627]}},{"type":"Feature","properties":{"kind":"academy","label":"대형 입시학원","name":"매시브마포수능관학원","cap":426},"geometry":{"type":"Point","coordinates":[126.940376939965,37.5458564008964]}},{"type":"Feature","properties":{"kind":"academy","label":"대형 입시학원","name":"목동리젠영어마포1관학원","cap":426},"geometry":{"type":"Point","coordinates":[126.94245380601,37.5473952561776]}},{"type":"Feature","properties":{"kind":"academy","label":"대형 입시학원","name":"목동리젠영어마포2관학원","cap":588},"geometry":{"type":"Point","coordinates":[126.943224745318,37.5460890008239]}},{"type":"Feature","properties":{"kind":"academy","label":"대형 입시학원","name":"뮤엠영어아현학원","cap":352},"geometry":{"type":"Point","coordinates":[126.9555481061,37.555642341891]}},{"type":"Feature","properties":{"kind":"academy","label":"대형 입시학원","name":"백인대장마포2관수학학원","cap":384},"geometry":{"type":"Point","coordinates":[126.937257062048,37.5500124426657]}},{"type":"Feature","properties":{"kind":"academy","label":"대형 입시학원","name":"백인대장마포관수학학원","cap":880},"geometry":{"type":"Point","coordinates":[126.939330193274,37.5488223160271]}},{"type":"Feature","properties":{"kind":"academy","label":"대형 입시학원","name":"베리크루항공승무원학원","cap":312},"geometry":{"type":"Point","coordinates":[126.914706743512,37.5521145711072]}},{"type":"Feature","properties":{"kind":"academy","label":"대형 입시학원","name":"성산베스트플러스학원","cap":365},"geometry":{"type":"Point","coordinates":[126.90966969503,37.5537428023198]}},{"type":"Feature","properties":{"kind":"academy","label":"대형 입시학원","name":"세이와이학원","cap":1758},"geometry":{"type":"Point","coordinates":[126.939913084441,37.5492615805475]}},{"type":"Feature","properties":{"kind":"academy","label":"대형 입시학원","name":"센텀영수학원","cap":370},"geometry":{"type":"Point","coordinates":[126.91284713049,37.5591386498728]}},{"type":"Feature","properties":{"kind":"academy","label":"대형 입시학원","name":"솔개국어학원","cap":420},"geometry":{"type":"Point","coordinates":[126.953973136243,37.5570042267641]}},{"type":"Feature","properties":{"kind":"academy","label":"대형 입시학원","name":"수나무수학학원","cap":576},"geometry":{"type":"Point","coordinates":[126.944340079071,37.5481702984652]}},{"type":"Feature","properties":{"kind":"academy","label":"대형 입시학원","name":"수능선배학원","cap":440},"geometry":{"type":"Point","coordinates":[126.936001762116,37.5549939272318]}},{"type":"Feature","properties":{"kind":"academy","label":"대형 입시학원","name":"시너스학원","cap":492},"geometry":{"type":"Point","coordinates":[126.945486650397,37.5447372165955]}},{"type":"Feature","properties":{"kind":"academy","label":"대형 입시학원","name":"알고스터디입시학원","cap":355},"geometry":{"type":"Point","coordinates":[126.945486650397,37.5447372165955]}},{"type":"Feature","properties":{"kind":"academy","label":"대형 입시학원","name":"앤트스터디명품대입관학원","cap":300},"geometry":{"type":"Point","coordinates":[126.909497872626,37.5672412213372]}},{"type":"Feature","properties":{"kind":"academy","label":"대형 입시학원","name":"에듀플렉스에듀코치개별지도공덕2학원","cap":795},"geometry":{"type":"Point","coordinates":[126.945841810262,37.5458880459597]}},{"type":"Feature","properties":{"kind":"academy","label":"대형 입시학원","name":"에듀플렉스에듀코치개별지도서강학원","cap":775},"geometry":{"type":"Point","coordinates":[126.931692020954,37.5494286610068]}},{"type":"Feature","properties":{"kind":"academy","label":"대형 입시학원","name":"에듀플렉스에듀코치개별지도이대역학원","cap":365},"geometry":{"type":"Point","coordinates":[126.944361830813,37.5563578579418]}},{"type":"Feature","properties":{"kind":"academy","label":"대형 입시학원","name":"에스에스잉글리쉬학원","cap":432},"geometry":{"type":"Point","coordinates":[126.909400661994,37.5671307748217]}},{"type":"Feature","properties":{"kind":"academy","label":"대형 입시학원","name":"에이플러스영어학원","cap":432},"geometry":{"type":"Point","coordinates":[126.941955724387,37.547325815685]}},{"type":"Feature","properties":{"kind":"academy","label":"대형 입시학원","name":"에프이매쓰학원","cap":470},"geometry":{"type":"Point","coordinates":[126.942488876385,37.5469658572394]}},{"type":"Feature","properties":{"kind":"academy","label":"대형 입시학원","name":"열정과도약수학학원","cap":438},"geometry":{"type":"Point","coordinates":[126.948750766953,37.5452545904697]}},{"type":"Feature","properties":{"kind":"academy","label":"대형 입시학원","name":"예설라마포대흥학원","cap":456},"geometry":{"type":"Point","coordinates":[126.94235658975,37.5459397351852]}},{"type":"Feature","properties":{"kind":"academy","label":"대형 입시학원","name":"오미크론수학전문학원","cap":660},"geometry":{"type":"Point","coordinates":[126.944417774614,37.5470143536838]}},{"type":"Feature","properties":{"kind":"academy","label":"대형 입시학원","name":"위준성플러스영어학원","cap":612},"geometry":{"type":"Point","coordinates":[126.931692020954,37.5494286610068]}},{"type":"Feature","properties":{"kind":"academy","label":"대형 입시학원","name":"유진학원","cap":468},"geometry":{"type":"Point","coordinates":[126.903831982249,37.5701416409399]}},{"type":"Feature","properties":{"kind":"academy","label":"대형 입시학원","name":"이노블스상암영어학원","cap":2520},"geometry":{"type":"Point","coordinates":[126.882964837777,37.5802681727004]}},{"type":"Feature","properties":{"kind":"academy","label":"대형 입시학원","name":"이투스247마포학원","cap":426},"geometry":{"type":"Point","coordinates":[126.943204858356,37.5475422123068]}},{"type":"Feature","properties":{"kind":"academy","label":"대형 입시학원","name":"이투스수학전문학원","cap":405},"geometry":{"type":"Point","coordinates":[126.946347220945,37.5464595100242]}},{"type":"Feature","properties":{"kind":"academy","label":"대형 입시학원","name":"인생의보람수학과학전문마포2관학원","cap":304},"geometry":{"type":"Point","coordinates":[126.939865822286,37.5494930229885]}},{"type":"Feature","properties":{"kind":"academy","label":"대형 입시학원","name":"잇올스파르타마포신촌독학재수학원","cap":378},"geometry":{"type":"Point","coordinates":[126.936001762116,37.5549939272318]}},{"type":"Feature","properties":{"kind":"academy","label":"대형 입시학원","name":"제3기강수학학원","cap":540},"geometry":{"type":"Point","coordinates":[126.945412775474,37.5465765720018]}},{"type":"Feature","properties":{"kind":"academy","label":"대형 입시학원","name":"제이준영어학원","cap":414},"geometry":{"type":"Point","coordinates":[126.947307540814,37.5425353700491]}},{"type":"Feature","properties":{"kind":"academy","label":"대형 입시학원","name":"제이케이고등관학원","cap":1030},"geometry":{"type":"Point","coordinates":[126.943025234504,37.5471444249172]}},{"type":"Feature","properties":{"kind":"academy","label":"대형 입시학원","name":"준과학마포플러스학원","cap":464},"geometry":{"type":"Point","coordinates":[126.93726254993,37.5502157108029]}},{"type":"Feature","properties":{"kind":"academy","label":"대형 입시학원","name":"준과학마포학원","cap":740},"geometry":{"type":"Point","coordinates":[126.937346118849,37.5501525951937]}},{"type":"Feature","properties":{"kind":"academy","label":"대형 입시학원","name":"채움해법영수학원","cap":420},"geometry":{"type":"Point","coordinates":[126.931356178154,37.5482868110653]}},{"type":"Feature","properties":{"kind":"academy","label":"대형 입시학원","name":"채움해법학원","cap":546},"geometry":{"type":"Point","coordinates":[126.931356178154,37.5482868110653]}},{"type":"Feature","properties":{"kind":"academy","label":"대형 입시학원","name":"책나무마포아현독서논술학원","cap":460},"geometry":{"type":"Point","coordinates":[126.95532261857,37.5564770309498]}},{"type":"Feature","properties":{"kind":"academy","label":"대형 입시학원","name":"코드3학원","cap":1338},"geometry":{"type":"Point","coordinates":[126.939913084441,37.5492615805475]}},{"type":"Feature","properties":{"kind":"academy","label":"대형 입시학원","name":"키움수학전문학원","cap":504},"geometry":{"type":"Point","coordinates":[126.944628802617,37.5422938477871]}},{"type":"Feature","properties":{"kind":"academy","label":"대형 입시학원","name":"트리니티국영수학원","cap":370},"geometry":{"type":"Point","coordinates":[126.941856978509,37.5437727674937]}},{"type":"Feature","properties":{"kind":"academy","label":"대형 입시학원","name":"파슨스학원","cap":332},"geometry":{"type":"Point","coordinates":[126.879869563728,37.5850443805494]}},{"type":"Feature","properties":{"kind":"academy","label":"대형 입시학원","name":"필즈더클래식마포센터학원","cap":304},"geometry":{"type":"Point","coordinates":[126.937098931917,37.5496542116856]}},{"type":"Feature","properties":{"kind":"academy","label":"대형 입시학원","name":"하이컨설팅학원","cap":365},"geometry":{"type":"Point","coordinates":[126.921062319289,37.5592607468463]}},{"type":"Feature","properties":{"kind":"academy","label":"대형 입시학원","name":"혜윰영어학원","cap":324},"geometry":{"type":"Point","coordinates":[126.880734708155,37.5802612554278]}},{"type":"Feature","properties":{"kind":"academy","label":"대형 입시학원","name":"3030영어&윤킴보습학원","cap":396},"geometry":{"type":"Point","coordinates":[126.787215090354,37.4881678811232]}},{"type":"Feature","properties":{"kind":"academy","label":"대형 입시학원","name":"CEJ(씨이제이)영어수학보습학원","cap":315},"geometry":{"type":"Point","coordinates":[126.780695977298,37.4782939883482]}},{"type":"Feature","properties":{"kind":"academy","label":"대형 입시학원","name":"CNI수학원부천보습학원","cap":481},"geometry":{"type":"Point","coordinates":[126.764696561293,37.5049960400136]}},{"type":"Feature","properties":{"kind":"academy","label":"대형 입시학원","name":"E&T(이앤티)수학보습학원","cap":500},"geometry":{"type":"Point","coordinates":[126.766792495273,37.5047708009596]}},{"type":"Feature","properties":{"kind":"academy","label":"대형 입시학원","name":"JK(제이케이)수학보습학원","cap":730},"geometry":{"type":"Point","coordinates":[126.769549089405,37.5044099529637]}},{"type":"Feature","properties":{"kind":"academy","label":"대형 입시학원","name":"JOE영어수학전문보습학원","cap":440},"geometry":{"type":"Point","coordinates":[126.78100096501,37.4781524651098]}},{"type":"Feature","properties":{"kind":"academy","label":"대형 입시학원","name":"JS진성수학입시학원","cap":424},"geometry":{"type":"Point","coordinates":[126.751084684264,37.5039021645423]}},{"type":"Feature","properties":{"kind":"academy","label":"대형 입시학원","name":"JUSTONE(저스트원)보습학원","cap":322},"geometry":{"type":"Point","coordinates":[126.767827938038,37.5050853986971]}},{"type":"Feature","properties":{"kind":"academy","label":"대형 입시학원","name":"SM Math에스엠매쓰수학보습학원","cap":650},"geometry":{"type":"Point","coordinates":[126.759313023475,37.4999265985365]}},{"type":"Feature","properties":{"kind":"academy","label":"대형 입시학원","name":"ST수학전문입시학원","cap":400},"geometry":{"type":"Point","coordinates":[126.769549089405,37.5044099529637]}},{"type":"Feature","properties":{"kind":"academy","label":"대형 입시학원","name":"X-TEN(엑스텐)보습학원","cap":400},"geometry":{"type":"Point","coordinates":[126.813428868861,37.4888298252484]}},{"type":"Feature","properties":{"kind":"academy","label":"대형 입시학원","name":"YBM잉글루부천원종영수보습학원","cap":360},"geometry":{"type":"Point","coordinates":[126.805576569955,37.5184319113041]}},{"type":"Feature","properties":{"kind":"academy","label":"대형 입시학원","name":"e(이)해법보습학원","cap":420},"geometry":{"type":"Point","coordinates":[126.813279347839,37.4866649203259]}},{"type":"Feature","properties":{"kind":"academy","label":"대형 입시학원","name":"가우스보습학원","cap":480},"geometry":{"type":"Point","coordinates":[126.77539918617,37.4993582089426]}},{"type":"Feature","properties":{"kind":"academy","label":"대형 입시학원","name":"고수의수학보습학원","cap":330},"geometry":{"type":"Point","coordinates":[126.751084684264,37.5039021645423]}},{"type":"Feature","properties":{"kind":"academy","label":"대형 입시학원","name":"고은수학입시학원","cap":300},"geometry":{"type":"Point","coordinates":[126.800889054704,37.469124406555]}},{"type":"Feature","properties":{"kind":"academy","label":"대형 입시학원","name":"공터영어부천원종센터보습학원","cap":620},"geometry":{"type":"Point","coordinates":[126.808506091993,37.5276337580122]}},{"type":"Feature","properties":{"kind":"academy","label":"대형 입시학원","name":"국어의맥보습학원","cap":300},"geometry":{"type":"Point","coordinates":[126.762950526446,37.5052605975703]}},{"type":"Feature","properties":{"kind":"academy","label":"대형 입시학원","name":"그레이드원초중등보습학원","cap":640},"geometry":{"type":"Point","coordinates":[126.754523859679,37.5073026292087]}},{"type":"Feature","properties":{"kind":"academy","label":"대형 입시학원","name":"김미경영어전문보습학원","cap":390},"geometry":{"type":"Point","coordinates":[126.822670308139,37.4670067683288]}},{"type":"Feature","properties":{"kind":"academy","label":"대형 입시학원","name":"김민석마플수학입시학원","cap":410},"geometry":{"type":"Point","coordinates":[126.763067243908,37.5027909108487]}},{"type":"Feature","properties":{"kind":"academy","label":"대형 입시학원","name":"김쌤영어보습학원","cap":400},"geometry":{"type":"Point","coordinates":[126.764696561293,37.5049960400136]}},{"type":"Feature","properties":{"kind":"academy","label":"대형 입시학원","name":"김태균수학클리닉김태균엘리트(ELITE)수학범박캠퍼스보습학원","cap":381},"geometry":{"type":"Point","coordinates":[126.809587373605,37.4712169212861]}},{"type":"Feature","properties":{"kind":"academy","label":"대형 입시학원","name":"꿈꾸는나무보습학원","cap":350},"geometry":{"type":"Point","coordinates":[126.781412761029,37.4813199086215]}},{"type":"Feature","properties":{"kind":"academy","label":"대형 입시학원","name":"꿈을일구는틀수학논술학원","cap":300},"geometry":{"type":"Point","coordinates":[126.752017408872,37.4913087170751]}},{"type":"Feature","properties":{"kind":"academy","label":"대형 입시학원","name":"노바(NOVA)과학수학보습학원","cap":315},"geometry":{"type":"Point","coordinates":[126.75224868133,37.5037589193069]}},{"type":"Feature","properties":{"kind":"academy","label":"대형 입시학원","name":"노부영영어드림부천상동영어보습학원","cap":315},"geometry":{"type":"Point","coordinates":[126.751084684264,37.5039021645423]}},{"type":"Feature","properties":{"kind":"academy","label":"대형 입시학원","name":"눈높이러닝센터다정한보습논술학원","cap":704},"geometry":{"type":"Point","coordinates":[126.751876208451,37.5127952842413]}},{"type":"Feature","properties":{"kind":"academy","label":"대형 입시학원","name":"눈높이러닝센터명인보습논술학원","cap":704},"geometry":{"type":"Point","coordinates":[126.778742028092,37.4798245812374]}},{"type":"Feature","properties":{"kind":"academy","label":"대형 입시학원","name":"눈높이러닝센터범박보습논술학원","cap":744},"geometry":{"type":"Point","coordinates":[126.809587373605,37.4712169212861]}},{"type":"Feature","properties":{"kind":"academy","label":"대형 입시학원","name":"눈높이러닝센터상동보습논술학원","cap":704},"geometry":{"type":"Point","coordinates":[126.752790977915,37.4939118101981]}},{"type":"Feature","properties":{"kind":"academy","label":"대형 입시학원","name":"눈높이러닝센터소사한신보습논술학원","cap":704},"geometry":{"type":"Point","coordinates":[126.797971946497,37.4750599872265]}},{"type":"Feature","properties":{"kind":"academy","label":"대형 입시학원","name":"눈높이러닝센터역곡보습논술학원","cap":704},"geometry":{"type":"Point","coordinates":[126.810760176713,37.4879143927803]}},{"type":"Feature","properties":{"kind":"academy","label":"대형 입시학원","name":"눈높이러닝센터오정보습논술학원","cap":510},"geometry":{"type":"Point","coordinates":[126.785948103397,37.5298037392343]}},{"type":"Feature","properties":{"kind":"academy","label":"대형 입시학원","name":"눈높이러닝센터옥길보습논술학원","cap":704},"geometry":{"type":"Point","coordinates":[126.823095917525,37.4664728369712]}},{"type":"Feature","properties":{"kind":"academy","label":"대형 입시학원","name":"눈높이러닝센터원미보습논술학원","cap":704},"geometry":{"type":"Point","coordinates":[126.791298934959,37.4934781264327]}},{"type":"Feature","properties":{"kind":"academy","label":"대형 입시학원","name":"눈높이러닝센터중동보습논술학원","cap":704},"geometry":{"type":"Point","coordinates":[126.767119561946,37.4929023356059]}},{"type":"Feature","properties":{"kind":"academy","label":"대형 입시학원","name":"능력보습학원","cap":1320},"geometry":{"type":"Point","coordinates":[126.804550579683,37.5203898968693]}},{"type":"Feature","properties":{"kind":"academy","label":"대형 입시학원","name":"다가온종합보습학원","cap":450},"geometry":{"type":"Point","coordinates":[126.75224868133,37.5037589193069]}},{"type":"Feature","properties":{"kind":"academy","label":"대형 입시학원","name":"다온2관보습학원","cap":350},"geometry":{"type":"Point","coordinates":[126.80650884538,37.5113925581626]}},{"type":"Feature","properties":{"kind":"academy","label":"대형 입시학원","name":"다온보습학원","cap":315},"geometry":{"type":"Point","coordinates":[126.767018587613,37.4945753030531]}},{"type":"Feature","properties":{"kind":"academy","label":"대형 입시학원","name":"다온입시학원","cap":400},"geometry":{"type":"Point","coordinates":[126.768935964114,37.5044936297783]}},{"type":"Feature","properties":{"kind":"academy","label":"대형 입시학원","name":"다원국어입시학원","cap":300},"geometry":{"type":"Point","coordinates":[126.776034059027,37.4970503197034]}},{"type":"Feature","properties":{"kind":"academy","label":"대형 입시학원","name":"대교하이캠퍼스성주보습논술학원","cap":704},"geometry":{"type":"Point","coordinates":[126.769988451847,37.4835817327703]}},{"type":"Feature","properties":{"kind":"academy","label":"대형 입시학원","name":"대산보습학원","cap":336},"geometry":{"type":"Point","coordinates":[126.794279222257,37.5199934017937]}},{"type":"Feature","properties":{"kind":"academy","label":"대형 입시학원","name":"더하이보습학원","cap":390},"geometry":{"type":"Point","coordinates":[126.809587373605,37.4712169212861]}},{"type":"Feature","properties":{"kind":"academy","label":"대형 입시학원","name":"돋움보습학원","cap":420},"geometry":{"type":"Point","coordinates":[126.775293406619,37.4997118322033]}},{"type":"Feature","properties":{"kind":"academy","label":"대형 입시학원","name":"동문밀리언삼성영어보습학원","cap":768},"geometry":{"type":"Point","coordinates":[126.801108879657,37.4757110618492]}},{"type":"Feature","properties":{"kind":"academy","label":"대형 입시학원","name":"드림보습학원","cap":720},"geometry":{"type":"Point","coordinates":[126.775172751484,37.4914093822587]}},{"type":"Feature","properties":{"kind":"academy","label":"대형 입시학원","name":"디랩독학재수학원","cap":445},"geometry":{"type":"Point","coordinates":[126.752412968332,37.5051751903525]}},{"type":"Feature","properties":{"kind":"academy","label":"대형 입시학원","name":"러셀부천제2관입시학원","cap":390},"geometry":{"type":"Point","coordinates":[126.768140787242,37.5046026248178]}},{"type":"Feature","properties":{"kind":"academy","label":"대형 입시학원","name":"레벨미업수학국어보습학원","cap":300},"geometry":{"type":"Point","coordinates":[126.773318974917,37.5039053871865]}},{"type":"Feature","properties":{"kind":"academy","label":"대형 입시학원","name":"레벨미업프리줌보습학원","cap":350},"geometry":{"type":"Point","coordinates":[126.773318974917,37.5039053871865]}},{"type":"Feature","properties":{"kind":"academy","label":"대형 입시학원","name":"류수학보습학원","cap":906},"geometry":{"type":"Point","coordinates":[126.762864815532,37.4834743056202]}},{"type":"Feature","properties":{"kind":"academy","label":"대형 입시학원","name":"매틱스보습학원","cap":1140},"geometry":{"type":"Point","coordinates":[126.762232249549,37.496200459915]}},{"type":"Feature","properties":{"kind":"academy","label":"대형 입시학원","name":"멘토링보습학원","cap":300},"geometry":{"type":"Point","coordinates":[126.769949390853,37.4984944706228]}},{"type":"Feature","properties":{"kind":"academy","label":"대형 입시학원","name":"목동피앤엘수학입시학원","cap":840},"geometry":{"type":"Point","coordinates":[126.752319717805,37.5040631568944]}},{"type":"Feature","properties":{"kind":"academy","label":"대형 입시학원","name":"미래인재프리미엄2입시학원","cap":400},"geometry":{"type":"Point","coordinates":[126.822670308139,37.4670067683288]}},{"type":"Feature","properties":{"kind":"academy","label":"대형 입시학원","name":"미르수학보습학원","cap":350},"geometry":{"type":"Point","coordinates":[126.775293406619,37.4997118322033]}},{"type":"Feature","properties":{"kind":"academy","label":"대형 입시학원","name":"미우음악학원","cap":1650},"geometry":{"type":"Point","coordinates":[126.823095917525,37.4664728369712]}},{"type":"Feature","properties":{"kind":"academy","label":"대형 입시학원","name":"바른입시학원","cap":320},"geometry":{"type":"Point","coordinates":[126.776034059027,37.4970503197034]}},{"type":"Feature","properties":{"kind":"academy","label":"대형 입시학원","name":"반달점와와학습코칭보습학원","cap":350},"geometry":{"type":"Point","coordinates":[126.75000871929,37.4922257614559]}},{"type":"Feature","properties":{"kind":"academy","label":"대형 입시학원","name":"범박스키마입시학원","cap":552},"geometry":{"type":"Point","coordinates":[126.809587373605,37.4712169212861]}},{"type":"Feature","properties":{"kind":"academy","label":"대형 입시학원","name":"범박점와와학습코칭보습학원","cap":1128},"geometry":{"type":"Point","coordinates":[126.804224721038,37.4730702733768]}},{"type":"Feature","properties":{"kind":"academy","label":"대형 입시학원","name":"보다더보습학원","cap":320},"geometry":{"type":"Point","coordinates":[126.80445348713,37.5218771995787]}},{"type":"Feature","properties":{"kind":"academy","label":"대형 입시학원","name":"부천상동에이닷영어입시학원","cap":1080},"geometry":{"type":"Point","coordinates":[126.752384077221,37.5074849409818]}},{"type":"Feature","properties":{"kind":"academy","label":"대형 입시학원","name":"부천청솔입시학원","cap":1200},"geometry":{"type":"Point","coordinates":[126.755348061892,37.490548365098]}},{"type":"Feature","properties":{"kind":"academy","label":"대형 입시학원","name":"비원(Be-one)소사입시학원","cap":300},"geometry":{"type":"Point","coordinates":[126.80316345044,37.4727993789054]}},{"type":"Feature","properties":{"kind":"academy","label":"대형 입시학원","name":"비원오길보습학원","cap":300},"geometry":{"type":"Point","coordinates":[126.752319717805,37.5040631568944]}},{"type":"Feature","properties":{"kind":"academy","label":"대형 입시학원","name":"비원투혼입시학원","cap":300},"geometry":{"type":"Point","coordinates":[126.763067243908,37.5027909108487]}},{"type":"Feature","properties":{"kind":"academy","label":"대형 입시학원","name":"상동DPA(디피에이)보습학원","cap":350},"geometry":{"type":"Point","coordinates":[126.751696928176,37.507606305231]}},{"type":"Feature","properties":{"kind":"academy","label":"대형 입시학원","name":"상동아일렉(ILEC)영어보습학원","cap":350},"geometry":{"type":"Point","coordinates":[126.750607495796,37.503948100333]}},{"type":"Feature","properties":{"kind":"academy","label":"대형 입시학원","name":"상동해밀캠퍼스엠베스트SE보습학원","cap":300},"geometry":{"type":"Point","coordinates":[126.752352435762,37.5127147429851]}},{"type":"Feature","properties":{"kind":"academy","label":"대형 입시학원","name":"새길입시학원","cap":900},"geometry":{"type":"Point","coordinates":[126.801506377724,37.4723751149417]}},{"type":"Feature","properties":{"kind":"academy","label":"대형 입시학원","name":"새솔보습학원","cap":1050},"geometry":{"type":"Point","coordinates":[126.793697444712,37.5193372687809]}},{"type":"Feature","properties":{"kind":"academy","label":"대형 입시학원","name":"생각유희입시학원","cap":450},"geometry":{"type":"Point","coordinates":[126.750221992229,37.5040044995332]}},{"type":"Feature","properties":{"kind":"academy","label":"대형 입시학원","name":"생각의숲독서&국어보습학원","cap":380},"geometry":{"type":"Point","coordinates":[126.770188439306,37.5124836442711]}},{"type":"Feature","properties":{"kind":"academy","label":"대형 입시학원","name":"서일영어1캠보습학원","cap":535},"geometry":{"type":"Point","coordinates":[126.759313023475,37.4999265985365]}},{"type":"Feature","properties":{"kind":"academy","label":"대형 입시학원","name":"서일영어보습학원","cap":497},"geometry":{"type":"Point","coordinates":[126.767568168059,37.4947558658048]}},{"type":"Feature","properties":{"kind":"academy","label":"대형 입시학원","name":"송내꿈이행리드인독서논술꿀잼영어수학보습학원","cap":462},"geometry":{"type":"Point","coordinates":[126.763883136498,37.485322687602]}},{"type":"Feature","properties":{"kind":"academy","label":"대형 입시학원","name":"송내자이언츠영어보습학원","cap":400},"geometry":{"type":"Point","coordinates":[126.751580269994,37.4905192388621]}},{"type":"Feature","properties":{"kind":"academy","label":"대형 입시학원","name":"송동섭영어입시학원","cap":300},"geometry":{"type":"Point","coordinates":[126.750607495796,37.503948100333]}},{"type":"Feature","properties":{"kind":"academy","label":"대형 입시학원","name":"수학도잘하는서쌤보습학원","cap":372},"geometry":{"type":"Point","coordinates":[126.813365213894,37.5280777111513]}},{"type":"Feature","properties":{"kind":"academy","label":"대형 입시학원","name":"수학열기보습학원","cap":350},"geometry":{"type":"Point","coordinates":[126.750221992229,37.5040044995332]}},{"type":"Feature","properties":{"kind":"academy","label":"대형 입시학원","name":"수학의봄입시학원","cap":315},"geometry":{"type":"Point","coordinates":[126.752319717805,37.5040631568944]}},{"type":"Feature","properties":{"kind":"academy","label":"대형 입시학원","name":"시너지보습학원","cap":530},"geometry":{"type":"Point","coordinates":[126.805100305748,37.5188389198374]}},{"type":"Feature","properties":{"kind":"academy","label":"대형 입시학원","name":"시대입시학원","cap":360},"geometry":{"type":"Point","coordinates":[126.810952400651,37.4883619602224]}},{"type":"Feature","properties":{"kind":"academy","label":"대형 입시학원","name":"썬샘수학영어보습학원","cap":300},"geometry":{"type":"Point","coordinates":[126.768083663604,37.4899788474693]}},{"type":"Feature","properties":{"kind":"academy","label":"대형 입시학원","name":"씨엠에스(CMS)부천입시학원","cap":855},"geometry":{"type":"Point","coordinates":[126.7549200417,37.5072360568444]}},{"type":"Feature","properties":{"kind":"academy","label":"대형 입시학원","name":"아담리즈수학보습학원","cap":300},"geometry":{"type":"Point","coordinates":[126.773318974917,37.5039053871865]}},{"type":"Feature","properties":{"kind":"academy","label":"대형 입시학원","name":"아르케입시학원","cap":405},"geometry":{"type":"Point","coordinates":[126.8234960827,37.466613992936]}},{"type":"Feature","properties":{"kind":"academy","label":"대형 입시학원","name":"아인슈타인수학과학보습학원","cap":620},"geometry":{"type":"Point","coordinates":[126.775610666913,37.4986383478573]}},{"type":"Feature","properties":{"kind":"academy","label":"대형 입시학원","name":"에듀올보습학원","cap":665},"geometry":{"type":"Point","coordinates":[126.752017408872,37.4913087170751]}},{"type":"Feature","properties":{"kind":"academy","label":"대형 입시학원","name":"에듀플렉스에듀코치개별지도범박보습학원","cap":1200},"geometry":{"type":"Point","coordinates":[126.809587373605,37.4712169212861]}},{"type":"Feature","properties":{"kind":"academy","label":"대형 입시학원","name":"에듀플렉스에듀코치개별지도중동2보습학원","cap":399},"geometry":{"type":"Point","coordinates":[126.77128413326,37.495017111702]}},{"type":"Feature","properties":{"kind":"academy","label":"대형 입시학원","name":"에듀플렉스에듀코치개별지도중동보습학원","cap":360},"geometry":{"type":"Point","coordinates":[126.769549089405,37.5044099529637]}},{"type":"Feature","properties":{"kind":"academy","label":"대형 입시학원","name":"에이블잉글리시보습학원","cap":300},"geometry":{"type":"Point","coordinates":[126.801108879657,37.4757110618492]}},{"type":"Feature","properties":{"kind":"academy","label":"대형 입시학원","name":"에이플러스공감보습학원","cap":300},"geometry":{"type":"Point","coordinates":[126.795336842267,37.4711964319942]}},{"type":"Feature","properties":{"kind":"academy","label":"대형 입시학원","name":"연세길보습학원","cap":880},"geometry":{"type":"Point","coordinates":[126.778588350888,37.4987979479786]}},{"type":"Feature","properties":{"kind":"academy","label":"대형 입시학원","name":"예설라부천상동원보습학원","cap":300},"geometry":{"type":"Point","coordinates":[126.7549200417,37.5072360568444]}},{"type":"Feature","properties":{"kind":"academy","label":"대형 입시학원","name":"오늘새벽보습학원","cap":330},"geometry":{"type":"Point","coordinates":[126.787655972023,37.5277313685765]}},{"type":"Feature","properties":{"kind":"academy","label":"대형 입시학원","name":"옥길꿈이행리드인독서논술꿀잼영어수학보습학원","cap":1000},"geometry":{"type":"Point","coordinates":[126.818925356109,37.4617344130808]}},{"type":"Feature","properties":{"kind":"academy","label":"대형 입시학원","name":"옥길미르수학보습학원","cap":400},"geometry":{"type":"Point","coordinates":[126.8234960827,37.466613992936]}},{"type":"Feature","properties":{"kind":"academy","label":"대형 입시학원","name":"옥길스키마2관입시학원","cap":670},"geometry":{"type":"Point","coordinates":[126.823095917525,37.4664728369712]}},{"type":"Feature","properties":{"kind":"academy","label":"대형 입시학원","name":"옥길점와와학습코칭보습학원","cap":1128},"geometry":{"type":"Point","coordinates":[126.822670308139,37.4670067683288]}},{"type":"Feature","properties":{"kind":"academy","label":"대형 입시학원","name":"올림수학보습학원","cap":360},"geometry":{"type":"Point","coordinates":[126.774897007801,37.4792583334041]}},{"type":"Feature","properties":{"kind":"academy","label":"대형 입시학원","name":"올바른수학보습학원","cap":420},"geometry":{"type":"Point","coordinates":[126.75224868133,37.5037589193069]}},{"type":"Feature","properties":{"kind":"academy","label":"대형 입시학원","name":"와와학습코칭상동보습학원","cap":1128},"geometry":{"type":"Point","coordinates":[126.7549200417,37.5072360568444]}},{"type":"Feature","properties":{"kind":"academy","label":"대형 입시학원","name":"와이제이검정고시입시학원","cap":1120},"geometry":{"type":"Point","coordinates":[126.785243910121,37.4853251529273]}},{"type":"Feature","properties":{"kind":"academy","label":"대형 입시학원","name":"와이즈만보습학원","cap":510},"geometry":{"type":"Point","coordinates":[126.813158085932,37.462117104695]}},{"type":"Feature","properties":{"kind":"academy","label":"대형 입시학원","name":"와이즈만영재교육보습학원","cap":300},"geometry":{"type":"Point","coordinates":[126.764696561293,37.5049960400136]}},{"type":"Feature","properties":{"kind":"academy","label":"대형 입시학원","name":"와이즈영어수학보습학원","cap":400},"geometry":{"type":"Point","coordinates":[126.769173081402,37.5148294056736]}},{"type":"Feature","properties":{"kind":"academy","label":"대형 입시학원","name":"우리말해&해법보습학원","cap":300},"geometry":{"type":"Point","coordinates":[126.753497769374,37.501055458286]}},{"type":"Feature","properties":{"kind":"academy","label":"대형 입시학원","name":"웅진북클럽스터디센터여월학원","cap":854},"geometry":{"type":"Point","coordinates":[126.80650884538,37.5113925581626]}},{"type":"Feature","properties":{"kind":"academy","label":"대형 입시학원","name":"원더매쓰보습학원","cap":320},"geometry":{"type":"Point","coordinates":[126.814622642421,37.4807949903648]}},{"type":"Feature","properties":{"kind":"academy","label":"대형 입시학원","name":"원종푸르넷보습학원","cap":315},"geometry":{"type":"Point","coordinates":[126.799589225435,37.5272042328374]}},{"type":"Feature","properties":{"kind":"academy","label":"대형 입시학원","name":"위니드수학루시드영어중고등관보습학원","cap":630},"geometry":{"type":"Point","coordinates":[126.80316345044,37.4727993789054]}},{"type":"Feature","properties":{"kind":"academy","label":"대형 입시학원","name":"위니드수학루시드영어초중등관보습학원","cap":375},"geometry":{"type":"Point","coordinates":[126.80316345044,37.4727993789054]}},{"type":"Feature","properties":{"kind":"academy","label":"대형 입시학원","name":"위챗영어보습학원","cap":504},"geometry":{"type":"Point","coordinates":[126.781875082928,37.4817038713104]}},{"type":"Feature","properties":{"kind":"academy","label":"대형 입시학원","name":"윌그로우영어보습학원","cap":980},"geometry":{"type":"Point","coordinates":[126.80316345044,37.4727993789054]}},{"type":"Feature","properties":{"kind":"academy","label":"대형 입시학원","name":"유레카수학보습학원","cap":1018},"geometry":{"type":"Point","coordinates":[126.80933568996,37.4695426202868]}},{"type":"Feature","properties":{"kind":"academy","label":"대형 입시학원","name":"육영보습학원","cap":345},"geometry":{"type":"Point","coordinates":[126.811456643964,37.5279570990662]}},{"type":"Feature","properties":{"kind":"academy","label":"대형 입시학원","name":"이든배움국어상동2관입시학원","cap":388},"geometry":{"type":"Point","coordinates":[126.751084684264,37.5039021645423]}},{"type":"Feature","properties":{"kind":"academy","label":"대형 입시학원","name":"이룸수학공터영어보습학원","cap":384},"geometry":{"type":"Point","coordinates":[126.781015102081,37.5003840946307]}},{"type":"Feature","properties":{"kind":"academy","label":"대형 입시학원","name":"이수보습학원","cap":600},"geometry":{"type":"Point","coordinates":[126.773998904226,37.4912970396717]}},{"type":"Feature","properties":{"kind":"academy","label":"대형 입시학원","name":"이재식국어입시학원","cap":320},"geometry":{"type":"Point","coordinates":[126.753034974307,37.5074497229108]}},{"type":"Feature","properties":{"kind":"academy","label":"대형 입시학원","name":"이투스투포세븐입시학원","cap":360},"geometry":{"type":"Point","coordinates":[126.76263447168,37.5053155548097]}},{"type":"Feature","properties":{"kind":"academy","label":"대형 입시학원","name":"일꿈보습학원","cap":603},"geometry":{"type":"Point","coordinates":[126.808603529527,37.5279313362469]}},{"type":"Feature","properties":{"kind":"academy","label":"대형 입시학원","name":"일등해법보습학원","cap":480},"geometry":{"type":"Point","coordinates":[126.78223751573,37.4810565354278]}},{"type":"Feature","properties":{"kind":"academy","label":"대형 입시학원","name":"일품프리미엄보습학원","cap":400},"geometry":{"type":"Point","coordinates":[126.790567415769,37.5200385958587]}},{"type":"Feature","properties":{"kind":"academy","label":"대형 입시학원","name":"임프라수학입시학원","cap":300},"geometry":{"type":"Point","coordinates":[126.7549200417,37.5072360568444]}},{"type":"Feature","properties":{"kind":"academy","label":"대형 입시학원","name":"잇올스파르타부천독학재수입시학원","cap":372},"geometry":{"type":"Point","coordinates":[126.762359643797,37.5023900745463]}},{"type":"Feature","properties":{"kind":"academy","label":"대형 입시학원","name":"자이언츠영어보습학원","cap":500},"geometry":{"type":"Point","coordinates":[126.753910150941,37.5073450508912]}},{"type":"Feature","properties":{"kind":"academy","label":"대형 입시학원","name":"정우보습학원","cap":868},"geometry":{"type":"Point","coordinates":[126.787758426537,37.5294632750153]}},{"type":"Feature","properties":{"kind":"academy","label":"대형 입시학원","name":"제2관가우스보습학원","cap":480},"geometry":{"type":"Point","coordinates":[126.775485937522,37.4990518521373]}},{"type":"Feature","properties":{"kind":"academy","label":"대형 입시학원","name":"제네시스수학입시학원","cap":300},"geometry":{"type":"Point","coordinates":[126.762232249549,37.496200459915]}},{"type":"Feature","properties":{"kind":"academy","label":"대형 입시학원","name":"제이비에듀보습학원","cap":1620},"geometry":{"type":"Point","coordinates":[126.8234960827,37.466613992936]}},{"type":"Feature","properties":{"kind":"academy","label":"대형 입시학원","name":"조나단영어보습학원","cap":320},"geometry":{"type":"Point","coordinates":[126.803396230321,37.47253541043]}},{"type":"Feature","properties":{"kind":"academy","label":"대형 입시학원","name":"조은쌤장쌤영어보습학원","cap":324},"geometry":{"type":"Point","coordinates":[126.775778229524,37.4980441831972]}},{"type":"Feature","properties":{"kind":"academy","label":"대형 입시학원","name":"중동점더블유플러스보습학원","cap":600},"geometry":{"type":"Point","coordinates":[126.766792495273,37.5047708009596]}},{"type":"Feature","properties":{"kind":"academy","label":"대형 입시학원","name":"지앤비(GnB)보습학원","cap":330},"geometry":{"type":"Point","coordinates":[126.805511895588,37.5254372710524]}},{"type":"Feature","properties":{"kind":"academy","label":"대형 입시학원","name":"지앤비영어교육상동캠퍼스보습학원","cap":304},"geometry":{"type":"Point","coordinates":[126.752017408872,37.4913087170751]}},{"type":"Feature","properties":{"kind":"academy","label":"대형 입시학원","name":"진샘영어수학보습학원","cap":360},"geometry":{"type":"Point","coordinates":[126.790245898641,37.4865368028073]}},{"type":"Feature","properties":{"kind":"academy","label":"대형 입시학원","name":"책나무부천범박점독서논술학원","cap":404},"geometry":{"type":"Point","coordinates":[126.809405651267,37.4698147479049]}},{"type":"Feature","properties":{"kind":"academy","label":"대형 입시학원","name":"책나무신중동독서논술보습학원","cap":390},"geometry":{"type":"Point","coordinates":[126.775610666913,37.4986383478573]}},{"type":"Feature","properties":{"kind":"academy","label":"대형 입시학원","name":"청솔입시학원","cap":1500},"geometry":{"type":"Point","coordinates":[126.75530783958,37.4903651073932]}},{"type":"Feature","properties":{"kind":"academy","label":"대형 입시학원","name":"최강단과보습학원","cap":300},"geometry":{"type":"Point","coordinates":[126.818969859113,37.5273835644579]}},{"type":"Feature","properties":{"kind":"academy","label":"대형 입시학원","name":"최강영어보습학원","cap":310},"geometry":{"type":"Point","coordinates":[126.75160681663,37.5038082978596]}},{"type":"Feature","properties":{"kind":"academy","label":"대형 입시학원","name":"칼마수학보습학원","cap":825},"geometry":{"type":"Point","coordinates":[126.753034974307,37.5074497229108]}},{"type":"Feature","properties":{"kind":"academy","label":"대형 입시학원","name":"케리그마영어보습학원","cap":300},"geometry":{"type":"Point","coordinates":[126.775610666913,37.4986383478573]}},{"type":"Feature","properties":{"kind":"academy","label":"대형 입시학원","name":"코알라에듀리드앤톡영어보습학원","cap":582},"geometry":{"type":"Point","coordinates":[126.75159664676,37.4913103559484]}},{"type":"Feature","properties":{"kind":"academy","label":"대형 입시학원","name":"큐엘(QL)보습학원","cap":530},"geometry":{"type":"Point","coordinates":[126.781486502306,37.497109996007]}},{"type":"Feature","properties":{"kind":"academy","label":"대형 입시학원","name":"킹스웨이영어보습학원","cap":365},"geometry":{"type":"Point","coordinates":[126.752883124683,37.4913074676482]}},{"type":"Feature","properties":{"kind":"academy","label":"대형 입시학원","name":"털보영어(TURBOENGLISH)보습학원","cap":325},"geometry":{"type":"Point","coordinates":[126.775610666913,37.4986383478573]}},{"type":"Feature","properties":{"kind":"academy","label":"대형 입시학원","name":"투더탑보습학원","cap":390},"geometry":{"type":"Point","coordinates":[126.79262035645,37.4982316341229]}},{"type":"Feature","properties":{"kind":"academy","label":"대형 입시학원","name":"파이수학보습학원","cap":560},"geometry":{"type":"Point","coordinates":[126.763473165547,37.483561841488]}},{"type":"Feature","properties":{"kind":"academy","label":"대형 입시학원","name":"패턴스터디오정캠퍼스보습학원","cap":320},"geometry":{"type":"Point","coordinates":[126.787585091957,37.5304255016122]}},{"type":"Feature","properties":{"kind":"academy","label":"대형 입시학원","name":"패트릭중동점영어입시학원","cap":354},"geometry":{"type":"Point","coordinates":[126.778588350888,37.4987979479786]}},{"type":"Feature","properties":{"kind":"academy","label":"대형 입시학원","name":"편샘보습학원","cap":550},"geometry":{"type":"Point","coordinates":[126.764214076293,37.4844977563198]}},{"type":"Feature","properties":{"kind":"academy","label":"대형 입시학원","name":"포텐과학입시학원","cap":300},"geometry":{"type":"Point","coordinates":[126.765823158016,37.4886508109389]}},{"type":"Feature","properties":{"kind":"academy","label":"대형 입시학원","name":"폭스영어입시학원","cap":544},"geometry":{"type":"Point","coordinates":[126.753034974307,37.5074497229108]}},{"type":"Feature","properties":{"kind":"academy","label":"대형 입시학원","name":"프라임EM(이엠)보습학원","cap":500},"geometry":{"type":"Point","coordinates":[126.772714852676,37.5090799496114]}},{"type":"Feature","properties":{"kind":"academy","label":"대형 입시학원","name":"플라이하이영어보습학원","cap":690},"geometry":{"type":"Point","coordinates":[126.763132763543,37.5030651275591]}},{"type":"Feature","properties":{"kind":"academy","label":"대형 입시학원","name":"피켈부천보습학원","cap":3916},"geometry":{"type":"Point","coordinates":[126.768140787242,37.5046026248178]}},{"type":"Feature","properties":{"kind":"academy","label":"대형 입시학원","name":"하이츠수학영어(소마사고력수학)입시학원","cap":540},"geometry":{"type":"Point","coordinates":[126.809587373605,37.4712169212861]}},{"type":"Feature","properties":{"kind":"academy","label":"대형 입시학원","name":"하이큐보습학원","cap":1250},"geometry":{"type":"Point","coordinates":[126.810760176713,37.4879143927803]}},{"type":"Feature","properties":{"kind":"academy","label":"대형 입시학원","name":"한설보습학원","cap":355},"geometry":{"type":"Point","coordinates":[126.751696928176,37.507606305231]}},{"type":"Feature","properties":{"kind":"academy","label":"대형 입시학원","name":"한우리독서토론논술보습학원","cap":360},"geometry":{"type":"Point","coordinates":[126.814663885768,37.4607961613545]}},{"type":"Feature","properties":{"kind":"academy","label":"대형 입시학원","name":"해냄에듀영어수학보습학원","cap":600},"geometry":{"type":"Point","coordinates":[126.814264911591,37.5283675397898]}},{"type":"Feature","properties":{"kind":"academy","label":"대형 입시학원","name":"해법수학통문장영어보습학원","cap":684},"geometry":{"type":"Point","coordinates":[126.783966157827,37.5042795233198]}},{"type":"Feature","properties":{"kind":"academy","label":"대형 입시학원","name":"후니홀릭수능작전소입시학원","cap":750},"geometry":{"type":"Point","coordinates":[126.7642225174,37.5050853753235]}},{"type":"Feature","properties":{"kind":"academy","label":"대형 입시학원","name":"7관수학의힘바른학원","cap":470},"geometry":{"type":"Point","coordinates":[126.909316004607,37.5777657815782]}},{"type":"Feature","properties":{"kind":"academy","label":"대형 입시학원","name":"9관영어의힘바른학원","cap":565},"geometry":{"type":"Point","coordinates":[126.909316004607,37.5777657815782]}},{"type":"Feature","properties":{"kind":"academy","label":"대형 입시학원","name":"DMC스마트해법학원","cap":959},"geometry":{"type":"Point","coordinates":[126.92101916232,37.5780547612815]}},{"type":"Feature","properties":{"kind":"academy","label":"대형 입시학원","name":"ST올케어영어학원","cap":365},"geometry":{"type":"Point","coordinates":[126.928175608675,37.5806146409632]}},{"type":"Feature","properties":{"kind":"academy","label":"대형 입시학원","name":"가재울미래엔학원","cap":492},"geometry":{"type":"Point","coordinates":[126.916440822373,37.5794736478913]}},{"type":"Feature","properties":{"kind":"academy","label":"대형 입시학원","name":"가좌점와와학습코칭학원","cap":984},"geometry":{"type":"Point","coordinates":[126.921560326658,37.5755417989012]}},{"type":"Feature","properties":{"kind":"academy","label":"대형 입시학원","name":"갈무리국어서대문학원","cap":711},"geometry":{"type":"Point","coordinates":[126.915152648417,37.5700604005781]}},{"type":"Feature","properties":{"kind":"academy","label":"대형 입시학원","name":"고등관수학의힘바른학원","cap":535},"geometry":{"type":"Point","coordinates":[126.910800451007,37.5788417081699]}},{"type":"Feature","properties":{"kind":"academy","label":"대형 입시학원","name":"고입대입수시전문학원","cap":644},"geometry":{"type":"Point","coordinates":[126.926304054614,37.5818200978921]}},{"type":"Feature","properties":{"kind":"academy","label":"대형 입시학원","name":"남다른이해학원","cap":360},"geometry":{"type":"Point","coordinates":[126.926166394812,37.5819271399858]}},{"type":"Feature","properties":{"kind":"academy","label":"대형 입시학원","name":"논술의정점아현학원","cap":355},"geometry":{"type":"Point","coordinates":[126.951588932214,37.5574231380096]}},{"type":"Feature","properties":{"kind":"academy","label":"대형 입시학원","name":"눈높이러닝센터가좌학원","cap":660},"geometry":{"type":"Point","coordinates":[126.916440822373,37.5794736478913]}},{"type":"Feature","properties":{"kind":"academy","label":"대형 입시학원","name":"눈높이러닝센터인왕학원","cap":660},"geometry":{"type":"Point","coordinates":[126.947730427999,37.5927066918433]}},{"type":"Feature","properties":{"kind":"academy","label":"대형 입시학원","name":"뉴파인신촌관학원","cap":540},"geometry":{"type":"Point","coordinates":[126.943807505975,37.5635851217872]}},{"type":"Feature","properties":{"kind":"academy","label":"대형 입시학원","name":"대치쿰인학원","cap":520},"geometry":{"type":"Point","coordinates":[126.923795702201,37.5850409072828]}},{"type":"Feature","properties":{"kind":"academy","label":"대형 입시학원","name":"대한논리앤(N)독서논술학원","cap":327},"geometry":{"type":"Point","coordinates":[126.912242300278,37.5708154693004]}},{"type":"Feature","properties":{"kind":"academy","label":"대형 입시학원","name":"더(THE)수학학원","cap":360},"geometry":{"type":"Point","coordinates":[126.925122003843,37.5807940234173]}},{"type":"Feature","properties":{"kind":"academy","label":"대형 입시학원","name":"독립문플라즈마학원","cap":390},"geometry":{"type":"Point","coordinates":[126.960284865955,37.5710125056867]}},{"type":"Feature","properties":{"kind":"academy","label":"대형 입시학원","name":"디피에스삼성영어학원","cap":444},"geometry":{"type":"Point","coordinates":[126.962894151259,37.5692202837915]}},{"type":"Feature","properties":{"kind":"academy","label":"대형 입시학원","name":"라임잉글리쉬학원","cap":375},"geometry":{"type":"Point","coordinates":[126.91707580077,37.5706052473425]}},{"type":"Feature","properties":{"kind":"academy","label":"대형 입시학원","name":"매쓰그립수학학원","cap":465},"geometry":{"type":"Point","coordinates":[126.916903324604,37.5707775765229]}},{"type":"Feature","properties":{"kind":"academy","label":"대형 입시학원","name":"뮤엠영어폴리오홍제해링턴캠퍼스학원","cap":365},"geometry":{"type":"Point","coordinates":[126.946917348053,37.5906020621487]}},{"type":"Feature","properties":{"kind":"academy","label":"대형 입시학원","name":"미래엔영어수학학원","cap":450},"geometry":{"type":"Point","coordinates":[126.909779737699,37.5782043803412]}},{"type":"Feature","properties":{"kind":"academy","label":"대형 입시학원","name":"미래탐구서대문학원","cap":420},"geometry":{"type":"Point","coordinates":[126.910204528429,37.5778922395463]}},{"type":"Feature","properties":{"kind":"academy","label":"대형 입시학원","name":"삼성영어셀레나미래엔수학해링턴학원","cap":584},"geometry":{"type":"Point","coordinates":[126.946917348053,37.5906020621487]}},{"type":"Feature","properties":{"kind":"academy","label":"대형 입시학원","name":"서대문수학공간학원","cap":576},"geometry":{"type":"Point","coordinates":[126.923492632298,37.5846943695538]}},{"type":"Feature","properties":{"kind":"academy","label":"대형 입시학원","name":"서대문플라즈마2관학원","cap":495},"geometry":{"type":"Point","coordinates":[126.912242300278,37.5708154693004]}},{"type":"Feature","properties":{"kind":"academy","label":"대형 입시학원","name":"센클영어도서관마포이대학원","cap":350},"geometry":{"type":"Point","coordinates":[126.946519557644,37.5594539604684]}},{"type":"Feature","properties":{"kind":"academy","label":"대형 입시학원","name":"스터디타임독학재수학원","cap":807},"geometry":{"type":"Point","coordinates":[126.93814790244,37.5558952575957]}},{"type":"Feature","properties":{"kind":"academy","label":"대형 입시학원","name":"썬스카이수학학원","cap":350},"geometry":{"type":"Point","coordinates":[126.917907814167,37.5744019902031]}},{"type":"Feature","properties":{"kind":"academy","label":"대형 입시학원","name":"씨엠에스융합사고력학원","cap":357},"geometry":{"type":"Point","coordinates":[126.926538623756,37.5815985096182]}},{"type":"Feature","properties":{"kind":"academy","label":"대형 입시학원","name":"아라수학학원","cap":350},"geometry":{"type":"Point","coordinates":[126.914154216412,37.5710887052509]}},{"type":"Feature","properties":{"kind":"academy","label":"대형 입시학원","name":"아이비(IB)교육학원","cap":380},"geometry":{"type":"Point","coordinates":[126.93806440114,37.584439824753]}},{"type":"Feature","properties":{"kind":"academy","label":"대형 입시학원","name":"에듀플렉스에듀코치개별지도가좌학원","cap":1250},"geometry":{"type":"Point","coordinates":[126.926942146611,37.5817974291026]}},{"type":"Feature","properties":{"kind":"academy","label":"대형 입시학원","name":"엠피리언수학학원","cap":408},"geometry":{"type":"Point","coordinates":[126.946341059136,37.5664179509332]}},{"type":"Feature","properties":{"kind":"academy","label":"대형 입시학원","name":"연희미래엔학원","cap":340},"geometry":{"type":"Point","coordinates":[126.932930544428,37.569065967809]}},{"type":"Feature","properties":{"kind":"academy","label":"대형 입시학원","name":"웅진씽크빅학습센터가재울학원","cap":648},"geometry":{"type":"Point","coordinates":[126.916097519773,37.5754832622486]}},{"type":"Feature","properties":{"kind":"academy","label":"대형 입시학원","name":"위너스영어학원","cap":300},"geometry":{"type":"Point","coordinates":[126.945352817782,37.5938070774119]}},{"type":"Feature","properties":{"kind":"academy","label":"대형 입시학원","name":"유투엠수학가재울캠퍼스학원","cap":348},"geometry":{"type":"Point","coordinates":[126.914154216412,37.5710887052509]}},{"type":"Feature","properties":{"kind":"academy","label":"대형 입시학원","name":"이대부고수학전문학원","cap":540},"geometry":{"type":"Point","coordinates":[126.943807505975,37.5635851217872]}},{"type":"Feature","properties":{"kind":"academy","label":"대형 입시학원","name":"이엔엘(ENL)영어리드아이(AI)독서논술학원","cap":560},"geometry":{"type":"Point","coordinates":[126.910871046145,37.5771716791779]}},{"type":"Feature","properties":{"kind":"academy","label":"대형 입시학원","name":"이은재영어2관학원","cap":309},"geometry":{"type":"Point","coordinates":[126.921838289401,37.5777706824803]}},{"type":"Feature","properties":{"kind":"academy","label":"대형 입시학원","name":"이은재영어학원","cap":333},"geometry":{"type":"Point","coordinates":[126.927454787793,37.581318596941]}},{"type":"Feature","properties":{"kind":"academy","label":"대형 입시학원","name":"쟈넷잉글리시학원","cap":365},"geometry":{"type":"Point","coordinates":[126.912242300278,37.5708154693004]}},{"type":"Feature","properties":{"kind":"academy","label":"대형 입시학원","name":"전문가집단학원","cap":644},"geometry":{"type":"Point","coordinates":[126.926304054614,37.5818200978921]}},{"type":"Feature","properties":{"kind":"academy","label":"대형 입시학원","name":"정우재학원","cap":304},"geometry":{"type":"Point","coordinates":[126.909934506933,37.5784745263833]}},{"type":"Feature","properties":{"kind":"academy","label":"대형 입시학원","name":"채움국어전문학원","cap":357},"geometry":{"type":"Point","coordinates":[126.92337823547,37.5826414726306]}},{"type":"Feature","properties":{"kind":"academy","label":"대형 입시학원","name":"채환주영어3관학원","cap":316},"geometry":{"type":"Point","coordinates":[126.927949809486,37.5807898367142]}},{"type":"Feature","properties":{"kind":"academy","label":"대형 입시학원","name":"토리국어논술학원","cap":568},"geometry":{"type":"Point","coordinates":[126.913468417477,37.5757315705006]}},{"type":"Feature","properties":{"kind":"academy","label":"대형 입시학원","name":"파고다이룸독학재수학원","cap":1255},"geometry":{"type":"Point","coordinates":[126.939295914138,37.5562057965146]}},{"type":"Feature","properties":{"kind":"academy","label":"대형 입시학원","name":"프리미엄센터학원","cap":411},"geometry":{"type":"Point","coordinates":[126.931542251768,37.5680426311844]}},{"type":"Feature","properties":{"kind":"academy","label":"대형 입시학원","name":"하이엠수학학원","cap":456},"geometry":{"type":"Point","coordinates":[126.946917348053,37.5906020621487]}},{"type":"Feature","properties":{"kind":"academy","label":"대형 입시학원","name":"한솔플라톤아카데미충암독서논술학원","cap":370},"geometry":{"type":"Point","coordinates":[126.92415926898,37.5845714538091]}},{"type":"Feature","properties":{"kind":"academy","label":"대형 입시학원","name":"해냄수학학원","cap":308},"geometry":{"type":"Point","coordinates":[126.922113096554,37.5781540568564]}},{"type":"Feature","properties":{"kind":"academy","label":"대형 입시학원","name":"(주)엘브라운반포학원","cap":384},"geometry":{"type":"Point","coordinates":[127.005520174535,37.5067411635893]}},{"type":"Feature","properties":{"kind":"academy","label":"대형 입시학원","name":"가인학원","cap":805},"geometry":{"type":"Point","coordinates":[127.010901006259,37.4997138466882]}},{"type":"Feature","properties":{"kind":"academy","label":"대형 입시학원","name":"강남샘(SEM)리딩트리영어학원","cap":326},"geometry":{"type":"Point","coordinates":[127.021753455557,37.5015195846305]}},{"type":"Feature","properties":{"kind":"academy","label":"대형 입시학원","name":"강남타임독학재수학원","cap":444},"geometry":{"type":"Point","coordinates":[127.028677182607,37.4929803491944]}},{"type":"Feature","properties":{"kind":"academy","label":"대형 입시학원","name":"개념폴리아서초2관학원","cap":3560},"geometry":{"type":"Point","coordinates":[127.01118120668,37.5017571219267]}},{"type":"Feature","properties":{"kind":"academy","label":"대형 입시학원","name":"개념폴리아서초관학원","cap":3290},"geometry":{"type":"Point","coordinates":[127.011553265877,37.5016638320186]}},{"type":"Feature","properties":{"kind":"academy","label":"대형 입시학원","name":"내일도국어학원","cap":381},"geometry":{"type":"Point","coordinates":[127.021697803193,37.4655111453997]}},{"type":"Feature","properties":{"kind":"academy","label":"대형 입시학원","name":"누테코어수학학원","cap":580},"geometry":{"type":"Point","coordinates":[126.993460121973,37.480755526739]}},{"type":"Feature","properties":{"kind":"academy","label":"대형 입시학원","name":"눈높이러닝센터방배제1보습학원","cap":465},"geometry":{"type":"Point","coordinates":[126.994930860888,37.4850881896]}},{"type":"Feature","properties":{"kind":"academy","label":"대형 입시학원","name":"뉴파인동덕특별관학원","cap":356},"geometry":{"type":"Point","coordinates":[126.986930254085,37.4765115910613]}},{"type":"Feature","properties":{"kind":"academy","label":"대형 입시학원","name":"뉴파인반포고등관학원","cap":1650},"geometry":{"type":"Point","coordinates":[127.002280487802,37.5048884433907]}},{"type":"Feature","properties":{"kind":"academy","label":"대형 입시학원","name":"뉴파인반포서경관학원","cap":560},"geometry":{"type":"Point","coordinates":[126.985557239343,37.4910466821243]}},{"type":"Feature","properties":{"kind":"academy","label":"대형 입시학원","name":"뉴파인반포초중등관학원","cap":720},"geometry":{"type":"Point","coordinates":[127.009470346709,37.5008609507807]}},{"type":"Feature","properties":{"kind":"academy","label":"대형 입시학원","name":"뉴파인서초고등관학원","cap":315},"geometry":{"type":"Point","coordinates":[127.004883640212,37.4822942597879]}},{"type":"Feature","properties":{"kind":"academy","label":"대형 입시학원","name":"뉴파인영재관학원","cap":690},"geometry":{"type":"Point","coordinates":[127.009470346709,37.5008609507807]}},{"type":"Feature","properties":{"kind":"academy","label":"대형 입시학원","name":"다락방창작학원","cap":408},"geometry":{"type":"Point","coordinates":[127.018347366835,37.5149758593148]}},{"type":"Feature","properties":{"kind":"academy","label":"대형 입시학원","name":"다비수학학원","cap":366},"geometry":{"type":"Point","coordinates":[127.047638555508,37.4727658620054]}},{"type":"Feature","properties":{"kind":"academy","label":"대형 입시학원","name":"대치메이드세이노반포점학원","cap":1752},"geometry":{"type":"Point","coordinates":[127.010451683927,37.5012003670806]}},{"type":"Feature","properties":{"kind":"academy","label":"대형 입시학원","name":"더매쓰(THE MATH)수학전문학원","cap":630},"geometry":{"type":"Point","coordinates":[127.015322015783,37.4571440849623]}},{"type":"Feature","properties":{"kind":"academy","label":"대형 입시학원","name":"도무스링구아서초우면관학원","cap":876},"geometry":{"type":"Point","coordinates":[127.025583027818,37.4645381767935]}},{"type":"Feature","properties":{"kind":"academy","label":"대형 입시학원","name":"도무스링구아학원","cap":618},"geometry":{"type":"Point","coordinates":[127.021697803193,37.4655111453997]}},{"type":"Feature","properties":{"kind":"academy","label":"대형 입시학원","name":"러닝어취브수학학원","cap":943},"geometry":{"type":"Point","coordinates":[127.059796702239,37.4534623774845]}},{"type":"Feature","properties":{"kind":"academy","label":"대형 입시학원","name":"러닝어취브영어국어학원","cap":375},"geometry":{"type":"Point","coordinates":[127.059796702239,37.4534623774845]}},{"type":"Feature","properties":{"kind":"academy","label":"대형 입시학원","name":"리드101서이영어학원","cap":1000},"geometry":{"type":"Point","coordinates":[127.027176779785,37.4918503001644]}},{"type":"Feature","properties":{"kind":"academy","label":"대형 입시학원","name":"리드101서초학원","cap":1400},"geometry":{"type":"Point","coordinates":[127.010111924955,37.5034765174147]}},{"type":"Feature","properties":{"kind":"academy","label":"대형 입시학원","name":"리드101영어학원","cap":1000},"geometry":{"type":"Point","coordinates":[126.995693596225,37.5030849342672]}},{"type":"Feature","properties":{"kind":"academy","label":"대형 입시학원","name":"리드인지인학원","cap":388},"geometry":{"type":"Point","coordinates":[127.010129732435,37.4996727393595]}},{"type":"Feature","properties":{"kind":"academy","label":"대형 입시학원","name":"맑은숲국어논술전문학원","cap":304},"geometry":{"type":"Point","coordinates":[126.989292912434,37.4935822439751]}},{"type":"Feature","properties":{"kind":"academy","label":"대형 입시학원","name":"매쓰포르테수학학원","cap":332},"geometry":{"type":"Point","coordinates":[127.011216725546,37.5010538834495]}},{"type":"Feature","properties":{"kind":"academy","label":"대형 입시학원","name":"바른입시가인학원","cap":415},"geometry":{"type":"Point","coordinates":[127.010901006259,37.4997138466882]}},{"type":"Feature","properties":{"kind":"academy","label":"대형 입시학원","name":"반포새움2관학원","cap":314},"geometry":{"type":"Point","coordinates":[127.005520174535,37.5067411635893]}},{"type":"Feature","properties":{"kind":"academy","label":"대형 입시학원","name":"반포새움학원","cap":415},"geometry":{"type":"Point","coordinates":[127.005520174535,37.5067411635893]}},{"type":"Feature","properties":{"kind":"academy","label":"대형 입시학원","name":"반포세정2관학원","cap":1600},"geometry":{"type":"Point","coordinates":[127.001104294395,37.5059297520655]}},{"type":"Feature","properties":{"kind":"academy","label":"대형 입시학원","name":"반포세정3관학원","cap":338},"geometry":{"type":"Point","coordinates":[127.002171712729,37.5057251189753]}},{"type":"Feature","properties":{"kind":"academy","label":"대형 입시학원","name":"반포세정덕성6층학원","cap":414},"geometry":{"type":"Point","coordinates":[127.001104294395,37.5059297520655]}},{"type":"Feature","properties":{"kind":"academy","label":"대형 입시학원","name":"반포세정스카이관학원","cap":1245},"geometry":{"type":"Point","coordinates":[127.00088941222,37.5063596234532]}},{"type":"Feature","properties":{"kind":"academy","label":"대형 입시학원","name":"반포씨엠에스(CMS)퓨쳐랩학원","cap":324},"geometry":{"type":"Point","coordinates":[127.009677164995,37.5032959923073]}},{"type":"Feature","properties":{"kind":"academy","label":"대형 입시학원","name":"반포특별관영어학원","cap":308},"geometry":{"type":"Point","coordinates":[127.011825492621,37.5003183328671]}},{"type":"Feature","properties":{"kind":"academy","label":"대형 입시학원","name":"반포파인만고등1관학원","cap":546},"geometry":{"type":"Point","coordinates":[127.001236730369,37.5057814452923]}},{"type":"Feature","properties":{"kind":"academy","label":"대형 입시학원","name":"반포파인만고등2관학원","cap":1110},"geometry":{"type":"Point","coordinates":[127.001003526248,37.5061295959185]}},{"type":"Feature","properties":{"kind":"academy","label":"대형 입시학원","name":"반포파인만의치대관학원","cap":1185},"geometry":{"type":"Point","coordinates":[127.011555582965,37.501288472736]}},{"type":"Feature","properties":{"kind":"academy","label":"대형 입시학원","name":"반포파인만중등관학원","cap":1185},"geometry":{"type":"Point","coordinates":[127.010431144111,37.5006952649453]}},{"type":"Feature","properties":{"kind":"academy","label":"대형 입시학원","name":"반포파인만중등특목관학원","cap":2275},"geometry":{"type":"Point","coordinates":[127.011287031477,37.5000580848817]}},{"type":"Feature","properties":{"kind":"academy","label":"대형 입시학원","name":"반포파인만학원","cap":1185},"geometry":{"type":"Point","coordinates":[127.010431144111,37.5006952649453]}},{"type":"Feature","properties":{"kind":"academy","label":"대형 입시학원","name":"반포한신보습학원","cap":300},"geometry":{"type":"Point","coordinates":[126.99469582286,37.5054705759651]}},{"type":"Feature","properties":{"kind":"academy","label":"대형 입시학원","name":"버텍스프렙(VertexPrep)학원","cap":300},"geometry":{"type":"Point","coordinates":[127.02880511559,37.5228147523384]}},{"type":"Feature","properties":{"kind":"academy","label":"대형 입시학원","name":"브라이튼영어학원","cap":432},"geometry":{"type":"Point","coordinates":[126.986239881474,37.4861064473758]}},{"type":"Feature","properties":{"kind":"academy","label":"대형 입시학원","name":"브이하다입시학원","cap":490},"geometry":{"type":"Point","coordinates":[126.986413740877,37.4981898766621]}},{"type":"Feature","properties":{"kind":"academy","label":"대형 입시학원","name":"산김영준국어논술전문학원","cap":735},"geometry":{"type":"Point","coordinates":[126.995693596225,37.5030849342672]}},{"type":"Feature","properties":{"kind":"academy","label":"대형 입시학원","name":"상위권수학본원학원","cap":404},"geometry":{"type":"Point","coordinates":[127.001104294395,37.5059297520655]}},{"type":"Feature","properties":{"kind":"academy","label":"대형 입시학원","name":"새샘과학전문학원","cap":420},"geometry":{"type":"Point","coordinates":[127.00770736059,37.4831388951509]}},{"type":"Feature","properties":{"kind":"academy","label":"대형 입시학원","name":"생각이룸국어논술학원","cap":304},"geometry":{"type":"Point","coordinates":[127.007518970619,37.4828893278742]}},{"type":"Feature","properties":{"kind":"academy","label":"대형 입시학원","name":"생각하는두꺼비수학3관학원","cap":3160},"geometry":{"type":"Point","coordinates":[127.010129289114,37.5022511481965]}},{"type":"Feature","properties":{"kind":"academy","label":"대형 입시학원","name":"생각하는황소서초4관학원","cap":300},"geometry":{"type":"Point","coordinates":[127.027394070375,37.4880141198593]}},{"type":"Feature","properties":{"kind":"academy","label":"대형 입시학원","name":"서리풀고등관학원","cap":300},"geometry":{"type":"Point","coordinates":[127.006018238607,37.4824425134951]}},{"type":"Feature","properties":{"kind":"academy","label":"대형 입시학원","name":"서초소마2관학원","cap":374},"geometry":{"type":"Point","coordinates":[127.010111924955,37.5034765174147]}},{"type":"Feature","properties":{"kind":"academy","label":"대형 입시학원","name":"서초압구정국어논술학원","cap":906},"geometry":{"type":"Point","coordinates":[127.010757906306,37.5025732021787]}},{"type":"Feature","properties":{"kind":"academy","label":"대형 입시학원","name":"서초케이원영어학원","cap":1840},"geometry":{"type":"Point","coordinates":[127.011825492621,37.5003183328671]}},{"type":"Feature","properties":{"kind":"academy","label":"대형 입시학원","name":"서초크라센방배고등관영어학원","cap":1260},"geometry":{"type":"Point","coordinates":[127.003884306381,37.4828623829091]}},{"type":"Feature","properties":{"kind":"academy","label":"대형 입시학원","name":"서초크라센세세화관영어학원","cap":2040},"geometry":{"type":"Point","coordinates":[127.011825492621,37.5003183328671]}},{"type":"Feature","properties":{"kind":"academy","label":"대형 입시학원","name":"서초키마학원","cap":690},"geometry":{"type":"Point","coordinates":[126.989627895803,37.4949242336868]}},{"type":"Feature","properties":{"kind":"academy","label":"대형 입시학원","name":"서초프라임학원","cap":392},"geometry":{"type":"Point","coordinates":[126.996831701183,37.4861412642931]}},{"type":"Feature","properties":{"kind":"academy","label":"대형 입시학원","name":"세빛관학원","cap":1240},"geometry":{"type":"Point","coordinates":[127.001236730369,37.5057814452923]}},{"type":"Feature","properties":{"kind":"academy","label":"대형 입시학원","name":"세정방배캠퍼스3층학원","cap":370},"geometry":{"type":"Point","coordinates":[126.983093933396,37.4933007657045]}},{"type":"Feature","properties":{"kind":"academy","label":"대형 입시학원","name":"세정방배캠퍼스학원","cap":370},"geometry":{"type":"Point","coordinates":[126.983093933396,37.4933007657045]}},{"type":"Feature","properties":{"kind":"academy","label":"대형 입시학원","name":"송림서초관학원","cap":328},"geometry":{"type":"Point","coordinates":[127.004513236266,37.48213155232]}},{"type":"Feature","properties":{"kind":"academy","label":"대형 입시학원","name":"송림학원","cap":936},"geometry":{"type":"Point","coordinates":[127.001236730369,37.5057814452923]}},{"type":"Feature","properties":{"kind":"academy","label":"대형 입시학원","name":"수학의길리드인국어논술학원","cap":411},"geometry":{"type":"Point","coordinates":[127.025692827371,37.4920676848724]}},{"type":"Feature","properties":{"kind":"academy","label":"대형 입시학원","name":"수학캠프수학전문학원","cap":598},"geometry":{"type":"Point","coordinates":[126.995693596225,37.5030849342672]}},{"type":"Feature","properties":{"kind":"academy","label":"대형 입시학원","name":"스마트해법서초플래그십학원","cap":934},"geometry":{"type":"Point","coordinates":[127.027176779785,37.4918503001644]}},{"type":"Feature","properties":{"kind":"academy","label":"대형 입시학원","name":"스마트해법수학서초방배센터학원","cap":385},"geometry":{"type":"Point","coordinates":[126.995195494101,37.4824463533211]}},{"type":"Feature","properties":{"kind":"academy","label":"대형 입시학원","name":"스마트해법잠원스마트플레이스학원","cap":576},"geometry":{"type":"Point","coordinates":[127.01144913923,37.51445739077]}},{"type":"Feature","properties":{"kind":"academy","label":"대형 입시학원","name":"시대인재반포센터2학원","cap":1068},"geometry":{"type":"Point","coordinates":[127.001088324244,37.5043279449175]}},{"type":"Feature","properties":{"kind":"academy","label":"대형 입시학원","name":"시대인재반포센터3학원","cap":408},"geometry":{"type":"Point","coordinates":[127.001088324244,37.5043279449175]}},{"type":"Feature","properties":{"kind":"academy","label":"대형 입시학원","name":"시대인재반포센터수학스쿨별관학원","cap":2130},"geometry":{"type":"Point","coordinates":[127.060759441752,37.4998727987969]}},{"type":"Feature","properties":{"kind":"academy","label":"대형 입시학원","name":"시대인재반포센터학원","cap":488},"geometry":{"type":"Point","coordinates":[127.001088324244,37.5043279449175]}},{"type":"Feature","properties":{"kind":"academy","label":"대형 입시학원","name":"시대인재반포센터해냄관2학원","cap":300},"geometry":{"type":"Point","coordinates":[127.002171712729,37.5057251189753]}},{"type":"Feature","properties":{"kind":"academy","label":"대형 입시학원","name":"시대인재반포센터해냄관3학원","cap":306},"geometry":{"type":"Point","coordinates":[127.002171712729,37.5057251189753]}},{"type":"Feature","properties":{"kind":"academy","label":"대형 입시학원","name":"심앤김국수시대학원","cap":340},"geometry":{"type":"Point","coordinates":[127.0052474804,37.4823468631044]}},{"type":"Feature","properties":{"kind":"academy","label":"대형 입시학원","name":"씨엠에스(CMS)서초영재관학원","cap":860},"geometry":{"type":"Point","coordinates":[127.010131309177,37.5029725833055]}},{"type":"Feature","properties":{"kind":"academy","label":"대형 입시학원","name":"아람국어학원","cap":308},"geometry":{"type":"Point","coordinates":[126.984057855025,37.4910229730168]}},{"type":"Feature","properties":{"kind":"academy","label":"대형 입시학원","name":"아우다키아보습학원","cap":970},"geometry":{"type":"Point","coordinates":[127.01025566848,37.5009956757076]}},{"type":"Feature","properties":{"kind":"academy","label":"대형 입시학원","name":"에듀플렉스에듀코치개별지도방배역학원","cap":312},"geometry":{"type":"Point","coordinates":[126.996273694804,37.4841105552808]}},{"type":"Feature","properties":{"kind":"academy","label":"대형 입시학원","name":"에듀플렉스에듀코치개별지도서초그랑자이학원","cap":300},"geometry":{"type":"Point","coordinates":[127.026658994577,37.4873843032316]}},{"type":"Feature","properties":{"kind":"academy","label":"대형 입시학원","name":"에쓰디씨3학원","cap":848},"geometry":{"type":"Point","coordinates":[126.98586619457,37.4908807539081]}},{"type":"Feature","properties":{"kind":"academy","label":"대형 입시학원","name":"에어포유아카데미학원","cap":345},"geometry":{"type":"Point","coordinates":[127.018891565573,37.5168337332197]}},{"type":"Feature","properties":{"kind":"academy","label":"대형 입시학원","name":"에이스영어서초본점학원","cap":320},"geometry":{"type":"Point","coordinates":[127.004801571654,37.4825306878643]}},{"type":"Feature","properties":{"kind":"academy","label":"대형 입시학원","name":"에이엠비(AMB)수학3관학원","cap":364},"geometry":{"type":"Point","coordinates":[126.985631855151,37.4970248728691]}},{"type":"Feature","properties":{"kind":"academy","label":"대형 입시학원","name":"에이엠비(AMB)수학학원","cap":549},"geometry":{"type":"Point","coordinates":[126.985363787258,37.4978918785231]}},{"type":"Feature","properties":{"kind":"academy","label":"대형 입시학원","name":"엘에스에이에듀영어학원","cap":345},"geometry":{"type":"Point","coordinates":[126.999480997797,37.5049020694443]}},{"type":"Feature","properties":{"kind":"academy","label":"대형 입시학원","name":"오라수학학원","cap":300},"geometry":{"type":"Point","coordinates":[127.010347486378,37.5017275548045]}},{"type":"Feature","properties":{"kind":"academy","label":"대형 입시학원","name":"웅진씽크빅학습센터방배학원","cap":420},"geometry":{"type":"Point","coordinates":[126.990061015148,37.4939546072152]}},{"type":"Feature","properties":{"kind":"academy","label":"대형 입시학원","name":"웅진씽크빅학습센터우면학원","cap":450},"geometry":{"type":"Point","coordinates":[127.025583027818,37.4645381767935]}},{"type":"Feature","properties":{"kind":"academy","label":"대형 입시학원","name":"위드유영어(WithUEnglish)전문학원","cap":300},"geometry":{"type":"Point","coordinates":[126.983614309346,37.4892328804823]}},{"type":"Feature","properties":{"kind":"academy","label":"대형 입시학원","name":"율림재관리형학원","cap":420},"geometry":{"type":"Point","coordinates":[127.0104293167,37.5030053539772]}},{"type":"Feature","properties":{"kind":"academy","label":"대형 입시학원","name":"이든영어2관학원","cap":393},"geometry":{"type":"Point","coordinates":[127.010347486378,37.5017275548045]}},{"type":"Feature","properties":{"kind":"academy","label":"대형 입시학원","name":"이든영어학원","cap":477},"geometry":{"type":"Point","coordinates":[127.010461168238,37.5019008082159]}},{"type":"Feature","properties":{"kind":"academy","label":"대형 입시학원","name":"이상수학학원","cap":444},"geometry":{"type":"Point","coordinates":[126.994752116811,37.486489159598]}},{"type":"Feature","properties":{"kind":"academy","label":"대형 입시학원","name":"이음수학전문학원","cap":360},"geometry":{"type":"Point","coordinates":[126.995401139741,37.4827114382902]}},{"type":"Feature","properties":{"kind":"academy","label":"대형 입시학원","name":"인스파이어영어학원","cap":356},"geometry":{"type":"Point","coordinates":[127.01144913923,37.51445739077]}},{"type":"Feature","properties":{"kind":"academy","label":"대형 입시학원","name":"임기세수학학원","cap":316},"geometry":{"type":"Point","coordinates":[126.9831199106,37.4919315087093]}},{"type":"Feature","properties":{"kind":"academy","label":"대형 입시학원","name":"제이포커스매쓰학원","cap":735},"geometry":{"type":"Point","coordinates":[126.988937648599,37.4933561485567]}},{"type":"Feature","properties":{"kind":"academy","label":"대형 입시학원","name":"중심학원","cap":700},"geometry":{"type":"Point","coordinates":[127.027394070375,37.4880141198593]}},{"type":"Feature","properties":{"kind":"academy","label":"대형 입시학원","name":"지메스학원","cap":350},"geometry":{"type":"Point","coordinates":[127.042283344481,37.4731896625386]}},{"type":"Feature","properties":{"kind":"academy","label":"대형 입시학원","name":"지엘피아카데미학원","cap":360},"geometry":{"type":"Point","coordinates":[127.010129732435,37.4996727393595]}},{"type":"Feature","properties":{"kind":"academy","label":"대형 입시학원","name":"책나무반포독서논술학원","cap":488},"geometry":{"type":"Point","coordinates":[127.009711692597,37.5035565602928]}},{"type":"Feature","properties":{"kind":"academy","label":"대형 입시학원","name":"책나무반포신동초점학원","cap":497},"geometry":{"type":"Point","coordinates":[127.01144913923,37.51445739077]}},{"type":"Feature","properties":{"kind":"academy","label":"대형 입시학원","name":"책나무반포잠원초독서논술학원","cap":308},"geometry":{"type":"Point","coordinates":[127.001088324244,37.5043279449175]}},{"type":"Feature","properties":{"kind":"academy","label":"대형 입시학원","name":"책나무서래초점학원","cap":504},"geometry":{"type":"Point","coordinates":[126.990052578394,37.4944733162391]}},{"type":"Feature","properties":{"kind":"academy","label":"대형 입시학원","name":"책나무서초초독서논술학원","cap":712},"geometry":{"type":"Point","coordinates":[127.021753455557,37.5015195846305]}},{"type":"Feature","properties":{"kind":"academy","label":"대형 입시학원","name":"책읽기와글쓰기리딩엠서초사임당학원","cap":690},"geometry":{"type":"Point","coordinates":[127.0306493259,37.4889392860005]}},{"type":"Feature","properties":{"kind":"academy","label":"대형 입시학원","name":"처음과끝학원","cap":358},"geometry":{"type":"Point","coordinates":[127.010131309177,37.5029725833055]}},{"type":"Feature","properties":{"kind":"academy","label":"대형 입시학원","name":"최상위하다학원","cap":316},"geometry":{"type":"Point","coordinates":[127.025692827371,37.4920676848724]}},{"type":"Feature","properties":{"kind":"academy","label":"대형 입시학원","name":"카니윌학원","cap":1512},"geometry":{"type":"Point","coordinates":[127.004442577764,37.4822274223395]}},{"type":"Feature","properties":{"kind":"academy","label":"대형 입시학원","name":"큐싸이언스학원","cap":2230},"geometry":{"type":"Point","coordinates":[127.010461168238,37.5019008082159]}},{"type":"Feature","properties":{"kind":"academy","label":"대형 입시학원","name":"크레버스영재관서초제2지점학원","cap":685},"geometry":{"type":"Point","coordinates":[127.010029842708,37.5036605998518]}},{"type":"Feature","properties":{"kind":"academy","label":"대형 입시학원","name":"키투러닝(KEY2LEARNING)학원","cap":330},"geometry":{"type":"Point","coordinates":[127.01745084134,37.4999223644377]}},{"type":"Feature","properties":{"kind":"academy","label":"대형 입시학원","name":"탄포포어학원","cap":375},"geometry":{"type":"Point","coordinates":[127.038027904941,37.47846309705]}},{"type":"Feature","properties":{"kind":"academy","label":"대형 입시학원","name":"파인만영재고센터2관학원","cap":470},"geometry":{"type":"Point","coordinates":[127.001003526248,37.5061295959185]}},{"type":"Feature","properties":{"kind":"academy","label":"대형 입시학원","name":"파인만영재고센터4관학원","cap":470},"geometry":{"type":"Point","coordinates":[127.001003526248,37.5061295959185]}},{"type":"Feature","properties":{"kind":"academy","label":"대형 입시학원","name":"파인만영재고센터5관학원","cap":492},"geometry":{"type":"Point","coordinates":[127.001003526248,37.5061295959185]}},{"type":"Feature","properties":{"kind":"academy","label":"대형 입시학원","name":"파인만영재고센터학원","cap":428},"geometry":{"type":"Point","coordinates":[127.001003526248,37.5061295959185]}},{"type":"Feature","properties":{"kind":"academy","label":"대형 입시학원","name":"퍼스트영어학원","cap":573},"geometry":{"type":"Point","coordinates":[127.004485973334,37.4818835957155]}},{"type":"Feature","properties":{"kind":"academy","label":"대형 입시학원","name":"페르마수학보습학원","cap":734},"geometry":{"type":"Point","coordinates":[126.997290212276,37.4825288622372]}},{"type":"Feature","properties":{"kind":"academy","label":"대형 입시학원","name":"피나클(Pinnacle)학원","cap":632},"geometry":{"type":"Point","coordinates":[127.014211388988,37.4963232779696]}},{"type":"Feature","properties":{"kind":"academy","label":"대형 입시학원","name":"핀란드문해력연구소방배직영캠퍼스학원","cap":365},"geometry":{"type":"Point","coordinates":[126.990641023566,37.4919937926243]}},{"type":"Feature","properties":{"kind":"academy","label":"대형 입시학원","name":"헤브론영어학원","cap":357},"geometry":{"type":"Point","coordinates":[127.010193304956,37.5006255478412]}},{"type":"Feature","properties":{"kind":"academy","label":"대형 입시학원","name":"헨리영어아이(i)학원","cap":515},"geometry":{"type":"Point","coordinates":[127.001104294395,37.5059297520655]}},{"type":"Feature","properties":{"kind":"academy","label":"대형 입시학원","name":"(주)크레버스영재관분당제1지점학원","cap":300},"geometry":{"type":"Point","coordinates":[127.107697854179,37.3672948530592]}},{"type":"Feature","properties":{"kind":"academy","label":"대형 입시학원","name":"101프렙수내학원","cap":800},"geometry":{"type":"Point","coordinates":[127.118466335754,37.3749111963679]}},{"type":"Feature","properties":{"kind":"academy","label":"대형 입시학원","name":"JH스파르타영어학원","cap":415},"geometry":{"type":"Point","coordinates":[127.151300891275,37.4426957200564]}},{"type":"Feature","properties":{"kind":"academy","label":"대형 입시학원","name":"MK대치전과목학원","cap":312},"geometry":{"type":"Point","coordinates":[127.107520764605,37.3688224332226]}},{"type":"Feature","properties":{"kind":"academy","label":"대형 입시학원","name":"PK대치스마트에듀분당수내학원","cap":466},"geometry":{"type":"Point","coordinates":[127.126420622725,37.3669281669746]}},{"type":"Feature","properties":{"kind":"academy","label":"대형 입시학원","name":"THE오름학원","cap":5850},"geometry":{"type":"Point","coordinates":[127.119288167937,37.3743548885515]}},{"type":"Feature","properties":{"kind":"academy","label":"대형 입시학원","name":"국어혁명학원","cap":1440},"geometry":{"type":"Point","coordinates":[127.115485950754,37.3771129144362]}},{"type":"Feature","properties":{"kind":"academy","label":"대형 입시학원","name":"눈높이러닝센터금빛학원","cap":468},"geometry":{"type":"Point","coordinates":[127.166114898647,37.4423731778344]}},{"type":"Feature","properties":{"kind":"academy","label":"대형 입시학원","name":"눈높이러닝센터분당미금학원","cap":468},"geometry":{"type":"Point","coordinates":[127.105463155288,37.3554088078382]}},{"type":"Feature","properties":{"kind":"academy","label":"대형 입시학원","name":"눈높이러닝센터위례학원","cap":494},"geometry":{"type":"Point","coordinates":[127.150085322633,37.472278568853]}},{"type":"Feature","properties":{"kind":"academy","label":"대형 입시학원","name":"늘푸른수초등학원","cap":354},"geometry":{"type":"Point","coordinates":[127.142775905947,37.4713404854822]}},{"type":"Feature","properties":{"kind":"academy","label":"대형 입시학원","name":"늘푸른수학원","cap":354},"geometry":{"type":"Point","coordinates":[127.142939037608,37.4727089219441]}},{"type":"Feature","properties":{"kind":"academy","label":"대형 입시학원","name":"단대점와와코칭학습학원","cap":760},"geometry":{"type":"Point","coordinates":[127.158654417181,37.4497384905061]}},{"type":"Feature","properties":{"kind":"academy","label":"대형 입시학원","name":"대치명인이매학원","cap":1569},"geometry":{"type":"Point","coordinates":[127.126484779228,37.4051303005984]}},{"type":"Feature","properties":{"kind":"academy","label":"대형 입시학원","name":"대치미금명인학원","cap":340},"geometry":{"type":"Point","coordinates":[127.109492449514,37.3508873918775]}},{"type":"Feature","properties":{"kind":"academy","label":"대형 입시학원","name":"대치최고수학학원","cap":300},"geometry":{"type":"Point","coordinates":[127.126616911308,37.3949845746628]}},{"type":"Feature","properties":{"kind":"academy","label":"대형 입시학원","name":"대하유클리드학원","cap":336},"geometry":{"type":"Point","coordinates":[127.151707242946,37.4306562876274]}},{"type":"Feature","properties":{"kind":"academy","label":"대형 입시학원","name":"더오른수학학원","cap":320},"geometry":{"type":"Point","coordinates":[127.111399067565,37.3768376971862]}},{"type":"Feature","properties":{"kind":"academy","label":"대형 입시학원","name":"더원수학학원","cap":332},"geometry":{"type":"Point","coordinates":[127.115039054743,37.3883355083906]}},{"type":"Feature","properties":{"kind":"academy","label":"대형 입시학원","name":"라임국어학원","cap":355},"geometry":{"type":"Point","coordinates":[127.106287660481,37.3715568988665]}},{"type":"Feature","properties":{"kind":"academy","label":"대형 입시학원","name":"루미영어학원","cap":400},"geometry":{"type":"Point","coordinates":[127.12243411997,37.4057256335778]}},{"type":"Feature","properties":{"kind":"academy","label":"대형 입시학원","name":"리드101동판교영어학원","cap":1200},"geometry":{"type":"Point","coordinates":[127.115303716181,37.4042417939659]}},{"type":"Feature","properties":{"kind":"academy","label":"대형 입시학원","name":"리드일공일서현학원","cap":1420},"geometry":{"type":"Point","coordinates":[127.129424511102,37.3803400065088]}},{"type":"Feature","properties":{"kind":"academy","label":"대형 입시학원","name":"마이러닝랩스터디허브&입시학원","cap":650},"geometry":{"type":"Point","coordinates":[127.088961809459,37.3900330925515]}},{"type":"Feature","properties":{"kind":"academy","label":"대형 입시학원","name":"매시브교육서현학원","cap":645},"geometry":{"type":"Point","coordinates":[127.132871482333,37.3777537592365]}},{"type":"Feature","properties":{"kind":"academy","label":"대형 입시학원","name":"매시브학원","cap":1155},"geometry":{"type":"Point","coordinates":[127.132871482333,37.3777537592365]}},{"type":"Feature","properties":{"kind":"academy","label":"대형 입시학원","name":"명인플러스학원","cap":920},"geometry":{"type":"Point","coordinates":[127.106287660481,37.3715568988665]}},{"type":"Feature","properties":{"kind":"academy","label":"대형 입시학원","name":"뮤엠영어서판교학원","cap":305},"geometry":{"type":"Point","coordinates":[127.095190863413,37.399800725459]}},{"type":"Feature","properties":{"kind":"academy","label":"대형 입시학원","name":"뮤엠영어서현초점학원","cap":500},"geometry":{"type":"Point","coordinates":[127.127983269938,37.3814325345069]}},{"type":"Feature","properties":{"kind":"academy","label":"대형 입시학원","name":"미금수학학원TSM수학학원","cap":384},"geometry":{"type":"Point","coordinates":[127.11173199611,37.3497154924624]}},{"type":"Feature","properties":{"kind":"academy","label":"대형 입시학원","name":"배지희국어보습학원","cap":310},"geometry":{"type":"Point","coordinates":[127.116102599569,37.3794326283006]}},{"type":"Feature","properties":{"kind":"academy","label":"대형 입시학원","name":"본뮤엠영어&생각의힘수학학원","cap":300},"geometry":{"type":"Point","coordinates":[127.130169972948,37.3797055883846]}},{"type":"Feature","properties":{"kind":"academy","label":"대형 입시학원","name":"분당두각2관학원","cap":725},"geometry":{"type":"Point","coordinates":[127.107685983703,37.3676778899996]}},{"type":"Feature","properties":{"kind":"academy","label":"대형 입시학원","name":"분당두각학원","cap":725},"geometry":{"type":"Point","coordinates":[127.107685983703,37.3676778899996]}},{"type":"Feature","properties":{"kind":"academy","label":"대형 입시학원","name":"분당메가스터디3관학원","cap":4040},"geometry":{"type":"Point","coordinates":[127.126648225749,37.3988965953805]}},{"type":"Feature","properties":{"kind":"academy","label":"대형 입시학원","name":"분당메가스터디학원","cap":3180},"geometry":{"type":"Point","coordinates":[127.126648225749,37.3988965953805]}},{"type":"Feature","properties":{"kind":"academy","label":"대형 입시학원","name":"분당명인학원","cap":1510},"geometry":{"type":"Point","coordinates":[127.106287660481,37.3715568988665]}},{"type":"Feature","properties":{"kind":"academy","label":"대형 입시학원","name":"분당야탑제2관에듀플렉스에듀코치학원","cap":624},"geometry":{"type":"Point","coordinates":[127.121967319373,37.405175772992]}},{"type":"Feature","properties":{"kind":"academy","label":"대형 입시학원","name":"분당청솔1관학원","cap":360},"geometry":{"type":"Point","coordinates":[127.126649560731,37.3994885647146]}},{"type":"Feature","properties":{"kind":"academy","label":"대형 입시학원","name":"분당청솔단과학원","cap":1140},"geometry":{"type":"Point","coordinates":[127.126649560731,37.3994885647146]}},{"type":"Feature","properties":{"kind":"academy","label":"대형 입시학원","name":"분더수학&잉글리쉬학원","cap":525},"geometry":{"type":"Point","coordinates":[127.113802951041,37.363184511492]}},{"type":"Feature","properties":{"kind":"academy","label":"대형 입시학원","name":"비전스터디독학학원","cap":510},"geometry":{"type":"Point","coordinates":[127.110801530964,37.3503955629695]}},{"type":"Feature","properties":{"kind":"academy","label":"대형 입시학원","name":"사과나무학원","cap":330},"geometry":{"type":"Point","coordinates":[127.152814661317,37.4437411112274]}},{"type":"Feature","properties":{"kind":"academy","label":"대형 입시학원","name":"삼성영어셀레나위례푸른학원","cap":320},"geometry":{"type":"Point","coordinates":[127.150173791638,37.4734979727529]}},{"type":"Feature","properties":{"kind":"academy","label":"대형 입시학원","name":"삼점일사수학학원","cap":545},"geometry":{"type":"Point","coordinates":[127.115485950754,37.3771129144362]}},{"type":"Feature","properties":{"kind":"academy","label":"대형 입시학원","name":"서현7관입실론학원","cap":490},"geometry":{"type":"Point","coordinates":[127.132871482333,37.3777537592365]}},{"type":"Feature","properties":{"kind":"academy","label":"대형 입시학원","name":"성남리더학원","cap":338},"geometry":{"type":"Point","coordinates":[127.142824980207,37.4439487644686]}},{"type":"Feature","properties":{"kind":"academy","label":"대형 입시학원","name":"세원수학과학학원","cap":435},"geometry":{"type":"Point","coordinates":[127.126713830344,37.4057309455832]}},{"type":"Feature","properties":{"kind":"academy","label":"대형 입시학원","name":"수내1관입실론보습학원","cap":300},"geometry":{"type":"Point","coordinates":[127.119149700382,37.373894153921]}},{"type":"Feature","properties":{"kind":"academy","label":"대형 입시학원","name":"수내3관입실론학원","cap":412},"geometry":{"type":"Point","coordinates":[127.115485950754,37.3771129144362]}},{"type":"Feature","properties":{"kind":"academy","label":"대형 입시학원","name":"수내4관입실론학원","cap":348},"geometry":{"type":"Point","coordinates":[127.115485950754,37.3771129144362]}},{"type":"Feature","properties":{"kind":"academy","label":"대형 입시학원","name":"수내에듀플렉스에듀코치학원","cap":1660},"geometry":{"type":"Point","coordinates":[127.111399067565,37.3768376971862]}},{"type":"Feature","properties":{"kind":"academy","label":"대형 입시학원","name":"수진점와와학습코칭학원","cap":1080},"geometry":{"type":"Point","coordinates":[127.142943055999,37.4353864600955]}},{"type":"Feature","properties":{"kind":"academy","label":"대형 입시학원","name":"수학산책본관학원","cap":405},"geometry":{"type":"Point","coordinates":[127.116102599569,37.3794326283006]}},{"type":"Feature","properties":{"kind":"academy","label":"대형 입시학원","name":"수학의아침사이언스카이제13학원","cap":764},"geometry":{"type":"Point","coordinates":[127.126936671291,37.4051254914238]}},{"type":"Feature","properties":{"kind":"academy","label":"대형 입시학원","name":"수학의힘분당서현캠퍼스고등관학원","cap":360},"geometry":{"type":"Point","coordinates":[127.133436560642,37.3769805848654]}},{"type":"Feature","properties":{"kind":"academy","label":"대형 입시학원","name":"수학전문일비충천수내2관학원","cap":690},"geometry":{"type":"Point","coordinates":[127.115485950754,37.3771129144362]}},{"type":"Feature","properties":{"kind":"academy","label":"대형 입시학원","name":"수학하다마스터관학원","cap":475},"geometry":{"type":"Point","coordinates":[127.105602179014,37.3712532366232]}},{"type":"Feature","properties":{"kind":"academy","label":"대형 입시학원","name":"스파르타서현점수학학원","cap":400},"geometry":{"type":"Point","coordinates":[127.129424511102,37.3803400065088]}},{"type":"Feature","properties":{"kind":"academy","label":"대형 입시학원","name":"스파르타수학학원","cap":400},"geometry":{"type":"Point","coordinates":[127.119090031331,37.3742146184566]}},{"type":"Feature","properties":{"kind":"academy","label":"대형 입시학원","name":"시너지수학학원","cap":520},"geometry":{"type":"Point","coordinates":[127.129424511102,37.3803400065088]}},{"type":"Feature","properties":{"kind":"academy","label":"대형 입시학원","name":"써밋학원","cap":420},"geometry":{"type":"Point","coordinates":[127.147031518255,37.4502613324324]}},{"type":"Feature","properties":{"kind":"academy","label":"대형 입시학원","name":"야탑와와학습코칭학원","cap":760},"geometry":{"type":"Point","coordinates":[127.133326343267,37.4171333679741]}},{"type":"Feature","properties":{"kind":"academy","label":"대형 입시학원","name":"얼라이언스에듀국제학원","cap":440},"geometry":{"type":"Point","coordinates":[127.106311660534,37.3681634346789]}},{"type":"Feature","properties":{"kind":"academy","label":"대형 입시학원","name":"에듀플렉스에듀코치개별지도분당야탑학원","cap":315},"geometry":{"type":"Point","coordinates":[127.122651825079,37.405135690331]}},{"type":"Feature","properties":{"kind":"academy","label":"대형 입시학원","name":"에듀플렉스에듀코치개별지도분당정자학원","cap":570},"geometry":{"type":"Point","coordinates":[127.106311660534,37.3681634346789]}},{"type":"Feature","properties":{"kind":"academy","label":"대형 입시학원","name":"에듀플렉스에듀코치개별지도성남단대학원","cap":2400},"geometry":{"type":"Point","coordinates":[127.154589757858,37.4433650622925]}},{"type":"Feature","properties":{"kind":"academy","label":"대형 입시학원","name":"에듀플렉스에듀코치분당미금학원","cap":690},"geometry":{"type":"Point","coordinates":[127.109548208072,37.3496466239203]}},{"type":"Feature","properties":{"kind":"academy","label":"대형 입시학원","name":"에듀플렉스에듀코치분당이매학원","cap":420},"geometry":{"type":"Point","coordinates":[127.126130291502,37.3949859957424]}},{"type":"Feature","properties":{"kind":"academy","label":"대형 입시학원","name":"에픽아카데미자연계학원","cap":300},"geometry":{"type":"Point","coordinates":[127.107483463032,37.3708468914338]}},{"type":"Feature","properties":{"kind":"academy","label":"대형 입시학원","name":"올가교육분당수내올가국어학원","cap":670},"geometry":{"type":"Point","coordinates":[127.122966137677,37.3706231305768]}},{"type":"Feature","properties":{"kind":"academy","label":"대형 입시학원","name":"올가교육이매올가국어학원","cap":490},"geometry":{"type":"Point","coordinates":[127.12174316027,37.4057592342799]}},{"type":"Feature","properties":{"kind":"academy","label":"대형 입시학원","name":"올가교육정자올가국어학원","cap":490},"geometry":{"type":"Point","coordinates":[127.106282749957,37.3711971238493]}},{"type":"Feature","properties":{"kind":"academy","label":"대형 입시학원","name":"올인원수학전문학원","cap":320},"geometry":{"type":"Point","coordinates":[127.111399067565,37.3768376971862]}},{"type":"Feature","properties":{"kind":"academy","label":"대형 입시학원","name":"올인원중등수학학원","cap":320},"geometry":{"type":"Point","coordinates":[127.111399067565,37.3768376971862]}},{"type":"Feature","properties":{"kind":"academy","label":"대형 입시학원","name":"우성일비충천수학학원","cap":340},"geometry":{"type":"Point","coordinates":[127.132871482333,37.3777537592365]}},{"type":"Feature","properties":{"kind":"academy","label":"대형 입시학원","name":"위례창곡점와와학습코칭학원","cap":360},"geometry":{"type":"Point","coordinates":[127.150119789414,37.4726678512846]}},{"type":"Feature","properties":{"kind":"academy","label":"대형 입시학원","name":"윤선생우리집앞영어교실태평오거리수학학원","cap":780},"geometry":{"type":"Point","coordinates":[127.13405917185,37.4461648040332]}},{"type":"Feature","properties":{"kind":"academy","label":"대형 입시학원","name":"이루다수학과학학원","cap":360},"geometry":{"type":"Point","coordinates":[127.139444355321,37.3716294966902]}},{"type":"Feature","properties":{"kind":"academy","label":"대형 입시학원","name":"이룸입시교육학원","cap":625},"geometry":{"type":"Point","coordinates":[127.10751607174,37.3702804771767]}},{"type":"Feature","properties":{"kind":"academy","label":"대형 입시학원","name":"이매점와와학습코칭학원","cap":1440},"geometry":{"type":"Point","coordinates":[127.126386439392,37.3949973454214]}},{"type":"Feature","properties":{"kind":"academy","label":"대형 입시학원","name":"이소프학원","cap":522},"geometry":{"type":"Point","coordinates":[127.07691955842,37.3913448679463]}},{"type":"Feature","properties":{"kind":"academy","label":"대형 입시학원","name":"이케이에듀학원","cap":310},"geometry":{"type":"Point","coordinates":[127.106287660481,37.3715568988665]}},{"type":"Feature","properties":{"kind":"academy","label":"대형 입시학원","name":"이투스247써밋학원","cap":445},"geometry":{"type":"Point","coordinates":[127.10751607174,37.3702804771767]}},{"type":"Feature","properties":{"kind":"academy","label":"대형 입시학원","name":"일비충천수학학원","cap":340},"geometry":{"type":"Point","coordinates":[127.132871482333,37.3777537592365]}},{"type":"Feature","properties":{"kind":"academy","label":"대형 입시학원","name":"일원학원","cap":500},"geometry":{"type":"Point","coordinates":[127.107697854179,37.3672948530592]}},{"type":"Feature","properties":{"kind":"academy","label":"대형 입시학원","name":"제일입시학원","cap":360},"geometry":{"type":"Point","coordinates":[127.126698047146,37.4051447588878]}},{"type":"Feature","properties":{"kind":"academy","label":"대형 입시학원","name":"지엘마루지학원","cap":329},"geometry":{"type":"Point","coordinates":[127.106282749957,37.3711971238493]}},{"type":"Feature","properties":{"kind":"academy","label":"대형 입시학원","name":"참국어입시학원","cap":1110},"geometry":{"type":"Point","coordinates":[127.106311660534,37.3681634346789]}},{"type":"Feature","properties":{"kind":"academy","label":"대형 입시학원","name":"책나무성남위례독서논술학원","cap":350},"geometry":{"type":"Point","coordinates":[127.150119789414,37.4726678512846]}},{"type":"Feature","properties":{"kind":"academy","label":"대형 입시학원","name":"큰푸른학원","cap":528},"geometry":{"type":"Point","coordinates":[127.12333496297,37.3697248747272]}},{"type":"Feature","properties":{"kind":"academy","label":"대형 입시학원","name":"토브인강학원","cap":345},"geometry":{"type":"Point","coordinates":[127.105415087392,37.36615350748]}},{"type":"Feature","properties":{"kind":"academy","label":"대형 입시학원","name":"프로액티브리딩학원","cap":592},"geometry":{"type":"Point","coordinates":[127.116020898498,37.3368568254014]}},{"type":"Feature","properties":{"kind":"academy","label":"대형 입시학원","name":"한국영재교육센터수학학원","cap":564},"geometry":{"type":"Point","coordinates":[127.107483463032,37.3708468914338]}},{"type":"Feature","properties":{"kind":"academy","label":"대형 입시학원","name":"홍정임영어학원","cap":950},"geometry":{"type":"Point","coordinates":[127.106282749957,37.3711971238493]}},{"type":"Feature","properties":{"kind":"academy","label":"대형 입시학원","name":"HB잉글리쉬학원","cap":660},"geometry":{"type":"Point","coordinates":[127.030692950226,37.5501947813107]}},{"type":"Feature","properties":{"kind":"academy","label":"대형 입시학원","name":"금북해법학원","cap":405},"geometry":{"type":"Point","coordinates":[127.023866249781,37.5558827370188]}},{"type":"Feature","properties":{"kind":"academy","label":"대형 입시학원","name":"눈높이러닝센터금호무학보습학원","cap":1335},"geometry":{"type":"Point","coordinates":[127.030620857006,37.5634538777857]}},{"type":"Feature","properties":{"kind":"academy","label":"대형 입시학원","name":"뉴스터디학원","cap":1044},"geometry":{"type":"Point","coordinates":[127.028544269386,37.5572921201611]}},{"type":"Feature","properties":{"kind":"academy","label":"대형 입시학원","name":"뉴파인성동고등학원","cap":855},"geometry":{"type":"Point","coordinates":[127.037851167361,37.5592483612854]}},{"type":"Feature","properties":{"kind":"academy","label":"대형 입시학원","name":"뉴파인성동초중등학원","cap":1425},"geometry":{"type":"Point","coordinates":[127.037851167361,37.5592483612854]}},{"type":"Feature","properties":{"kind":"academy","label":"대형 입시학원","name":"리드101옥수영어학원","cap":608},"geometry":{"type":"Point","coordinates":[127.016836041246,37.5415059922122]}},{"type":"Feature","properties":{"kind":"academy","label":"대형 입시학원","name":"리드101왕십리영어학원","cap":560},"geometry":{"type":"Point","coordinates":[127.024082467223,37.5666029325047]}},{"type":"Feature","properties":{"kind":"academy","label":"대형 입시학원","name":"비전해법학원","cap":360},"geometry":{"type":"Point","coordinates":[127.019532608203,37.5520484360764]}},{"type":"Feature","properties":{"kind":"academy","label":"대형 입시학원","name":"삼부수학학원","cap":655},"geometry":{"type":"Point","coordinates":[127.037851167361,37.5592483612854]}},{"type":"Feature","properties":{"kind":"academy","label":"대형 입시학원","name":"스터디코어학원","cap":375},"geometry":{"type":"Point","coordinates":[127.031110080208,37.5499279766093]}},{"type":"Feature","properties":{"kind":"academy","label":"대형 입시학원","name":"스피킹북클럽보습학원","cap":2100},"geometry":{"type":"Point","coordinates":[127.030175893046,37.557200803801]}},{"type":"Feature","properties":{"kind":"academy","label":"대형 입시학원","name":"쌤과통하는수학기탄사고력행당한진학원","cap":450},"geometry":{"type":"Point","coordinates":[127.030497770789,37.5572135152606]}},{"type":"Feature","properties":{"kind":"academy","label":"대형 입시학원","name":"압구정파인만성동고등관학원","cap":320},"geometry":{"type":"Point","coordinates":[127.036147702036,37.5606402145348]}},{"type":"Feature","properties":{"kind":"academy","label":"대형 입시학원","name":"압구정파인만성동초중관학원","cap":320},"geometry":{"type":"Point","coordinates":[127.036147702036,37.5606402145348]}},{"type":"Feature","properties":{"kind":"academy","label":"대형 입시학원","name":"에듀플렉스에듀코치개별지도행당학원","cap":2910},"geometry":{"type":"Point","coordinates":[127.033764183391,37.5580531667136]}},{"type":"Feature","properties":{"kind":"academy","label":"대형 입시학원","name":"왕십리뮤엠영어학원","cap":316},"geometry":{"type":"Point","coordinates":[127.02634785313,37.5691641596929]}},{"type":"Feature","properties":{"kind":"academy","label":"대형 입시학원","name":"이투스24/7서울성동학원","cap":760},"geometry":{"type":"Point","coordinates":[127.024082467223,37.5666029325047]}},{"type":"Feature","properties":{"kind":"academy","label":"대형 입시학원","name":"잇올스파르타성동독학재수학원","cap":560},"geometry":{"type":"Point","coordinates":[127.035482520519,37.5582206987955]}},{"type":"Feature","properties":{"kind":"academy","label":"대형 입시학원","name":"제일학원","cap":420},"geometry":{"type":"Point","coordinates":[127.02632622019,37.5482180536703]}},{"type":"Feature","properties":{"kind":"academy","label":"대형 입시학원","name":"제일학원2관학원","cap":420},"geometry":{"type":"Point","coordinates":[127.026260200243,37.549699039792]}},{"type":"Feature","properties":{"kind":"academy","label":"대형 입시학원","name":"제일학원3관학원","cap":420},"geometry":{"type":"Point","coordinates":[127.02632622019,37.5482180536703]}},{"type":"Feature","properties":{"kind":"academy","label":"대형 입시학원","name":"제일학원4관학원","cap":420},"geometry":{"type":"Point","coordinates":[127.02632622019,37.5482180536703]}},{"type":"Feature","properties":{"kind":"academy","label":"대형 입시학원","name":"제일학원과학학원","cap":420},"geometry":{"type":"Point","coordinates":[127.02632622019,37.5482180536703]}},{"type":"Feature","properties":{"kind":"academy","label":"대형 입시학원","name":"제일학원대입연구소학원","cap":420},"geometry":{"type":"Point","coordinates":[127.02632622019,37.5482180536703]}},{"type":"Feature","properties":{"kind":"academy","label":"대형 입시학원","name":"학이시습학원","cap":406},"geometry":{"type":"Point","coordinates":[127.048116376537,37.5493568947722]}},{"type":"Feature","properties":{"kind":"academy","label":"대형 입시학원","name":"행당제일학원","cap":423},"geometry":{"type":"Point","coordinates":[127.0308238884,37.5581773174504]}},{"type":"Feature","properties":{"kind":"academy","label":"대형 입시학원","name":" 성북학림제7학원","cap":336},"geometry":{"type":"Point","coordinates":[127.015977278081,37.5958521846327]}},{"type":"Feature","properties":{"kind":"academy","label":"대형 입시학원","name":"(본관)디오수학학원","cap":457},"geometry":{"type":"Point","coordinates":[127.02382019972,37.6060236776736]}},{"type":"Feature","properties":{"kind":"academy","label":"대형 입시학원","name":"DCTENGLISH학원","cap":300},"geometry":{"type":"Point","coordinates":[127.013688959927,37.5923524797629]}},{"type":"Feature","properties":{"kind":"academy","label":"대형 입시학원","name":"EM생각하는아이들초중고영수학원","cap":740},"geometry":{"type":"Point","coordinates":[127.031635895947,37.6016936646611]}},{"type":"Feature","properties":{"kind":"academy","label":"대형 입시학원","name":"ERC영어독서클럽학원","cap":636},"geometry":{"type":"Point","coordinates":[127.037598656027,37.5984048310929]}},{"type":"Feature","properties":{"kind":"academy","label":"대형 입시학원","name":"PTA영어성북학원","cap":332},"geometry":{"type":"Point","coordinates":[127.012301124455,37.5910682683331]}},{"type":"Feature","properties":{"kind":"academy","label":"대형 입시학원","name":"강북연솔학원","cap":860},"geometry":{"type":"Point","coordinates":[127.013337186792,37.5855410166354]}},{"type":"Feature","properties":{"kind":"academy","label":"대형 입시학원","name":"강의하는아이들길음뉴타운캠퍼스학원","cap":420},"geometry":{"type":"Point","coordinates":[127.02302105616,37.6047525393951]}},{"type":"Feature","properties":{"kind":"academy","label":"대형 입시학원","name":"고등어닷컴영어수학학원","cap":350},"geometry":{"type":"Point","coordinates":[127.016291823327,37.5947204962601]}},{"type":"Feature","properties":{"kind":"academy","label":"대형 입시학원","name":"고려학원","cap":308},"geometry":{"type":"Point","coordinates":[127.034882126228,37.6065352115556]}},{"type":"Feature","properties":{"kind":"academy","label":"대형 입시학원","name":"공감국어기파랑문해원학원","cap":860},"geometry":{"type":"Point","coordinates":[127.012913688358,37.5924040137723]}},{"type":"Feature","properties":{"kind":"academy","label":"대형 입시학원","name":"공부선수촌학원","cap":987},"geometry":{"type":"Point","coordinates":[127.011654702043,37.6055372596331]}},{"type":"Feature","properties":{"kind":"academy","label":"대형 입시학원","name":"과수원과학수학영어학원","cap":402},"geometry":{"type":"Point","coordinates":[127.053283338623,37.6084555549136]}},{"type":"Feature","properties":{"kind":"academy","label":"대형 입시학원","name":"국어세움학원","cap":330},"geometry":{"type":"Point","coordinates":[127.02302105616,37.6047525393951]}},{"type":"Feature","properties":{"kind":"academy","label":"대형 입시학원","name":"길음2관킴스영어학원","cap":340},"geometry":{"type":"Point","coordinates":[127.022422104981,37.6112246431128]}},{"type":"Feature","properties":{"kind":"academy","label":"대형 입시학원","name":"길음공주쌤수학학원","cap":528},"geometry":{"type":"Point","coordinates":[127.01797449683,37.6108648284908]}},{"type":"Feature","properties":{"kind":"academy","label":"대형 입시학원","name":"길음뉴타운와이즈리더영어독서전문학원","cap":406},"geometry":{"type":"Point","coordinates":[127.021937578086,37.6096485436469]}},{"type":"Feature","properties":{"kind":"academy","label":"대형 입시학원","name":"길음지앤비보습학원","cap":512},"geometry":{"type":"Point","coordinates":[127.020985165043,37.6058494237907]}},{"type":"Feature","properties":{"kind":"academy","label":"대형 입시학원","name":"길음킴스영어학원","cap":588},"geometry":{"type":"Point","coordinates":[127.022605443702,37.6107655541762]}},{"type":"Feature","properties":{"kind":"academy","label":"대형 입시학원","name":"길음포인트원학원","cap":426},"geometry":{"type":"Point","coordinates":[127.02302105616,37.6047525393951]}},{"type":"Feature","properties":{"kind":"academy","label":"대형 입시학원","name":"김샘학원","cap":1136},"geometry":{"type":"Point","coordinates":[127.021591359601,37.6002566871798]}},{"type":"Feature","properties":{"kind":"academy","label":"대형 입시학원","name":"김안나똑똑한영어학원","cap":531},"geometry":{"type":"Point","coordinates":[127.01156398401,37.6040391022345]}},{"type":"Feature","properties":{"kind":"academy","label":"대형 입시학원","name":"누리안국어학원","cap":516},"geometry":{"type":"Point","coordinates":[127.024541211803,37.6034576002933]}},{"type":"Feature","properties":{"kind":"academy","label":"대형 입시학원","name":"눈높이러닝센터장위학원","cap":612},"geometry":{"type":"Point","coordinates":[127.047521116564,37.6170128144015]}},{"type":"Feature","properties":{"kind":"academy","label":"대형 입시학원","name":"눈높이러닝센터정릉학원","cap":300},"geometry":{"type":"Point","coordinates":[127.015056098316,37.6041974628733]}},{"type":"Feature","properties":{"kind":"academy","label":"대형 입시학원","name":"대치긴글쓰기학원","cap":438},"geometry":{"type":"Point","coordinates":[127.033550711598,37.6019090131896]}},{"type":"Feature","properties":{"kind":"academy","label":"대형 입시학원","name":"대치이상학원","cap":370},"geometry":{"type":"Point","coordinates":[127.025322800344,37.6020159406626]}},{"type":"Feature","properties":{"kind":"academy","label":"대형 입시학원","name":"대치플러스수학학원","cap":350},"geometry":{"type":"Point","coordinates":[127.048309344122,37.6229729783825]}},{"type":"Feature","properties":{"kind":"academy","label":"대형 입시학원","name":"라다수학학원","cap":350},"geometry":{"type":"Point","coordinates":[127.065661960085,37.611935604115]}},{"type":"Feature","properties":{"kind":"academy","label":"대형 입시학원","name":"라이크(LIKE)영어학원","cap":432},"geometry":{"type":"Point","coordinates":[127.031083514347,37.6031016089759]}},{"type":"Feature","properties":{"kind":"academy","label":"대형 입시학원","name":"러너스하이수학학원","cap":399},"geometry":{"type":"Point","coordinates":[127.014785833413,37.5901744692124]}},{"type":"Feature","properties":{"kind":"academy","label":"대형 입시학원","name":"루트영어수학학원","cap":685},"geometry":{"type":"Point","coordinates":[127.057656948394,37.6134198408766]}},{"type":"Feature","properties":{"kind":"academy","label":"대형 입시학원","name":"리드인아소비길음센터피스학원","cap":510},"geometry":{"type":"Point","coordinates":[127.028923691108,37.6092309613391]}},{"type":"Feature","properties":{"kind":"academy","label":"대형 입시학원","name":"리앤슨잉글리시[Lianson English]학원","cap":300},"geometry":{"type":"Point","coordinates":[127.00812256797,37.6169493934888]}},{"type":"Feature","properties":{"kind":"academy","label":"대형 입시학원","name":"리턴수학학원","cap":303},"geometry":{"type":"Point","coordinates":[127.015087054825,37.5987879114086]}},{"type":"Feature","properties":{"kind":"academy","label":"대형 입시학원","name":"맥(MaC)잉글리시학원","cap":350},"geometry":{"type":"Point","coordinates":[127.030899118257,37.6027494602703]}},{"type":"Feature","properties":{"kind":"academy","label":"대형 입시학원","name":"메가테스학원","cap":530},"geometry":{"type":"Point","coordinates":[127.022272512461,37.6097761510981]}},{"type":"Feature","properties":{"kind":"academy","label":"대형 입시학원","name":"모니카리딩영어학원","cap":304},"geometry":{"type":"Point","coordinates":[127.030928150119,37.6050371568783]}},{"type":"Feature","properties":{"kind":"academy","label":"대형 입시학원","name":"몬스터영어학원","cap":584},"geometry":{"type":"Point","coordinates":[127.047521116564,37.6170128144015]}},{"type":"Feature","properties":{"kind":"academy","label":"대형 입시학원","name":"미래인재학원","cap":447},"geometry":{"type":"Point","coordinates":[127.024541211803,37.6034576002933]}},{"type":"Feature","properties":{"kind":"academy","label":"대형 입시학원","name":"미래탐구성북제2학원","cap":436},"geometry":{"type":"Point","coordinates":[127.025427617883,37.6022126944476]}},{"type":"Feature","properties":{"kind":"academy","label":"대형 입시학원","name":"미래탐구성북제3학원","cap":892},"geometry":{"type":"Point","coordinates":[127.024541211803,37.6034576002933]}},{"type":"Feature","properties":{"kind":"academy","label":"대형 입시학원","name":"미래탐구성북학원","cap":876},"geometry":{"type":"Point","coordinates":[127.025322800344,37.6020159406626]}},{"type":"Feature","properties":{"kind":"academy","label":"대형 입시학원","name":"바로글논술학원","cap":368},"geometry":{"type":"Point","coordinates":[127.024541211803,37.6034576002933]}},{"type":"Feature","properties":{"kind":"academy","label":"대형 입시학원","name":"바른사고2관학원","cap":327},"geometry":{"type":"Point","coordinates":[127.024541211803,37.6034576002933]}},{"type":"Feature","properties":{"kind":"academy","label":"대형 입시학원","name":"바른심지국어논술학원","cap":375},"geometry":{"type":"Point","coordinates":[127.01908279483,37.5863308489416]}},{"type":"Feature","properties":{"kind":"academy","label":"대형 입시학원","name":"박윤영어수학학원","cap":567},"geometry":{"type":"Point","coordinates":[127.023271867072,37.6075533073059]}},{"type":"Feature","properties":{"kind":"academy","label":"대형 입시학원","name":"박혜성수학학원","cap":426},"geometry":{"type":"Point","coordinates":[127.041481074075,37.5999046713794]}},{"type":"Feature","properties":{"kind":"academy","label":"대형 입시학원","name":"백앤퍼스트성북학원","cap":630},"geometry":{"type":"Point","coordinates":[127.027680937222,37.6067620073423]}},{"type":"Feature","properties":{"kind":"academy","label":"대형 입시학원","name":"베스트학원","cap":861},"geometry":{"type":"Point","coordinates":[127.050045213776,37.6103485094237]}},{"type":"Feature","properties":{"kind":"academy","label":"대형 입시학원","name":"사고력수학씨투엠학원","cap":370},"geometry":{"type":"Point","coordinates":[127.012088240554,37.5909654871176]}},{"type":"Feature","properties":{"kind":"academy","label":"대형 입시학원","name":"삼성영어셀레나북서울꿈의숲학원","cap":414},"geometry":{"type":"Point","coordinates":[127.048178088964,37.6172288752587]}},{"type":"Feature","properties":{"kind":"academy","label":"대형 입시학원","name":"삼성영어셀레나스카이학원","cap":375},"geometry":{"type":"Point","coordinates":[127.020734998539,37.5834116228384]}},{"type":"Feature","properties":{"kind":"academy","label":"대형 입시학원","name":"삼성영어셀레나일대일수학길원학원","cap":360},"geometry":{"type":"Point","coordinates":[127.015062664436,37.6103641959766]}},{"type":"Feature","properties":{"kind":"academy","label":"대형 입시학원","name":"상승곡선학원","cap":324},"geometry":{"type":"Point","coordinates":[127.024359074904,37.6057744439707]}},{"type":"Feature","properties":{"kind":"academy","label":"대형 입시학원","name":"생각의숲2관학원","cap":432},"geometry":{"type":"Point","coordinates":[127.048289463487,37.6158789691964]}},{"type":"Feature","properties":{"kind":"academy","label":"대형 입시학원","name":"생각의숲학원","cap":420},"geometry":{"type":"Point","coordinates":[127.04859216234,37.6170079633887]}},{"type":"Feature","properties":{"kind":"academy","label":"대형 입시학원","name":"생각하는황소성북학원","cap":411},"geometry":{"type":"Point","coordinates":[127.031444006401,37.6026385846379]}},{"type":"Feature","properties":{"kind":"academy","label":"대형 입시학원","name":"성북미래탐구영재학원","cap":510},"geometry":{"type":"Point","coordinates":[127.025322800344,37.6020159406626]}},{"type":"Feature","properties":{"kind":"academy","label":"대형 입시학원","name":"성북미래탐구중고등학원","cap":534},"geometry":{"type":"Point","coordinates":[127.023132747169,37.5989927554427]}},{"type":"Feature","properties":{"kind":"academy","label":"대형 입시학원","name":"성북미래탐구중등제2학원","cap":582},"geometry":{"type":"Point","coordinates":[127.023664616743,37.6014470389679]}},{"type":"Feature","properties":{"kind":"academy","label":"대형 입시학원","name":"성북미래탐구중등학원","cap":459},"geometry":{"type":"Point","coordinates":[127.023664616743,37.6014470389679]}},{"type":"Feature","properties":{"kind":"academy","label":"대형 입시학원","name":"성북미래탐구초등학원","cap":546},"geometry":{"type":"Point","coordinates":[127.023295669046,37.6014406252362]}},{"type":"Feature","properties":{"kind":"academy","label":"대형 입시학원","name":"성북스마트정일학원","cap":1014},"geometry":{"type":"Point","coordinates":[127.013688959927,37.5923524797629]}},{"type":"Feature","properties":{"kind":"academy","label":"대형 입시학원","name":"성북에이닷영어학원","cap":324},"geometry":{"type":"Point","coordinates":[127.013688959927,37.5923524797629]}},{"type":"Feature","properties":{"kind":"academy","label":"대형 입시학원","name":"성북학림제2학원","cap":375},"geometry":{"type":"Point","coordinates":[127.015977278081,37.5958521846327]}},{"type":"Feature","properties":{"kind":"academy","label":"대형 입시학원","name":"성북학림제3학원","cap":453},"geometry":{"type":"Point","coordinates":[127.018175678094,37.5933260265911]}},{"type":"Feature","properties":{"kind":"academy","label":"대형 입시학원","name":"성북학림제5학원","cap":651},"geometry":{"type":"Point","coordinates":[127.015751310991,37.5950103285301]}},{"type":"Feature","properties":{"kind":"academy","label":"대형 입시학원","name":"소마성북학원","cap":375},"geometry":{"type":"Point","coordinates":[127.023664745774,37.6086465800208]}},{"type":"Feature","properties":{"kind":"academy","label":"대형 입시학원","name":"수학에미친사람들성북관학원","cap":332},"geometry":{"type":"Point","coordinates":[127.014022017071,37.5968432533366]}},{"type":"Feature","properties":{"kind":"academy","label":"대형 입시학원","name":"수학의기술성북길음점학원","cap":636},"geometry":{"type":"Point","coordinates":[127.027680937222,37.6067620073423]}},{"type":"Feature","properties":{"kind":"academy","label":"대형 입시학원","name":"수학의신학원","cap":480},"geometry":{"type":"Point","coordinates":[127.031861054284,37.5980474744753]}},{"type":"Feature","properties":{"kind":"academy","label":"대형 입시학원","name":"수학의힘다가온영어학원","cap":309},"geometry":{"type":"Point","coordinates":[127.013830997807,37.5968967947587]}},{"type":"Feature","properties":{"kind":"academy","label":"대형 입시학원","name":"쉘리영어학원","cap":402},"geometry":{"type":"Point","coordinates":[127.019823992916,37.5839929200316]}},{"type":"Feature","properties":{"kind":"academy","label":"대형 입시학원","name":"스텝업영재수학학원","cap":690},"geometry":{"type":"Point","coordinates":[127.048309344122,37.6229729783825]}},{"type":"Feature","properties":{"kind":"academy","label":"대형 입시학원","name":"스펀지학원","cap":635},"geometry":{"type":"Point","coordinates":[127.013059378771,37.5921997428563]}},{"type":"Feature","properties":{"kind":"academy","label":"대형 입시학원","name":"시매쓰학원","cap":400},"geometry":{"type":"Point","coordinates":[127.034338054209,37.6000954529945]}},{"type":"Feature","properties":{"kind":"academy","label":"대형 입시학원","name":"씨앤에이(C&A)논술학원","cap":396},"geometry":{"type":"Point","coordinates":[127.019656444371,37.6107267990851]}},{"type":"Feature","properties":{"kind":"academy","label":"대형 입시학원","name":"씨엠에스(CMS)학원","cap":300},"geometry":{"type":"Point","coordinates":[127.013688959927,37.5923524797629]}},{"type":"Feature","properties":{"kind":"academy","label":"대형 입시학원","name":"아세아보습논술학원","cap":585},"geometry":{"type":"Point","coordinates":[127.012706037821,37.5944725333435]}},{"type":"Feature","properties":{"kind":"academy","label":"대형 입시학원","name":"아소비스마트해법수학석관학원","cap":426},"geometry":{"type":"Point","coordinates":[127.059365585599,37.6101171396769]}},{"type":"Feature","properties":{"kind":"academy","label":"대형 입시학원","name":"아소비정릉초학원","cap":340},"geometry":{"type":"Point","coordinates":[127.00812256797,37.6169493934888]}},{"type":"Feature","properties":{"kind":"academy","label":"대형 입시학원","name":"아소비큐미르한신한진학원","cap":350},"geometry":{"type":"Point","coordinates":[127.012706037821,37.5944725333435]}},{"type":"Feature","properties":{"kind":"academy","label":"대형 입시학원","name":"아이에이(IA)수학전문학원","cap":438},"geometry":{"type":"Point","coordinates":[127.011646137798,37.5912808788303]}},{"type":"Feature","properties":{"kind":"academy","label":"대형 입시학원","name":"아이큐베드(IQuBed)학원","cap":300},"geometry":{"type":"Point","coordinates":[127.030928150119,37.6050371568783]}},{"type":"Feature","properties":{"kind":"academy","label":"대형 입시학원","name":"압구정정보강북영어학원","cap":628},"geometry":{"type":"Point","coordinates":[127.010464664488,37.5900682539204]}},{"type":"Feature","properties":{"kind":"academy","label":"대형 입시학원","name":"언어의신학원","cap":360},"geometry":{"type":"Point","coordinates":[127.051847478882,37.6212990641092]}},{"type":"Feature","properties":{"kind":"academy","label":"대형 입시학원","name":"에듀플렉스에듀코치개별지도길음학원","cap":768},"geometry":{"type":"Point","coordinates":[127.024971819263,37.6093541279794]}},{"type":"Feature","properties":{"kind":"academy","label":"대형 입시학원","name":"에듀플렉스에듀코치돈암개별지도학원","cap":980},"geometry":{"type":"Point","coordinates":[127.015930395304,37.5942413982281]}},{"type":"Feature","properties":{"kind":"academy","label":"대형 입시학원","name":"엔콕(N.COC)학원","cap":1542},"geometry":{"type":"Point","coordinates":[127.023773153729,37.6062310049289]}},{"type":"Feature","properties":{"kind":"academy","label":"대형 입시학원","name":"엔콕길음관학원","cap":336},"geometry":{"type":"Point","coordinates":[127.02470265605,37.6043500875132]}},{"type":"Feature","properties":{"kind":"academy","label":"대형 입시학원","name":"엔콕문학관학원","cap":500},"geometry":{"type":"Point","coordinates":[127.023961509926,37.6055904531146]}},{"type":"Feature","properties":{"kind":"academy","label":"대형 입시학원","name":"엔콕수학관학원","cap":788},"geometry":{"type":"Point","coordinates":[127.02430965003,37.6059747442183]}},{"type":"Feature","properties":{"kind":"academy","label":"대형 입시학원","name":"엔콕종암관학원","cap":420},"geometry":{"type":"Point","coordinates":[127.035312829695,37.5955374116978]}},{"type":"Feature","properties":{"kind":"academy","label":"대형 입시학원","name":"엔콕중등1관학원","cap":468},"geometry":{"type":"Point","coordinates":[127.024489717538,37.6056299882473]}},{"type":"Feature","properties":{"kind":"academy","label":"대형 입시학원","name":"엔콕프리미엄관학원","cap":504},"geometry":{"type":"Point","coordinates":[127.024571655449,37.6047753821912]}},{"type":"Feature","properties":{"kind":"academy","label":"대형 입시학원","name":"엠베스트SE바른공부&리드인플러스학원","cap":710},"geometry":{"type":"Point","coordinates":[127.012873308336,37.5854213261614]}},{"type":"Feature","properties":{"kind":"academy","label":"대형 입시학원","name":"엠베스트SE장위뉴타운학원","cap":574},"geometry":{"type":"Point","coordinates":[127.050132903085,37.6171399443418]}},{"type":"Feature","properties":{"kind":"academy","label":"대형 입시학원","name":"엠입실론학원","cap":420},"geometry":{"type":"Point","coordinates":[127.024971819263,37.6093541279794]}},{"type":"Feature","properties":{"kind":"academy","label":"대형 입시학원","name":"열린생각학원","cap":408},"geometry":{"type":"Point","coordinates":[127.0143491393,37.5973462374438]}},{"type":"Feature","properties":{"kind":"academy","label":"대형 입시학원","name":"올리비아학원","cap":504},"geometry":{"type":"Point","coordinates":[127.024541211803,37.6034576002933]}},{"type":"Feature","properties":{"kind":"academy","label":"대형 입시학원","name":"올림포스학원","cap":368},"geometry":{"type":"Point","coordinates":[127.037152367064,37.6056587565799]}},{"type":"Feature","properties":{"kind":"academy","label":"대형 입시학원","name":"와이비엠잉글루영어학원","cap":300},"geometry":{"type":"Point","coordinates":[127.048309344122,37.6229729783825]}},{"type":"Feature","properties":{"kind":"academy","label":"대형 입시학원","name":"와이엠(YM)고전읽기학원","cap":336},"geometry":{"type":"Point","coordinates":[127.012981904976,37.5914030041092]}},{"type":"Feature","properties":{"kind":"academy","label":"대형 입시학원","name":"외솔학원","cap":992},"geometry":{"type":"Point","coordinates":[127.033102325051,37.5976959265327]}},{"type":"Feature","properties":{"kind":"academy","label":"대형 입시학원","name":"우정과학학원","cap":510},"geometry":{"type":"Point","coordinates":[127.015236812098,37.5962827762463]}},{"type":"Feature","properties":{"kind":"academy","label":"대형 입시학원","name":"웅진씽크빅학습센터동소문학원","cap":415},"geometry":{"type":"Point","coordinates":[127.014025610945,37.5918586065082]}},{"type":"Feature","properties":{"kind":"academy","label":"대형 입시학원","name":"웅진씽크빅학습센터월곡학원","cap":490},"geometry":{"type":"Point","coordinates":[127.037152367064,37.6056587565799]}},{"type":"Feature","properties":{"kind":"academy","label":"대형 입시학원","name":"웅진프라임학원","cap":321},"geometry":{"type":"Point","coordinates":[127.009876424166,37.5898223336911]}},{"type":"Feature","properties":{"kind":"academy","label":"대형 입시학원","name":"원탑수학영어학원","cap":385},"geometry":{"type":"Point","coordinates":[127.02938790382,37.6103347387447]}},{"type":"Feature","properties":{"kind":"academy","label":"대형 입시학원","name":"윤민탁수학학원","cap":365},"geometry":{"type":"Point","coordinates":[127.012563810391,37.5924073852034]}},{"type":"Feature","properties":{"kind":"academy","label":"대형 입시학원","name":"윤선생에이스학원","cap":312},"geometry":{"type":"Point","coordinates":[127.068980441185,37.6137702863968]}},{"type":"Feature","properties":{"kind":"academy","label":"대형 입시학원","name":"이바인학원","cap":357},"geometry":{"type":"Point","coordinates":[127.019619340596,37.6018415136301]}},{"type":"Feature","properties":{"kind":"academy","label":"대형 입시학원","name":"이투스(ETOOS)24/7서울성북학원","cap":364},"geometry":{"type":"Point","coordinates":[127.01821856847,37.5941562838985]}},{"type":"Feature","properties":{"kind":"academy","label":"대형 입시학원","name":"잇올스파르타성북독학재수학원","cap":568},"geometry":{"type":"Point","coordinates":[127.012207923918,37.5916727536385]}},{"type":"Feature","properties":{"kind":"academy","label":"대형 입시학원","name":"잉글리쉬스트리트학원","cap":360},"geometry":{"type":"Point","coordinates":[127.031444006401,37.6026385846379]}},{"type":"Feature","properties":{"kind":"academy","label":"대형 입시학원","name":"자산학원","cap":360},"geometry":{"type":"Point","coordinates":[127.03947052058,37.6044710398316]}},{"type":"Feature","properties":{"kind":"academy","label":"대형 입시학원","name":"정릉백상영수학원","cap":456},"geometry":{"type":"Point","coordinates":[127.01156398401,37.6040391022345]}},{"type":"Feature","properties":{"kind":"academy","label":"대형 입시학원","name":"제스영어브레인팩토수학학원","cap":539},"geometry":{"type":"Point","coordinates":[127.028923691108,37.6092309613391]}},{"type":"Feature","properties":{"kind":"academy","label":"대형 입시학원","name":"종암2관킴스영어학원","cap":300},"geometry":{"type":"Point","coordinates":[127.033550711598,37.6019090131896]}},{"type":"Feature","properties":{"kind":"academy","label":"대형 입시학원","name":"종암킴스영어학원","cap":728},"geometry":{"type":"Point","coordinates":[127.033550711598,37.6019090131896]}},{"type":"Feature","properties":{"kind":"academy","label":"대형 입시학원","name":"지니스영수전문학원","cap":350},"geometry":{"type":"Point","coordinates":[127.01485801739,37.6024308261711]}},{"type":"Feature","properties":{"kind":"academy","label":"대형 입시학원","name":"지니쓰잉글리시앤매쓰학원","cap":414},"geometry":{"type":"Point","coordinates":[127.010847672186,37.6038670811154]}},{"type":"Feature","properties":{"kind":"academy","label":"대형 입시학원","name":"지대로수학n마일스톤영어길음관학원","cap":504},"geometry":{"type":"Point","coordinates":[127.023881509363,37.6043820614822]}},{"type":"Feature","properties":{"kind":"academy","label":"대형 입시학원","name":"지대로수학n업앤하이영어돈암정릉관학원","cap":330},"geometry":{"type":"Point","coordinates":[127.018564541697,37.5989138246929]}},{"type":"Feature","properties":{"kind":"academy","label":"대형 입시학원","name":"채움수학학원","cap":1272},"geometry":{"type":"Point","coordinates":[127.023271412495,37.6090022787768]}},{"type":"Feature","properties":{"kind":"academy","label":"대형 입시학원","name":"책나무길음뉴타운독서논술학원","cap":375},"geometry":{"type":"Point","coordinates":[127.02302105616,37.6047525393951]}},{"type":"Feature","properties":{"kind":"academy","label":"대형 입시학원","name":"최선생중국어학원","cap":355},"geometry":{"type":"Point","coordinates":[127.012088240554,37.5909654871176]}},{"type":"Feature","properties":{"kind":"academy","label":"대형 입시학원","name":"카이로스(kairos)학원","cap":525},"geometry":{"type":"Point","coordinates":[127.045612298275,37.6087723133633]}},{"type":"Feature","properties":{"kind":"academy","label":"대형 입시학원","name":"큰글학원","cap":484},"geometry":{"type":"Point","coordinates":[127.035189559747,37.5999544674256]}},{"type":"Feature","properties":{"kind":"academy","label":"대형 입시학원","name":"키인수학전문학원","cap":645},"geometry":{"type":"Point","coordinates":[127.019619340596,37.6018415136301]}},{"type":"Feature","properties":{"kind":"academy","label":"대형 입시학원","name":"킴스영어북클럽학원","cap":306},"geometry":{"type":"Point","coordinates":[127.048835224172,37.6225368642775]}},{"type":"Feature","properties":{"kind":"academy","label":"대형 입시학원","name":"킴스영어학원","cap":472},"geometry":{"type":"Point","coordinates":[127.033550711598,37.6019090131896]}},{"type":"Feature","properties":{"kind":"academy","label":"대형 입시학원","name":"타임투잉글리쉬학원","cap":384},"geometry":{"type":"Point","coordinates":[127.018391074187,37.5989743083452]}},{"type":"Feature","properties":{"kind":"academy","label":"대형 입시학원","name":"토킹투유영어학원","cap":426},"geometry":{"type":"Point","coordinates":[127.0143491393,37.5973462374438]}},{"type":"Feature","properties":{"kind":"academy","label":"대형 입시학원","name":"파머스영어길음캠퍼스학원","cap":721},"geometry":{"type":"Point","coordinates":[127.015458405282,37.6099259937222]}},{"type":"Feature","properties":{"kind":"academy","label":"대형 입시학원","name":"판다교육학원","cap":384},"geometry":{"type":"Point","coordinates":[127.009876424166,37.5898223336911]}},{"type":"Feature","properties":{"kind":"academy","label":"대형 입시학원","name":"퍼스트이강학원","cap":350},"geometry":{"type":"Point","coordinates":[127.05977273164,37.6105294970825]}},{"type":"Feature","properties":{"kind":"academy","label":"대형 입시학원","name":"페르마학원","cap":486},"geometry":{"type":"Point","coordinates":[127.010147934769,37.5906277076958]}},{"type":"Feature","properties":{"kind":"academy","label":"대형 입시학원","name":"포인트원학원","cap":516},"geometry":{"type":"Point","coordinates":[127.01797449683,37.6108648284908]}},{"type":"Feature","properties":{"kind":"academy","label":"대형 입시학원","name":"프라임수학영어의힘학원","cap":621},"geometry":{"type":"Point","coordinates":[127.047721067292,37.6175995472605]}},{"type":"Feature","properties":{"kind":"academy","label":"대형 입시학원","name":"프라임에듀학원","cap":693},"geometry":{"type":"Point","coordinates":[127.060336392602,37.6106475101125]}},{"type":"Feature","properties":{"kind":"academy","label":"대형 입시학원","name":"프라임장위학원","cap":360},"geometry":{"type":"Point","coordinates":[127.048309344122,37.6229729783825]}},{"type":"Feature","properties":{"kind":"academy","label":"대형 입시학원","name":"플랜에이영어학원","cap":1146},"geometry":{"type":"Point","coordinates":[127.01797449683,37.6108648284908]}},{"type":"Feature","properties":{"kind":"academy","label":"대형 입시학원","name":"플러스에듀학원","cap":660},"geometry":{"type":"Point","coordinates":[127.045596146225,37.6055037093092]}},{"type":"Feature","properties":{"kind":"academy","label":"대형 입시학원","name":"플에이스영어수학학원","cap":450},"geometry":{"type":"Point","coordinates":[127.035579387829,37.6114796332605]}},{"type":"Feature","properties":{"kind":"academy","label":"대형 입시학원","name":"하버드보습학원","cap":396},"geometry":{"type":"Point","coordinates":[127.048345594044,37.615978505422]}},{"type":"Feature","properties":{"kind":"academy","label":"대형 입시학원","name":"하이스터디학원","cap":456},"geometry":{"type":"Point","coordinates":[127.019322962491,37.5973870636459]}},{"type":"Feature","properties":{"kind":"academy","label":"대형 입시학원","name":"홍기정학원","cap":408},"geometry":{"type":"Point","coordinates":[127.011010678624,37.5903365197632]}},{"type":"Feature","properties":{"kind":"academy","label":"대형 입시학원","name":"희문국어논술학원","cap":350},"geometry":{"type":"Point","coordinates":[127.01156398401,37.6040391022345]}},{"type":"Feature","properties":{"kind":"academy","label":"대형 입시학원","name":"가디언과학전문학원","cap":400},"geometry":{"type":"Point","coordinates":[127.126388895114,37.5107779317517]}},{"type":"Feature","properties":{"kind":"academy","label":"대형 입시학원","name":"가비국영수학원","cap":350},"geometry":{"type":"Point","coordinates":[127.142910913246,37.4812117770773]}},{"type":"Feature","properties":{"kind":"academy","label":"대형 입시학원","name":"고등서강보습학원","cap":315},"geometry":{"type":"Point","coordinates":[127.144896389837,37.4932175340221]}},{"type":"Feature","properties":{"kind":"academy","label":"대형 입시학원","name":"고스에듀국어학원","cap":300},"geometry":{"type":"Point","coordinates":[127.125666237948,37.5106285955281]}},{"type":"Feature","properties":{"kind":"academy","label":"대형 입시학원","name":"과학아지트학원","cap":435},"geometry":{"type":"Point","coordinates":[127.107644166582,37.5005097289052]}},{"type":"Feature","properties":{"kind":"academy","label":"대형 입시학원","name":"구주이배수학송파수능관학원","cap":326},"geometry":{"type":"Point","coordinates":[127.118119692644,37.5151328417999]}},{"type":"Feature","properties":{"kind":"academy","label":"대형 입시학원","name":"구주이배수학잠실카이관학원","cap":924},"geometry":{"type":"Point","coordinates":[127.090682086454,37.5069630013895]}},{"type":"Feature","properties":{"kind":"academy","label":"대형 입시학원","name":"구주이배초등학원","cap":446},"geometry":{"type":"Point","coordinates":[127.123712661491,37.5130854424938]}},{"type":"Feature","properties":{"kind":"academy","label":"대형 입시학원","name":"그래비티수학학원","cap":300},"geometry":{"type":"Point","coordinates":[127.089906986473,37.507036395059]}},{"type":"Feature","properties":{"kind":"academy","label":"대형 입시학원","name":"글로벌에듀둔촌오륜학원","cap":535},"geometry":{"type":"Point","coordinates":[127.137712375583,37.5166909917264]}},{"type":"Feature","properties":{"kind":"academy","label":"대형 입시학원","name":"기적수학고등반학원","cap":462},"geometry":{"type":"Point","coordinates":[127.125758320997,37.5112443336838]}},{"type":"Feature","properties":{"kind":"academy","label":"대형 입시학원","name":"기파랑문해원송파잠실원학원","cap":351},"geometry":{"type":"Point","coordinates":[127.086328069963,37.5091216469029]}},{"type":"Feature","properties":{"kind":"academy","label":"대형 입시학원","name":"나스영어학원","cap":375},"geometry":{"type":"Point","coordinates":[127.112193463669,37.5005934340495]}},{"type":"Feature","properties":{"kind":"academy","label":"대형 입시학원","name":"눈높이러닝센터거여학원","cap":840},"geometry":{"type":"Point","coordinates":[127.143376260088,37.4938657706257]}},{"type":"Feature","properties":{"kind":"academy","label":"대형 입시학원","name":"눈높이러닝센터마천학원","cap":583},"geometry":{"type":"Point","coordinates":[127.152183483831,37.496970162139]}},{"type":"Feature","properties":{"kind":"academy","label":"대형 입시학원","name":"눈높이러닝센터송파방이보습학원","cap":615},"geometry":{"type":"Point","coordinates":[127.119118733995,37.5120220247802]}},{"type":"Feature","properties":{"kind":"academy","label":"대형 입시학원","name":"눈높이러닝센터송파학원","cap":615},"geometry":{"type":"Point","coordinates":[127.119025975571,37.5037526096939]}},{"type":"Feature","properties":{"kind":"academy","label":"대형 입시학원","name":"눈높이러닝센터신가락학원","cap":583},"geometry":{"type":"Point","coordinates":[127.131552744714,37.4965998462497]}},{"type":"Feature","properties":{"kind":"academy","label":"대형 입시학원","name":"눈높이러닝센터장지학원","cap":585},"geometry":{"type":"Point","coordinates":[127.129120127993,37.483099497403]}},{"type":"Feature","properties":{"kind":"academy","label":"대형 입시학원","name":"눈높이러닝센터풍납학원","cap":632},"geometry":{"type":"Point","coordinates":[127.113171175011,37.5304350820703]}},{"type":"Feature","properties":{"kind":"academy","label":"대형 입시학원","name":"눈높이러닝센터헬리오시티학원","cap":630},"geometry":{"type":"Point","coordinates":[127.104081594706,37.4994505455995]}},{"type":"Feature","properties":{"kind":"academy","label":"대형 입시학원","name":"늘푸른수3관보습학원","cap":540},"geometry":{"type":"Point","coordinates":[127.122241278572,37.5136745188112]}},{"type":"Feature","properties":{"kind":"academy","label":"대형 입시학원","name":"늘푸른수4관학원","cap":525},"geometry":{"type":"Point","coordinates":[127.122241278572,37.5136745188112]}},{"type":"Feature","properties":{"kind":"academy","label":"대형 입시학원","name":"늘푸른수고등보습학원","cap":540},"geometry":{"type":"Point","coordinates":[127.122241278572,37.5136745188112]}},{"type":"Feature","properties":{"kind":"academy","label":"대형 입시학원","name":"다온수학학원","cap":390},"geometry":{"type":"Point","coordinates":[127.131242339439,37.4963479098063]}},{"type":"Feature","properties":{"kind":"academy","label":"대형 입시학원","name":"다인리더학원","cap":300},"geometry":{"type":"Point","coordinates":[127.126104227489,37.5117980822371]}},{"type":"Feature","properties":{"kind":"academy","label":"대형 입시학원","name":"대치메이드세이노잠실점학원","cap":837},"geometry":{"type":"Point","coordinates":[127.091386305975,37.5071964496082]}},{"type":"Feature","properties":{"kind":"academy","label":"대형 입시학원","name":"대치올스터디잠실학원","cap":515},"geometry":{"type":"Point","coordinates":[127.09238555868,37.5075719318771]}},{"type":"Feature","properties":{"kind":"academy","label":"대형 입시학원","name":"대치파인만송파중등관학원","cap":580},"geometry":{"type":"Point","coordinates":[127.131249023555,37.5099867758252]}},{"type":"Feature","properties":{"kind":"academy","label":"대형 입시학원","name":"대치파인만송파특별관학원","cap":740},"geometry":{"type":"Point","coordinates":[127.131249023555,37.5099867758252]}},{"type":"Feature","properties":{"kind":"academy","label":"대형 입시학원","name":"더(THE)오름영어학원","cap":628},"geometry":{"type":"Point","coordinates":[127.142394775398,37.481085538274]}},{"type":"Feature","properties":{"kind":"academy","label":"대형 입시학원","name":"동행위드(with)찰스영어서우수학학원","cap":1080},"geometry":{"type":"Point","coordinates":[127.121154523531,37.5064714803482]}},{"type":"Feature","properties":{"kind":"academy","label":"대형 입시학원","name":"라임에듀마천보습학원","cap":560},"geometry":{"type":"Point","coordinates":[127.150951132251,37.4957580883377]}},{"type":"Feature","properties":{"kind":"academy","label":"대형 입시학원","name":"렉스(REX)영어학원","cap":354},"geometry":{"type":"Point","coordinates":[127.142191034933,37.4817394651186]}},{"type":"Feature","properties":{"kind":"academy","label":"대형 입시학원","name":"리드101올림픽영어학원","cap":1000},"geometry":{"type":"Point","coordinates":[127.131062938211,37.5157274562262]}},{"type":"Feature","properties":{"kind":"academy","label":"대형 입시학원","name":"리드101헬리오영어학원","cap":640},"geometry":{"type":"Point","coordinates":[127.106925234989,37.5005775968415]}},{"type":"Feature","properties":{"kind":"academy","label":"대형 입시학원","name":"리드인아소비송파거여센터학원","cap":426},"geometry":{"type":"Point","coordinates":[127.147282077623,37.4970454816341]}},{"type":"Feature","properties":{"kind":"academy","label":"대형 입시학원","name":"리엠수학학원","cap":436},"geometry":{"type":"Point","coordinates":[127.102531804188,37.4976145695004]}},{"type":"Feature","properties":{"kind":"academy","label":"대형 입시학원","name":"리틀스콜라스(Little Scholars)영어학원","cap":415},"geometry":{"type":"Point","coordinates":[127.10071613049,37.5173394829102]}},{"type":"Feature","properties":{"kind":"academy","label":"대형 입시학원","name":"링키영어송파장지파인타운학원","cap":420},"geometry":{"type":"Point","coordinates":[127.127283305984,37.4776438114231]}},{"type":"Feature","properties":{"kind":"academy","label":"대형 입시학원","name":"매쓰스퀘어고등관수학학원","cap":426},"geometry":{"type":"Point","coordinates":[127.127725488777,37.4890139662312]}},{"type":"Feature","properties":{"kind":"academy","label":"대형 입시학원","name":"매쓰원수학학원","cap":316},"geometry":{"type":"Point","coordinates":[127.142453020964,37.4854429227354]}},{"type":"Feature","properties":{"kind":"academy","label":"대형 입시학원","name":"매쓰카운티수학학원","cap":450},"geometry":{"type":"Point","coordinates":[127.092502611525,37.5070165510727]}},{"type":"Feature","properties":{"kind":"academy","label":"대형 입시학원","name":"메디컬수학연구소학원","cap":656},"geometry":{"type":"Point","coordinates":[127.091787465447,37.5076519568451]}},{"type":"Feature","properties":{"kind":"academy","label":"대형 입시학원","name":"메르센수학학원","cap":470},"geometry":{"type":"Point","coordinates":[127.0940933735,37.5063021493593]}},{"type":"Feature","properties":{"kind":"academy","label":"대형 입시학원","name":"문정에듀플렉스에듀코치학원","cap":560},"geometry":{"type":"Point","coordinates":[127.125630685443,37.4926518655258]}},{"type":"Feature","properties":{"kind":"academy","label":"대형 입시학원","name":"미래엔영어수학더오름학원","cap":356},"geometry":{"type":"Point","coordinates":[127.153627700427,37.4953735124809]}},{"type":"Feature","properties":{"kind":"academy","label":"대형 입시학원","name":"바다잉글리시더에밀리아카데미영어학원","cap":350},"geometry":{"type":"Point","coordinates":[127.144854722824,37.4817120824503]}},{"type":"Feature","properties":{"kind":"academy","label":"대형 입시학원","name":"바이블국어영어학원","cap":430},"geometry":{"type":"Point","coordinates":[127.147282077623,37.4970454816341]}},{"type":"Feature","properties":{"kind":"academy","label":"대형 입시학원","name":"비아하우스스타트관학원","cap":308},"geometry":{"type":"Point","coordinates":[127.143533445087,37.478619812243]}},{"type":"Feature","properties":{"kind":"academy","label":"대형 입시학원","name":"비욘드잉글리쉬송파위례학원","cap":375},"geometry":{"type":"Point","coordinates":[127.143533445087,37.478619812243]}},{"type":"Feature","properties":{"kind":"academy","label":"대형 입시학원","name":"비욘드잉글리쉬하바별캠퍼스학원","cap":426},"geometry":{"type":"Point","coordinates":[127.106664540387,37.5002447307264]}},{"type":"Feature","properties":{"kind":"academy","label":"대형 입시학원","name":"사라영어교육중고등관영어학원","cap":568},"geometry":{"type":"Point","coordinates":[127.142394775398,37.481085538274]}},{"type":"Feature","properties":{"kind":"academy","label":"대형 입시학원","name":"사라영어학원","cap":500},"geometry":{"type":"Point","coordinates":[127.142394775398,37.481085538274]}},{"type":"Feature","properties":{"kind":"academy","label":"대형 입시학원","name":"삼성영어메이플송파학원","cap":574},"geometry":{"type":"Point","coordinates":[127.117996709007,37.5029703985517]}},{"type":"Feature","properties":{"kind":"academy","label":"대형 입시학원","name":"삼성영어셀레나리즈학원","cap":370},"geometry":{"type":"Point","coordinates":[127.116895254896,37.5139024783582]}},{"type":"Feature","properties":{"kind":"academy","label":"대형 입시학원","name":"삼성영어셀레나마천센트럴학원","cap":438},"geometry":{"type":"Point","coordinates":[127.151986088287,37.4946515873808]}},{"type":"Feature","properties":{"kind":"academy","label":"대형 입시학원","name":"상상학원","cap":351},"geometry":{"type":"Point","coordinates":[127.091350117774,37.5068284171572]}},{"type":"Feature","properties":{"kind":"academy","label":"대형 입시학원","name":"샘이깊은국어학원","cap":700},"geometry":{"type":"Point","coordinates":[127.090774310886,37.5062552813693]}},{"type":"Feature","properties":{"kind":"academy","label":"대형 입시학원","name":"서강보습학원","cap":560},"geometry":{"type":"Point","coordinates":[127.146060806375,37.4976504915651]}},{"type":"Feature","properties":{"kind":"academy","label":"대형 입시학원","name":"선수학선국어학원","cap":480},"geometry":{"type":"Point","coordinates":[127.131145545077,37.4949283919693]}},{"type":"Feature","properties":{"kind":"academy","label":"대형 입시학원","name":"선우학원","cap":550},"geometry":{"type":"Point","coordinates":[127.110243595402,37.5050031677471]}},{"type":"Feature","properties":{"kind":"academy","label":"대형 입시학원","name":"성공가도학원","cap":300},"geometry":{"type":"Point","coordinates":[127.090219036073,37.5064776242645]}},{"type":"Feature","properties":{"kind":"academy","label":"대형 입시학원","name":"셈이깊은수학학원","cap":320},"geometry":{"type":"Point","coordinates":[127.087041904838,37.5119804600106]}},{"type":"Feature","properties":{"kind":"academy","label":"대형 입시학원","name":"송파유종의미입시학원","cap":340},"geometry":{"type":"Point","coordinates":[127.108699560729,37.5013140812678]}},{"type":"Feature","properties":{"kind":"academy","label":"대형 입시학원","name":"송파청솔학원","cap":665},"geometry":{"type":"Point","coordinates":[127.112551751209,37.5119047569382]}},{"type":"Feature","properties":{"kind":"academy","label":"대형 입시학원","name":"송파청어람수학원","cap":656},"geometry":{"type":"Point","coordinates":[127.118119692644,37.5151328417999]}},{"type":"Feature","properties":{"kind":"academy","label":"대형 입시학원","name":"송파크라센고등관영어학원","cap":750},"geometry":{"type":"Point","coordinates":[127.124872436196,37.5093225310059]}},{"type":"Feature","properties":{"kind":"academy","label":"대형 입시학원","name":"송파헬리오리드인독서논술학원","cap":300},"geometry":{"type":"Point","coordinates":[127.104640424981,37.4996547604371]}},{"type":"Feature","properties":{"kind":"academy","label":"대형 입시학원","name":"수만휘스파르타송파점학원","cap":300},"geometry":{"type":"Point","coordinates":[127.131249023555,37.5099867758252]}},{"type":"Feature","properties":{"kind":"academy","label":"대형 입시학원","name":"수학의시점학원","cap":772},"geometry":{"type":"Point","coordinates":[127.142760998646,37.4816895827721]}},{"type":"Feature","properties":{"kind":"academy","label":"대형 입시학원","name":"수학의신과학에빠지다학원","cap":468},"geometry":{"type":"Point","coordinates":[127.143533445087,37.478619812243]}},{"type":"Feature","properties":{"kind":"academy","label":"대형 입시학원","name":"수행과수능잠실학원","cap":432},"geometry":{"type":"Point","coordinates":[127.087041904838,37.5119804600106]}},{"type":"Feature","properties":{"kind":"academy","label":"대형 입시학원","name":"스마트해법수학송파윤진성학원","cap":486},"geometry":{"type":"Point","coordinates":[127.142394775398,37.481085538274]}},{"type":"Feature","properties":{"kind":"academy","label":"대형 입시학원","name":"슬기로운수학학원","cap":774},"geometry":{"type":"Point","coordinates":[127.11900548995,37.5130759528549]}},{"type":"Feature","properties":{"kind":"academy","label":"대형 입시학원","name":"시그널수학학원","cap":574},"geometry":{"type":"Point","coordinates":[127.122040704922,37.5072653442256]}},{"type":"Feature","properties":{"kind":"academy","label":"대형 입시학원","name":"아담리즈수학송파센터학원","cap":308},"geometry":{"type":"Point","coordinates":[127.116437188825,37.4915653895479]}},{"type":"Feature","properties":{"kind":"academy","label":"대형 입시학원","name":"아소비이루다대치팀잠실파크리오학원","cap":350},"geometry":{"type":"Point","coordinates":[127.113265160573,37.5203136784994]}},{"type":"Feature","properties":{"kind":"academy","label":"대형 입시학원","name":"알과영과학4관학원","cap":333},"geometry":{"type":"Point","coordinates":[127.125781167821,37.5093566159107]}},{"type":"Feature","properties":{"kind":"academy","label":"대형 입시학원","name":"알레프영어학원","cap":304},"geometry":{"type":"Point","coordinates":[127.134819333753,37.4928435624626]}},{"type":"Feature","properties":{"kind":"academy","label":"대형 입시학원","name":"에듀플렉스에듀코치개별지도송파역학원","cap":2376},"geometry":{"type":"Point","coordinates":[127.111692990989,37.5023078008823]}},{"type":"Feature","properties":{"kind":"academy","label":"대형 입시학원","name":"에이블(ABLE)영어학원","cap":1000},"geometry":{"type":"Point","coordinates":[127.142191034933,37.4817394651186]}},{"type":"Feature","properties":{"kind":"academy","label":"대형 입시학원","name":"엠앤제이수학학원","cap":1205},"geometry":{"type":"Point","coordinates":[127.091408918722,37.5065411313383]}},{"type":"Feature","properties":{"kind":"academy","label":"대형 입시학원","name":"엠제이문정수학보습학원","cap":428},"geometry":{"type":"Point","coordinates":[127.130231968818,37.4892043157404]}},{"type":"Feature","properties":{"kind":"academy","label":"대형 입시학원","name":"엠제이영어학원","cap":336},"geometry":{"type":"Point","coordinates":[127.11087999255,37.5006438690951]}},{"type":"Feature","properties":{"kind":"academy","label":"대형 입시학원","name":"연세수학원송파2관학원","cap":492},"geometry":{"type":"Point","coordinates":[127.131266118935,37.4952677572159]}},{"type":"Feature","properties":{"kind":"academy","label":"대형 입시학원","name":"열정과끈기학원","cap":580},"geometry":{"type":"Point","coordinates":[127.084844106667,37.5054822124147]}},{"type":"Feature","properties":{"kind":"academy","label":"대형 입시학원","name":"올만수험생관리형학원","cap":442},"geometry":{"type":"Point","coordinates":[127.090095337976,37.5063165289059]}},{"type":"Feature","properties":{"kind":"academy","label":"대형 입시학원","name":"와이매쓰(YMATH)수학학원","cap":468},"geometry":{"type":"Point","coordinates":[127.087041904838,37.5119804600106]}},{"type":"Feature","properties":{"kind":"academy","label":"대형 입시학원","name":"와이티영어학원","cap":374},"geometry":{"type":"Point","coordinates":[127.125875897217,37.5094606710777]}},{"type":"Feature","properties":{"kind":"academy","label":"대형 입시학원","name":"와쿠와쿠일본어학원","cap":415},"geometry":{"type":"Point","coordinates":[127.109801165729,37.5028451320194]}},{"type":"Feature","properties":{"kind":"academy","label":"대형 입시학원","name":"웅진씽크빅학습센터가락학원","cap":300},"geometry":{"type":"Point","coordinates":[127.128596076718,37.4972810186141]}},{"type":"Feature","properties":{"kind":"academy","label":"대형 입시학원","name":"워닛(WANNIT)학원","cap":834},"geometry":{"type":"Point","coordinates":[127.123656086641,37.490374671722]}},{"type":"Feature","properties":{"kind":"academy","label":"대형 입시학원","name":"위너스학원","cap":510},"geometry":{"type":"Point","coordinates":[127.118501173094,37.4986461483911]}},{"type":"Feature","properties":{"kind":"academy","label":"대형 입시학원","name":"위례광장해법영어학원","cap":1490},"geometry":{"type":"Point","coordinates":[127.142910913246,37.4812117770773]}},{"type":"Feature","properties":{"kind":"academy","label":"대형 입시학원","name":"위례유종의미입시학원","cap":320},"geometry":{"type":"Point","coordinates":[127.142394775398,37.481085538274]}},{"type":"Feature","properties":{"kind":"academy","label":"대형 입시학원","name":"위례이룸영어학원","cap":530},"geometry":{"type":"Point","coordinates":[127.142760998646,37.4816895827721]}},{"type":"Feature","properties":{"kind":"academy","label":"대형 입시학원","name":"유종의미입시학원","cap":320},"geometry":{"type":"Point","coordinates":[127.129417667909,37.4833357765893]}},{"type":"Feature","properties":{"kind":"academy","label":"대형 입시학원","name":"윤샘영어학원","cap":810},"geometry":{"type":"Point","coordinates":[127.111378100245,37.5025856078288]}},{"type":"Feature","properties":{"kind":"academy","label":"대형 입시학원","name":"윤선생IGSE아카데미송파가락학원","cap":600},"geometry":{"type":"Point","coordinates":[127.120952430288,37.4980680114469]}},{"type":"Feature","properties":{"kind":"academy","label":"대형 입시학원","name":"이권보습학원","cap":471},"geometry":{"type":"Point","coordinates":[127.12537037866,37.5120635783102]}},{"type":"Feature","properties":{"kind":"academy","label":"대형 입시학원","name":"이루미독서논술보습학원","cap":350},"geometry":{"type":"Point","coordinates":[127.122005700171,37.5100101997982]}},{"type":"Feature","properties":{"kind":"academy","label":"대형 입시학원","name":"이솔영어학원","cap":320},"geometry":{"type":"Point","coordinates":[127.107489158239,37.5004577018235]}},{"type":"Feature","properties":{"kind":"academy","label":"대형 입시학원","name":"이아이이(EiE)고려대학교영어교육프로그램송파석촌철인수학학원","cap":1134},"geometry":{"type":"Point","coordinates":[127.106636219888,37.5010061961458]}},{"type":"Feature","properties":{"kind":"academy","label":"대형 입시학원","name":"잠실점짱솔학원","cap":392},"geometry":{"type":"Point","coordinates":[127.085100773643,37.5074174763682]}},{"type":"Feature","properties":{"kind":"academy","label":"대형 입시학원","name":"잠실차이랑중국어학원","cap":300},"geometry":{"type":"Point","coordinates":[127.088844551265,37.5076326729391]}},{"type":"Feature","properties":{"kind":"academy","label":"대형 입시학원","name":"잠실크라센2관학원","cap":3450},"geometry":{"type":"Point","coordinates":[127.093368755974,37.5069445100518]}},{"type":"Feature","properties":{"kind":"academy","label":"대형 입시학원","name":"제이와이석촌보습학원","cap":680},"geometry":{"type":"Point","coordinates":[127.103326907558,37.503520599519]}},{"type":"Feature","properties":{"kind":"academy","label":"대형 입시학원","name":"제타에듀학원","cap":540},"geometry":{"type":"Point","coordinates":[127.131071157165,37.4953927630443]}},{"type":"Feature","properties":{"kind":"academy","label":"대형 입시학원","name":"진심영어학원","cap":316},"geometry":{"type":"Point","coordinates":[127.091877352413,37.5070750637579]}},{"type":"Feature","properties":{"kind":"academy","label":"대형 입시학원","name":"창의로열림보습학원","cap":400},"geometry":{"type":"Point","coordinates":[127.131062938211,37.5157274562262]}},{"type":"Feature","properties":{"kind":"academy","label":"대형 입시학원","name":"채움국어학원","cap":756},"geometry":{"type":"Point","coordinates":[127.125350343453,37.5099578634077]}},{"type":"Feature","properties":{"kind":"academy","label":"대형 입시학원","name":"책나무잠실독서논술학원","cap":546},"geometry":{"type":"Point","coordinates":[127.084186279267,37.5120843432468]}},{"type":"Feature","properties":{"kind":"academy","label":"대형 입시학원","name":"책나무잠실리센츠독서논술학원","cap":390},"geometry":{"type":"Point","coordinates":[127.087041904838,37.5119804600106]}},{"type":"Feature","properties":{"kind":"academy","label":"대형 입시학원","name":"책통클럽헬리오시티학원","cap":300},"geometry":{"type":"Point","coordinates":[127.107644166582,37.5005097289052]}},{"type":"Feature","properties":{"kind":"academy","label":"대형 입시학원","name":"청어람수다빈치6관학원","cap":360},"geometry":{"type":"Point","coordinates":[127.125890058433,37.5105520421649]}},{"type":"Feature","properties":{"kind":"academy","label":"대형 입시학원","name":"청어람수학원","cap":512},"geometry":{"type":"Point","coordinates":[127.1252001789,37.511944556042]}},{"type":"Feature","properties":{"kind":"academy","label":"대형 입시학원","name":"최강멘토영어2관학원","cap":355},"geometry":{"type":"Point","coordinates":[127.130557546327,37.4962431607717]}},{"type":"Feature","properties":{"kind":"academy","label":"대형 입시학원","name":"최강스카이보습학원","cap":300},"geometry":{"type":"Point","coordinates":[127.116144982187,37.5076180849028]}},{"type":"Feature","properties":{"kind":"academy","label":"대형 입시학원","name":"쿠스터디보습학원","cap":300},"geometry":{"type":"Point","coordinates":[127.09005914475,37.5034907342565]}},{"type":"Feature","properties":{"kind":"academy","label":"대형 입시학원","name":"토마스국제영어학원","cap":500},"geometry":{"type":"Point","coordinates":[127.157667088137,37.4956265089458]}},{"type":"Feature","properties":{"kind":"academy","label":"대형 입시학원","name":"포디움논술사고력미래엔수학학원","cap":448},"geometry":{"type":"Point","coordinates":[127.129853687565,37.4946614092198]}},{"type":"Feature","properties":{"kind":"academy","label":"대형 입시학원","name":"프라임쎈수학학원","cap":344},"geometry":{"type":"Point","coordinates":[127.120139452514,37.4989869659618]}},{"type":"Feature","properties":{"kind":"academy","label":"대형 입시학원","name":"프리미어로고스학원","cap":570},"geometry":{"type":"Point","coordinates":[127.094111329672,37.5064611624079]}},{"type":"Feature","properties":{"kind":"academy","label":"대형 입시학원","name":"플레이팩토브레인멘사수학학원","cap":420},"geometry":{"type":"Point","coordinates":[127.142394775398,37.481085538274]}},{"type":"Feature","properties":{"kind":"academy","label":"대형 입시학원","name":"피아이에프영어잠실2관학원","cap":300},"geometry":{"type":"Point","coordinates":[127.089327638634,37.5075650936592]}},{"type":"Feature","properties":{"kind":"academy","label":"대형 입시학원","name":"하이니티영어2관학원","cap":338},"geometry":{"type":"Point","coordinates":[127.088655956552,37.507681649089]}},{"type":"Feature","properties":{"kind":"academy","label":"대형 입시학원","name":"한우리국어논술학원","cap":1614},"geometry":{"type":"Point","coordinates":[127.131071157165,37.4953927630443]}},{"type":"Feature","properties":{"kind":"academy","label":"대형 입시학원","name":"화랑멘토링스쿨학원","cap":535},"geometry":{"type":"Point","coordinates":[127.142394775398,37.481085538274]}},{"type":"Feature","properties":{"kind":"academy","label":"대형 입시학원","name":"BPM학원","cap":500},"geometry":{"type":"Point","coordinates":[126.970883095322,37.3054589271356]}},{"type":"Feature","properties":{"kind":"academy","label":"대형 입시학원","name":"SAP영어학원","cap":593},"geometry":{"type":"Point","coordinates":[127.054580984107,37.2737869014961]}},{"type":"Feature","properties":{"kind":"academy","label":"대형 입시학원","name":"SR영어독서학원","cap":774},"geometry":{"type":"Point","coordinates":[126.99442520735,37.3053922770229]}},{"type":"Feature","properties":{"kind":"academy","label":"대형 입시학원","name":"가우스수학학원","cap":316},"geometry":{"type":"Point","coordinates":[126.993629573954,37.2955519260015]}},{"type":"Feature","properties":{"kind":"academy","label":"대형 입시학원","name":"각인입시전문학원","cap":360},"geometry":{"type":"Point","coordinates":[127.046590478628,37.2902495114235]}},{"type":"Feature","properties":{"kind":"academy","label":"대형 입시학원","name":"고등관곰수학학원","cap":665},"geometry":{"type":"Point","coordinates":[127.043310518919,37.259324976153]}},{"type":"Feature","properties":{"kind":"academy","label":"대형 입시학원","name":"고등제이프라임학원","cap":1400},"geometry":{"type":"Point","coordinates":[126.983454542856,37.2955003927986]}},{"type":"Feature","properties":{"kind":"academy","label":"대형 입시학원","name":"곰수학학원","cap":1500},"geometry":{"type":"Point","coordinates":[127.043310518919,37.259324976153]}},{"type":"Feature","properties":{"kind":"academy","label":"대형 입시학원","name":"공부의자신감학원","cap":315},"geometry":{"type":"Point","coordinates":[126.993382637997,37.2961720063289]}},{"type":"Feature","properties":{"kind":"academy","label":"대형 입시학원","name":"국대국어학원","cap":895},"geometry":{"type":"Point","coordinates":[127.074459101868,37.252035723178]}},{"type":"Feature","properties":{"kind":"academy","label":"대형 입시학원","name":"국대초중등학원","cap":429},"geometry":{"type":"Point","coordinates":[127.074459101868,37.252035723178]}},{"type":"Feature","properties":{"kind":"academy","label":"대형 입시학원","name":"국어의대표학원","cap":990},"geometry":{"type":"Point","coordinates":[127.074459101868,37.252035723178]}},{"type":"Feature","properties":{"kind":"academy","label":"대형 입시학원","name":"국풀국어장안학원","cap":360},"geometry":{"type":"Point","coordinates":[126.993322655263,37.2959657555274]}},{"type":"Feature","properties":{"kind":"academy","label":"대형 입시학원","name":"그릿피티(PT)동수원수학학원","cap":486},"geometry":{"type":"Point","coordinates":[127.032197986881,37.2668515017439]}},{"type":"Feature","properties":{"kind":"academy","label":"대형 입시학원","name":"그릿피티(PT)수학학원","cap":960},"geometry":{"type":"Point","coordinates":[126.993322655263,37.2959657555274]}},{"type":"Feature","properties":{"kind":"academy","label":"대형 입시학원","name":"기파랑문해원망포국어학원","cap":414},"geometry":{"type":"Point","coordinates":[127.049820537886,37.2393611305725]}},{"type":"Feature","properties":{"kind":"academy","label":"대형 입시학원","name":"김문호수학학원","cap":508},"geometry":{"type":"Point","coordinates":[127.075022075792,37.254484134021]}},{"type":"Feature","properties":{"kind":"academy","label":"대형 입시학원","name":"남달라학원","cap":400},"geometry":{"type":"Point","coordinates":[127.014066827362,37.2694319330455]}},{"type":"Feature","properties":{"kind":"academy","label":"대형 입시학원","name":"눈높이러닝센터권선학원","cap":1358},"geometry":{"type":"Point","coordinates":[127.027327981499,37.2550646559011]}},{"type":"Feature","properties":{"kind":"academy","label":"대형 입시학원","name":"눈높이러닝센터다솔학원","cap":2950},"geometry":{"type":"Point","coordinates":[126.984570695359,37.309589687482]}},{"type":"Feature","properties":{"kind":"academy","label":"대형 입시학원","name":"눈높이러닝센터망포학원","cap":1626},"geometry":{"type":"Point","coordinates":[127.054312483521,37.2393424862695]}},{"type":"Feature","properties":{"kind":"academy","label":"대형 입시학원","name":"눈높이러닝센터매탄학원","cap":1504},"geometry":{"type":"Point","coordinates":[127.041276779029,37.2646965461314]}},{"type":"Feature","properties":{"kind":"academy","label":"대형 입시학원","name":"눈높이러닝센터명당학원","cap":638},"geometry":{"type":"Point","coordinates":[127.035750691307,37.2507185702104]}},{"type":"Feature","properties":{"kind":"academy","label":"대형 입시학원","name":"눈높이러닝센터숙지학원","cap":1674},"geometry":{"type":"Point","coordinates":[126.994947917595,37.2816841974785]}},{"type":"Feature","properties":{"kind":"academy","label":"대형 입시학원","name":"눈높이러닝센터신풍학원","cap":1733},"geometry":{"type":"Point","coordinates":[127.053224149193,37.2853209174809]}},{"type":"Feature","properties":{"kind":"academy","label":"대형 입시학원","name":"눈높이러닝센터영통학원","cap":1753},"geometry":{"type":"Point","coordinates":[127.06085276423,37.246794644408]}},{"type":"Feature","properties":{"kind":"academy","label":"대형 입시학원","name":"눈높이러닝센터오목천학원","cap":778},"geometry":{"type":"Point","coordinates":[126.965768364434,37.2460230454161]}},{"type":"Feature","properties":{"kind":"academy","label":"대형 입시학원","name":"눈높이러닝센터원천학원","cap":1453},"geometry":{"type":"Point","coordinates":[127.058506368808,37.2666227410234]}},{"type":"Feature","properties":{"kind":"academy","label":"대형 입시학원","name":"눈높이러닝센터조원학원","cap":1973},"geometry":{"type":"Point","coordinates":[127.015779962378,37.3028762043154]}},{"type":"Feature","properties":{"kind":"academy","label":"대형 입시학원","name":"눈높이러닝센터청명학원","cap":853},"geometry":{"type":"Point","coordinates":[127.081235591372,37.2665224665946]}},{"type":"Feature","properties":{"kind":"academy","label":"대형 입시학원","name":"눈높이러닝센터칠보학원","cap":1333},"geometry":{"type":"Point","coordinates":[126.941211360362,37.2734006830745]}},{"type":"Feature","properties":{"kind":"academy","label":"대형 입시학원","name":"눈높이러닝센터한일학원","cap":1325},"geometry":{"type":"Point","coordinates":[127.008036585446,37.3031461229572]}},{"type":"Feature","properties":{"kind":"academy","label":"대형 입시학원","name":"눈높이러닝센터호매실학원","cap":713},"geometry":{"type":"Point","coordinates":[126.958866403022,37.2692448740362]}},{"type":"Feature","properties":{"kind":"academy","label":"대형 입시학원","name":"눈높이베스트천천학원","cap":1868},"geometry":{"type":"Point","coordinates":[126.983431181687,37.2960836309819]}},{"type":"Feature","properties":{"kind":"academy","label":"대형 입시학원","name":"눈높이정자명인학원","cap":1703},"geometry":{"type":"Point","coordinates":[127.000155290102,37.2897763549458]}},{"type":"Feature","properties":{"kind":"academy","label":"대형 입시학원","name":"뉴탑올림피아드학원","cap":734},"geometry":{"type":"Point","coordinates":[126.998385668312,37.2935905277765]}},{"type":"Feature","properties":{"kind":"academy","label":"대형 입시학원","name":"다능보습학원","cap":350},"geometry":{"type":"Point","coordinates":[127.018228819762,37.2991030323723]}},{"type":"Feature","properties":{"kind":"academy","label":"대형 입시학원","name":"다짐수학학원","cap":800},"geometry":{"type":"Point","coordinates":[126.962784118657,37.260103657463]}},{"type":"Feature","properties":{"kind":"academy","label":"대형 입시학원","name":"대치메이드영통점학원","cap":300},"geometry":{"type":"Point","coordinates":[127.072333349835,37.2533276958414]}},{"type":"Feature","properties":{"kind":"academy","label":"대형 입시학원","name":"대치명인스카이앤와이키사이언스중고등수학과학전문학원","cap":350},"geometry":{"type":"Point","coordinates":[127.047840336723,37.2896736099132]}},{"type":"Feature","properties":{"kind":"academy","label":"대형 입시학원","name":"대치선각학원","cap":408},"geometry":{"type":"Point","coordinates":[127.074019989571,37.2523036985971]}},{"type":"Feature","properties":{"kind":"academy","label":"대형 입시학원","name":"대치에스엔티광교학원","cap":695},"geometry":{"type":"Point","coordinates":[127.05232202768,37.2845339017967]}},{"type":"Feature","properties":{"kind":"academy","label":"대형 입시학원","name":"더문영어광교중등프라임학원","cap":465},"geometry":{"type":"Point","coordinates":[127.046415052403,37.2897826623887]}},{"type":"Feature","properties":{"kind":"academy","label":"대형 입시학원","name":"더문영어학원","cap":400},"geometry":{"type":"Point","coordinates":[127.046415052403,37.2897826623887]}},{"type":"Feature","properties":{"kind":"academy","label":"대형 입시학원","name":"더브릿지하이영어전문학원","cap":1590},"geometry":{"type":"Point","coordinates":[126.943061543351,37.2739040076288]}},{"type":"Feature","properties":{"kind":"academy","label":"대형 입시학원","name":"더엠코드학원","cap":1131},"geometry":{"type":"Point","coordinates":[127.074734153872,37.2559361671782]}},{"type":"Feature","properties":{"kind":"academy","label":"대형 입시학원","name":"더하다학원","cap":360},"geometry":{"type":"Point","coordinates":[127.057659346251,37.2376190953079]}},{"type":"Feature","properties":{"kind":"academy","label":"대형 입시학원","name":"도도다국어전문학원","cap":350},"geometry":{"type":"Point","coordinates":[126.980384556899,37.2852252958707]}},{"type":"Feature","properties":{"kind":"academy","label":"대형 입시학원","name":"독수강영학원","cap":520},"geometry":{"type":"Point","coordinates":[126.980448468742,37.2857666506023]}},{"type":"Feature","properties":{"kind":"academy","label":"대형 입시학원","name":"동남영수학원","cap":336},"geometry":{"type":"Point","coordinates":[127.04255838,37.2673168625556]}},{"type":"Feature","properties":{"kind":"academy","label":"대형 입시학원","name":"동수원광교와이즈만영재교육학원","cap":519},"geometry":{"type":"Point","coordinates":[127.044206999488,37.263287339687]}},{"type":"Feature","properties":{"kind":"academy","label":"대형 입시학원","name":"러닝브릿지학원","cap":586},"geometry":{"type":"Point","coordinates":[126.96872092158,37.3050802106894]}},{"type":"Feature","properties":{"kind":"academy","label":"대형 입시학원","name":"리드앤톡영어학원","cap":429},"geometry":{"type":"Point","coordinates":[127.041914258026,37.2721364915926]}},{"type":"Feature","properties":{"kind":"academy","label":"대형 입시학원","name":"리드인독서원천학원","cap":340},"geometry":{"type":"Point","coordinates":[127.052340963657,37.2685616951966]}},{"type":"Feature","properties":{"kind":"academy","label":"대형 입시학원","name":"리드일공일광교영어학원","cap":560},"geometry":{"type":"Point","coordinates":[127.051003753304,37.2925011877998]}},{"type":"Feature","properties":{"kind":"academy","label":"대형 입시학원","name":"리드일공일정자영어학원","cap":420},"geometry":{"type":"Point","coordinates":[126.984570695359,37.309589687482]}},{"type":"Feature","properties":{"kind":"academy","label":"대형 입시학원","name":"리디튜드영어학원","cap":588},"geometry":{"type":"Point","coordinates":[127.074019989571,37.2523036985971]}},{"type":"Feature","properties":{"kind":"academy","label":"대형 입시학원","name":"리딩브릿지국어영어전문학원","cap":310},"geometry":{"type":"Point","coordinates":[127.034165232558,37.2417399462448]}},{"type":"Feature","properties":{"kind":"academy","label":"대형 입시학원","name":"마이스터입시학원","cap":360},"geometry":{"type":"Point","coordinates":[126.98268890998,37.2967617354559]}},{"type":"Feature","properties":{"kind":"academy","label":"대형 입시학원","name":"망포엠코드하이학원","cap":400},"geometry":{"type":"Point","coordinates":[127.051818053269,37.2451775124975]}},{"type":"Feature","properties":{"kind":"academy","label":"대형 입시학원","name":"망포엠코드학원","cap":560},"geometry":{"type":"Point","coordinates":[127.051818053269,37.2451775124975]}},{"type":"Feature","properties":{"kind":"academy","label":"대형 입시학원","name":"망포와와학습코칭학원","cap":900},"geometry":{"type":"Point","coordinates":[127.055885561342,37.2387654454251]}},{"type":"Feature","properties":{"kind":"academy","label":"대형 입시학원","name":"명인스카이수학학원","cap":520},"geometry":{"type":"Point","coordinates":[127.074459101868,37.252035723178]}},{"type":"Feature","properties":{"kind":"academy","label":"대형 입시학원","name":"뮤엠영어오현학원","cap":550},"geometry":{"type":"Point","coordinates":[126.965768364434,37.2460230454161]}},{"type":"Feature","properties":{"kind":"academy","label":"대형 입시학원","name":"뮤엠영어포커스수학학원","cap":330},"geometry":{"type":"Point","coordinates":[127.003345718094,37.2958925521583]}},{"type":"Feature","properties":{"kind":"academy","label":"대형 입시학원","name":"뮤엠영어화양학원","cap":320},"geometry":{"type":"Point","coordinates":[126.994486206165,37.2825506163663]}},{"type":"Feature","properties":{"kind":"academy","label":"대형 입시학원","name":"민샘수학학원","cap":370},"geometry":{"type":"Point","coordinates":[126.990959920591,37.2849386038752]}},{"type":"Feature","properties":{"kind":"academy","label":"대형 입시학원","name":"민샘학원","cap":480},"geometry":{"type":"Point","coordinates":[126.990959920591,37.2849386038752]}},{"type":"Feature","properties":{"kind":"academy","label":"대형 입시학원","name":"바른길학원","cap":1072},"geometry":{"type":"Point","coordinates":[126.941181644422,37.2724668297523]}},{"type":"Feature","properties":{"kind":"academy","label":"대형 입시학원","name":"백년대계예일보습학원","cap":350},"geometry":{"type":"Point","coordinates":[127.020932517886,37.2610221242275]}},{"type":"Feature","properties":{"kind":"academy","label":"대형 입시학원","name":"본점이문어학원","cap":480},"geometry":{"type":"Point","coordinates":[127.00952436569,37.3024498719729]}},{"type":"Feature","properties":{"kind":"academy","label":"대형 입시학원","name":"봄날서가봄날국어학원","cap":330},"geometry":{"type":"Point","coordinates":[126.941145484224,37.2728602061604]}},{"type":"Feature","properties":{"kind":"academy","label":"대형 입시학원","name":"블라블라잉글리쉬학원","cap":303},"geometry":{"type":"Point","coordinates":[127.004786995472,37.2872914645772]}},{"type":"Feature","properties":{"kind":"academy","label":"대형 입시학원","name":"블라썸에듀수원장안학원","cap":310},"geometry":{"type":"Point","coordinates":[126.993629573954,37.2955519260015]}},{"type":"Feature","properties":{"kind":"academy","label":"대형 입시학원","name":"삼성영어동신학원","cap":1040},"geometry":{"type":"Point","coordinates":[126.994350290903,37.302629156272]}},{"type":"Feature","properties":{"kind":"academy","label":"대형 입시학원","name":"삼십팔인의수학파란학원","cap":650},"geometry":{"type":"Point","coordinates":[126.993940258815,37.2959492096726]}},{"type":"Feature","properties":{"kind":"academy","label":"대형 입시학원","name":"삼점일사고등수학전문관학원","cap":747},"geometry":{"type":"Point","coordinates":[126.993940258815,37.2959492096726]}},{"type":"Feature","properties":{"kind":"academy","label":"대형 입시학원","name":"상위1프로에버그린학원","cap":490},"geometry":{"type":"Point","coordinates":[127.03609285552,37.2716577041904]}},{"type":"Feature","properties":{"kind":"academy","label":"대형 입시학원","name":"새김영수학원","cap":401},"geometry":{"type":"Point","coordinates":[126.993322655263,37.2959657555274]}},{"type":"Feature","properties":{"kind":"academy","label":"대형 입시학원","name":"새봄수학3관학원","cap":440},"geometry":{"type":"Point","coordinates":[127.075645911685,37.2512493507969]}},{"type":"Feature","properties":{"kind":"academy","label":"대형 입시학원","name":"새수원검정고시학원","cap":410},"geometry":{"type":"Point","coordinates":[127.007558848243,37.2687853094097]}},{"type":"Feature","properties":{"kind":"academy","label":"대형 입시학원","name":"서수원와와학습코칭학원","cap":936},"geometry":{"type":"Point","coordinates":[126.962694753114,37.2595870615283]}},{"type":"Feature","properties":{"kind":"academy","label":"대형 입시학원","name":"서일영어학원","cap":314},"geometry":{"type":"Point","coordinates":[127.032643678472,37.2812839776591]}},{"type":"Feature","properties":{"kind":"academy","label":"대형 입시학원","name":"설대영수학원","cap":344},"geometry":{"type":"Point","coordinates":[126.997681069219,37.2919677470265]}},{"type":"Feature","properties":{"kind":"academy","label":"대형 입시학원","name":"셀파우등생학원","cap":560},"geometry":{"type":"Point","coordinates":[127.050054076861,37.2681958701989]}},{"type":"Feature","properties":{"kind":"academy","label":"대형 입시학원","name":"솔로몬수학전문학원","cap":350},"geometry":{"type":"Point","coordinates":[127.030450993094,37.257394532582]}},{"type":"Feature","properties":{"kind":"academy","label":"대형 입시학원","name":"솔로몬학원","cap":575},"geometry":{"type":"Point","coordinates":[127.030450993094,37.257394532582]}},{"type":"Feature","properties":{"kind":"academy","label":"대형 입시학원","name":"송죽멘토영수전문학원","cap":337},"geometry":{"type":"Point","coordinates":[127.006135842423,37.2997751890766]}},{"type":"Feature","properties":{"kind":"academy","label":"대형 입시학원","name":"수원영통신나무실러닝학원","cap":620},"geometry":{"type":"Point","coordinates":[127.065406205764,37.2524776255877]}},{"type":"Feature","properties":{"kind":"academy","label":"대형 입시학원","name":"수원이강학원","cap":660},"geometry":{"type":"Point","coordinates":[126.993629573954,37.2955519260015]}},{"type":"Feature","properties":{"kind":"academy","label":"대형 입시학원","name":"수원장안에이닷영어학원","cap":633},"geometry":{"type":"Point","coordinates":[126.99447298788,37.2952261532742]}},{"type":"Feature","properties":{"kind":"academy","label":"대형 입시학원","name":"수학세상학원","cap":304},"geometry":{"type":"Point","coordinates":[127.021056122481,37.2648500003896]}},{"type":"Feature","properties":{"kind":"academy","label":"대형 입시학원","name":"수학에빠지다학원","cap":420},"geometry":{"type":"Point","coordinates":[127.049411756331,37.2408811857691]}},{"type":"Feature","properties":{"kind":"academy","label":"대형 입시학원","name":"수학을품다학원","cap":300},"geometry":{"type":"Point","coordinates":[127.053992323569,37.2861125826494]}},{"type":"Feature","properties":{"kind":"academy","label":"대형 입시학원","name":"수학의달인뮤엠영어권선꿈에그린학원","cap":320},"geometry":{"type":"Point","coordinates":[126.977844020435,37.2336493350927]}},{"type":"Feature","properties":{"kind":"academy","label":"대형 입시학원","name":"수학의아침사이언스카이제9학원","cap":420},"geometry":{"type":"Point","coordinates":[127.05232202768,37.2845339017967]}},{"type":"Feature","properties":{"kind":"academy","label":"대형 입시학원","name":"수학탐구학원","cap":1300},"geometry":{"type":"Point","coordinates":[126.994064900998,37.2957393643988]}},{"type":"Feature","properties":{"kind":"academy","label":"대형 입시학원","name":"수학하는달팽이수학학원","cap":315},"geometry":{"type":"Point","coordinates":[126.941798565182,37.2725166918958]}},{"type":"Feature","properties":{"kind":"academy","label":"대형 입시학원","name":"스마트해법영어노블클래스학원","cap":408},"geometry":{"type":"Point","coordinates":[127.035332329353,37.2693868594416]}},{"type":"Feature","properties":{"kind":"academy","label":"대형 입시학원","name":"스카이에듀보습학원","cap":315},"geometry":{"type":"Point","coordinates":[127.01790271931,37.2570795672204]}},{"type":"Feature","properties":{"kind":"academy","label":"대형 입시학원","name":"스카이에듀학원","cap":1530},"geometry":{"type":"Point","coordinates":[126.993629573954,37.2955519260015]}},{"type":"Feature","properties":{"kind":"academy","label":"대형 입시학원","name":"시대원광교(광교대찬)학원","cap":570},"geometry":{"type":"Point","coordinates":[127.047211752441,37.28916144187]}},{"type":"Feature","properties":{"kind":"academy","label":"대형 입시학원","name":"시대원영통(영통대찬)학원","cap":740},"geometry":{"type":"Point","coordinates":[127.074459101868,37.252035723178]}},{"type":"Feature","properties":{"kind":"academy","label":"대형 입시학원","name":"신연세명문학원","cap":835},"geometry":{"type":"Point","coordinates":[127.015779962378,37.3028762043154]}},{"type":"Feature","properties":{"kind":"academy","label":"대형 입시학원","name":"신창화영어전문학원","cap":360},"geometry":{"type":"Point","coordinates":[126.99419195378,37.2920380884064]}},{"type":"Feature","properties":{"kind":"academy","label":"대형 입시학원","name":"십칠층의기적영어학원","cap":300},"geometry":{"type":"Point","coordinates":[127.075022075792,37.254484134021]}},{"type":"Feature","properties":{"kind":"academy","label":"대형 입시학원","name":"씨엠수학전문학원","cap":731},"geometry":{"type":"Point","coordinates":[126.995121766551,37.2961277597522]}},{"type":"Feature","properties":{"kind":"academy","label":"대형 입시학원","name":"아소비탑에듀학원","cap":330},"geometry":{"type":"Point","coordinates":[126.989879015142,37.3079193805807]}},{"type":"Feature","properties":{"kind":"academy","label":"대형 입시학원","name":"아이백스학원","cap":334},"geometry":{"type":"Point","coordinates":[126.993442150757,37.3017954706152]}},{"type":"Feature","properties":{"kind":"academy","label":"대형 입시학원","name":"아이엘에스삼관학원","cap":482},"geometry":{"type":"Point","coordinates":[126.973602349196,37.2743515816913]}},{"type":"Feature","properties":{"kind":"academy","label":"대형 입시학원","name":"아이엘에스학원","cap":770},"geometry":{"type":"Point","coordinates":[126.973570733346,37.2744817749975]}},{"type":"Feature","properties":{"kind":"academy","label":"대형 입시학원","name":"아이원수학영통학원","cap":422},"geometry":{"type":"Point","coordinates":[127.081639821136,37.26678565308]}},{"type":"Feature","properties":{"kind":"academy","label":"대형 입시학원","name":"앨리에듀학원","cap":900},"geometry":{"type":"Point","coordinates":[127.046590478628,37.2902495114235]}},{"type":"Feature","properties":{"kind":"academy","label":"대형 입시학원","name":"양정대입학원","cap":300},"geometry":{"type":"Point","coordinates":[127.045166664033,37.2590570333271]}},{"type":"Feature","properties":{"kind":"academy","label":"대형 입시학원","name":"에듀맥스학원","cap":340},"geometry":{"type":"Point","coordinates":[127.029086938708,37.2539855975904]}},{"type":"Feature","properties":{"kind":"academy","label":"대형 입시학원","name":"에듀플렉스에듀코치개별지도광교학원","cap":600},"geometry":{"type":"Point","coordinates":[127.05232202768,37.2845339017967]}},{"type":"Feature","properties":{"kind":"academy","label":"대형 입시학원","name":"에듀플렉스에듀코치개별지도망포학원","cap":456},"geometry":{"type":"Point","coordinates":[127.054312483521,37.2393424862695]}},{"type":"Feature","properties":{"kind":"academy","label":"대형 입시학원","name":"에이드영어황곡초캠퍼스학원","cap":500},"geometry":{"type":"Point","coordinates":[127.077449168196,37.2645856920487]}},{"type":"Feature","properties":{"kind":"academy","label":"대형 입시학원","name":"에이블국어전문학원","cap":311},"geometry":{"type":"Point","coordinates":[127.044925562548,37.2598576114704]}},{"type":"Feature","properties":{"kind":"academy","label":"대형 입시학원","name":"에이블영어학원","cap":384},"geometry":{"type":"Point","coordinates":[127.051850887036,37.2358516755954]}},{"type":"Feature","properties":{"kind":"academy","label":"대형 입시학원","name":"에이원학원","cap":320},"geometry":{"type":"Point","coordinates":[126.957091879556,37.2681447033834]}},{"type":"Feature","properties":{"kind":"academy","label":"대형 입시학원","name":"에이팩영어학원","cap":350},"geometry":{"type":"Point","coordinates":[127.056777997528,37.2839417579058]}},{"type":"Feature","properties":{"kind":"academy","label":"대형 입시학원","name":"에프에르학원","cap":300},"geometry":{"type":"Point","coordinates":[127.053722382712,37.2858340141964]}},{"type":"Feature","properties":{"kind":"academy","label":"대형 입시학원","name":"엑시스영어학원","cap":315},"geometry":{"type":"Point","coordinates":[126.941798565182,37.2725166918958]}},{"type":"Feature","properties":{"kind":"academy","label":"대형 입시학원","name":"엘영어수학학원","cap":466},"geometry":{"type":"Point","coordinates":[127.046856304019,37.3040924888964]}},{"type":"Feature","properties":{"kind":"academy","label":"대형 입시학원","name":"엘케이영어학원","cap":300},"geometry":{"type":"Point","coordinates":[127.060515343768,37.2468367159033]}},{"type":"Feature","properties":{"kind":"academy","label":"대형 입시학원","name":"엠베스트에스이오목천비전학원","cap":700},"geometry":{"type":"Point","coordinates":[126.962882060237,37.2452109651178]}},{"type":"Feature","properties":{"kind":"academy","label":"대형 입시학원","name":"엠베스트천천더에듀포레학원","cap":498},"geometry":{"type":"Point","coordinates":[126.982445001562,37.2917155288546]}},{"type":"Feature","properties":{"kind":"academy","label":"대형 입시학원","name":"엠스토리수학학원","cap":357},"geometry":{"type":"Point","coordinates":[126.983714041148,37.2955692680429]}},{"type":"Feature","properties":{"kind":"academy","label":"대형 입시학원","name":"엠오엠수학학원","cap":564},"geometry":{"type":"Point","coordinates":[127.073979936797,37.2507663625757]}},{"type":"Feature","properties":{"kind":"academy","label":"대형 입시학원","name":"엠케이비젼영어학원","cap":522},"geometry":{"type":"Point","coordinates":[126.993322655263,37.2959657555274]}},{"type":"Feature","properties":{"kind":"academy","label":"대형 입시학원","name":"엠코드고수전문관학원","cap":1300},"geometry":{"type":"Point","coordinates":[127.075645736168,37.2550197679277]}},{"type":"Feature","properties":{"kind":"academy","label":"대형 입시학원","name":"엠코드수학학원","cap":582},"geometry":{"type":"Point","coordinates":[126.941211360362,37.2734006830745]}},{"type":"Feature","properties":{"kind":"academy","label":"대형 입시학원","name":"엠코드프리미엄학원","cap":1105},"geometry":{"type":"Point","coordinates":[127.075645736168,37.2550197679277]}},{"type":"Feature","properties":{"kind":"academy","label":"대형 입시학원","name":"엠코드하이학원","cap":1513},"geometry":{"type":"Point","coordinates":[127.074734153872,37.2559361671782]}},{"type":"Feature","properties":{"kind":"academy","label":"대형 입시학원","name":"엠코드학원","cap":1313},"geometry":{"type":"Point","coordinates":[127.074734153872,37.2559361671782]}},{"type":"Feature","properties":{"kind":"academy","label":"대형 입시학원","name":"엠플수학학원","cap":422},"geometry":{"type":"Point","coordinates":[127.075022075792,37.254484134021]}},{"type":"Feature","properties":{"kind":"academy","label":"대형 입시학원","name":"연우입시학원","cap":1365},"geometry":{"type":"Point","coordinates":[127.003600149552,37.2791599879165]}},{"type":"Feature","properties":{"kind":"academy","label":"대형 입시학원","name":"영어수학시간학원","cap":320},"geometry":{"type":"Point","coordinates":[126.968399014776,37.305041921252]}},{"type":"Feature","properties":{"kind":"academy","label":"대형 입시학원","name":"영어의자유영통센터학원","cap":400},"geometry":{"type":"Point","coordinates":[127.064089695338,37.250664904498]}},{"type":"Feature","properties":{"kind":"academy","label":"대형 입시학원","name":"영통구청점와와학습코칭학원","cap":396},"geometry":{"type":"Point","coordinates":[127.043948757175,37.2600456652783]}},{"type":"Feature","properties":{"kind":"academy","label":"대형 입시학원","name":"영통김샘학원","cap":314},"geometry":{"type":"Point","coordinates":[127.055334754831,37.2405463507313]}},{"type":"Feature","properties":{"kind":"academy","label":"대형 입시학원","name":"영통에픽아카데미학원","cap":430},"geometry":{"type":"Point","coordinates":[127.074459101868,37.252035723178]}},{"type":"Feature","properties":{"kind":"academy","label":"대형 입시학원","name":"오스영어전문학원","cap":320},"geometry":{"type":"Point","coordinates":[127.03014236609,37.2466841722769]}},{"type":"Feature","properties":{"kind":"academy","label":"대형 입시학원","name":"오쌤과학전문학원","cap":500},"geometry":{"type":"Point","coordinates":[126.993845709854,37.2950121259324]}},{"type":"Feature","properties":{"kind":"academy","label":"대형 입시학원","name":"와와학습코칭센터호매실학원","cap":720},"geometry":{"type":"Point","coordinates":[126.943061543351,37.2739040076288]}},{"type":"Feature","properties":{"kind":"academy","label":"대형 입시학원","name":"와이비엠(ybm)잉글루프라임에듀학원","cap":300},"geometry":{"type":"Point","coordinates":[127.023956535737,37.277747220751]}},{"type":"Feature","properties":{"kind":"academy","label":"대형 입시학원","name":"와이즈리더영어학원","cap":478},"geometry":{"type":"Point","coordinates":[127.074394675407,37.2526579343798]}},{"type":"Feature","properties":{"kind":"academy","label":"대형 입시학원","name":"웅진씽크빅학습센터권선학원","cap":2053},"geometry":{"type":"Point","coordinates":[127.025799336801,37.2550192258352]}},{"type":"Feature","properties":{"kind":"academy","label":"대형 입시학원","name":"원픽영어전문학원","cap":300},"geometry":{"type":"Point","coordinates":[126.942930205926,37.2731347260276]}},{"type":"Feature","properties":{"kind":"academy","label":"대형 입시학원","name":"위상매쓰능률영어학원","cap":645},"geometry":{"type":"Point","coordinates":[126.982406060121,37.2971857218212]}},{"type":"Feature","properties":{"kind":"academy","label":"대형 입시학원","name":"유투엠수원정자학원","cap":301},"geometry":{"type":"Point","coordinates":[126.993629573954,37.2955519260015]}},{"type":"Feature","properties":{"kind":"academy","label":"대형 입시학원","name":"율학원","cap":450},"geometry":{"type":"Point","coordinates":[127.040957387157,37.2761287966194]}},{"type":"Feature","properties":{"kind":"academy","label":"대형 입시학원","name":"이강학원","cap":891},"geometry":{"type":"Point","coordinates":[126.993629573954,37.2955519260015]}},{"type":"Feature","properties":{"kind":"academy","label":"대형 입시학원","name":"이규봉영어학원","cap":400},"geometry":{"type":"Point","coordinates":[126.982856671128,37.2965397443129]}},{"type":"Feature","properties":{"kind":"academy","label":"대형 입시학원","name":"이규상수학학원","cap":455},"geometry":{"type":"Point","coordinates":[127.043310518919,37.259324976153]}},{"type":"Feature","properties":{"kind":"academy","label":"대형 입시학원","name":"이니투스학원","cap":300},"geometry":{"type":"Point","coordinates":[126.994152388749,37.2961521339389]}},{"type":"Feature","properties":{"kind":"academy","label":"대형 입시학원","name":"이야기로여는생명수학정자다니엘학원","cap":393},"geometry":{"type":"Point","coordinates":[126.99442520735,37.3053922770229]}},{"type":"Feature","properties":{"kind":"academy","label":"대형 입시학원","name":"이자경고등수학학원","cap":1240},"geometry":{"type":"Point","coordinates":[127.028512123342,37.2544464410109]}},{"type":"Feature","properties":{"kind":"academy","label":"대형 입시학원","name":"이자경수학권선학원","cap":544},"geometry":{"type":"Point","coordinates":[127.03014236609,37.2466841722769]}},{"type":"Feature","properties":{"kind":"academy","label":"대형 입시학원","name":"이자경수학매교고등학원","cap":836},"geometry":{"type":"Point","coordinates":[127.016687925655,37.268029752322]}},{"type":"Feature","properties":{"kind":"academy","label":"대형 입시학원","name":"이자경수학매교학원","cap":390},"geometry":{"type":"Point","coordinates":[127.016687925655,37.268029752322]}},{"type":"Feature","properties":{"kind":"academy","label":"대형 입시학원","name":"이자경수학영통관학원","cap":776},"geometry":{"type":"Point","coordinates":[127.072333349835,37.2533276958414]}},{"type":"Feature","properties":{"kind":"academy","label":"대형 입시학원","name":"이자경수학영통이관학원","cap":904},"geometry":{"type":"Point","coordinates":[127.072333349835,37.2533276958414]}},{"type":"Feature","properties":{"kind":"academy","label":"대형 입시학원","name":"이자경수학영통학원","cap":946},"geometry":{"type":"Point","coordinates":[127.072333349835,37.2533276958414]}},{"type":"Feature","properties":{"kind":"academy","label":"대형 입시학원","name":"이자경수학정자초중등관학원","cap":776},"geometry":{"type":"Point","coordinates":[126.993629573954,37.2955519260015]}},{"type":"Feature","properties":{"kind":"academy","label":"대형 입시학원","name":"이자경수학정자학원","cap":1676},"geometry":{"type":"Point","coordinates":[126.993629573954,37.2955519260015]}},{"type":"Feature","properties":{"kind":"academy","label":"대형 입시학원","name":"이자경수학천천학원","cap":776},"geometry":{"type":"Point","coordinates":[126.983080286283,37.2961975625536]}},{"type":"Feature","properties":{"kind":"academy","label":"대형 입시학원","name":"이자경수학퍼스트학원","cap":776},"geometry":{"type":"Point","coordinates":[127.034165232558,37.2417399462448]}},{"type":"Feature","properties":{"kind":"academy","label":"대형 입시학원","name":"이자경초등수학학원","cap":1234},"geometry":{"type":"Point","coordinates":[127.028512123342,37.2544464410109]}},{"type":"Feature","properties":{"kind":"academy","label":"대형 입시학원","name":"이츠매쓰수학학원","cap":450},"geometry":{"type":"Point","coordinates":[127.043949415244,37.2592380604033]}},{"type":"Feature","properties":{"kind":"academy","label":"대형 입시학원","name":"이투스247수원정자학원","cap":480},"geometry":{"type":"Point","coordinates":[126.994336383393,37.2955603415809]}},{"type":"Feature","properties":{"kind":"academy","label":"대형 입시학원","name":"이투스수학신영통학원","cap":488},"geometry":{"type":"Point","coordinates":[127.059049389308,37.2412885500588]}},{"type":"Feature","properties":{"kind":"academy","label":"대형 입시학원","name":"이플러스엠학원","cap":356},"geometry":{"type":"Point","coordinates":[127.047433533647,37.2693256836479]}},{"type":"Feature","properties":{"kind":"academy","label":"대형 입시학원","name":"이헌수학학원","cap":389},"geometry":{"type":"Point","coordinates":[126.982856671128,37.2965397443129]}},{"type":"Feature","properties":{"kind":"academy","label":"대형 입시학원","name":"인투영어학원","cap":440},"geometry":{"type":"Point","coordinates":[126.942958716767,37.2734531675284]}},{"type":"Feature","properties":{"kind":"academy","label":"대형 입시학원","name":"일로드수학이관학원","cap":305},"geometry":{"type":"Point","coordinates":[127.057659346251,37.2376190953079]}},{"type":"Feature","properties":{"kind":"academy","label":"대형 입시학원","name":"일로드수학학원","cap":300},"geometry":{"type":"Point","coordinates":[127.057659346251,37.2376190953079]}},{"type":"Feature","properties":{"kind":"academy","label":"대형 입시학원","name":"일월한솔플러스학원","cap":300},"geometry":{"type":"Point","coordinates":[126.975080543363,37.285218080934]}},{"type":"Feature","properties":{"kind":"academy","label":"대형 입시학원","name":"일퍼센트학원","cap":365},"geometry":{"type":"Point","coordinates":[126.99401261482,37.2951691853169]}},{"type":"Feature","properties":{"kind":"academy","label":"대형 입시학원","name":"입북앨리스영어학원","cap":300},"geometry":{"type":"Point","coordinates":[126.958863859017,37.2958811259544]}},{"type":"Feature","properties":{"kind":"academy","label":"대형 입시학원","name":"잇올스파르타수원정자독학재수학원","cap":594},"geometry":{"type":"Point","coordinates":[126.995183973201,37.2969113042565]}},{"type":"Feature","properties":{"kind":"academy","label":"대형 입시학원","name":"잉글리시아이수학학원","cap":330},"geometry":{"type":"Point","coordinates":[126.974876972975,37.2730804005666]}},{"type":"Feature","properties":{"kind":"academy","label":"대형 입시학원","name":"자인에듀이자경수학매탄학원","cap":1537},"geometry":{"type":"Point","coordinates":[127.043310518919,37.259324976153]}},{"type":"Feature","properties":{"kind":"academy","label":"대형 입시학원","name":"장안삼일사고등수학학원","cap":801},"geometry":{"type":"Point","coordinates":[126.993940258815,37.2959492096726]}},{"type":"Feature","properties":{"kind":"academy","label":"대형 입시학원","name":"장안청운학원","cap":996},"geometry":{"type":"Point","coordinates":[126.993322655263,37.2959657555274]}},{"type":"Feature","properties":{"kind":"academy","label":"대형 입시학원","name":"정성우수과국2관학원","cap":672},"geometry":{"type":"Point","coordinates":[127.044694930826,37.2591165009604]}},{"type":"Feature","properties":{"kind":"academy","label":"대형 입시학원","name":"정성우수과국학원","cap":434},"geometry":{"type":"Point","coordinates":[127.044694930826,37.2591165009604]}},{"type":"Feature","properties":{"kind":"academy","label":"대형 입시학원","name":"정자서울학원","cap":311},"geometry":{"type":"Point","coordinates":[126.991284310825,37.2989760779077]}},{"type":"Feature","properties":{"kind":"academy","label":"대형 입시학원","name":"정정식수학학원","cap":397},"geometry":{"type":"Point","coordinates":[127.035861118724,37.250408487518]}},{"type":"Feature","properties":{"kind":"academy","label":"대형 입시학원","name":"제니스일등급학원","cap":600},"geometry":{"type":"Point","coordinates":[126.962694753114,37.2595870615283]}},{"type":"Feature","properties":{"kind":"academy","label":"대형 입시학원","name":"제이관수원메가스터디학원","cap":1100},"geometry":{"type":"Point","coordinates":[127.029663973858,37.2554667700369]}},{"type":"Feature","properties":{"kind":"academy","label":"대형 입시학원","name":"제이멘톡학원","cap":800},"geometry":{"type":"Point","coordinates":[127.058175996827,37.2667111158006]}},{"type":"Feature","properties":{"kind":"academy","label":"대형 입시학원","name":"제이어스영어도서관영어학원","cap":300},"geometry":{"type":"Point","coordinates":[127.060226893407,37.2710166171311]}},{"type":"Feature","properties":{"kind":"academy","label":"대형 입시학원","name":"제이원학원","cap":455},"geometry":{"type":"Point","coordinates":[127.040957387157,37.2761287966194]}},{"type":"Feature","properties":{"kind":"academy","label":"대형 입시학원","name":"제이프라임학원","cap":1250},"geometry":{"type":"Point","coordinates":[126.983454542856,37.2955003927986]}},{"type":"Feature","properties":{"kind":"academy","label":"대형 입시학원","name":"중등관곰수학학원","cap":850},"geometry":{"type":"Point","coordinates":[127.043310518919,37.259324976153]}},{"type":"Feature","properties":{"kind":"academy","label":"대형 입시학원","name":"중앙검정고시수능재수학원","cap":610},"geometry":{"type":"Point","coordinates":[127.01412444823,37.2718930299775]}},{"type":"Feature","properties":{"kind":"academy","label":"대형 입시학원","name":"지엘티영수전문학원","cap":1091},"geometry":{"type":"Point","coordinates":[126.968178660248,37.2987639815367]}},{"type":"Feature","properties":{"kind":"academy","label":"대형 입시학원","name":"지트에듀케이션광교학원","cap":4020},"geometry":{"type":"Point","coordinates":[127.05189486508,37.284036085595]}},{"type":"Feature","properties":{"kind":"academy","label":"대형 입시학원","name":"지트에듀케이션광교해마루학원","cap":2760},"geometry":{"type":"Point","coordinates":[127.052624466157,37.2850183464485]}},{"type":"Feature","properties":{"kind":"academy","label":"대형 입시학원","name":"청아원수학학원","cap":748},"geometry":{"type":"Point","coordinates":[127.07102269696,37.2520637842978]}},{"type":"Feature","properties":{"kind":"academy","label":"대형 입시학원","name":"최강학원","cap":330},"geometry":{"type":"Point","coordinates":[127.020064826176,37.2984083062508]}},{"type":"Feature","properties":{"kind":"academy","label":"대형 입시학원","name":"케니스에듀영어학원","cap":300},"geometry":{"type":"Point","coordinates":[126.942930205926,37.2731347260276]}},{"type":"Feature","properties":{"kind":"academy","label":"대형 입시학원","name":"코스매쓰수학학원","cap":525},"geometry":{"type":"Point","coordinates":[127.051036910265,37.245061076317]}},{"type":"Feature","properties":{"kind":"academy","label":"대형 입시학원","name":"탑플러스학원","cap":318},"geometry":{"type":"Point","coordinates":[127.027152095783,37.2348506517203]}},{"type":"Feature","properties":{"kind":"academy","label":"대형 입시학원","name":"토킹스타광교직영점학원","cap":375},"geometry":{"type":"Point","coordinates":[127.052007678957,37.2847616427576]}},{"type":"Feature","properties":{"kind":"academy","label":"대형 입시학원","name":"티쓰리포인트학원","cap":356},"geometry":{"type":"Point","coordinates":[126.954050918861,37.2673568628426]}},{"type":"Feature","properties":{"kind":"academy","label":"대형 입시학원","name":"파머스영어천천금쌤캠퍼스학원","cap":340},"geometry":{"type":"Point","coordinates":[126.97726045661,37.3009345998309]}},{"type":"Feature","properties":{"kind":"academy","label":"대형 입시학원","name":"파스칼비젼학원","cap":484},"geometry":{"type":"Point","coordinates":[126.980384556899,37.2852252958707]}},{"type":"Feature","properties":{"kind":"academy","label":"대형 입시학원","name":"파스칼영재수학이관학원","cap":336},"geometry":{"type":"Point","coordinates":[127.015779962378,37.3028762043154]}},{"type":"Feature","properties":{"kind":"academy","label":"대형 입시학원","name":"파이드로스영통수학학원","cap":416},"geometry":{"type":"Point","coordinates":[127.074459101868,37.252035723178]}},{"type":"Feature","properties":{"kind":"academy","label":"대형 입시학원","name":"푸르넷리더스학원","cap":373},"geometry":{"type":"Point","coordinates":[126.973490624316,37.2746401600122]}},{"type":"Feature","properties":{"kind":"academy","label":"대형 입시학원","name":"푸르넷아카데미팔달점학원","cap":400},"geometry":{"type":"Point","coordinates":[127.036428721436,37.2802988480629]}},{"type":"Feature","properties":{"kind":"academy","label":"대형 입시학원","name":"프라임에듀수학학원","cap":300},"geometry":{"type":"Point","coordinates":[127.045166664033,37.2590570333271]}},{"type":"Feature","properties":{"kind":"academy","label":"대형 입시학원","name":"필업단과전문학원","cap":300},"geometry":{"type":"Point","coordinates":[127.022819968334,37.2501505963222]}},{"type":"Feature","properties":{"kind":"academy","label":"대형 입시학원","name":"한경은국어논술전문학원","cap":500},"geometry":{"type":"Point","coordinates":[127.052007678957,37.2847616427576]}},{"type":"Feature","properties":{"kind":"academy","label":"대형 입시학원","name":"한경은국어논술초중등관학원","cap":384},"geometry":{"type":"Point","coordinates":[127.052300960721,37.2852150965046]}},{"type":"Feature","properties":{"kind":"academy","label":"대형 입시학원","name":"한올학원","cap":300},"geometry":{"type":"Point","coordinates":[126.941752679321,37.272805813297]}},{"type":"Feature","properties":{"kind":"academy","label":"대형 입시학원","name":"한일에이플러스학원","cap":304},"geometry":{"type":"Point","coordinates":[127.004831798415,37.3054413260396]}},{"type":"Feature","properties":{"kind":"academy","label":"대형 입시학원","name":"해법수학학원","cap":485},"geometry":{"type":"Point","coordinates":[127.077434216208,37.264957021168]}},{"type":"Feature","properties":{"kind":"academy","label":"대형 입시학원","name":"해봄학원","cap":480},"geometry":{"type":"Point","coordinates":[126.996852817124,37.3031368930933]}},{"type":"Feature","properties":{"kind":"academy","label":"대형 입시학원","name":"헤브즈영어학원","cap":320},"geometry":{"type":"Point","coordinates":[127.056912714407,37.2386447567196]}},{"type":"Feature","properties":{"kind":"academy","label":"대형 입시학원","name":"호매실이룸학원","cap":840},"geometry":{"type":"Point","coordinates":[126.943061543351,37.2739040076288]}},{"type":"Feature","properties":{"kind":"academy","label":"대형 입시학원","name":"호매실정진학원","cap":466},"geometry":{"type":"Point","coordinates":[126.941996899715,37.2739733214264]}},{"type":"Feature","properties":{"kind":"academy","label":"대형 입시학원","name":"화서세움학원","cap":475},"geometry":{"type":"Point","coordinates":[126.999953087096,37.2878894004571]}},{"type":"Feature","properties":{"kind":"academy","label":"대형 입시학원","name":"화서점위상매쓰학원","cap":300},"geometry":{"type":"Point","coordinates":[126.994990959844,37.2906870184418]}},{"type":"Feature","properties":{"kind":"academy","label":"대형 입시학원","name":"황수학학원","cap":348},"geometry":{"type":"Point","coordinates":[127.035958620244,37.2487535999438]}},{"type":"Feature","properties":{"kind":"academy","label":"대형 입시학원","name":"희소가치수학학원","cap":2880},"geometry":{"type":"Point","coordinates":[126.962634929157,37.2588310677117]}},{"type":"Feature","properties":{"kind":"academy","label":"대형 입시학원","name":"힐스러닝센터학원","cap":1318},"geometry":{"type":"Point","coordinates":[127.041914258026,37.2721364915926]}},{"type":"Feature","properties":{"kind":"academy","label":"대형 입시학원","name":"기파랑예설라초중등관학원","cap":788},"geometry":{"type":"Point","coordinates":[126.960133557116,37.3821674103304]}},{"type":"Feature","properties":{"kind":"academy","label":"대형 입시학원","name":"눈높이러닝센터관양학원","cap":413},"geometry":{"type":"Point","coordinates":[126.964076212293,37.4046917099738]}},{"type":"Feature","properties":{"kind":"academy","label":"대형 입시학원","name":"눈높이러닝센터꿈마을학원","cap":413},"geometry":{"type":"Point","coordinates":[126.962189372884,37.3846027421473]}},{"type":"Feature","properties":{"kind":"academy","label":"대형 입시학원","name":"눈높이러닝센터샘모루학원","cap":413},"geometry":{"type":"Point","coordinates":[126.942436216775,37.3991673746392]}},{"type":"Feature","properties":{"kind":"academy","label":"대형 입시학원","name":"눈높이러닝센터수촌학원","cap":413},"geometry":{"type":"Point","coordinates":[126.954552003128,37.4056591921998]}},{"type":"Feature","properties":{"kind":"academy","label":"대형 입시학원","name":"눈높이러닝센터신안학원","cap":413},"geometry":{"type":"Point","coordinates":[126.915786101775,37.3938569940714]}},{"type":"Feature","properties":{"kind":"academy","label":"대형 입시학원","name":"눈높이러닝센터연현학원","cap":413},"geometry":{"type":"Point","coordinates":[126.901435128145,37.4270121590351]}},{"type":"Feature","properties":{"kind":"academy","label":"대형 입시학원","name":"눈높이러닝센터임곡학원","cap":413},"geometry":{"type":"Point","coordinates":[126.933751842186,37.4048279070624]}},{"type":"Feature","properties":{"kind":"academy","label":"대형 입시학원","name":"눈높이러닝센터평촌학원","cap":413},"geometry":{"type":"Point","coordinates":[126.976474149219,37.3947562000082]}},{"type":"Feature","properties":{"kind":"academy","label":"대형 입시학원","name":"눈높이러닝센터한가람학원","cap":413},"geometry":{"type":"Point","coordinates":[126.95783620243,37.3967539049065]}},{"type":"Feature","properties":{"kind":"academy","label":"대형 입시학원","name":"눈높이러닝센터호계학원","cap":413},"geometry":{"type":"Point","coordinates":[126.948028810473,37.3835971404068]}},{"type":"Feature","properties":{"kind":"academy","label":"대형 입시학원","name":"눈높이러닝센터호성학원","cap":413},"geometry":{"type":"Point","coordinates":[126.960041762151,37.3640702830427]}},{"type":"Feature","properties":{"kind":"academy","label":"대형 입시학원","name":"러셀평촌2관학원","cap":1750},"geometry":{"type":"Point","coordinates":[126.959601223949,37.3831286222908]}},{"type":"Feature","properties":{"kind":"academy","label":"대형 입시학원","name":"뮤엠영어학원","cap":1080},"geometry":{"type":"Point","coordinates":[126.957824774973,37.4052556664864]}},{"type":"Feature","properties":{"kind":"academy","label":"대형 입시학원","name":"미쉘영어학원","cap":312},"geometry":{"type":"Point","coordinates":[126.959355182086,37.3835517489087]}},{"type":"Feature","properties":{"kind":"academy","label":"대형 입시학원","name":"뿌나학원","cap":880},"geometry":{"type":"Point","coordinates":[126.959671634995,37.3830059268623]}},{"type":"Feature","properties":{"kind":"academy","label":"대형 입시학원","name":"뿌리깊은나무보습학원","cap":884},"geometry":{"type":"Point","coordinates":[126.959671634995,37.3830059268623]}},{"type":"Feature","properties":{"kind":"academy","label":"대형 입시학원","name":"뿌리깊은나무입시학원","cap":884},"geometry":{"type":"Point","coordinates":[126.959972160639,37.3824637927264]}},{"type":"Feature","properties":{"kind":"academy","label":"대형 입시학원","name":"뿌리깊은나무학원","cap":317},"geometry":{"type":"Point","coordinates":[126.959671634995,37.3830059268623]}},{"type":"Feature","properties":{"kind":"academy","label":"대형 입시학원","name":"사계국어학원","cap":325},"geometry":{"type":"Point","coordinates":[126.960236537352,37.3819457930735]}},{"type":"Feature","properties":{"kind":"academy","label":"대형 입시학원","name":"새강학원","cap":305},"geometry":{"type":"Point","coordinates":[126.955872564695,37.4031938691785]}},{"type":"Feature","properties":{"kind":"academy","label":"대형 입시학원","name":"수학의봄날입시학원","cap":528},"geometry":{"type":"Point","coordinates":[126.959892110581,37.3849980753489]}},{"type":"Feature","properties":{"kind":"academy","label":"대형 입시학원","name":"에듀리퍼블릭학원","cap":349},"geometry":{"type":"Point","coordinates":[126.960805952683,37.383248143059]}},{"type":"Feature","properties":{"kind":"academy","label":"대형 입시학원","name":"에듀코치개별지도평촌학원","cap":2700},"geometry":{"type":"Point","coordinates":[126.960422251572,37.3815658934908]}},{"type":"Feature","properties":{"kind":"academy","label":"대형 입시학원","name":"에이엠수학학원","cap":1080},"geometry":{"type":"Point","coordinates":[126.957463299701,37.4055344929481]}},{"type":"Feature","properties":{"kind":"academy","label":"대형 입시학원","name":"엠아이학원","cap":360},"geometry":{"type":"Point","coordinates":[126.964298530769,37.3660255208689]}},{"type":"Feature","properties":{"kind":"academy","label":"대형 입시학원","name":"오제이수학영재관학원","cap":384},"geometry":{"type":"Point","coordinates":[126.979645884192,37.3937022320239]}},{"type":"Feature","properties":{"kind":"academy","label":"대형 입시학원","name":"와와학습코칭비산센터학원","cap":1000},"geometry":{"type":"Point","coordinates":[126.933835437212,37.3989022092873]}},{"type":"Feature","properties":{"kind":"academy","label":"대형 입시학원","name":"위너스글로벌학원","cap":1050},"geometry":{"type":"Point","coordinates":[126.960805952683,37.383248143059]}},{"type":"Feature","properties":{"kind":"academy","label":"대형 입시학원","name":"이룸앤세움이룸센터학원","cap":312},"geometry":{"type":"Point","coordinates":[126.959292205041,37.3837065231449]}},{"type":"Feature","properties":{"kind":"academy","label":"대형 입시학원","name":"이룸앤세움입시센터인젠학원","cap":382},"geometry":{"type":"Point","coordinates":[126.959892110581,37.3849980753489]}},{"type":"Feature","properties":{"kind":"academy","label":"대형 입시학원","name":"이룸앤세움키움1관학원","cap":312},"geometry":{"type":"Point","coordinates":[126.959292205041,37.3837065231449]}},{"type":"Feature","properties":{"kind":"academy","label":"대형 입시학원","name":"이룸앤세움키움2관학원","cap":312},"geometry":{"type":"Point","coordinates":[126.959292205041,37.3837065231449]}},{"type":"Feature","properties":{"kind":"academy","label":"대형 입시학원","name":"이안논술2관학원","cap":1298},"geometry":{"type":"Point","coordinates":[126.958874579712,37.3844488222469]}},{"type":"Feature","properties":{"kind":"academy","label":"대형 입시학원","name":"이찬화과학학원","cap":380},"geometry":{"type":"Point","coordinates":[126.959355182086,37.3835517489087]}},{"type":"Feature","properties":{"kind":"academy","label":"대형 입시학원","name":"인재와고수대입센터학원","cap":380},"geometry":{"type":"Point","coordinates":[126.959807937942,37.3827641384324]}},{"type":"Feature","properties":{"kind":"academy","label":"대형 입시학원","name":"인재와고수학원","cap":380},"geometry":{"type":"Point","coordinates":[126.959543789945,37.383265918702]}},{"type":"Feature","properties":{"kind":"academy","label":"대형 입시학원","name":"일프로집단학원","cap":1750},"geometry":{"type":"Point","coordinates":[126.960133557116,37.3821674103304]}},{"type":"Feature","properties":{"kind":"academy","label":"대형 입시학원","name":"자유수학학원","cap":495},"geometry":{"type":"Point","coordinates":[126.959972160639,37.3824637927264]}},{"type":"Feature","properties":{"kind":"academy","label":"대형 입시학원","name":"주도적수학국어의봄날학원","cap":420},"geometry":{"type":"Point","coordinates":[126.977545557163,37.3923887918241]}},{"type":"Feature","properties":{"kind":"academy","label":"대형 입시학원","name":"지엔탑보습학원","cap":357},"geometry":{"type":"Point","coordinates":[126.915894383298,37.3941765735615]}},{"type":"Feature","properties":{"kind":"academy","label":"대형 입시학원","name":"큰샘수학학원","cap":405},"geometry":{"type":"Point","coordinates":[126.958874579712,37.3844488222469]}},{"type":"Feature","properties":{"kind":"academy","label":"대형 입시학원","name":"파인만학원","cap":780},"geometry":{"type":"Point","coordinates":[126.958956396036,37.3843291046167]}},{"type":"Feature","properties":{"kind":"academy","label":"대형 입시학원","name":"평촌다수인수학학원","cap":390},"geometry":{"type":"Point","coordinates":[126.960133557116,37.3821674103304]}},{"type":"Feature","properties":{"kind":"academy","label":"대형 입시학원","name":"평촌바른길수학학원","cap":312},"geometry":{"type":"Point","coordinates":[126.959355182086,37.3835517489087]}},{"type":"Feature","properties":{"kind":"academy","label":"대형 입시학원","name":"평촌에듀플렉스에듀코치개별지도학원","cap":1620},"geometry":{"type":"Point","coordinates":[126.960422251572,37.3815658934908]}},{"type":"Feature","properties":{"kind":"academy","label":"대형 입시학원","name":"평촌와이즈만영재학원","cap":448},"geometry":{"type":"Point","coordinates":[126.960945188932,37.3830049126611]}},{"type":"Feature","properties":{"kind":"academy","label":"대형 입시학원","name":"평촌청솔고등부카이로스학원","cap":1830},"geometry":{"type":"Point","coordinates":[126.961201521342,37.3825309683152]}},{"type":"Feature","properties":{"kind":"academy","label":"대형 입시학원","name":"평촌파인만고등부학원","cap":916},"geometry":{"type":"Point","coordinates":[126.959089655651,37.3840860545803]}},{"type":"Feature","properties":{"kind":"academy","label":"대형 입시학원","name":"평촌파인만학원","cap":916},"geometry":{"type":"Point","coordinates":[126.959089655651,37.3840860545803]}},{"type":"Feature","properties":{"kind":"academy","label":"대형 입시학원","name":"플랜지에듀3관학원","cap":544},"geometry":{"type":"Point","coordinates":[126.960236537352,37.3819457930735]}},{"type":"Feature","properties":{"kind":"academy","label":"대형 입시학원","name":"플랜지에듀학원","cap":620},"geometry":{"type":"Point","coordinates":[126.960422251572,37.3815658934908]}},{"type":"Feature","properties":{"kind":"academy","label":"대형 입시학원","name":"강남하이퍼목동관컨설팅학원","cap":457},"geometry":{"type":"Point","coordinates":[126.873626981623,37.5251074073334]}},{"type":"Feature","properties":{"kind":"academy","label":"대형 입시학원","name":"고양이국어전문학원","cap":648},"geometry":{"type":"Point","coordinates":[126.875987719154,37.5316029751694]}},{"type":"Feature","properties":{"kind":"academy","label":"대형 입시학원","name":"국어하기좋은날학원","cap":400},"geometry":{"type":"Point","coordinates":[126.879848218603,37.5356746225965]}},{"type":"Feature","properties":{"kind":"academy","label":"대형 입시학원","name":"글로벌블랙관정이조학원","cap":320},"geometry":{"type":"Point","coordinates":[126.881126305795,37.5363752723271]}},{"type":"Feature","properties":{"kind":"academy","label":"대형 입시학원","name":"김미현국어2관학원","cap":390},"geometry":{"type":"Point","coordinates":[126.875987719154,37.5316029751694]}},{"type":"Feature","properties":{"kind":"academy","label":"대형 입시학원","name":"눈높이러닝센터드림러닝학원","cap":675},"geometry":{"type":"Point","coordinates":[126.85928161079,37.5247570951283]}},{"type":"Feature","properties":{"kind":"academy","label":"대형 입시학원","name":"눈높이러닝센터목동탑학원","cap":675},"geometry":{"type":"Point","coordinates":[126.882112068994,37.5376381109502]}},{"type":"Feature","properties":{"kind":"academy","label":"대형 입시학원","name":"눈높이러닝센터신목동학원","cap":675},"geometry":{"type":"Point","coordinates":[126.874146039094,37.5444804578219]}},{"type":"Feature","properties":{"kind":"academy","label":"대형 입시학원","name":"눈높이러닝센터신목학원","cap":675},"geometry":{"type":"Point","coordinates":[126.872409035405,37.5202676266091]}},{"type":"Feature","properties":{"kind":"academy","label":"대형 입시학원","name":"눈높이러닝센터신서학원","cap":675},"geometry":{"type":"Point","coordinates":[126.854097957515,37.5165997086203]}},{"type":"Feature","properties":{"kind":"academy","label":"대형 입시학원","name":"눈높이러닝센터신정학원","cap":675},"geometry":{"type":"Point","coordinates":[126.832976502636,37.5130079029059]}},{"type":"Feature","properties":{"kind":"academy","label":"대형 입시학원","name":"눈높이러닝센터해내리학원","cap":675},"geometry":{"type":"Point","coordinates":[126.845859853523,37.5230741186713]}},{"type":"Feature","properties":{"kind":"academy","label":"대형 입시학원","name":"눈높이목동러닝학원","cap":675},"geometry":{"type":"Point","coordinates":[126.868880856392,37.5355642052316]}},{"type":"Feature","properties":{"kind":"academy","label":"대형 입시학원","name":"뉴에스학원","cap":360},"geometry":{"type":"Point","coordinates":[126.871969839829,37.5373158948544]}},{"type":"Feature","properties":{"kind":"academy","label":"대형 입시학원","name":"다원교육수학학원","cap":720},"geometry":{"type":"Point","coordinates":[126.877988123429,37.5359631978743]}},{"type":"Feature","properties":{"kind":"academy","label":"대형 입시학원","name":"더다원수학목동관2관학원","cap":4226},"geometry":{"type":"Point","coordinates":[126.882213637856,37.5367262201569]}},{"type":"Feature","properties":{"kind":"academy","label":"대형 입시학원","name":"더다원수학목동관학원","cap":4451},"geometry":{"type":"Point","coordinates":[126.882213637856,37.5367262201569]}},{"type":"Feature","properties":{"kind":"academy","label":"대형 입시학원","name":"독서코칭루미북국어논술목동프리미엄관학원","cap":425},"geometry":{"type":"Point","coordinates":[126.865306840725,37.517406535882]}},{"type":"Feature","properties":{"kind":"academy","label":"대형 입시학원","name":"러셀목동학원","cap":4391},"geometry":{"type":"Point","coordinates":[126.860860850764,37.521778451973]}},{"type":"Feature","properties":{"kind":"academy","label":"대형 입시학원","name":"리드101목동2영어학원","cap":1000},"geometry":{"type":"Point","coordinates":[126.862808387683,37.5157733856226]}},{"type":"Feature","properties":{"kind":"academy","label":"대형 입시학원","name":"리드101목동영어학원","cap":1000},"geometry":{"type":"Point","coordinates":[126.880270604347,37.5358735419191]}},{"type":"Feature","properties":{"kind":"academy","label":"대형 입시학원","name":"리드101오목교영어학원","cap":1000},"geometry":{"type":"Point","coordinates":[126.872013025181,37.5246909382695]}},{"type":"Feature","properties":{"kind":"academy","label":"대형 입시학원","name":"목동시대인재초중등2관학원","cap":1150},"geometry":{"type":"Point","coordinates":[126.871394248566,37.526981693329]}},{"type":"Feature","properties":{"kind":"academy","label":"대형 입시학원","name":"목동시대인재초중등관학원","cap":1150},"geometry":{"type":"Point","coordinates":[126.871394248566,37.526981693329]}},{"type":"Feature","properties":{"kind":"academy","label":"대형 입시학원","name":"목동아드폰테스수학과학고등관학원","cap":732},"geometry":{"type":"Point","coordinates":[126.871291942314,37.5368128505366]}},{"type":"Feature","properties":{"kind":"academy","label":"대형 입시학원","name":"목동에이닷영어학원","cap":1080},"geometry":{"type":"Point","coordinates":[126.865306840725,37.517406535882]}},{"type":"Feature","properties":{"kind":"academy","label":"대형 입시학원","name":"미래탐구목동중등센터학원","cap":1300},"geometry":{"type":"Point","coordinates":[126.869176191207,37.5244696974983]}},{"type":"Feature","properties":{"kind":"academy","label":"대형 입시학원","name":"미래탐구목동초등영재센터학원","cap":1300},"geometry":{"type":"Point","coordinates":[126.869176191207,37.5244696974983]}},{"type":"Feature","properties":{"kind":"academy","label":"대형 입시학원","name":"바람수학학원","cap":2560},"geometry":{"type":"Point","coordinates":[126.869139916545,37.5218566614959]}},{"type":"Feature","properties":{"kind":"academy","label":"대형 입시학원","name":"백인대장고3관학원","cap":697},"geometry":{"type":"Point","coordinates":[126.880051286025,37.5361847049944]}},{"type":"Feature","properties":{"kind":"academy","label":"대형 입시학원","name":"백인대장더보스신정학원","cap":741},"geometry":{"type":"Point","coordinates":[126.868830851142,37.5205726607303]}},{"type":"Feature","properties":{"kind":"academy","label":"대형 입시학원","name":"백인대장신정학원","cap":851},"geometry":{"type":"Point","coordinates":[126.868830851142,37.5205726607303]}},{"type":"Feature","properties":{"kind":"academy","label":"대형 입시학원","name":"백인대장중등관학원","cap":1176},"geometry":{"type":"Point","coordinates":[126.881126305795,37.5363752723271]}},{"type":"Feature","properties":{"kind":"academy","label":"대형 입시학원","name":"본관씨앤씨플러스별관학원","cap":360},"geometry":{"type":"Point","coordinates":[126.862808387683,37.5157733856226]}},{"type":"Feature","properties":{"kind":"academy","label":"대형 입시학원","name":"사과나무오목학원","cap":324},"geometry":{"type":"Point","coordinates":[126.875774509668,37.5235884341471]}},{"type":"Feature","properties":{"kind":"academy","label":"대형 입시학원","name":"사이언스캠퍼스과학학원","cap":600},"geometry":{"type":"Point","coordinates":[126.884868815732,37.5373858477879]}},{"type":"Feature","properties":{"kind":"academy","label":"대형 입시학원","name":"솔라그라티아(Sola Gratia)영어수학학원","cap":660},"geometry":{"type":"Point","coordinates":[126.841604490347,37.517171249122]}},{"type":"Feature","properties":{"kind":"academy","label":"대형 입시학원","name":"수앤리수학목동캠퍼스학원","cap":300},"geometry":{"type":"Point","coordinates":[126.871488815731,37.5370101136194]}},{"type":"Feature","properties":{"kind":"academy","label":"대형 입시학원","name":"신관씨앤씨학원","cap":360},"geometry":{"type":"Point","coordinates":[126.87145664624,37.5229231089155]}},{"type":"Feature","properties":{"kind":"academy","label":"대형 입시학원","name":"신관하이씨앤씨학원","cap":360},"geometry":{"type":"Point","coordinates":[126.87145664624,37.5229231089155]}},{"type":"Feature","properties":{"kind":"academy","label":"대형 입시학원","name":"씨앤씨11관학원","cap":432},"geometry":{"type":"Point","coordinates":[126.861199902538,37.5157806966376]}},{"type":"Feature","properties":{"kind":"academy","label":"대형 입시학원","name":"씨앤씨12관학원","cap":360},"geometry":{"type":"Point","coordinates":[126.880503914142,37.5370742706805]}},{"type":"Feature","properties":{"kind":"academy","label":"대형 입시학원","name":"씨앤씨13관학원","cap":360},"geometry":{"type":"Point","coordinates":[126.869280697852,37.5251307880755]}},{"type":"Feature","properties":{"kind":"academy","label":"대형 입시학원","name":"씨앤씨15관학원","cap":360},"geometry":{"type":"Point","coordinates":[126.861530100802,37.5158920877714]}},{"type":"Feature","properties":{"kind":"academy","label":"대형 입시학원","name":"씨앤씨16관학원","cap":360},"geometry":{"type":"Point","coordinates":[126.87145664624,37.5229231089155]}},{"type":"Feature","properties":{"kind":"academy","label":"대형 입시학원","name":"씨앤씨2관학원","cap":360},"geometry":{"type":"Point","coordinates":[126.861400362893,37.5155233352627]}},{"type":"Feature","properties":{"kind":"academy","label":"대형 입시학원","name":"씨앤씨3관학원","cap":360},"geometry":{"type":"Point","coordinates":[126.861199902538,37.5157806966376]}},{"type":"Feature","properties":{"kind":"academy","label":"대형 입시학원","name":"씨앤씨6관학원","cap":360},"geometry":{"type":"Point","coordinates":[126.861199902538,37.5157806966376]}},{"type":"Feature","properties":{"kind":"academy","label":"대형 입시학원","name":"씨앤씨7관학원","cap":360},"geometry":{"type":"Point","coordinates":[126.861400362893,37.5155233352627]}},{"type":"Feature","properties":{"kind":"academy","label":"대형 입시학원","name":"씨앤씨8관학원","cap":360},"geometry":{"type":"Point","coordinates":[126.861400362893,37.5155233352627]}},{"type":"Feature","properties":{"kind":"academy","label":"대형 입시학원","name":"씨앤씨제5관학원","cap":360},"geometry":{"type":"Point","coordinates":[126.861199902538,37.5157806966376]}},{"type":"Feature","properties":{"kind":"academy","label":"대형 입시학원","name":"씨앤씨플러스학원","cap":360},"geometry":{"type":"Point","coordinates":[126.861199902538,37.5157806966376]}},{"type":"Feature","properties":{"kind":"academy","label":"대형 입시학원","name":"씨앤씨학원","cap":360},"geometry":{"type":"Point","coordinates":[126.861199902538,37.5157806966376]}},{"type":"Feature","properties":{"kind":"academy","label":"대형 입시학원","name":"씨엠에스목동영재2관학원","cap":360},"geometry":{"type":"Point","coordinates":[126.87541373683,37.5315572309114]}},{"type":"Feature","properties":{"kind":"academy","label":"대형 입시학원","name":"아드폰테스2관학원","cap":360},"geometry":{"type":"Point","coordinates":[126.870533782357,37.5361436600289]}},{"type":"Feature","properties":{"kind":"academy","label":"대형 입시학원","name":"아드폰테스3관학원","cap":360},"geometry":{"type":"Point","coordinates":[126.870533782357,37.5361436600289]}},{"type":"Feature","properties":{"kind":"academy","label":"대형 입시학원","name":"아드폰테스4관학원","cap":360},"geometry":{"type":"Point","coordinates":[126.87002254331,37.5248304019543]}},{"type":"Feature","properties":{"kind":"academy","label":"대형 입시학원","name":"아드폰테스수학과학하이페리온2관학원","cap":360},"geometry":{"type":"Point","coordinates":[126.87002254331,37.5248304019543]}},{"type":"Feature","properties":{"kind":"academy","label":"대형 입시학원","name":"아드폰테스수학학원","cap":720},"geometry":{"type":"Point","coordinates":[126.870533782357,37.5361436600289]}},{"type":"Feature","properties":{"kind":"academy","label":"대형 입시학원","name":"에듀팝영어수학전문학원","cap":600},"geometry":{"type":"Point","coordinates":[126.841493112207,37.5216975548336]}},{"type":"Feature","properties":{"kind":"academy","label":"대형 입시학원","name":"에듀포원(41)학원","cap":390},"geometry":{"type":"Point","coordinates":[126.859836883412,37.5221324162548]}},{"type":"Feature","properties":{"kind":"academy","label":"대형 입시학원","name":"에듀플렉스에듀코치개별지도목동학원","cap":700},"geometry":{"type":"Point","coordinates":[126.865306840725,37.517406535882]}},{"type":"Feature","properties":{"kind":"academy","label":"대형 입시학원","name":"에듀플렉스에듀코치신정학원","cap":1825},"geometry":{"type":"Point","coordinates":[126.840692066592,37.5152188104643]}},{"type":"Feature","properties":{"kind":"academy","label":"대형 입시학원","name":"영진아이스쿨학원","cap":855},"geometry":{"type":"Point","coordinates":[126.832169799873,37.5397753214095]}},{"type":"Feature","properties":{"kind":"academy","label":"대형 입시학원","name":"예섬목동2관학원","cap":875},"geometry":{"type":"Point","coordinates":[126.874764385871,37.5242827606438]}},{"type":"Feature","properties":{"kind":"academy","label":"대형 입시학원","name":"예섬목동3관학원","cap":780},"geometry":{"type":"Point","coordinates":[126.873775245563,37.5241947609737]}},{"type":"Feature","properties":{"kind":"academy","label":"대형 입시학원","name":"예섬학원","cap":3533},"geometry":{"type":"Point","coordinates":[126.874764385871,37.5242827606438]}},{"type":"Feature","properties":{"kind":"academy","label":"대형 입시학원","name":"월간백인대장학원","cap":320},"geometry":{"type":"Point","coordinates":[126.881126305795,37.5363752723271]}},{"type":"Feature","properties":{"kind":"academy","label":"대형 입시학원","name":"이노블스목동영어학원","cap":1043},"geometry":{"type":"Point","coordinates":[126.868392603335,37.5259285397106]}},{"type":"Feature","properties":{"kind":"academy","label":"대형 입시학원","name":"이노블스목동중앙영어학원","cap":595},"geometry":{"type":"Point","coordinates":[126.879499031842,37.5359018594421]}},{"type":"Feature","properties":{"kind":"academy","label":"대형 입시학원","name":"이정진영어학원","cap":440},"geometry":{"type":"Point","coordinates":[126.878549519127,37.5363966169946]}},{"type":"Feature","properties":{"kind":"academy","label":"대형 입시학원","name":"잇올스파르타목동1독학관리학원","cap":768},"geometry":{"type":"Point","coordinates":[126.86432426536,37.5248692237083]}},{"type":"Feature","properties":{"kind":"academy","label":"대형 입시학원","name":"주식회사 더퍼스트씨앤씨학원","cap":360},"geometry":{"type":"Point","coordinates":[126.87950256801,37.5363762395927]}},{"type":"Feature","properties":{"kind":"academy","label":"대형 입시학원","name":"중등와이즈만씨앤아이(CNI)학원","cap":330},"geometry":{"type":"Point","coordinates":[126.878713495139,37.5356098520363]}},{"type":"Feature","properties":{"kind":"academy","label":"대형 입시학원","name":"태풍학원","cap":975},"geometry":{"type":"Point","coordinates":[126.873626981623,37.5251074073334]}},{"type":"Feature","properties":{"kind":"academy","label":"대형 입시학원","name":"프로세스논술학원","cap":510},"geometry":{"type":"Point","coordinates":[126.878549519127,37.5363966169946]}},{"type":"Feature","properties":{"kind":"academy","label":"대형 입시학원","name":"피지에이오목관학원","cap":325},"geometry":{"type":"Point","coordinates":[126.875820730078,37.5247775349288]}},{"type":"Feature","properties":{"kind":"academy","label":"대형 입시학원","name":"하이씨앤씨아이비관학원","cap":957},"geometry":{"type":"Point","coordinates":[126.861400362893,37.5155233352627]}},{"type":"Feature","properties":{"kind":"academy","label":"대형 입시학원","name":"하이씨앤씨아이비별관학원","cap":416},"geometry":{"type":"Point","coordinates":[126.861400362893,37.5155233352627]}},{"type":"Feature","properties":{"kind":"academy","label":"대형 입시학원","name":"하이씨앤씨학원","cap":806},"geometry":{"type":"Point","coordinates":[126.871980858551,37.5191520825622]}},{"type":"Feature","properties":{"kind":"academy","label":"대형 입시학원","name":"한힌샘독서논술학원","cap":460},"geometry":{"type":"Point","coordinates":[126.854097957515,37.5165997086203]}},{"type":"Feature","properties":{"kind":"academy","label":"대형 입시학원","name":"눈높이러닝센터당산학원","cap":675},"geometry":{"type":"Point","coordinates":[126.904213373698,37.5285509707178]}},{"type":"Feature","properties":{"kind":"academy","label":"대형 입시학원","name":"눈높이러닝센터대동학원","cap":675},"geometry":{"type":"Point","coordinates":[126.90046022419,37.4926731255127]}},{"type":"Feature","properties":{"kind":"academy","label":"대형 입시학원","name":"눈높이러닝센터대림큰숲학원","cap":675},"geometry":{"type":"Point","coordinates":[126.8967702919,37.5011835666337]}},{"type":"Feature","properties":{"kind":"academy","label":"대형 입시학원","name":"눈높이러닝센터도림학원","cap":675},"geometry":{"type":"Point","coordinates":[126.898765058572,37.5110212923032]}},{"type":"Feature","properties":{"kind":"academy","label":"대형 입시학원","name":"눈높이러닝센터문래학원","cap":675},"geometry":{"type":"Point","coordinates":[126.890966268804,37.5198097653579]}},{"type":"Feature","properties":{"kind":"academy","label":"대형 입시학원","name":"눈높이러닝센터신길우신학원","cap":675},"geometry":{"type":"Point","coordinates":[126.913267228159,37.5102125568424]}},{"type":"Feature","properties":{"kind":"academy","label":"대형 입시학원","name":"눈높이러닝센터여의도학원","cap":675},"geometry":{"type":"Point","coordinates":[126.933074070061,37.5232504350637]}},{"type":"Feature","properties":{"kind":"academy","label":"대형 입시학원","name":"당산점와와학습코칭학원","cap":753},"geometry":{"type":"Point","coordinates":[126.901077532801,37.5319143458605]}},{"type":"Feature","properties":{"kind":"academy","label":"대형 입시학원","name":"더멘토학원","cap":360},"geometry":{"type":"Point","coordinates":[126.931298156696,37.5208724804701]}},{"type":"Feature","properties":{"kind":"academy","label":"대형 입시학원","name":"리드101여의도영어학원","cap":360},"geometry":{"type":"Point","coordinates":[126.933074070061,37.5232504350637]}},{"type":"Feature","properties":{"kind":"academy","label":"대형 입시학원","name":"씨에스플러스학원","cap":324},"geometry":{"type":"Point","coordinates":[126.904583630784,37.5083165454884]}},{"type":"Feature","properties":{"kind":"academy","label":"대형 입시학원","name":"애플영어열정학원","cap":324},"geometry":{"type":"Point","coordinates":[126.920269610028,37.5089943773929]}},{"type":"Feature","properties":{"kind":"academy","label":"대형 입시학원","name":"에듀플렉스에듀코치개별지도문래학원","cap":1900},"geometry":{"type":"Point","coordinates":[126.892233116737,37.5192431161324]}},{"type":"Feature","properties":{"kind":"academy","label":"대형 입시학원","name":"에듀플렉스에듀코치개별지도보라매학원","cap":1320},"geometry":{"type":"Point","coordinates":[126.913095882091,37.497326163309]}},{"type":"Feature","properties":{"kind":"academy","label":"대형 입시학원","name":"옳바른학원","cap":500},"geometry":{"type":"Point","coordinates":[126.916569895364,37.4973037099433]}},{"type":"Feature","properties":{"kind":"academy","label":"대형 입시학원","name":"용문플러스유림학원","cap":375},"geometry":{"type":"Point","coordinates":[126.892233116737,37.5192431161324]}},{"type":"Feature","properties":{"kind":"academy","label":"대형 입시학원","name":"웅진씽크빅학습센터영등포학원","cap":555},"geometry":{"type":"Point","coordinates":[126.896379809669,37.5023131757276]}},{"type":"Feature","properties":{"kind":"academy","label":"대형 입시학원","name":"찰스영어학원","cap":870},"geometry":{"type":"Point","coordinates":[126.920162743662,37.5009076038776]}},{"type":"Feature","properties":{"kind":"academy","label":"대형 입시학원","name":"청림학원","cap":343},"geometry":{"type":"Point","coordinates":[126.889097406122,37.5239476805915]}},{"type":"Feature","properties":{"kind":"academy","label":"대형 입시학원","name":"최과학과학전문학원","cap":310},"geometry":{"type":"Point","coordinates":[126.931298156696,37.5208724804701]}},{"type":"Feature","properties":{"kind":"academy","label":"대형 입시학원","name":"파워1관학원","cap":500},"geometry":{"type":"Point","coordinates":[126.904551044987,37.5014859998805]}},{"type":"Feature","properties":{"kind":"academy","label":"대형 입시학원","name":"파워학원","cap":500},"geometry":{"type":"Point","coordinates":[126.904551044987,37.5014859998805]}},{"type":"Feature","properties":{"kind":"academy","label":"대형 입시학원","name":"한솔보습학원","cap":360},"geometry":{"type":"Point","coordinates":[126.931298156696,37.5208724804701]}},{"type":"Feature","properties":{"kind":"academy","label":"대형 입시학원","name":"눈높이러닝센터후암타워학원","cap":690},"geometry":{"type":"Point","coordinates":[126.977135876203,37.5500535683298]}},{"type":"Feature","properties":{"kind":"academy","label":"대형 입시학원","name":"뉴파인용산중고등관학원","cap":660},"geometry":{"type":"Point","coordinates":[126.96455464711,37.5241840016859]}},{"type":"Feature","properties":{"kind":"academy","label":"대형 입시학원","name":"미라클아카데미학원","cap":300},"geometry":{"type":"Point","coordinates":[126.969343240712,37.5209511026518]}},{"type":"Feature","properties":{"kind":"academy","label":"대형 입시학원","name":"웅진씽크빅학습센터 효창학원","cap":330},"geometry":{"type":"Point","coordinates":[126.962233626285,37.540363731069]}},{"type":"Feature","properties":{"kind":"academy","label":"대형 입시학원","name":"GLE스파이어스국어영어전문학원","cap":665},"geometry":{"type":"Point","coordinates":[127.107500437492,37.2503679132378]}},{"type":"Feature","properties":{"kind":"academy","label":"대형 입시학원","name":"JNJ영어학원","cap":427},"geometry":{"type":"Point","coordinates":[127.084716083959,37.3060547136171]}},{"type":"Feature","properties":{"kind":"academy","label":"대형 입시학원","name":"K수학학원","cap":736},"geometry":{"type":"Point","coordinates":[127.08765788032,37.3156839117593]}},{"type":"Feature","properties":{"kind":"academy","label":"대형 입시학원","name":"가리온학원","cap":480},"geometry":{"type":"Point","coordinates":[127.160222051106,37.2819813412861]}},{"type":"Feature","properties":{"kind":"academy","label":"대형 입시학원","name":"강남종로엠기숙학원","cap":330},"geometry":{"type":"Point","coordinates":[127.226622540209,37.2733693857332]}},{"type":"Feature","properties":{"kind":"academy","label":"대형 입시학원","name":"강남하이퍼학원","cap":570},"geometry":{"type":"Point","coordinates":[127.301872504151,37.2361038801414]}},{"type":"Feature","properties":{"kind":"academy","label":"대형 입시학원","name":"개선문수학학원","cap":310},"geometry":{"type":"Point","coordinates":[127.218409027619,37.2680831983403]}},{"type":"Feature","properties":{"kind":"academy","label":"대형 입시학원","name":"고대하는영어학원","cap":840},"geometry":{"type":"Point","coordinates":[127.084879747056,37.3056466074661]}},{"type":"Feature","properties":{"kind":"academy","label":"대형 입시학원","name":"너를위한영어학원","cap":399},"geometry":{"type":"Point","coordinates":[127.095542607252,37.3213956770489]}},{"type":"Feature","properties":{"kind":"academy","label":"대형 입시학원","name":"눈높이러닝센터동백중동학원","cap":507},"geometry":{"type":"Point","coordinates":[127.153879011977,37.2697764368659]}},{"type":"Feature","properties":{"kind":"academy","label":"대형 입시학원","name":"눈높이러닝센터동천학원","cap":507},"geometry":{"type":"Point","coordinates":[127.098664965577,37.3403978536249]}},{"type":"Feature","properties":{"kind":"academy","label":"대형 입시학원","name":"눈높이러닝센터마북교동학원","cap":507},"geometry":{"type":"Point","coordinates":[127.12173057197,37.3015800537905]}},{"type":"Feature","properties":{"kind":"academy","label":"대형 입시학원","name":"눈높이러닝센터상현학원","cap":507},"geometry":{"type":"Point","coordinates":[127.084716083959,37.3060547136171]}},{"type":"Feature","properties":{"kind":"academy","label":"대형 입시학원","name":"눈높이러닝센터신동백학원","cap":507},"geometry":{"type":"Point","coordinates":[127.143263982738,37.2815943685164]}},{"type":"Feature","properties":{"kind":"academy","label":"대형 입시학원","name":"눈높이러닝센터언남학원","cap":507},"geometry":{"type":"Point","coordinates":[127.118963509904,37.2941692294176]}},{"type":"Feature","properties":{"kind":"academy","label":"대형 입시학원","name":"눈높이러닝센터정평학원","cap":507},"geometry":{"type":"Point","coordinates":[127.088304357675,37.3192065631016]}},{"type":"Feature","properties":{"kind":"academy","label":"대형 입시학원","name":"다르마에듀학원","cap":900},"geometry":{"type":"Point","coordinates":[127.078761580576,37.3134239760988]}},{"type":"Feature","properties":{"kind":"academy","label":"대형 입시학원","name":"다옴수학학원","cap":312},"geometry":{"type":"Point","coordinates":[127.092867580286,37.345386322483]}},{"type":"Feature","properties":{"kind":"academy","label":"대형 입시학원","name":"대교하이캠퍼스기흥학원","cap":507},"geometry":{"type":"Point","coordinates":[127.111516509605,37.2802006571346]}},{"type":"Feature","properties":{"kind":"academy","label":"대형 입시학원","name":"대교하이캠퍼스동백학원","cap":507},"geometry":{"type":"Point","coordinates":[127.160878595002,37.2815766954666]}},{"type":"Feature","properties":{"kind":"academy","label":"대형 입시학원","name":"돌격수학2관학원","cap":792},"geometry":{"type":"Point","coordinates":[127.068981842907,37.2980512048803]}},{"type":"Feature","properties":{"kind":"academy","label":"대형 입시학원","name":"돌격수학학원","cap":648},"geometry":{"type":"Point","coordinates":[127.068981842907,37.2980512048803]}},{"type":"Feature","properties":{"kind":"academy","label":"대형 입시학원","name":"동백점와와학습코칭학원","cap":1600},"geometry":{"type":"Point","coordinates":[127.153286823002,37.2693594827477]}},{"type":"Feature","properties":{"kind":"academy","label":"대형 입시학원","name":"라딕스논술학원","cap":620},"geometry":{"type":"Point","coordinates":[127.094452162246,37.3217354310087]}},{"type":"Feature","properties":{"kind":"academy","label":"대형 입시학원","name":"레오수학학원","cap":340},"geometry":{"type":"Point","coordinates":[127.068981842907,37.2980512048803]}},{"type":"Feature","properties":{"kind":"academy","label":"대형 입시학원","name":"로운리드인국어학원","cap":325},"geometry":{"type":"Point","coordinates":[127.140474627322,37.2575204651343]}},{"type":"Feature","properties":{"kind":"academy","label":"대형 입시학원","name":"로운학원","cap":475},"geometry":{"type":"Point","coordinates":[127.141638464509,37.2570072864987]}},{"type":"Feature","properties":{"kind":"academy","label":"대형 입시학원","name":"매쓰랩(MathLab)수학·과학학원","cap":400},"geometry":{"type":"Point","coordinates":[127.08277984097,37.3050767482199]}},{"type":"Feature","properties":{"kind":"academy","label":"대형 입시학원","name":"매티스트수학학원","cap":1130},"geometry":{"type":"Point","coordinates":[127.071267962717,37.3156726620216]}},{"type":"Feature","properties":{"kind":"academy","label":"대형 입시학원","name":"메인수학중고등관학원","cap":333},"geometry":{"type":"Point","coordinates":[127.111824610891,37.2803047969341]}},{"type":"Feature","properties":{"kind":"academy","label":"대형 입시학원","name":"모현푸르넷학원","cap":320},"geometry":{"type":"Point","coordinates":[127.249003623608,37.3324773049808]}},{"type":"Feature","properties":{"kind":"academy","label":"대형 입시학원","name":"뮤엠영어최강수학학원","cap":382},"geometry":{"type":"Point","coordinates":[127.124694419643,37.3007029633803]}},{"type":"Feature","properties":{"kind":"academy","label":"대형 입시학원","name":"바로고등관학원","cap":561},"geometry":{"type":"Point","coordinates":[127.10780056305,37.3003959044405]}},{"type":"Feature","properties":{"kind":"academy","label":"대형 입시학원","name":"바로학원","cap":879},"geometry":{"type":"Point","coordinates":[127.108144484879,37.2999407476003]}},{"type":"Feature","properties":{"kind":"academy","label":"대형 입시학원","name":"보라점와와학습코칭학원","cap":1080},"geometry":{"type":"Point","coordinates":[127.118292464602,37.255256596503]}},{"type":"Feature","properties":{"kind":"academy","label":"대형 입시학원","name":"분당파인만수지특별관학원","cap":580},"geometry":{"type":"Point","coordinates":[127.095281509162,37.3221767227926]}},{"type":"Feature","properties":{"kind":"academy","label":"대형 입시학원","name":"비전학원","cap":520},"geometry":{"type":"Point","coordinates":[127.095542607252,37.3213956770489]}},{"type":"Feature","properties":{"kind":"academy","label":"대형 입시학원","name":"삼성영어비상딱풀리는수학스터디업학원","cap":490},"geometry":{"type":"Point","coordinates":[127.196863141001,37.2427209713758]}},{"type":"Feature","properties":{"kind":"academy","label":"대형 입시학원","name":"상현점와와학습코칭학원","cap":2160},"geometry":{"type":"Point","coordinates":[127.084716083959,37.3060547136171]}},{"type":"Feature","properties":{"kind":"academy","label":"대형 입시학원","name":"수연당수학학원","cap":300},"geometry":{"type":"Point","coordinates":[127.070328618522,37.2976785543789]}},{"type":"Feature","properties":{"kind":"academy","label":"대형 입시학원","name":"수지대치이강학원입시센터학원","cap":1000},"geometry":{"type":"Point","coordinates":[127.09534956992,37.3213064502721]}},{"type":"Feature","properties":{"kind":"academy","label":"대형 입시학원","name":"수지메이플영어학원","cap":586},"geometry":{"type":"Point","coordinates":[127.083222314668,37.3165126415955]}},{"type":"Feature","properties":{"kind":"academy","label":"대형 입시학원","name":"수지명인학원","cap":1170},"geometry":{"type":"Point","coordinates":[127.094739353965,37.321873059473]}},{"type":"Feature","properties":{"kind":"academy","label":"대형 입시학원","name":"수지영재교육학원","cap":580},"geometry":{"type":"Point","coordinates":[127.095281509162,37.3221767227926]}},{"type":"Feature","properties":{"kind":"academy","label":"대형 입시학원","name":"수지점더블유플러스학원","cap":600},"geometry":{"type":"Point","coordinates":[127.098084774053,37.3201510724164]}},{"type":"Feature","properties":{"kind":"academy","label":"대형 입시학원","name":"수지점와와학습코칭학원","cap":1120},"geometry":{"type":"Point","coordinates":[127.096039653152,37.3219807659413]}},{"type":"Feature","properties":{"kind":"academy","label":"대형 입시학원","name":"수학의아침사이언스카이제12학원","cap":1360},"geometry":{"type":"Point","coordinates":[127.094922814676,37.3242147868752]}},{"type":"Feature","properties":{"kind":"academy","label":"대형 입시학원","name":"수학의아침사이언스카이제2학원","cap":686},"geometry":{"type":"Point","coordinates":[127.094548221248,37.3212330283572]}},{"type":"Feature","properties":{"kind":"academy","label":"대형 입시학원","name":"수학의아침사이언스카이제6학원","cap":324},"geometry":{"type":"Point","coordinates":[127.094452162246,37.3217354310087]}},{"type":"Feature","properties":{"kind":"academy","label":"대형 입시학원","name":"수학의아침사이언스카이제7학원","cap":1868},"geometry":{"type":"Point","coordinates":[127.095281509162,37.3221767227926]}},{"type":"Feature","properties":{"kind":"academy","label":"대형 입시학원","name":"수학의아침사이언스카이학원","cap":2060},"geometry":{"type":"Point","coordinates":[127.095281509162,37.3221767227926]}},{"type":"Feature","properties":{"kind":"academy","label":"대형 입시학원","name":"수학전문일비충천수지학원","cap":580},"geometry":{"type":"Point","coordinates":[127.095006707147,37.3220243087646]}},{"type":"Feature","properties":{"kind":"academy","label":"대형 입시학원","name":"수학전문일비충천의치약센터학원","cap":570},"geometry":{"type":"Point","coordinates":[127.095463631125,37.3217515587413]}},{"type":"Feature","properties":{"kind":"academy","label":"대형 입시학원","name":"수학채움학원","cap":790},"geometry":{"type":"Point","coordinates":[127.10996122828,37.3019088286371]}},{"type":"Feature","properties":{"kind":"academy","label":"대형 입시학원","name":"시대영어2관학원","cap":305},"geometry":{"type":"Point","coordinates":[127.094452162246,37.3217354310087]}},{"type":"Feature","properties":{"kind":"academy","label":"대형 입시학원","name":"써니스잉글리쉬클래스(SUNNY’S ENGLISH CLASS)영어학원","cap":399},"geometry":{"type":"Point","coordinates":[127.222059245295,37.2815507209827]}},{"type":"Feature","properties":{"kind":"academy","label":"대형 입시학원","name":"쎈수학용인광교상현학원","cap":300},"geometry":{"type":"Point","coordinates":[127.070544259974,37.2981558854538]}},{"type":"Feature","properties":{"kind":"academy","label":"대형 입시학원","name":"아르보수학학원","cap":440},"geometry":{"type":"Point","coordinates":[127.095554324606,37.3225414211379]}},{"type":"Feature","properties":{"kind":"academy","label":"대형 입시학원","name":"아름다운수학학원","cap":300},"geometry":{"type":"Point","coordinates":[127.111949534865,37.2890497085523]}},{"type":"Feature","properties":{"kind":"academy","label":"대형 입시학원","name":"아소비큐미르용인역북센터학원","cap":435},"geometry":{"type":"Point","coordinates":[127.186665176766,37.2310399391089]}},{"type":"Feature","properties":{"kind":"academy","label":"대형 입시학원","name":"아템프토슐레학원","cap":550},"geometry":{"type":"Point","coordinates":[127.114937154097,37.3284227893924]}},{"type":"Feature","properties":{"kind":"academy","label":"대형 입시학원","name":"악어수학학원","cap":620},"geometry":{"type":"Point","coordinates":[127.115239106365,37.3198613353349]}},{"type":"Feature","properties":{"kind":"academy","label":"대형 입시학원","name":"양지아이비학원","cap":320},"geometry":{"type":"Point","coordinates":[127.287229370639,37.2342227902211]}},{"type":"Feature","properties":{"kind":"academy","label":"대형 입시학원","name":"에듀플렉스에듀코치개별지도동백학원","cap":300},"geometry":{"type":"Point","coordinates":[127.152284665482,37.2764789917162]}},{"type":"Feature","properties":{"kind":"academy","label":"대형 입시학원","name":"에듀플렉스에듀코치개별지도동천학원","cap":1450},"geometry":{"type":"Point","coordinates":[127.090695954952,37.3358870945945]}},{"type":"Feature","properties":{"kind":"academy","label":"대형 입시학원","name":"에듀플렉스에듀코치개별지도상현역학원","cap":2100},"geometry":{"type":"Point","coordinates":[127.068789455432,37.2973370649373]}},{"type":"Feature","properties":{"kind":"academy","label":"대형 입시학원","name":"에듀플렉스에듀코치개별지도상현학원","cap":690},"geometry":{"type":"Point","coordinates":[127.084938445675,37.3084933864913]}},{"type":"Feature","properties":{"kind":"academy","label":"대형 입시학원","name":"에듀플렉스에듀코치개별지도신봉학원","cap":1800},"geometry":{"type":"Point","coordinates":[127.073446149239,37.3251750696718]}},{"type":"Feature","properties":{"kind":"academy","label":"대형 입시학원","name":"에듀플렉스에듀코치개별지도죽전학원","cap":600},"geometry":{"type":"Point","coordinates":[127.114263084494,37.3202927053497]}},{"type":"Feature","properties":{"kind":"academy","label":"대형 입시학원","name":"에듀플렉스에듀코치신갈학원","cap":1272},"geometry":{"type":"Point","coordinates":[127.113921618354,37.2781412039668]}},{"type":"Feature","properties":{"kind":"academy","label":"대형 입시학원","name":"에스엘비(SLB)입시학원","cap":313},"geometry":{"type":"Point","coordinates":[127.068391135993,37.2980028917008]}},{"type":"Feature","properties":{"kind":"academy","label":"대형 입시학원","name":"에스엠티수학전문학원","cap":2740},"geometry":{"type":"Point","coordinates":[127.114277795121,37.3206943716868]}},{"type":"Feature","properties":{"kind":"academy","label":"대형 입시학원","name":"에임하이학원","cap":900},"geometry":{"type":"Point","coordinates":[127.170046344728,37.1528191356226]}},{"type":"Feature","properties":{"kind":"academy","label":"대형 입시학원","name":"엠베스트SE연원점학원","cap":443},"geometry":{"type":"Point","coordinates":[127.108692038027,37.2999135753422]}},{"type":"Feature","properties":{"kind":"academy","label":"대형 입시학원","name":"올가교육수지올가국어학원","cap":515},"geometry":{"type":"Point","coordinates":[127.095554324606,37.3225414211379]}},{"type":"Feature","properties":{"kind":"academy","label":"대형 입시학원","name":"올라(OLA)수학전문학원","cap":345},"geometry":{"type":"Point","coordinates":[127.094940772813,37.3210908013341]}},{"type":"Feature","properties":{"kind":"academy","label":"대형 입시학원","name":"용인동백에이닷영어학원","cap":630},"geometry":{"type":"Point","coordinates":[127.152646661699,37.2763945486179]}},{"type":"Feature","properties":{"kind":"academy","label":"대형 입시학원","name":"용인이강기숙학원","cap":535},"geometry":{"type":"Point","coordinates":[127.273138748276,37.2475706578469]}},{"type":"Feature","properties":{"kind":"academy","label":"대형 입시학원","name":"웅진씽크빅학습센터구갈학원","cap":594},"geometry":{"type":"Point","coordinates":[127.154168483979,37.2699705047789]}},{"type":"Feature","properties":{"kind":"academy","label":"대형 입시학원","name":"이레학원","cap":520},"geometry":{"type":"Point","coordinates":[127.160878595002,37.2815766954666]}},{"type":"Feature","properties":{"kind":"academy","label":"대형 입시학원","name":"이탑스학원","cap":1035},"geometry":{"type":"Point","coordinates":[127.095422732212,37.3250969461952]}},{"type":"Feature","properties":{"kind":"academy","label":"대형 입시학원","name":"일타영수2관학원","cap":520},"geometry":{"type":"Point","coordinates":[127.127048442952,37.2718445319564]}},{"type":"Feature","properties":{"kind":"academy","label":"대형 입시학원","name":"일타영수3관학원","cap":520},"geometry":{"type":"Point","coordinates":[127.127048442952,37.2718445319564]}},{"type":"Feature","properties":{"kind":"academy","label":"대형 입시학원","name":"일타영수학원","cap":520},"geometry":{"type":"Point","coordinates":[127.127048442952,37.2718445319564]}},{"type":"Feature","properties":{"kind":"academy","label":"대형 입시학원","name":"전쌤리드앤톡영어N수학학원","cap":380},"geometry":{"type":"Point","coordinates":[127.220306620337,37.28272174051]}},{"type":"Feature","properties":{"kind":"academy","label":"대형 입시학원","name":"지트에듀케이션죽전학원","cap":620},"geometry":{"type":"Point","coordinates":[127.115239106365,37.3198613353349]}},{"type":"Feature","properties":{"kind":"academy","label":"대형 입시학원","name":"지트에듀케이션학원","cap":2480},"geometry":{"type":"Point","coordinates":[127.095138495644,37.3247187414043]}},{"type":"Feature","properties":{"kind":"academy","label":"대형 입시학원","name":"지트에듀케이션해마루학원","cap":1100},"geometry":{"type":"Point","coordinates":[127.096131952813,37.3255322916387]}},{"type":"Feature","properties":{"kind":"academy","label":"대형 입시학원","name":"최강수학의힘학원","cap":300},"geometry":{"type":"Point","coordinates":[127.098084774053,37.3201510724164]}},{"type":"Feature","properties":{"kind":"academy","label":"대형 입시학원","name":"탑글로벌학원","cap":990},"geometry":{"type":"Point","coordinates":[127.114937154097,37.3284227893924]}},{"type":"Feature","properties":{"kind":"academy","label":"대형 입시학원","name":"토브구문정독영어학원","cap":350},"geometry":{"type":"Point","coordinates":[127.094910297721,37.3214389849721]}},{"type":"Feature","properties":{"kind":"academy","label":"대형 입시학원","name":"하늘진수학학원","cap":390},"geometry":{"type":"Point","coordinates":[127.094937775418,37.324806753295]}},{"type":"Feature","properties":{"kind":"academy","label":"대형 입시학원","name":"혜윰학원","cap":424},"geometry":{"type":"Point","coordinates":[127.071589469754,37.275912222227]}},{"type":"Feature","properties":{"kind":"academy","label":"대형 입시학원","name":"확실한수학학원","cap":476},"geometry":{"type":"Point","coordinates":[127.11383662024,37.3202889716308]}},{"type":"Feature","properties":{"kind":"academy","label":"대형 입시학원","name":"흥덕점와와학습코칭학원","cap":1080},"geometry":{"type":"Point","coordinates":[127.073775445482,37.2751274256419]}},{"type":"Feature","properties":{"kind":"academy","label":"대형 입시학원","name":"강의하는아이들진관캠퍼스학원","cap":355},"geometry":{"type":"Point","coordinates":[126.919584718281,37.6348535294175]}},{"type":"Feature","properties":{"kind":"academy","label":"대형 입시학원","name":"교육법인정연학원","cap":1280},"geometry":{"type":"Point","coordinates":[126.91586977056,37.6083602013295]}},{"type":"Feature","properties":{"kind":"academy","label":"대형 입시학원","name":"교학영어학원","cap":355},"geometry":{"type":"Point","coordinates":[126.921776541525,37.601511425556]}},{"type":"Feature","properties":{"kind":"academy","label":"대형 입시학원","name":"구산동뿌리학원","cap":312},"geometry":{"type":"Point","coordinates":[126.914459127165,37.6124770672961]}},{"type":"Feature","properties":{"kind":"academy","label":"대형 입시학원","name":"구산점와와학습코칭학원","cap":1440},"geometry":{"type":"Point","coordinates":[126.917226001911,37.610282699939]}},{"type":"Feature","properties":{"kind":"academy","label":"대형 입시학원","name":"구파발넘버원구원수학학원","cap":380},"geometry":{"type":"Point","coordinates":[126.917530394384,37.6392342317325]}},{"type":"Feature","properties":{"kind":"academy","label":"대형 입시학원","name":"국풍학원","cap":824},"geometry":{"type":"Point","coordinates":[126.914459127165,37.6124770672961]}},{"type":"Feature","properties":{"kind":"academy","label":"대형 입시학원","name":"그레이스영어학원","cap":525},"geometry":{"type":"Point","coordinates":[126.919398866427,37.6342707354029]}},{"type":"Feature","properties":{"kind":"academy","label":"대형 입시학원","name":"글고운국어논술전문학원","cap":700},"geometry":{"type":"Point","coordinates":[126.90636860463,37.5831421415539]}},{"type":"Feature","properties":{"kind":"academy","label":"대형 입시학원","name":"기탄사고력교실갈현매일학원","cap":350},"geometry":{"type":"Point","coordinates":[126.916298954895,37.6186077191981]}},{"type":"Feature","properties":{"kind":"academy","label":"대형 입시학원","name":"기탄사고력교실은평센터학원","cap":385},"geometry":{"type":"Point","coordinates":[126.919791970139,37.5985452938759]}},{"type":"Feature","properties":{"kind":"academy","label":"대형 입시학원","name":"기파랑문해원은평진관학원","cap":315},"geometry":{"type":"Point","coordinates":[126.919584718281,37.6348535294175]}},{"type":"Feature","properties":{"kind":"academy","label":"대형 입시학원","name":"나는별학원","cap":440},"geometry":{"type":"Point","coordinates":[126.91665350626,37.6184888595706]}},{"type":"Feature","properties":{"kind":"academy","label":"대형 입시학원","name":"남궁정민학원","cap":540},"geometry":{"type":"Point","coordinates":[126.921127979395,37.5872604623844]}},{"type":"Feature","properties":{"kind":"academy","label":"대형 입시학원","name":"노력과결실학원","cap":352},"geometry":{"type":"Point","coordinates":[126.917150089307,37.6132712264623]}},{"type":"Feature","properties":{"kind":"academy","label":"대형 입시학원","name":"눈높이러닝센터응암학원","cap":660},"geometry":{"type":"Point","coordinates":[126.920425616717,37.5988985507852]}},{"type":"Feature","properties":{"kind":"academy","label":"대형 입시학원","name":"뉴이스트수학전문학원","cap":808},"geometry":{"type":"Point","coordinates":[126.91586977056,37.6083602013295]}},{"type":"Feature","properties":{"kind":"academy","label":"대형 입시학원","name":"뉴젠영어학원","cap":370},"geometry":{"type":"Point","coordinates":[126.927817322461,37.6315663816842]}},{"type":"Feature","properties":{"kind":"academy","label":"대형 입시학원","name":"대교하이캠퍼스갈현학원","cap":660},"geometry":{"type":"Point","coordinates":[126.91665350626,37.6184888595706]}},{"type":"Feature","properties":{"kind":"academy","label":"대형 입시학원","name":"대교하이캠퍼스은평학원","cap":1635},"geometry":{"type":"Point","coordinates":[126.910481637056,37.6017344129321]}},{"type":"Feature","properties":{"kind":"academy","label":"대형 입시학원","name":"대교하이캠퍼스진관학원","cap":784},"geometry":{"type":"Point","coordinates":[126.920438372018,37.6403916511066]}},{"type":"Feature","properties":{"kind":"academy","label":"대형 입시학원","name":"대치명인은평학원","cap":334},"geometry":{"type":"Point","coordinates":[126.916499950322,37.6137968554274]}},{"type":"Feature","properties":{"kind":"academy","label":"대형 입시학원","name":"대치미래인재수학녹번관학원","cap":435},"geometry":{"type":"Point","coordinates":[126.930750336384,37.6010653655557]}},{"type":"Feature","properties":{"kind":"academy","label":"대형 입시학원","name":"더함에듀학원","cap":490},"geometry":{"type":"Point","coordinates":[126.919341649662,37.635741734904]}},{"type":"Feature","properties":{"kind":"academy","label":"대형 입시학원","name":"독수리에듀학원","cap":380},"geometry":{"type":"Point","coordinates":[126.919584718281,37.6348535294175]}},{"type":"Feature","properties":{"kind":"academy","label":"대형 입시학원","name":"두드림학원 ","cap":445},"geometry":{"type":"Point","coordinates":[126.920511483591,37.5974850440535]}},{"type":"Feature","properties":{"kind":"academy","label":"대형 입시학원","name":"리더스학원","cap":1000},"geometry":{"type":"Point","coordinates":[126.914796661724,37.5967710759822]}},{"type":"Feature","properties":{"kind":"academy","label":"대형 입시학원","name":"리드인독서논술응암학원","cap":736},"geometry":{"type":"Point","coordinates":[126.923090643465,37.5892706101884]}},{"type":"Feature","properties":{"kind":"academy","label":"대형 입시학원","name":"리드인독서중심논술학원","cap":504},"geometry":{"type":"Point","coordinates":[126.933102356643,37.6008397626449]}},{"type":"Feature","properties":{"kind":"academy","label":"대형 입시학원","name":"리드인은명초센터독서논술학원","cap":438},"geometry":{"type":"Point","coordinates":[126.919199462585,37.5972240370432]}},{"type":"Feature","properties":{"kind":"academy","label":"대형 입시학원","name":"리딩와이즈영어학원","cap":475},"geometry":{"type":"Point","coordinates":[126.923090643465,37.5892706101884]}},{"type":"Feature","properties":{"kind":"academy","label":"대형 입시학원","name":"매시브은평블랙관학원","cap":606},"geometry":{"type":"Point","coordinates":[126.917423550611,37.6139434654563]}},{"type":"Feature","properties":{"kind":"academy","label":"대형 입시학원","name":"목동사과나무3관4관학원","cap":820},"geometry":{"type":"Point","coordinates":[126.916946531809,37.6127868921094]}},{"type":"Feature","properties":{"kind":"academy","label":"대형 입시학원","name":"목동사과나무5관학원","cap":820},"geometry":{"type":"Point","coordinates":[126.917233992611,37.6142117371155]}},{"type":"Feature","properties":{"kind":"academy","label":"대형 입시학원","name":"목동사과나무6관학원","cap":428},"geometry":{"type":"Point","coordinates":[126.917898381083,37.6155585480496]}},{"type":"Feature","properties":{"kind":"academy","label":"대형 입시학원","name":"목동사과나무7관학원","cap":348},"geometry":{"type":"Point","coordinates":[126.917150089307,37.6132712264623]}},{"type":"Feature","properties":{"kind":"academy","label":"대형 입시학원","name":"목동사과나무8관학원","cap":615},"geometry":{"type":"Point","coordinates":[126.929999928224,37.6011336684453]}},{"type":"Feature","properties":{"kind":"academy","label":"대형 입시학원","name":"목동사과나무국영수전문학원","cap":820},"geometry":{"type":"Point","coordinates":[126.917320149916,37.6136298490672]}},{"type":"Feature","properties":{"kind":"academy","label":"대형 입시학원","name":"뮤엠영어뮤엠폴리오국어논술제니학원","cap":370},"geometry":{"type":"Point","coordinates":[126.915253606575,37.600631249431]}},{"type":"Feature","properties":{"kind":"academy","label":"대형 입시학원","name":"바른글리드인독서논술국어응암센터학원","cap":624},"geometry":{"type":"Point","coordinates":[126.916152850952,37.6023539545609]}},{"type":"Feature","properties":{"kind":"academy","label":"대형 입시학원","name":"바하트영수종합학원","cap":744},"geometry":{"type":"Point","coordinates":[126.919163447458,37.5993228705922]}},{"type":"Feature","properties":{"kind":"academy","label":"대형 입시학원","name":"베르타트학원","cap":370},"geometry":{"type":"Point","coordinates":[126.919584718281,37.6348535294175]}},{"type":"Feature","properties":{"kind":"academy","label":"대형 입시학원","name":"베이스캠프메트로학원","cap":596},"geometry":{"type":"Point","coordinates":[126.921522873651,37.6196226675938]}},{"type":"Feature","properties":{"kind":"academy","label":"대형 입시학원","name":"비티와이영어학원","cap":432},"geometry":{"type":"Point","coordinates":[126.916327380736,37.6210376126716]}},{"type":"Feature","properties":{"kind":"academy","label":"대형 입시학원","name":"새벽학원","cap":480},"geometry":{"type":"Point","coordinates":[126.934948113512,37.6004214734002]}},{"type":"Feature","properties":{"kind":"academy","label":"대형 입시학원","name":"생각이크는수학학원","cap":360},"geometry":{"type":"Point","coordinates":[126.927817322461,37.6315663816842]}},{"type":"Feature","properties":{"kind":"academy","label":"대형 입시학원","name":"소마사고력수학은평녹번센터학원","cap":360},"geometry":{"type":"Point","coordinates":[126.929717778353,37.6018023059588]}},{"type":"Feature","properties":{"kind":"academy","label":"대형 입시학원","name":"수공감수학전문학원","cap":369},"geometry":{"type":"Point","coordinates":[126.919584718281,37.6348535294175]}},{"type":"Feature","properties":{"kind":"academy","label":"대형 입시학원","name":"실력영어오아시스학원","cap":740},"geometry":{"type":"Point","coordinates":[126.919176848907,37.6389439926912]}},{"type":"Feature","properties":{"kind":"academy","label":"대형 입시학원","name":"아소비큐미르서울역촌학원","cap":462},"geometry":{"type":"Point","coordinates":[126.911271364936,37.6028098905976]}},{"type":"Feature","properties":{"kind":"academy","label":"대형 입시학원","name":"아이엠지국영수2관학원","cap":300},"geometry":{"type":"Point","coordinates":[126.91499569344,37.6006854837805]}},{"type":"Feature","properties":{"kind":"academy","label":"대형 입시학원","name":"아쿠아퍼씰수학전문학원","cap":340},"geometry":{"type":"Point","coordinates":[126.917320149916,37.6136298490672]}},{"type":"Feature","properties":{"kind":"academy","label":"대형 입시학원","name":"에듀플렉스에듀코치개별지도진관학원","cap":384},"geometry":{"type":"Point","coordinates":[126.920438372018,37.6403916511066]}},{"type":"Feature","properties":{"kind":"academy","label":"대형 입시학원","name":"에듀핏영어수학학원","cap":312},"geometry":{"type":"Point","coordinates":[126.914740984012,37.6192634238514]}},{"type":"Feature","properties":{"kind":"academy","label":"대형 입시학원","name":"에이치투국어전문이관학원","cap":450},"geometry":{"type":"Point","coordinates":[126.915938693284,37.6117240930274]}},{"type":"Feature","properties":{"kind":"academy","label":"대형 입시학원","name":"엠제이(MJ)영어책통클럽학원","cap":872},"geometry":{"type":"Point","coordinates":[126.921059123007,37.5932805752432]}},{"type":"Feature","properties":{"kind":"academy","label":"대형 입시학원","name":"연세학원","cap":500},"geometry":{"type":"Point","coordinates":[126.91114714345,37.6134657976308]}},{"type":"Feature","properties":{"kind":"academy","label":"대형 입시학원","name":"예일영수학원","cap":525},"geometry":{"type":"Point","coordinates":[126.910920594286,37.6074109810962]}},{"type":"Feature","properties":{"kind":"academy","label":"대형 입시학원","name":"온리원에듀2관학원","cap":450},"geometry":{"type":"Point","coordinates":[126.914939734516,37.6128340259899]}},{"type":"Feature","properties":{"kind":"academy","label":"대형 입시학원","name":"온리원에듀4관학원","cap":300},"geometry":{"type":"Point","coordinates":[126.917791925383,37.6124603350707]}},{"type":"Feature","properties":{"kind":"academy","label":"대형 입시학원","name":"온리원에듀은평3관학원","cap":320},"geometry":{"type":"Point","coordinates":[126.917967906096,37.6134109104149]}},{"type":"Feature","properties":{"kind":"academy","label":"대형 입시학원","name":"와이비엠(YBM)잉글루영어&연세루틴수학학원","cap":370},"geometry":{"type":"Point","coordinates":[126.931946975662,37.601430872655]}},{"type":"Feature","properties":{"kind":"academy","label":"대형 입시학원","name":"와이비엠잉글루역촌학원","cap":350},"geometry":{"type":"Point","coordinates":[126.915561701676,37.6022659568562]}},{"type":"Feature","properties":{"kind":"academy","label":"대형 입시학원","name":"와이비엠잉글루영재학원","cap":360},"geometry":{"type":"Point","coordinates":[126.905482420131,37.5821957528812]}},{"type":"Feature","properties":{"kind":"academy","label":"대형 입시학원","name":"원테이크학원","cap":608},"geometry":{"type":"Point","coordinates":[126.919341649662,37.635741734904]}},{"type":"Feature","properties":{"kind":"academy","label":"대형 입시학원","name":"원픽수학학원","cap":336},"geometry":{"type":"Point","coordinates":[126.90583423004,37.590780601266]}},{"type":"Feature","properties":{"kind":"academy","label":"대형 입시학원","name":"위드제이학원","cap":357},"geometry":{"type":"Point","coordinates":[126.917791925383,37.6124603350707]}},{"type":"Feature","properties":{"kind":"academy","label":"대형 입시학원","name":"유투엠수색캠퍼스학원","cap":304},"geometry":{"type":"Point","coordinates":[126.892734565915,37.5832874025311]}},{"type":"Feature","properties":{"kind":"academy","label":"대형 입시학원","name":"유투엠은평캠퍼스학원","cap":452},"geometry":{"type":"Point","coordinates":[126.924840244289,37.6045261472772]}},{"type":"Feature","properties":{"kind":"academy","label":"대형 입시학원","name":"은평대치명인3관학원","cap":865},"geometry":{"type":"Point","coordinates":[126.916824788363,37.6136920295693]}},{"type":"Feature","properties":{"kind":"academy","label":"대형 입시학원","name":"은평대치명인학원","cap":865},"geometry":{"type":"Point","coordinates":[126.917320149916,37.6136298490672]}},{"type":"Feature","properties":{"kind":"academy","label":"대형 입시학원","name":"은평에이닷영어학원","cap":1040},"geometry":{"type":"Point","coordinates":[126.917477157083,37.6108381553336]}},{"type":"Feature","properties":{"kind":"academy","label":"대형 입시학원","name":"은평점글로리드학습코칭학원","cap":520},"geometry":{"type":"Point","coordinates":[126.919341649662,37.635741734904]}},{"type":"Feature","properties":{"kind":"academy","label":"대형 입시학원","name":"은평점더블유플러스수학보습학원","cap":528},"geometry":{"type":"Point","coordinates":[126.919584718281,37.6348535294175]}},{"type":"Feature","properties":{"kind":"academy","label":"대형 입시학원","name":"은평정상수학학원","cap":344},"geometry":{"type":"Point","coordinates":[126.917150089307,37.6132712264623]}},{"type":"Feature","properties":{"kind":"academy","label":"대형 입시학원","name":"은평파란수학학원","cap":560},"geometry":{"type":"Point","coordinates":[126.936142883261,37.6059008670873]}},{"type":"Feature","properties":{"kind":"academy","label":"대형 입시학원","name":"이레수학학원","cap":632},"geometry":{"type":"Point","coordinates":[126.92692427238,37.6028594531494]}},{"type":"Feature","properties":{"kind":"academy","label":"대형 입시학원","name":"이쌤영수학원","cap":490},"geometry":{"type":"Point","coordinates":[126.916457446144,37.6105847104761]}},{"type":"Feature","properties":{"kind":"academy","label":"대형 입시학원","name":"이앤에프영어학원","cap":360},"geometry":{"type":"Point","coordinates":[126.90583423004,37.590780601266]}},{"type":"Feature","properties":{"kind":"academy","label":"대형 입시학원","name":"이투스247은평서대문점학원","cap":338},"geometry":{"type":"Point","coordinates":[126.912041219513,37.6138570459169]}},{"type":"Feature","properties":{"kind":"academy","label":"대형 입시학원","name":"조은스마트해법영수학원","cap":486},"geometry":{"type":"Point","coordinates":[126.928212674738,37.6439570568606]}},{"type":"Feature","properties":{"kind":"academy","label":"대형 입시학원","name":"초코수학민트과학학원","cap":515},"geometry":{"type":"Point","coordinates":[126.915345094135,37.6121335284881]}},{"type":"Feature","properties":{"kind":"academy","label":"대형 입시학원","name":"최강멘토학원","cap":300},"geometry":{"type":"Point","coordinates":[126.919341649662,37.635741734904]}},{"type":"Feature","properties":{"kind":"academy","label":"대형 입시학원","name":"카라잔수학학원","cap":510},"geometry":{"type":"Point","coordinates":[126.916184648633,37.6206416175177]}},{"type":"Feature","properties":{"kind":"academy","label":"대형 입시학원","name":"켈리스리딩영어학원","cap":512},"geometry":{"type":"Point","coordinates":[126.928432696242,37.6158621924384]}},{"type":"Feature","properties":{"kind":"academy","label":"대형 입시학원","name":"파이온수학학원","cap":415},"geometry":{"type":"Point","coordinates":[126.913978816522,37.6126531317393]}},{"type":"Feature","properties":{"kind":"academy","label":"대형 입시학원","name":"폴스타영수학원","cap":360},"geometry":{"type":"Point","coordinates":[126.925872053778,37.6033746138171]}},{"type":"Feature","properties":{"kind":"academy","label":"대형 입시학원","name":"품수학전문학원","cap":896},"geometry":{"type":"Point","coordinates":[126.918025014106,37.6141109280518]}},{"type":"Feature","properties":{"kind":"academy","label":"대형 입시학원","name":"프리마스학원","cap":468},"geometry":{"type":"Point","coordinates":[126.919092544899,37.6104197734067]}},{"type":"Feature","properties":{"kind":"academy","label":"대형 입시학원","name":"플마에듀학원","cap":376},"geometry":{"type":"Point","coordinates":[126.916569405965,37.611948526415]}},{"type":"Feature","properties":{"kind":"academy","label":"대형 입시학원","name":"플마영수학원","cap":304},"geometry":{"type":"Point","coordinates":[126.918517072106,37.614067751092]}},{"type":"Feature","properties":{"kind":"academy","label":"대형 입시학원","name":"피봇수학전문학원","cap":968},"geometry":{"type":"Point","coordinates":[126.916699306661,37.6106349764298]}},{"type":"Feature","properties":{"kind":"academy","label":"대형 입시학원","name":"하이탑수학학원","cap":486},"geometry":{"type":"Point","coordinates":[126.919341649662,37.635741734904]}},{"type":"Feature","properties":{"kind":"academy","label":"대형 입시학원","name":"한정아국어전문학원","cap":312},"geometry":{"type":"Point","coordinates":[126.917831128963,37.6126519125646]}},{"type":"Feature","properties":{"kind":"academy","label":"대형 입시학원","name":"혜윰국어논술학원","cap":300},"geometry":{"type":"Point","coordinates":[126.917226001911,37.610282699939]}},{"type":"Feature","properties":{"kind":"academy","label":"대형 입시학원","name":"히어로히어로국어전문학원","cap":336},"geometry":{"type":"Point","coordinates":[126.915938693284,37.6117240930274]}},{"type":"Feature","properties":{"kind":"academy","label":"대형 입시학원","name":"2월31일(이월삼십일일)학원","cap":1310},"geometry":{"type":"Point","coordinates":[127.072289947549,37.7504506433524]}},{"type":"Feature","properties":{"kind":"academy","label":"대형 입시학원","name":"골드클래스학원","cap":750},"geometry":{"type":"Point","coordinates":[127.089747588259,37.7385111727071]}},{"type":"Feature","properties":{"kind":"academy","label":"대형 입시학원","name":"눈높이러닝센터녹양학원","cap":915},"geometry":{"type":"Point","coordinates":[127.036531188869,37.7584519720497]}},{"type":"Feature","properties":{"kind":"academy","label":"대형 입시학원","name":"눈높이러닝센터송산학원","cap":795},"geometry":{"type":"Point","coordinates":[127.099826733521,37.7466264714957]}},{"type":"Feature","properties":{"kind":"academy","label":"대형 입시학원","name":"눈높이러닝센터장암학원","cap":915},"geometry":{"type":"Point","coordinates":[127.054587671794,37.7263677056064]}},{"type":"Feature","properties":{"kind":"academy","label":"대형 입시학원","name":"브레스학원","cap":520},"geometry":{"type":"Point","coordinates":[127.048347364942,37.7053905528316]}},{"type":"Feature","properties":{"kind":"academy","label":"대형 입시학원","name":"삼성영어셀레나경의학원","cap":315},"geometry":{"type":"Point","coordinates":[127.052442585265,37.7333463381642]}},{"type":"Feature","properties":{"kind":"academy","label":"대형 입시학원","name":"신곡으뜸학원","cap":308},"geometry":{"type":"Point","coordinates":[127.059480737613,37.7349059099292]}},{"type":"Feature","properties":{"kind":"academy","label":"대형 입시학원","name":"아소비루미북클럽용현센터점학원","cap":480},"geometry":{"type":"Point","coordinates":[127.090000613212,37.7383470934667]}},{"type":"Feature","properties":{"kind":"academy","label":"대형 입시학원","name":"에셀학원","cap":550},"geometry":{"type":"Point","coordinates":[127.069466745207,37.7526744872112]}},{"type":"Feature","properties":{"kind":"academy","label":"대형 입시학원","name":"엔탑학원","cap":576},"geometry":{"type":"Point","coordinates":[127.07261480455,37.7495148788266]}},{"type":"Feature","properties":{"kind":"academy","label":"대형 입시학원","name":"엠베스트호원점학원","cap":420},"geometry":{"type":"Point","coordinates":[127.043347947017,37.7234549379931]}},{"type":"Feature","properties":{"kind":"academy","label":"대형 입시학원","name":"유림학원","cap":400},"geometry":{"type":"Point","coordinates":[127.044617050961,37.7144873551241]}},{"type":"Feature","properties":{"kind":"academy","label":"대형 입시학원","name":"윤선생IGSE가능학원","cap":390},"geometry":{"type":"Point","coordinates":[127.03673684011,37.7467915879527]}},{"type":"Feature","properties":{"kind":"academy","label":"대형 입시학원","name":"의정부에이닷영어학원","cap":1080},"geometry":{"type":"Point","coordinates":[127.070012587356,37.7495822239261]}},{"type":"Feature","properties":{"kind":"academy","label":"대형 입시학원","name":"이엠학원","cap":2115},"geometry":{"type":"Point","coordinates":[127.035008835872,37.7500374008004]}},{"type":"Feature","properties":{"kind":"academy","label":"대형 입시학원","name":"일등성학원","cap":480},"geometry":{"type":"Point","coordinates":[127.061218803703,37.7411956796532]}},{"type":"Feature","properties":{"kind":"academy","label":"대형 입시학원","name":"장원교육학원","cap":300},"geometry":{"type":"Point","coordinates":[127.07261480455,37.7495148788266]}},{"type":"Feature","properties":{"kind":"academy","label":"대형 입시학원","name":"장현에듀온라인학원","cap":300},"geometry":{"type":"Point","coordinates":[127.048453069611,37.7071555184352]}},{"type":"Feature","properties":{"kind":"academy","label":"대형 입시학원","name":"절대영수학원","cap":1360},"geometry":{"type":"Point","coordinates":[127.069555618968,37.7490638073244]}},{"type":"Feature","properties":{"kind":"academy","label":"대형 입시학원","name":"프라임아이네트학원","cap":540},"geometry":{"type":"Point","coordinates":[127.059918351766,37.7299037707876]}},{"type":"Feature","properties":{"kind":"academy","label":"대형 입시학원","name":"한솔주니어랩학원","cap":300},"geometry":{"type":"Point","coordinates":[127.036694865455,37.7465760894065]}},{"type":"Feature","properties":{"kind":"academy","label":"대형 입시학원","name":"함수정수학과학학원","cap":345},"geometry":{"type":"Point","coordinates":[127.110152477089,37.7287656480918]}},{"type":"Feature","properties":{"kind":"academy","label":"대형 입시학원","name":"해법송산솔뫼학원","cap":300},"geometry":{"type":"Point","coordinates":[127.086499495183,37.7383345783314]}},{"type":"Feature","properties":{"kind":"academy","label":"대형 입시학원","name":"홍쌤학원","cap":400},"geometry":{"type":"Point","coordinates":[127.083637531733,37.7326476498974]}},{"type":"Feature","properties":{"kind":"academy","label":"대형 입시학원","name":"광화문대치에스학원","cap":820},"geometry":{"type":"Point","coordinates":[126.969600744363,37.5763042919088]}},{"type":"Feature","properties":{"kind":"academy","label":"대형 입시학원","name":"눈높이러닝센터창신숭인학원","cap":690},"geometry":{"type":"Point","coordinates":[127.015744271784,37.5771819315296]}},{"type":"Feature","properties":{"kind":"academy","label":"대형 입시학원","name":"뉴파인안국중고등2관학원","cap":720},"geometry":{"type":"Point","coordinates":[126.986251002468,37.574641916864]}},{"type":"Feature","properties":{"kind":"academy","label":"대형 입시학원","name":"뉴파인안국중고등학원","cap":720},"geometry":{"type":"Point","coordinates":[126.986608028131,37.5747240385223]}},{"type":"Feature","properties":{"kind":"academy","label":"대형 입시학원","name":"이치고이치에학원","cap":690},"geometry":{"type":"Point","coordinates":[126.986566659132,37.5687004307437]}},{"type":"Feature","properties":{"kind":"academy","label":"대형 입시학원","name":"포어스트랜즈잉글리쉬러닝센터학원","cap":330},"geometry":{"type":"Point","coordinates":[126.957876402784,37.6079304642039]}},{"type":"Feature","properties":{"kind":"academy","label":"대형 입시학원","name":"눈높이러닝센터신당Leaders학원","cap":690},"geometry":{"type":"Point","coordinates":[127.012891334533,37.5592938191734]}},{"type":"Feature","properties":{"kind":"academy","label":"대형 입시학원","name":"전샘학원","cap":860},"geometry":{"type":"Point","coordinates":[127.01267741543,37.5578960353456]}},{"type":"Feature","properties":{"kind":"academy","label":"대형 입시학원","name":"눈높이러닝센터면목학원","cap":1740},"geometry":{"type":"Point","coordinates":[127.086762071216,37.5904668739517]}},{"type":"Feature","properties":{"kind":"academy","label":"대형 입시학원","name":"눈높이러닝센터신내학원","cap":1740},"geometry":{"type":"Point","coordinates":[127.094707041869,37.6064526315197]}},{"type":"Feature","properties":{"kind":"academy","label":"대형 입시학원","name":"눈높이러닝센터중랑학원","cap":1740},"geometry":{"type":"Point","coordinates":[127.076692190303,37.5889380150371]}},{"type":"Feature","properties":{"kind":"academy","label":"대형 입시학원","name":"대치수학원","cap":1393},"geometry":{"type":"Point","coordinates":[127.095977151761,37.6037240392537]}},{"type":"Feature","properties":{"kind":"academy","label":"대형 입시학원","name":"디올(The All)학원","cap":315},"geometry":{"type":"Point","coordinates":[127.096785094457,37.6014843289566]}},{"type":"Feature","properties":{"kind":"academy","label":"대형 입시학원","name":"맥코칭학원","cap":435},"geometry":{"type":"Point","coordinates":[127.076769082927,37.588620455353]}},{"type":"Feature","properties":{"kind":"academy","label":"대형 입시학원","name":"삼성영어스마트해법수학중랑학원","cap":450},"geometry":{"type":"Point","coordinates":[127.076312487076,37.5885435363865]}},{"type":"Feature","properties":{"kind":"academy","label":"대형 입시학원","name":"상아학원","cap":559},"geometry":{"type":"Point","coordinates":[127.082070702444,37.5970090851956]}},{"type":"Feature","properties":{"kind":"academy","label":"대형 입시학원","name":"세계제2보습학원","cap":342},"geometry":{"type":"Point","coordinates":[127.07975134194,37.6122321786714]}},{"type":"Feature","properties":{"kind":"academy","label":"대형 입시학원","name":"수학전문익스클래스랜선학원","cap":400},"geometry":{"type":"Point","coordinates":[127.098976905071,37.6097690028367]}},{"type":"Feature","properties":{"kind":"academy","label":"대형 입시학원","name":"시그마포유학원","cap":335},"geometry":{"type":"Point","coordinates":[127.094707041869,37.6064526315197]}},{"type":"Feature","properties":{"kind":"academy","label":"대형 입시학원","name":"시그마화랑관학원","cap":335},"geometry":{"type":"Point","coordinates":[127.08419542632,37.6194780819731]}},{"type":"Feature","properties":{"kind":"academy","label":"대형 입시학원","name":"신내학림학원","cap":1620},"geometry":{"type":"Point","coordinates":[127.094707041869,37.6064526315197]}},{"type":"Feature","properties":{"kind":"academy","label":"대형 입시학원","name":"에듀코치개별지도신내학원","cap":2814},"geometry":{"type":"Point","coordinates":[127.087233649249,37.6031651842705]}},{"type":"Feature","properties":{"kind":"academy","label":"대형 입시학원","name":"열공학원","cap":480},"geometry":{"type":"Point","coordinates":[127.091360778797,37.6169671050345]}},{"type":"Feature","properties":{"kind":"academy","label":"대형 입시학원","name":"큐엘아카데미학원","cap":325},"geometry":{"type":"Point","coordinates":[127.08419542632,37.6194780819731]}},{"type":"Feature","properties":{"kind":"academy","label":"대형 입시학원","name":"눈높이러닝센터미사센트럴학원","cap":598},"geometry":{"type":"Point","coordinates":[127.186621042685,37.5601496625359]}},{"type":"Feature","properties":{"kind":"academy","label":"대형 입시학원","name":"눈높이러닝센터미사중앙학원","cap":819},"geometry":{"type":"Point","coordinates":[127.193298260773,37.5610822617823]}},{"type":"Feature","properties":{"kind":"academy","label":"대형 입시학원","name":"대교하이캠퍼스미사강변학원","cap":767},"geometry":{"type":"Point","coordinates":[127.184709447519,37.5696931242599]}},{"type":"Feature","properties":{"kind":"academy","label":"대형 입시학원","name":"대교하이캠퍼스위례감일학원","cap":546},"geometry":{"type":"Point","coordinates":[127.161684016553,37.504489042901]}},{"type":"Feature","properties":{"kind":"academy","label":"대형 입시학원","name":"뛰어날영어학원","cap":300},"geometry":{"type":"Point","coordinates":[127.208618664784,37.5411527162414]}},{"type":"Feature","properties":{"kind":"academy","label":"대형 입시학원","name":"멘토0819학원","cap":380},"geometry":{"type":"Point","coordinates":[127.184751315964,37.5686335795096]}},{"type":"Feature","properties":{"kind":"academy","label":"대형 입시학원","name":"미사구주이배수학학원","cap":590},"geometry":{"type":"Point","coordinates":[127.188794022598,37.5565733985855]}},{"type":"Feature","properties":{"kind":"academy","label":"대형 입시학원","name":"미사점와와학습코칭학원","cap":744},"geometry":{"type":"Point","coordinates":[127.184751315964,37.5686335795096]}},{"type":"Feature","properties":{"kind":"academy","label":"대형 입시학원","name":"베가(VEGA)수학전문학원","cap":438},"geometry":{"type":"Point","coordinates":[127.211642162357,37.5433855053768]}},{"type":"Feature","properties":{"kind":"academy","label":"대형 입시학원","name":"보스학원","cap":696},"geometry":{"type":"Point","coordinates":[127.189662083174,37.5663997052476]}},{"type":"Feature","properties":{"kind":"academy","label":"대형 입시학원","name":"센클미사캠퍼스영어독서학원","cap":345},"geometry":{"type":"Point","coordinates":[127.187998347201,37.5574070985239]}},{"type":"Feature","properties":{"kind":"academy","label":"대형 입시학원","name":"센트럴점와와학습코칭학원","cap":1088},"geometry":{"type":"Point","coordinates":[127.187998347201,37.5574070985239]}},{"type":"Feature","properties":{"kind":"academy","label":"대형 입시학원","name":"에듀플렉스에듀코치개별지도미사역학원","cap":310},"geometry":{"type":"Point","coordinates":[127.192991876605,37.5615644351501]}},{"type":"Feature","properties":{"kind":"academy","label":"대형 입시학원","name":"영수전문배움학원","cap":391},"geometry":{"type":"Point","coordinates":[127.193945023347,37.5616225191656]}},{"type":"Feature","properties":{"kind":"academy","label":"대형 입시학원","name":"이삼일공(2310)학원","cap":560},"geometry":{"type":"Point","coordinates":[127.185271786758,37.5695510572946]}},{"type":"Feature","properties":{"kind":"academy","label":"대형 입시학원","name":"조혜정국어학원","cap":324},"geometry":{"type":"Point","coordinates":[127.193298260773,37.5610822617823]}}]}