{"type":"FeatureCollection","features":[{"type":"Feature","properties":{"name":"가곡초등학교","kind":"school","level":"elem","class_size":19.9},"geometry":{"type":"Point","coordinates":[127.305212779418,37.684371540173]}},{"type":"Feature","properties":{"name":"가능초등학교","kind":"school","level":"elem","class_size":20.8},"geometry":{"type":"Point","coordinates":[127.035833744239,37.7464834645091]}},{"type":"Feature","properties":{"name":"가람초등학교","kind":"school","level":"elem","class_size":17.0},"geometry":{"type":"Point","coordinates":[126.842224411918,37.6237194495748]}},{"type":"Feature","properties":{"name":"가림초등학교","kind":"school","level":"elem","class_size":19.3},"geometry":{"type":"Point","coordinates":[126.878837974404,37.4585323363734]}},{"type":"Feature","properties":{"name":"가양초등학교","kind":"school","level":"elem","class_size":6.7},"geometry":{"type":"Point","coordinates":[127.293476085773,37.7330044011511]}},{"type":"Feature","properties":{"name":"가운초등학교","kind":"school","level":"elem","class_size":17.9},"geometry":{"type":"Point","coordinates":[127.155810075774,37.6005700005003]}},{"type":"Feature","properties":{"name":"가좌초등학교","kind":"school","level":"elem","class_size":19.0},"geometry":{"type":"Point","coordinates":[126.721558110591,37.6884262206658]}},{"type":"Feature","properties":{"name":"가현초등학교","kind":"school","level":"elem","class_size":22.9},"geometry":{"type":"Point","coordinates":[126.67400339504,37.6380782836358]}},{"type":"Feature","properties":{"name":"갈곡초등학교","kind":"school","level":"elem","class_size":19.3},"geometry":{"type":"Point","coordinates":[127.13325205553,37.2712833017402]}},{"type":"Feature","properties":{"name":"갈매초등학교","kind":"school","level":"elem","class_size":22.5},"geometry":{"type":"Point","coordinates":[127.116054038144,37.6284276707364]}},{"type":"Feature","properties":{"name":"감일초등학교","kind":"school","level":"elem","class_size":22.5},"geometry":{"type":"Point","coordinates":[127.162279325029,37.5001902533794]}},{"type":"Feature","properties":{"name":"감정초등학교","kind":"school","level":"elem","class_size":19.8},"geometry":{"type":"Point","coordinates":[126.695515787263,37.623439561699]}},{"type":"Feature","properties":{"name":"강선초등학교","kind":"school","level":"elem","class_size":21.4},"geometry":{"type":"Point","coordinates":[126.764625731644,37.67122822894]}},{"type":"Feature","properties":{"name":"개곡초등학교","kind":"school","level":"elem","class_size":13.5},"geometry":{"type":"Point","coordinates":[126.593641447035,37.7320307192317]}},{"type":"Feature","properties":{"name":"건원초등학교","kind":"school","level":"elem","class_size":14.8},"geometry":{"type":"Point","coordinates":[127.13567915369035,37.60732254883613]}},{"type":"Feature","properties":{"name":"걸포초등학교","kind":"school","level":"elem","class_size":18.7},"geometry":{"type":"Point","coordinates":[126.707490969605,37.6335886198053]}},{"type":"Feature","properties":{"name":"검단초등학교","kind":"school","level":"elem","class_size":18.2},"geometry":{"type":"Point","coordinates":[127.144033982328,37.4294825819368]}},{"type":"Feature","properties":{"name":"경의초등학교","kind":"school","level":"elem","class_size":21.5},"geometry":{"type":"Point","coordinates":[127.050836096091,37.7338225740131]}},{"type":"Feature","properties":{"name":"계남초등학교","kind":"school","level":"elem","class_size":null},"geometry":{"type":"Point","coordinates":[126.771947196592,37.4990121870408]}},{"type":"Feature","properties":{"name":"고강초등학교","kind":"school","level":"elem","class_size":null},"geometry":{"type":"Point","coordinates":[126.820189345573,37.5272686577142]}},{"type":"Feature","properties":{"name":"고골초등학교","kind":"school","level":"elem","class_size":null},"geometry":{"type":"Point","coordinates":[127.1976161423852,37.51846634685102]}},{"type":"Feature","properties":{"name":"고기초등학교","kind":"school","level":"elem","class_size":null},"geometry":{"type":"Point","coordinates":[127.065959902158,37.3589156684642]}},{"type":"Feature","properties":{"name":"고리울초등학교","kind":"school","level":"elem","class_size":null},"geometry":{"type":"Point","coordinates":[126.827085229997,37.527265800721]}},{"type":"Feature","properties":{"name":"고림초등학교","kind":"school","level":"elem","class_size":20.1},"geometry":{"type":"Point","coordinates":[127.226840937373,37.2473198771749]}},{"type":"Feature","properties":{"name":"고봉초등학교","kind":"school","level":"elem","class_size":18.7},"geometry":{"type":"Point","coordinates":[126.782620493164,37.6961394442868]}},{"type":"Feature","properties":{"name":"고산초등학교","kind":"school","level":"elem","class_size":24.8},"geometry":{"type":"Point","coordinates":[127.106797826616,37.7264017942756]}},{"type":"Feature","properties":{"name":"고색초등학교","kind":"school","level":"elem","class_size":null},"geometry":{"type":"Point","coordinates":[126.978383539038,37.2515612265682]}},{"type":"Feature","properties":{"name":"고양관산초등학교","kind":"school","level":"elem","class_size":17.1},"geometry":{"type":"Point","coordinates":[126.866567661998,37.6921232492666]}},{"type":"Feature","properties":{"name":"고양동산초등학교","kind":"school","level":"elem","class_size":21.7},"geometry":{"type":"Point","coordinates":[126.886582990389,37.6463862282985]}},{"type":"Feature","properties":{"name":"고양백석초등학교","kind":"school","level":"elem","class_size":21.6},"geometry":{"type":"Point","coordinates":[126.78905766637,37.6521391747615]}},{"type":"Feature","properties":{"name":"고양신일초등학교","kind":"school","level":"elem","class_size":23.6},"geometry":{"type":"Point","coordinates":[126.770830238317,37.6795496217272]}},{"type":"Feature","properties":{"name":"고양오금초등학교","kind":"school","level":"elem","class_size":21.7},"geometry":{"type":"Point","coordinates":[126.895255585354,37.6626920220511]}},{"type":"Feature","properties":{"name":"고양용현초등학교","kind":"school","level":"elem","class_size":16.3},"geometry":{"type":"Point","coordinates":[126.838225903568,37.6151777248977]}},{"type":"Feature","properties":{"name":"고양장항초등학교","kind":"school","level":"elem","class_size":22.0},"geometry":{"type":"Point","coordinates":[126.754595098352,37.6487660972698]}},{"type":"Feature","properties":{"name":"고양초등학교","kind":"school","level":"elem","class_size":18.1},"geometry":{"type":"Point","coordinates":[126.899432556799,37.7029323344031]}},{"type":"Feature","properties":{"name":"고양한내초등학교","kind":"school","level":"elem","class_size":18.8},"geometry":{"type":"Point","coordinates":[126.735234431473,37.6687360674907]}},{"type":"Feature","properties":{"name":"고양화수초등학교","kind":"school","level":"elem","class_size":20.2},"geometry":{"type":"Point","coordinates":[126.832725419878,37.6453791892223]}},{"type":"Feature","properties":{"name":"고양화정초등학교","kind":"school","level":"elem","class_size":23.1},"geometry":{"type":"Point","coordinates":[126.825990992036,37.6340070530698]}},{"type":"Feature","properties":{"name":"고진초등학교","kind":"school","level":"elem","class_size":23.2},"geometry":{"type":"Point","coordinates":[127.218592399646,37.2474651415534]}},{"type":"Feature","properties":{"name":"고창초등학교","kind":"school","level":"elem","class_size":22.0},"geometry":{"type":"Point","coordinates":[126.672551046329,37.6459468501832]}},{"type":"Feature","properties":{"name":"고촌초등학교","kind":"school","level":"elem","class_size":21.8},"geometry":{"type":"Point","coordinates":[126.773369441673,37.6061437389548]}},{"type":"Feature","properties":{"name":"고현초등학교","kind":"school","level":"elem","class_size":null},"geometry":{"type":"Point","coordinates":[126.98804885766,37.2491607730251]}},{"type":"Feature","properties":{"name":"곡반초등학교","kind":"school","level":"elem","class_size":null},"geometry":{"type":"Point","coordinates":[127.036213690744,37.2468711499518]}},{"type":"Feature","properties":{"name":"곡선초등학교","kind":"school","level":"elem","class_size":null},"geometry":{"type":"Point","coordinates":[127.025399208357,37.2507614296629]}},{"type":"Feature","properties":{"name":"곡정초등학교","kind":"school","level":"elem","class_size":null},"geometry":{"type":"Point","coordinates":[127.025348769168,37.2408383228197]}},{"type":"Feature","properties":{"name":"공세초등학교","kind":"school","level":"elem","class_size":18.7},"geometry":{"type":"Point","coordinates":[127.116483637702,37.2390224736158]}},{"type":"Feature","properties":{"name":"과천갈현초등학교","kind":"school","level":"elem","class_size":22.6},"geometry":{"type":"Point","coordinates":[126.987914752836,37.4117323456985]}},{"type":"Feature","properties":{"name":"과천율목초등학교","kind":"school","level":"elem","class_size":20.5},"geometry":{"type":"Point","coordinates":[126.982604147991,37.4075705933742]}},{"type":"Feature","properties":{"name":"과천초등학교","kind":"school","level":"elem","class_size":21.6},"geometry":{"type":"Point","coordinates":[126.993703496664,37.436803252804]}},{"type":"Feature","properties":{"name":"관곡초등학교","kind":"school","level":"elem","class_size":9.6},"geometry":{"type":"Point","coordinates":[127.113741640879,37.2832249498064]}},{"type":"Feature","properties":{"name":"관문초등학교","kind":"school","level":"elem","class_size":19.3},"geometry":{"type":"Point","coordinates":[127.001154538042,37.434240925417]}},{"type":"Feature","properties":{"name":"관양초등학교","kind":"school","level":"elem","class_size":18.7},"geometry":{"type":"Point","coordinates":[126.96005163893,37.4067453761087]}},{"type":"Feature","properties":{"name":"광교초등학교","kind":"school","level":"elem","class_size":23.1},"geometry":{"type":"Point","coordinates":[127.046168103878,37.3038519124421]}},{"type":"Feature","properties":{"name":"광교호수초등학교","kind":"school","level":"elem","class_size":21.8},"geometry":{"type":"Point","coordinates":[127.058599032683,37.2797047241416]}},{"type":"Feature","properties":{"name":"광릉초등학교","kind":"school","level":"elem","class_size":14.1},"geometry":{"type":"Point","coordinates":[127.206772746636,37.7459204889412]}},{"type":"Feature","properties":{"name":"광명광덕초등학교","kind":"school","level":"elem","class_size":21.9},"geometry":{"type":"Point","coordinates":[126.865647685294,37.4732670813114]}},{"type":"Feature","properties":{"name":"광명광성초등학교","kind":"school","level":"elem","class_size":20.4},"geometry":{"type":"Point","coordinates":[126.873071005485,37.4788502830457]}},{"type":"Feature","properties":{"name":"광명남초등학교","kind":"school","level":"elem","class_size":21.0},"geometry":{"type":"Point","coordinates":[126.853702442327,37.4751270849887]}},{"type":"Feature","properties":{"name":"광명동초등학교","kind":"school","level":"elem","class_size":21.4},"geometry":{"type":"Point","coordinates":[126.863363871392,37.4839433981065]}},{"type":"Feature","properties":{"name":"광명북초등학교","kind":"school","level":"elem","class_size":21.6},"geometry":{"type":"Point","coordinates":[126.867657965073,37.4864515558862]}},{"type":"Feature","properties":{"name":"광명서초등학교","kind":"school","level":"elem","class_size":18.9},"geometry":{"type":"Point","coordinates":[126.847013683251,37.4784721689625]}},{"type":"Feature","properties":{"name":"광명초등학교","kind":"school","level":"elem","class_size":20.5},"geometry":{"type":"Point","coordinates":[126.857401072961,37.4808283244911]}},{"type":"Feature","properties":{"name":"광문초등학교","kind":"school","level":"elem","class_size":21.6},"geometry":{"type":"Point","coordinates":[126.851652932257,37.4668847953345]}},{"type":"Feature","properties":{"name":"광일초등학교","kind":"school","level":"elem","class_size":20.0},"geometry":{"type":"Point","coordinates":[126.847011924176,37.4716259391543]}},{"type":"Feature","properties":{"name":"교동초등학교","kind":"school","level":"elem","class_size":20.5},"geometry":{"type":"Point","coordinates":[127.122486500552,37.2999792141294]}},{"type":"Feature","properties":{"name":"교문초등학교","kind":"school","level":"elem","class_size":18.5},"geometry":{"type":"Point","coordinates":[127.133620870792,37.5982438213314]}},{"type":"Feature","properties":{"name":"구갈초등학교","kind":"school","level":"elem","class_size":17.8},"geometry":{"type":"Point","coordinates":[127.111929137152,37.2779426233543]}},{"type":"Feature","properties":{"name":"구룡초등학교","kind":"school","level":"elem","class_size":21.5},"geometry":{"type":"Point","coordinates":[127.252487345758,37.6579204294797]}},{"type":"Feature","properties":{"name":"구름산초등학교","kind":"school","level":"elem","class_size":22.0},"geometry":{"type":"Point","coordinates":[126.88407966754,37.4529998818445]}},{"type":"Feature","properties":{"name":"구리초등학교","kind":"school","level":"elem","class_size":19.2},"geometry":{"type":"Point","coordinates":[127.147599063108,37.6012108872797]}},{"type":"Feature","properties":{"name":"구미초등학교","kind":"school","level":"elem","class_size":21.2},"geometry":{"type":"Point","coordinates":[127.118398587607,37.3377547795285]}},{"type":"Feature","properties":{"name":"구성초등학교","kind":"school","level":"elem","class_size":19.9},"geometry":{"type":"Point","coordinates":[127.115391047723,37.2956327163536]}},{"type":"Feature","properties":{"name":"구운초등학교","kind":"school","level":"elem","class_size":null},"geometry":{"type":"Point","coordinates":[126.977918639835,37.2807023652979]}},{"type":"Feature","properties":{"name":"구지초등학교","kind":"school","level":"elem","class_size":20.7},"geometry":{"type":"Point","coordinates":[127.142189482898,37.6072883054007]}},{"type":"Feature","properties":{"name":"권선초등학교","kind":"school","level":"elem","class_size":null},"geometry":{"type":"Point","coordinates":[127.021765806254,37.2632973764339]}},{"type":"Feature","properties":{"name":"귀인초등학교","kind":"school","level":"elem","class_size":24.6},"geometry":{"type":"Point","coordinates":[126.966033533512,37.3867542915585]}},{"type":"Feature","properties":{"name":"규장초등학교","kind":"school","level":"elem","class_size":null},"geometry":{"type":"Point","coordinates":[127.020210418339,37.2426690644358]}},{"type":"Feature","properties":{"name":"글빛초등학교","kind":"school","level":"elem","class_size":24.2},"geometry":{"type":"Point","coordinates":[127.043463616425,37.2397218000303]}},{"type":"Feature","properties":{"name":"금계초등학교","kind":"school","level":"elem","class_size":18.6},"geometry":{"type":"Point","coordinates":[126.784311924311,37.6496009979059]}},{"type":"Feature","properties":{"name":"금교초등학교","kind":"school","level":"elem","class_size":21.8},"geometry":{"type":"Point","coordinates":[127.161611536705,37.6142758787991]}},{"type":"Feature","properties":{"name":"금남초등학교","kind":"school","level":"elem","class_size":9.1},"geometry":{"type":"Point","coordinates":[127.362014643763,37.6436864684325]}},{"type":"Feature","properties":{"name":"금란초등학교","kind":"school","level":"elem","class_size":16.5},"geometry":{"type":"Point","coordinates":[126.751134365967,37.6076540505063]}},{"type":"Feature","properties":{"name":"금빛초등학교","kind":"school","level":"elem","class_size":15.1},"geometry":{"type":"Point","coordinates":[127.140632227388,37.4473289338738]}},{"type":"Feature","properties":{"name":"금상초등학교","kind":"school","level":"elem","class_size":20.9},"geometry":{"type":"Point","coordinates":[127.166035606699,37.4435656909719]}},{"type":"Feature","properties":{"name":"금성초등학교","kind":"school","level":"elem","class_size":6.0},"geometry":{"type":"Point","coordinates":[126.632455475067,37.7448600210037]}},{"type":"Feature","properties":{"name":"금오초등학교","kind":"school","level":"elem","class_size":17.2},"geometry":{"type":"Point","coordinates":[127.065486388292,37.7559514208034]}},{"type":"Feature","properties":{"name":"금파초등학교","kind":"school","level":"elem","class_size":18.8},"geometry":{"type":"Point","coordinates":[126.716780989048,37.6242413266249]}},{"type":"Feature","properties":{"name":"기흥초등학교","kind":"school","level":"elem","class_size":17.3},"geometry":{"type":"Point","coordinates":[127.109801808552,37.2319187930235]}},{"type":"Feature","properties":{"name":"김포구래초등학교","kind":"school","level":"elem","class_size":21.7},"geometry":{"type":"Point","coordinates":[126.628081887669,37.6401011190334]}},{"type":"Feature","properties":{"name":"김포금빛초등학교","kind":"school","level":"elem","class_size":23.9},"geometry":{"type":"Point","coordinates":[126.679395400451,37.6354070527656]}},{"type":"Feature","properties":{"name":"김포나진초등학교","kind":"school","level":"elem","class_size":22.7},"geometry":{"type":"Point","coordinates":[126.702729983567,37.6357857491848]}},{"type":"Feature","properties":{"name":"김포대명초등학교","kind":"school","level":"elem","class_size":10.8},"geometry":{"type":"Point","coordinates":[126.55357501406,37.6484266863992]}},{"type":"Feature","properties":{"name":"김포서초등학교","kind":"school","level":"elem","class_size":18.8},"geometry":{"type":"Point","coordinates":[126.701727843111,37.6290235970441]}},{"type":"Feature","properties":{"name":"김포신풍초등학교","kind":"school","level":"elem","class_size":22.1},"geometry":{"type":"Point","coordinates":[126.726794084531,37.6130170343721]}},{"type":"Feature","properties":{"name":"김포초등학교","kind":"school","level":"elem","class_size":15.5},"geometry":{"type":"Point","coordinates":[126.708400291095,37.6258354768706]}},{"type":"Feature","properties":{"name":"김포한가람초등학교","kind":"school","level":"elem","class_size":20.6},"geometry":{"type":"Point","coordinates":[126.621883335884,37.6477391974818]}},{"type":"Feature","properties":{"name":"김포호수초등학교","kind":"school","level":"elem","class_size":22.6},"geometry":{"type":"Point","coordinates":[126.633455117821,37.6499616735568]}},{"type":"Feature","properties":{"name":"까치울초등학교","kind":"school","level":"elem","class_size":null},"geometry":{"type":"Point","coordinates":[126.814195814862,37.5137588603364]}},{"type":"Feature","properties":{"name":"나곡초등학교","kind":"school","level":"elem","class_size":23.0},"geometry":{"type":"Point","coordinates":[127.118711425464,37.2537292695597]}},{"type":"Feature","properties":{"name":"나눔초등학교","kind":"school","level":"elem","class_size":18.1},"geometry":{"type":"Point","coordinates":[126.975580752592,37.3905695079055]}},{"type":"Feature","properties":{"name":"나룰초등학교","kind":"school","level":"elem","class_size":21.1},"geometry":{"type":"Point","coordinates":[127.209193007704,37.5485582617152]}},{"type":"Feature","properties":{"name":"나비초등학교","kind":"school","level":"elem","class_size":21.7},"geometry":{"type":"Point","coordinates":[126.625995295257,37.6402674208471]}},{"type":"Feature","properties":{"name":"나산초등학교","kind":"school","level":"elem","class_size":21.7},"geometry":{"type":"Point","coordinates":[127.10977132182,37.2503727678455]}},{"type":"Feature","properties":{"name":"낙민초등학교","kind":"school","level":"elem","class_size":22.0},"geometry":{"type":"Point","coordinates":[126.780100358173,37.6539283838048]}},{"type":"Feature","properties":{"name":"낙생초등학교","kind":"school","level":"elem","class_size":21.0},"geometry":{"type":"Point","coordinates":[127.099001999359,37.3943170425117]}},{"type":"Feature","properties":{"name":"남곡초등학교","kind":"school","level":"elem","class_size":22.8},"geometry":{"type":"Point","coordinates":[127.174832794531,37.1578366490804]}},{"type":"Feature","properties":{"name":"남사초등학교","kind":"school","level":"elem","class_size":8.1},"geometry":{"type":"Point","coordinates":[127.148282511711,37.1136385908521]}},{"type":"Feature","properties":{"name":"남수원초등학교","kind":"school","level":"elem","class_size":null},"geometry":{"type":"Point","coordinates":[127.016498844861,37.2498814226169]}},{"type":"Feature","properties":{"name":"남양주금곡초등학교","kind":"school","level":"elem","class_size":15.6},"geometry":{"type":"Point","coordinates":[127.211918606788,37.63587469071]}},{"type":"Feature","properties":{"name":"남양주다산초등학교","kind":"school","level":"elem","class_size":22.4},"geometry":{"type":"Point","coordinates":[127.158679805808,37.6267240167416]}},{"type":"Feature","properties":{"name":"남양주덕송초등학교","kind":"school","level":"elem","class_size":22.4},"geometry":{"type":"Point","coordinates":[127.115690640041,37.6692739062078]}},{"type":"Feature","properties":{"name":"남양주도곡초등학교","kind":"school","level":"elem","class_size":20.9},"geometry":{"type":"Point","coordinates":[127.21890592317,37.579789580182]}},{"type":"Feature","properties":{"name":"남양주동곡초등학교","kind":"school","level":"elem","class_size":13.9},"geometry":{"type":"Point","coordinates":[127.203920030521,37.6288875967537]}},{"type":"Feature","properties":{"name":"남양주미금초등학교","kind":"school","level":"elem","class_size":19.9},"geometry":{"type":"Point","coordinates":[127.155142445333,37.6089331414068]}},{"type":"Feature","properties":{"name":"남양주백봉초등학교","kind":"school","level":"elem","class_size":18.6},"geometry":{"type":"Point","coordinates":[127.242420447709,37.6434394472032]}},{"type":"Feature","properties":{"name":"남양주샛별초등학교","kind":"school","level":"elem","class_size":21.7},"geometry":{"type":"Point","coordinates":[127.129329630542,37.6660518010637]}},{"type":"Feature","properties":{"name":"남양주송라초등학교","kind":"school","level":"elem","class_size":21.3},"geometry":{"type":"Point","coordinates":[127.301865788293,37.654454293699]}},{"type":"Feature","properties":{"name":"남양주송촌초등학교","kind":"school","level":"elem","class_size":8.5},"geometry":{"type":"Point","coordinates":[127.318232819296,37.5677013272782]}},{"type":"Feature","properties":{"name":"남양주신촌초등학교","kind":"school","level":"elem","class_size":22.2},"geometry":{"type":"Point","coordinates":[127.239880524996,37.6455042837519]}},{"type":"Feature","properties":{"name":"남양주양정초등학교","kind":"school","level":"elem","class_size":20.1},"geometry":{"type":"Point","coordinates":[127.165747979851,37.6086575262173]}},{"type":"Feature","properties":{"name":"남양주양지초등학교","kind":"school","level":"elem","class_size":18.7},"geometry":{"type":"Point","coordinates":[127.204765258198,37.7004339026664]}},{"type":"Feature","properties":{"name":"남양주월문초등학교","kind":"school","level":"elem","class_size":14.5},"geometry":{"type":"Point","coordinates":[127.26160363589,37.6094883915882]}},{"type":"Feature","properties":{"name":"남양주월산초등학교","kind":"school","level":"elem","class_size":20.6},"geometry":{"type":"Point","coordinates":[127.340180493768,37.6540012574837]}},{"type":"Feature","properties":{"name":"남창초등학교","kind":"school","level":"elem","class_size":null},"geometry":{"type":"Point","coordinates":[127.014078740267,37.2783103357596]}},{"type":"Feature","properties":{"name":"남촌초등학교","kind":"school","level":"elem","class_size":6.5},"geometry":{"type":"Point","coordinates":[127.13770097582,37.1017227796266]}},{"type":"Feature","properties":{"name":"내양초등학교","kind":"school","level":"elem","class_size":7.0},"geometry":{"type":"Point","coordinates":[127.139282363227,37.6405870968044]}},{"type":"Feature","properties":{"name":"내유초등학교","kind":"school","level":"elem","class_size":20.1},"geometry":{"type":"Point","coordinates":[126.851894498869,37.7155487211586]}},{"type":"Feature","properties":{"name":"내정초등학교","kind":"school","level":"elem","class_size":24.2},"geometry":{"type":"Point","coordinates":[127.122265012979,37.3724032020258]}},{"type":"Feature","properties":{"name":"냉천초등학교","kind":"school","level":"elem","class_size":17.2},"geometry":{"type":"Point","coordinates":[126.785658871723,37.6667229797167]}},{"type":"Feature","properties":{"name":"녹양초등학교","kind":"school","level":"elem","class_size":15.9},"geometry":{"type":"Point","coordinates":[127.037068441128,37.7632855777424]}},{"type":"Feature","properties":{"name":"늘푸른초등학교","kind":"school","level":"elem","class_size":27.2},"geometry":{"type":"Point","coordinates":[127.105670764148,37.3583335383209]}},{"type":"Feature","properties":{"name":"능곡초등학교","kind":"school","level":"elem","class_size":20.8},"geometry":{"type":"Point","coordinates":[126.81594366906,37.6244977664253]}},{"type":"Feature","properties":{"name":"능실초등학교","kind":"school","level":"elem","class_size":null},"geometry":{"type":"Point","coordinates":[126.956054587606,37.259721471346]}},{"type":"Feature","properties":{"name":"능원초등학교","kind":"school","level":"elem","class_size":22.1},"geometry":{"type":"Point","coordinates":[127.173848097527,37.3431936575262]}},{"type":"Feature","properties":{"name":"다산가람초등학교","kind":"school","level":"elem","class_size":22.9},"geometry":{"type":"Point","coordinates":[127.14908906497,37.6196282817035]}},{"type":"Feature","properties":{"name":"다산별빛초등학교","kind":"school","level":"elem","class_size":22.0},"geometry":{"type":"Point","coordinates":[127.165584491017,37.6172104732578]}},{"type":"Feature","properties":{"name":"다산새봄초등학교","kind":"school","level":"elem","class_size":22.7},"geometry":{"type":"Point","coordinates":[127.159215765256,37.619937876379]}},{"type":"Feature","properties":{"name":"다산하늘초등학교","kind":"school","level":"elem","class_size":23.3},"geometry":{"type":"Point","coordinates":[127.146683691441,37.6280068659996]}},{"type":"Feature","properties":{"name":"다산한강초등학교","kind":"school","level":"elem","class_size":23.2},"geometry":{"type":"Point","coordinates":[127.172379326829,37.5994295558264]}},{"type":"Feature","properties":{"name":"다솔초등학교","kind":"school","level":"elem","class_size":null},"geometry":{"type":"Point","coordinates":[126.987681530383,37.3086256741139]}},{"type":"Feature","properties":{"name":"다솜초등학교","kind":"school","level":"elem","class_size":21.5},"geometry":{"type":"Point","coordinates":[126.79657775488,37.6725866945208]}},{"type":"Feature","properties":{"name":"단남초등학교","kind":"school","level":"elem","class_size":20.2},"geometry":{"type":"Point","coordinates":[127.161375010235,37.4429042245649]}},{"type":"Feature","properties":{"name":"단대초등학교","kind":"school","level":"elem","class_size":19.0},"geometry":{"type":"Point","coordinates":[127.157814911772,37.4535931553273]}},{"type":"Feature","properties":{"name":"단샘초등학교","kind":"school","level":"elem","class_size":22.3},"geometry":{"type":"Point","coordinates":[127.158906665875,37.5071888869251]}},{"type":"Feature","properties":{"name":"달안초등학교","kind":"school","level":"elem","class_size":9.1},"geometry":{"type":"Point","coordinates":[126.950087397967,37.3946052843374]}},{"type":"Feature","properties":{"name":"답내초등학교","kind":"school","level":"elem","class_size":8.7},"geometry":{"type":"Point","coordinates":[127.347301306287,37.6623909544839]}},{"type":"Feature","properties":{"name":"당수초등학교","kind":"school","level":"elem","class_size":null},"geometry":{"type":"Point","coordinates":[126.941722245069,37.2896138777796]}},{"type":"Feature","properties":{"name":"당촌초등학교","kind":"school","level":"elem","class_size":24.2},"geometry":{"type":"Point","coordinates":[127.131262041362,37.3736894131515]}},{"type":"Feature","properties":{"name":"대곡초등학교","kind":"school","level":"elem","class_size":7.7},"geometry":{"type":"Point","coordinates":[126.812752864566,37.6411565458396]}},{"type":"Feature","properties":{"name":"대곶초등학교","kind":"school","level":"elem","class_size":11.4},"geometry":{"type":"Point","coordinates":[126.584810689298,37.6520049204209]}},{"type":"Feature","properties":{"name":"대선초등학교","kind":"school","level":"elem","class_size":22.9},"geometry":{"type":"Point","coordinates":[127.064991858855,37.2419860006207]}},{"type":"Feature","properties":{"name":"대원초등학교","kind":"school","level":"elem","class_size":null},"geometry":{"type":"Point","coordinates":[127.155099379098,37.4366720199037]}},{"type":"Feature","properties":{"name":"대일초등학교","kind":"school","level":"elem","class_size":14.2},"geometry":{"type":"Point","coordinates":[127.164184417972,37.4384688070825]}},{"type":"Feature","properties":{"name":"대지초등학교","kind":"school","level":"elem","class_size":null},"geometry":{"type":"Point","coordinates":[127.115936268988,37.3301776551438]}},{"type":"Feature","properties":{"name":"대청초등학교","kind":"school","level":"elem","class_size":null},"geometry":{"type":"Point","coordinates":[127.129049534607,37.3341882647957]}},{"type":"Feature","properties":{"name":"대평초등학교","kind":"school","level":"elem","class_size":null},"geometry":{"type":"Point","coordinates":[126.990772967257,37.2977497278923]}},{"type":"Feature","properties":{"name":"대하초등학교","kind":"school","level":"elem","class_size":18.6},"geometry":{"type":"Point","coordinates":[127.151304371801,37.4319080446227]}},{"type":"Feature","properties":{"name":"대현초등학교","kind":"school","level":"elem","class_size":null},"geometry":{"type":"Point","coordinates":[127.106520987289,37.3335924948783]}},{"type":"Feature","properties":{"name":"대화초등학교","kind":"school","level":"elem","class_size":19.3},"geometry":{"type":"Point","coordinates":[126.732395164763,37.6715708927274]}},{"type":"Feature","properties":{"name":"덕소초등학교","kind":"school","level":"elem","class_size":16.0},"geometry":{"type":"Point","coordinates":[127.214919760936,37.5873767678646]}},{"type":"Feature","properties":{"name":"덕은초등학교","kind":"school","level":"elem","class_size":14.8},"geometry":{"type":"Point","coordinates":[126.872717213534,37.6032743872942]}},{"type":"Feature","properties":{"name":"덕은한강초등학교","kind":"school","level":"elem","class_size":23.0},"geometry":{"type":"Point","coordinates":[126.863806586683,37.5815289260585]}},{"type":"Feature","properties":{"name":"덕이초등학교","kind":"school","level":"elem","class_size":17.4},"geometry":{"type":"Point","coordinates":[126.74838051788,37.6927648692268]}},{"type":"Feature","properties":{"name":"덕천초등학교","kind":"school","level":"elem","class_size":21.8},"geometry":{"type":"Point","coordinates":[126.935951265768,37.3920663296306]}},{"type":"Feature","properties":{"name":"덕풍초등학교","kind":"school","level":"elem","class_size":19.2},"geometry":{"type":"Point","coordinates":[127.197425695532,37.5407173159454]}},{"type":"Feature","properties":{"name":"도농초등학교","kind":"school","level":"elem","class_size":22.1},"geometry":{"type":"Point","coordinates":[127.157497377453,37.6123877449805]}},{"type":"Feature","properties":{"name":"도당초등학교","kind":"school","level":"elem","class_size":null},"geometry":{"type":"Point","coordinates":[126.792345787516,37.5191750624429]}},{"type":"Feature","properties":{"name":"도덕초등학교","kind":"school","level":"elem","class_size":22.6},"geometry":{"type":"Point","coordinates":[126.870706794206,37.4842670145231]}},{"type":"Feature","properties":{"name":"도래울초등학교","kind":"school","level":"elem","class_size":20.9},"geometry":{"type":"Point","coordinates":[126.871861028431,37.630561133427]}},{"type":"Feature","properties":{"name":"도림초등학교","kind":"school","level":"elem","class_size":10.2},"geometry":{"type":"Point","coordinates":[127.129967115163,37.5932865950354]}},{"type":"Feature","properties":{"name":"도심초등학교","kind":"school","level":"elem","class_size":19.8},"geometry":{"type":"Point","coordinates":[127.227368238492,37.5801563256227]}},{"type":"Feature","properties":{"name":"도원초등학교","kind":"school","level":"elem","class_size":null},"geometry":{"type":"Point","coordinates":[126.772902374451,37.4771119204018]}},{"type":"Feature","properties":{"name":"도제원초등학교","kind":"school","level":"elem","class_size":21.0},"geometry":{"type":"Point","coordinates":[127.145722683516,37.6459768394759]}},{"type":"Feature","properties":{"name":"도촌초등학교","kind":"school","level":"elem","class_size":21.7},"geometry":{"type":"Point","coordinates":[127.158326877248,37.4146965417203]}},{"type":"Feature","properties":{"name":"도현초등학교","kind":"school","level":"elem","class_size":21.3},"geometry":{"type":"Point","coordinates":[127.256953804892,37.3461830568516]}},{"type":"Feature","properties":{"name":"독정초등학교","kind":"school","level":"elem","class_size":24.4},"geometry":{"type":"Point","coordinates":[127.116265698777,37.3188693747788]}},{"type":"Feature","properties":{"name":"돌마초등학교","kind":"school","level":"elem","class_size":19.3},"geometry":{"type":"Point","coordinates":[127.130378269421,37.4090993881012]}},{"type":"Feature","properties":{"name":"동곡초등학교","kind":"school","level":"elem","class_size":null},"geometry":{"type":"Point","coordinates":[126.816826849473,37.4906213877617]}},{"type":"Feature","properties":{"name":"동구초등학교","kind":"school","level":"elem","class_size":17.8},"geometry":{"type":"Point","coordinates":[127.141586705839,37.6091731780061]}},{"type":"Feature","properties":{"name":"동막초등학교","kind":"school","level":"elem","class_size":19.9},"geometry":{"type":"Point","coordinates":[127.155539117131,37.2860804631224]}},{"type":"Feature","properties":{"name":"동백초등학교","kind":"school","level":"elem","class_size":23.2},"geometry":{"type":"Point","coordinates":[127.156354047896,37.2805520600013]}},{"type":"Feature","properties":{"name":"동부초등학교","kind":"school","level":"elem","class_size":20.0},"geometry":{"type":"Point","coordinates":[127.202242482017,37.5374738586674]}},{"type":"Feature","properties":{"name":"동산초등학교","kind":"school","level":"elem","class_size":29.4},"geometry":{"type":"Point","coordinates":[126.784923013891,37.5314511569587]}},{"type":"Feature","properties":{"name":"동수원초등학교","kind":"school","level":"elem","class_size":17.9},"geometry":{"type":"Point","coordinates":[127.041464467631,37.269598147005]}},{"type":"Feature","properties":{"name":"동안초등학교","kind":"school","level":"elem","class_size":20.5},"geometry":{"type":"Point","coordinates":[126.964907658014,37.3895695701333]}},{"type":"Feature","properties":{"name":"동암초등학교","kind":"school","level":"elem","class_size":22.3},"geometry":{"type":"Point","coordinates":[127.054283269458,37.7231746225538]}},{"type":"Feature","properties":{"name":"동오초등학교","kind":"school","level":"elem","class_size":20.0},"geometry":{"type":"Point","coordinates":[127.058519203029,37.7446043346942]}},{"type":"Feature","properties":{"name":"동인초등학교","kind":"school","level":"elem","class_size":22.6},"geometry":{"type":"Point","coordinates":[127.133836641622,37.6109150930844]}},{"type":"Feature","properties":{"name":"동천초등학교","kind":"school","level":"elem","class_size":null},"geometry":{"type":"Point","coordinates":[127.093393212881,37.3446115639525]}},{"type":"Feature","properties":{"name":"두창초등학교","kind":"school","level":"elem","class_size":6.3},"geometry":{"type":"Point","coordinates":[127.342837037219,37.1583460062681]}},{"type":"Feature","properties":{"name":"둔전제일초등학교","kind":"school","level":"elem","class_size":16.9},"geometry":{"type":"Point","coordinates":[127.218888641,37.274045571018]}},{"type":"Feature","properties":{"name":"마북초등학교","kind":"school","level":"elem","class_size":20.4},"geometry":{"type":"Point","coordinates":[127.110041397616,37.302819971702]}},{"type":"Feature","properties":{"name":"마석초등학교","kind":"school","level":"elem","class_size":20.0},"geometry":{"type":"Point","coordinates":[127.305051453939,37.6495334174053]}},{"type":"Feature","properties":{"name":"마성초등학교","kind":"school","level":"elem","class_size":17.1},"geometry":{"type":"Point","coordinates":[127.113019730317,37.2974039197773]}},{"type":"Feature","properties":{"name":"마송중앙초등학교","kind":"school","level":"elem","class_size":18.3},"geometry":{"type":"Point","coordinates":[126.594057707349,37.6893834758021]}},{"type":"Feature","properties":{"name":"마송초등학교","kind":"school","level":"elem","class_size":20.9},"geometry":{"type":"Point","coordinates":[126.606056973077,37.6843005224905]}},{"type":"Feature","properties":{"name":"만안초등학교","kind":"school","level":"elem","class_size":16.8},"geometry":{"type":"Point","coordinates":[126.915968663141,37.4065419696117]}},{"type":"Feature","properties":{"name":"망월초등학교","kind":"school","level":"elem","class_size":23.4},"geometry":{"type":"Point","coordinates":[127.181020093931,37.5708169727294]}},{"type":"Feature","properties":{"name":"망포초등학교","kind":"school","level":"elem","class_size":23.7},"geometry":{"type":"Point","coordinates":[127.04689640925,37.2405717983718]}},{"type":"Feature","properties":{"name":"매교초등학교","kind":"school","level":"elem","class_size":null},"geometry":{"type":"Point","coordinates":[127.01833607868,37.2688810828342]}},{"type":"Feature","properties":{"name":"매봉초등학교","kind":"school","level":"elem","class_size":null},"geometry":{"type":"Point","coordinates":[127.073325386317,37.310038227349]}},{"type":"Feature","properties":{"name":"매산초등학교","kind":"school","level":"elem","class_size":null},"geometry":{"type":"Point","coordinates":[127.010743866744,37.2721800061651]}},{"type":"Feature","properties":{"name":"매여울초등학교","kind":"school","level":"elem","class_size":null},"geometry":{"type":"Point","coordinates":[127.036796205949,37.2705681290546]}},{"type":"Feature","properties":{"name":"매원초등학교","kind":"school","level":"elem","class_size":22.1},"geometry":{"type":"Point","coordinates":[127.063721259584,37.2743880139239]}},{"type":"Feature","properties":{"name":"매탄초등학교","kind":"school","level":"elem","class_size":23.2},"geometry":{"type":"Point","coordinates":[127.04318634289,37.2641530772602]}},{"type":"Feature","properties":{"name":"매현초등학교","kind":"school","level":"elem","class_size":16.6},"geometry":{"type":"Point","coordinates":[127.042401571355,37.2566832668105]}},{"type":"Feature","properties":{"name":"명당초등학교","kind":"school","level":"elem","class_size":null},"geometry":{"type":"Point","coordinates":[127.039665543214,37.2522248602696]}},{"type":"Feature","properties":{"name":"명인초등학교","kind":"school","level":"elem","class_size":null},"geometry":{"type":"Point","coordinates":[126.995040798255,37.2942512558729]}},{"type":"Feature","properties":{"name":"명학초등학교","kind":"school","level":"elem","class_size":18.1},"geometry":{"type":"Point","coordinates":[126.934393282097,37.3799293211446]}},{"type":"Feature","properties":{"name":"모담초등학교","kind":"school","level":"elem","class_size":10.4},"geometry":{"type":"Point","coordinates":[126.674743025505,37.656730157341]}},{"type":"Feature","properties":{"name":"모당초등학교","kind":"school","level":"elem","class_size":20.6},"geometry":{"type":"Point","coordinates":[126.781186398506,37.6794622542777]}},{"type":"Feature","properties":{"name":"모현초등학교","kind":"school","level":"elem","class_size":13.0},"geometry":{"type":"Point","coordinates":[127.228486814478,37.3434763881658]}},{"type":"Feature","properties":{"name":"목암초등학교","kind":"school","level":"elem","class_size":21.7},"geometry":{"type":"Point","coordinates":[126.904655611291,37.7141894768432]}},{"type":"Feature","properties":{"name":"무원초등학교","kind":"school","level":"elem","class_size":20.9},"geometry":{"type":"Point","coordinates":[126.8316599889,37.6176977026631]}},{"type":"Feature","properties":{"name":"문원초등학교","kind":"school","level":"elem","class_size":25.1},"geometry":{"type":"Point","coordinates":[126.995004573652,37.4240168959748]}},{"type":"Feature","properties":{"name":"문촌초등학교","kind":"school","level":"elem","class_size":14.2},"geometry":{"type":"Point","coordinates":[126.760457083021,37.6733864175739]}},{"type":"Feature","properties":{"name":"문화초등학교","kind":"school","level":"elem","class_size":21.7},"geometry":{"type":"Point","coordinates":[126.767203258975,37.6748637441641]}},{"type":"Feature","properties":{"name":"미사강변초등학교","kind":"school","level":"elem","class_size":23.3},"geometry":{"type":"Point","coordinates":[127.184898002826,37.5748103841189]}},{"type":"Feature","properties":{"name":"미사중앙초등학교","kind":"school","level":"elem","class_size":23.6},"geometry":{"type":"Point","coordinates":[127.198869675355,37.5592255174677]}},{"type":"Feature","properties":{"name":"미사초등학교","kind":"school","level":"elem","class_size":21.6},"geometry":{"type":"Point","coordinates":[127.192851546922,37.5713178413334]}},{"type":"Feature","properties":{"name":"민락초등학교","kind":"school","level":"elem","class_size":20.8},"geometry":{"type":"Point","coordinates":[127.094830238184,37.7421778312654]}},{"type":"Feature","properties":{"name":"민백초등학교","kind":"school","level":"elem","class_size":21.8},"geometry":{"type":"Point","coordinates":[126.970485263993,37.3864667084071]}},{"type":"Feature","properties":{"name":"박달초등학교","kind":"school","level":"elem","class_size":21.4},"geometry":{"type":"Point","coordinates":[126.902452386911,37.4007144222473]}},{"type":"Feature","properties":{"name":"발곡초등학교","kind":"school","level":"elem","class_size":22.3},"geometry":{"type":"Point","coordinates":[127.067736105966,37.7289505454173]}},{"type":"Feature","properties":{"name":"배영초등학교","kind":"school","level":"elem","class_size":17.0},"geometry":{"type":"Point","coordinates":[127.04727549495128,37.74785547946886]}},{"type":"Feature","properties":{"name":"백마초등학교","kind":"school","level":"elem","class_size":19.7},"geometry":{"type":"Point","coordinates":[126.79088307804,37.6578971697095]}},{"type":"Feature","properties":{"name":"백문초등학교","kind":"school","level":"elem","class_size":21.7},"geometry":{"type":"Point","coordinates":[127.132921669204,37.5886553614614]}},{"type":"Feature","properties":{"name":"백봉초등학교","kind":"school","level":"elem","class_size":3.6},"geometry":{"type":"Point","coordinates":[127.399981990357,37.1379764659596]}},{"type":"Feature","properties":{"name":"백송초등학교","kind":"school","level":"elem","class_size":21.6},"geometry":{"type":"Point","coordinates":[126.753556606125,37.7018088733012]}},{"type":"Feature","properties":{"name":"백신초등학교","kind":"school","level":"elem","class_size":19.6},"geometry":{"type":"Point","coordinates":[126.781109404902,37.6442679532939]}},{"type":"Feature","properties":{"name":"백암초등학교","kind":"school","level":"elem","class_size":11.3},"geometry":{"type":"Point","coordinates":[127.367489996962,37.1641457287611]}},{"type":"Feature","properties":{"name":"백암초등학교수정분교장","kind":"school","level":"elem","class_size":2.3},"geometry":{"type":"Point","coordinates":[127.360457988263,37.1861979297378]}},{"type":"Feature","properties":{"name":"백양초등학교","kind":"school","level":"elem","class_size":16.0},"geometry":{"type":"Point","coordinates":[126.836165985309,37.6322580328221]}},{"type":"Feature","properties":{"name":"백현초등학교","kind":"school","level":"elem","class_size":9.7},"geometry":{"type":"Point","coordinates":[127.11116561429,37.3721933139453]}},{"type":"Feature","properties":{"name":"버들개초등학교","kind":"school","level":"elem","class_size":21.0},"geometry":{"type":"Point","coordinates":[127.029250676448,37.7619938102052]}},{"type":"Feature","properties":{"name":"벌말초등학교","kind":"school","level":"elem","class_size":21.3},"geometry":{"type":"Point","coordinates":[126.980895304498,37.3938370532225]}},{"type":"Feature","properties":{"name":"범계초등학교","kind":"school","level":"elem","class_size":23.4},"geometry":{"type":"Point","coordinates":[126.954355544748,37.3872924163743]}},{"type":"Feature","properties":{"name":"범박초등학교","kind":"school","level":"elem","class_size":null},"geometry":{"type":"Point","coordinates":[126.811492042334,37.4703794235879]}},{"type":"Feature","properties":{"name":"벽제초등학교","kind":"school","level":"elem","class_size":14.5},"geometry":{"type":"Point","coordinates":[126.843465483267,37.6958265070737]}},{"type":"Feature","properties":{"name":"별가람초등학교","kind":"school","level":"elem","class_size":21.0},"geometry":{"type":"Point","coordinates":[127.12422593605,37.6541801034531]}},{"type":"Feature","properties":{"name":"별내초등학교","kind":"school","level":"elem","class_size":20.5},"geometry":{"type":"Point","coordinates":[127.118371237078,37.7114081157092]}},{"type":"Feature","properties":{"name":"보라초등학교","kind":"school","level":"elem","class_size":10.4},"geometry":{"type":"Point","coordinates":[127.107274791374,37.2639684577372]}},{"type":"Feature","properties":{"name":"보름초등학교","kind":"school","level":"elem","class_size":25.1},"geometry":{"type":"Point","coordinates":[126.762824416961,37.5947248794076]}},{"type":"Feature","properties":{"name":"보정초등학교","kind":"school","level":"elem","class_size":22.4},"geometry":{"type":"Point","coordinates":[127.11107968012,37.3091196714035]}},{"type":"Feature","properties":{"name":"보평초등학교","kind":"school","level":"elem","class_size":22.7},"geometry":{"type":"Point","coordinates":[127.117756366565,37.3960383747567]}},{"type":"Feature","properties":{"name":"복사초등학교","kind":"school","level":"elem","class_size":null},"geometry":{"type":"Point","coordinates":[126.807836314228,37.4673654245649]}},{"type":"Feature","properties":{"name":"복정초등학교","kind":"school","level":"elem","class_size":13.8},"geometry":{"type":"Point","coordinates":[127.130384052984,37.4624585906374]}},{"type":"Feature","properties":{"name":"부광초등학교","kind":"school","level":"elem","class_size":null},"geometry":{"type":"Point","coordinates":[126.761883180291,37.5070557719435]}},{"type":"Feature","properties":{"name":"부림초등학교","kind":"school","level":"elem","class_size":22.1},"geometry":{"type":"Point","coordinates":[126.960092980273,37.4003527375286]}},{"type":"Feature","properties":{"name":"부명초등학교","kind":"school","level":"elem","class_size":null},"geometry":{"type":"Point","coordinates":[126.76532677411,37.4977934969153]}},{"type":"Feature","properties":{"name":"부양초등학교","kind":"school","level":"elem","class_size":18.6},"geometry":{"type":"Point","coordinates":[127.141682076267,37.590487158675]}},{"type":"Feature","properties":{"name":"부원초등학교","kind":"school","level":"elem","class_size":null},"geometry":{"type":"Point","coordinates":[126.791236201947,37.47819045429]}},{"type":"Feature","properties":{"name":"부인초등학교","kind":"school","level":"elem","class_size":null},"geometry":{"type":"Point","coordinates":[126.748739298021,37.4897988237992]}},{"type":"Feature","properties":{"name":"부일초등학교","kind":"school","level":"elem","class_size":null},"geometry":{"type":"Point","coordinates":[126.794795469686,37.4986026819977]}},{"type":"Feature","properties":{"name":"부천남초등학교","kind":"school","level":"elem","class_size":null},"geometry":{"type":"Point","coordinates":[126.78215017848,37.4813867738013]}},{"type":"Feature","properties":{"name":"부천대명초등학교","kind":"school","level":"elem","class_size":null},"geometry":{"type":"Point","coordinates":[126.79764344255,37.5280190233703]}},{"type":"Feature","properties":{"name":"부천덕산초등학교","kind":"school","level":"elem","class_size":null},"geometry":{"type":"Point","coordinates":[126.790517790608,37.5298980688289]}},{"type":"Feature","properties":{"name":"부천동초등학교","kind":"school","level":"elem","class_size":null},"geometry":{"type":"Point","coordinates":[126.804374886742,37.4882349322986]}},{"type":"Feature","properties":{"name":"부천부곡초등학교","kind":"school","level":"elem","class_size":null},"geometry":{"type":"Point","coordinates":[126.773188427631,37.4940837377752]}},{"type":"Feature","properties":{"name":"부천부안초등학교","kind":"school","level":"elem","class_size":null},"geometry":{"type":"Point","coordinates":[126.812209140523,37.4802073259588]}},{"type":"Feature","properties":{"name":"부천부흥초등학교","kind":"school","level":"elem","class_size":null},"geometry":{"type":"Point","coordinates":[126.766193672081,37.5075920098273]}},{"type":"Feature","properties":{"name":"부천북초등학교","kind":"school","level":"elem","class_size":null},"geometry":{"type":"Point","coordinates":[126.789370125648,37.494126220381]}},{"type":"Feature","properties":{"name":"부천삼정초등학교","kind":"school","level":"elem","class_size":null},"geometry":{"type":"Point","coordinates":[126.770899673459,37.518918719683]}},{"type":"Feature","properties":{"name":"부천서초등학교","kind":"school","level":"elem","class_size":null},"geometry":{"type":"Point","coordinates":[126.766716297702,37.4868385824068]}},{"type":"Feature","properties":{"name":"부천송일초등학교","kind":"school","level":"elem","class_size":null},"geometry":{"type":"Point","coordinates":[126.76243437811,37.4829032839013]}},{"type":"Feature","properties":{"name":"부천수주초등학교","kind":"school","level":"elem","class_size":null},"geometry":{"type":"Point","coordinates":[126.814650647053,37.5311749420703]}},{"type":"Feature","properties":{"name":"부천신흥초등학교","kind":"school","level":"elem","class_size":null},"geometry":{"type":"Point","coordinates":[126.784715522164,37.5064094224086]}},{"type":"Feature","properties":{"name":"부천양지초등학교","kind":"school","level":"elem","class_size":null},"geometry":{"type":"Point","coordinates":[126.815488536445,37.4805799236544]}},{"type":"Feature","properties":{"name":"부천여월초등학교","kind":"school","level":"elem","class_size":null},"geometry":{"type":"Point","coordinates":[126.796656638559,37.518124336169]}},{"type":"Feature","properties":{"name":"부천역곡초등학교","kind":"school","level":"elem","class_size":null},"geometry":{"type":"Point","coordinates":[126.807614266518,37.4910612125319]}},{"type":"Feature","properties":{"name":"부천원일초등학교","kind":"school","level":"elem","class_size":null},"geometry":{"type":"Point","coordinates":[126.802669932855,37.5302770562215]}},{"type":"Feature","properties":{"name":"부천일신초등학교","kind":"school","level":"elem","class_size":null},"geometry":{"type":"Point","coordinates":[126.806994810112,37.473577323146]}},{"type":"Feature","properties":{"name":"부천중앙초등학교","kind":"school","level":"elem","class_size":null},"geometry":{"type":"Point","coordinates":[126.782209885238,37.4965335173762]}},{"type":"Feature","properties":{"name":"부천중원초등학교","kind":"school","level":"elem","class_size":null},"geometry":{"type":"Point","coordinates":[126.763626189416,37.5120693880616]}},{"type":"Feature","properties":{"name":"부천초등학교","kind":"school","level":"elem","class_size":null},"geometry":{"type":"Point","coordinates":[126.765166228871,37.5142460374303]}},{"type":"Feature","properties":{"name":"부평초등학교","kind":"school","level":"elem","class_size":21.9},"geometry":{"type":"Point","coordinates":[127.201506696063,37.7377502642205]}},{"type":"Feature","properties":{"name":"분당초등학교","kind":"school","level":"elem","class_size":22.0},"geometry":{"type":"Point","coordinates":[127.129653197048,37.3789882201669]}},{"type":"Feature","properties":{"name":"불곡초등학교","kind":"school","level":"elem","class_size":20.5},"geometry":{"type":"Point","coordinates":[127.119731457368,37.3409836312407]}},{"type":"Feature","properties":{"name":"불정초등학교","kind":"school","level":"elem","class_size":22.2},"geometry":{"type":"Point","coordinates":[127.119496918344,37.3612557448626]}},{"type":"Feature","properties":{"name":"비산초등학교","kind":"school","level":"elem","class_size":20.8},"geometry":{"type":"Point","coordinates":[126.943703000621,37.4052606882584]}},{"type":"Feature","properties":{"name":"빛가온초등학교","kind":"school","level":"elem","class_size":23.1},"geometry":{"type":"Point","coordinates":[126.881349827574,37.4131193826145]}},{"type":"Feature","properties":{"name":"사능초등학교","kind":"school","level":"elem","class_size":6.6},"geometry":{"type":"Point","coordinates":[127.184012283692,37.6554207607438]}},{"type":"Feature","properties":{"name":"사우초등학교","kind":"school","level":"elem","class_size":20.8},"geometry":{"type":"Point","coordinates":[126.723974913895,37.6205267659009]}},{"type":"Feature","properties":{"name":"산곡초등학교","kind":"school","level":"elem","class_size":10.8},"geometry":{"type":"Point","coordinates":[127.23454141821,37.5041006966273]}},{"type":"Feature","properties":{"name":"산남초등학교","kind":"school","level":"elem","class_size":19.2},"geometry":{"type":"Point","coordinates":[127.050038000534,37.2706503133655]}},{"type":"Feature","properties":{"name":"산마루초등학교","kind":"school","level":"elem","class_size":22.1},"geometry":{"type":"Point","coordinates":[127.12060507651,37.6316353911295]}},{"type":"Feature","properties":{"name":"산양초등학교","kind":"school","level":"elem","class_size":19.4},"geometry":{"type":"Point","coordinates":[127.109013334635,37.2837841682402]}},{"type":"Feature","properties":{"name":"산운초등학교","kind":"school","level":"elem","class_size":22.1},"geometry":{"type":"Point","coordinates":[127.07902599281,37.389752723567]}},{"type":"Feature","properties":{"name":"산의초등학교","kind":"school","level":"elem","class_size":23.6},"geometry":{"type":"Point","coordinates":[127.057187014596,37.2903713718776]}},{"type":"Feature","properties":{"name":"삼가초등학교","kind":"school","level":"elem","class_size":21.7},"geometry":{"type":"Point","coordinates":[127.170284430282,37.2367717578559]}},{"type":"Feature","properties":{"name":"삼봉초등학교","kind":"school","level":"elem","class_size":19.8},"geometry":{"type":"Point","coordinates":[126.899186262411,37.4029113446288]}},{"type":"Feature","properties":{"name":"삼성초등학교","kind":"school","level":"elem","class_size":21.2},"geometry":{"type":"Point","coordinates":[126.911982912103,37.4195815018659]}},{"type":"Feature","properties":{"name":"삼송초등학교","kind":"school","level":"elem","class_size":21.6},"geometry":{"type":"Point","coordinates":[126.882395721338,37.6541995043822]}},{"type":"Feature","properties":{"name":"삼현초등학교","kind":"school","level":"elem","class_size":23.0},"geometry":{"type":"Point","coordinates":[127.115806331849,37.7513831084676]}},{"type":"Feature","properties":{"name":"상갈초등학교","kind":"school","level":"elem","class_size":18.0},"geometry":{"type":"Point","coordinates":[127.110997851078,37.2642512867614]}},{"type":"Feature","properties":{"name":"상대원초등학교","kind":"school","level":"elem","class_size":12.8},"geometry":{"type":"Point","coordinates":[127.18159098173,37.4423833011971]}},{"type":"Feature","properties":{"name":"상도초등학교","kind":"school","level":"elem","class_size":null},"geometry":{"type":"Point","coordinates":[126.759033786031,37.4944777453517]}},{"type":"Feature","properties":{"name":"상동초등학교","kind":"school","level":"elem","class_size":null},"geometry":{"type":"Point","coordinates":[126.750221073574,37.4968791791842]}},{"type":"Feature","properties":{"name":"상률초등학교","kind":"school","level":"elem","class_size":null},"geometry":{"type":"Point","coordinates":[126.969703286582,37.3047607787124]}},{"type":"Feature","properties":{"name":"상미초등학교","kind":"school","level":"elem","class_size":null},"geometry":{"type":"Point","coordinates":[126.744614512876,37.4947688427459]}},{"type":"Feature","properties":{"name":"상원초등학교","kind":"school","level":"elem","class_size":17.0},"geometry":{"type":"Point","coordinates":[126.753142913719,37.4981970029055]}},{"type":"Feature","properties":{"name":"상인초등학교","kind":"school","level":"elem","class_size":null},"geometry":{"type":"Point","coordinates":[126.756153547482,37.5126146211184]}},{"type":"Feature","properties":{"name":"상일초등학교","kind":"school","level":"elem","class_size":null},"geometry":{"type":"Point","coordinates":[126.75024631181,37.5017285261387]}},{"type":"Feature","properties":{"name":"상지초등학교","kind":"school","level":"elem","class_size":null},"geometry":{"type":"Point","coordinates":[126.76347433908,37.4940199085987]}},{"type":"Feature","properties":{"name":"상촌초등학교","kind":"school","level":"elem","class_size":null},"geometry":{"type":"Point","coordinates":[126.935331851404,37.2732064165448]}},{"type":"Feature","properties":{"name":"상탄초등학교","kind":"school","level":"elem","class_size":20.9},"geometry":{"type":"Point","coordinates":[126.766694518358,37.69513469684]}},{"type":"Feature","properties":{"name":"상탑초등학교","kind":"school","level":"elem","class_size":17.6},"geometry":{"type":"Point","coordinates":[127.145692340313,37.4062086084863]}},{"type":"Feature","properties":{"name":"상하초등학교","kind":"school","level":"elem","class_size":20.1},"geometry":{"type":"Point","coordinates":[127.140539769987,37.2570280582258]}},{"type":"Feature","properties":{"name":"상현초등학교","kind":"school","level":"elem","class_size":null},"geometry":{"type":"Point","coordinates":[127.089888721794,37.3090236834123]}},{"type":"Feature","properties":{"name":"새말초등학교","kind":"school","level":"elem","class_size":22.7},"geometry":{"type":"Point","coordinates":[127.069146443688,37.7463688021901]}},{"type":"Feature","properties":{"name":"새빛초등학교","kind":"school","level":"elem","class_size":null},"geometry":{"type":"Point","coordinates":[127.073023223423,37.2989978424051]}},{"type":"Feature","properties":{"name":"샘말초등학교","kind":"school","level":"elem","class_size":22.8},"geometry":{"type":"Point","coordinates":[127.078183866416,37.2773369199574]}},{"type":"Feature","properties":{"name":"샘모루초등학교","kind":"school","level":"elem","class_size":21.5},"geometry":{"type":"Point","coordinates":[126.940842637921,37.3999174092021]}},{"type":"Feature","properties":{"name":"서농초등학교","kind":"school","level":"elem","class_size":22.8},"geometry":{"type":"Point","coordinates":[127.076329157204,37.2391369776889]}},{"type":"Feature","properties":{"name":"서당초등학교","kind":"school","level":"elem","class_size":22.4},"geometry":{"type":"Point","coordinates":[127.134588792769,37.3746023767503]}},{"type":"Feature","properties":{"name":"서룡초등학교","kind":"school","level":"elem","class_size":17.1},"geometry":{"type":"Point","coordinates":[127.18706803338,37.2381103470473]}},{"type":"Feature","properties":{"name":"서면초등학교","kind":"school","level":"elem","class_size":18.0},"geometry":{"type":"Point","coordinates":[126.879550557753,37.4386171533134]}},{"type":"Feature","properties":{"name":"서부초등학교","kind":"school","level":"elem","class_size":12.6},"geometry":{"type":"Point","coordinates":[127.162053511271,37.515741441323]}},{"type":"Feature","properties":{"name":"서암초등학교","kind":"school","level":"elem","class_size":12.7},"geometry":{"type":"Point","coordinates":[126.605204336742,37.6999962846838]}},{"type":"Feature","properties":{"name":"서원초등학교","kind":"school","level":"elem","class_size":null},"geometry":{"type":"Point","coordinates":[127.078521840304,37.3037505320364]}},{"type":"Feature","properties":{"name":"서정초등학교","kind":"school","level":"elem","class_size":17.1},"geometry":{"type":"Point","coordinates":[126.848839387776,37.6143410847384]}},{"type":"Feature","properties":{"name":"서천초등학교","kind":"school","level":"elem","class_size":19.6},"geometry":{"type":"Point","coordinates":[127.072159580771,37.2430912167835]}},{"type":"Feature","properties":{"name":"서평초등학교","kind":"school","level":"elem","class_size":null},"geometry":{"type":"Point","coordinates":[126.997085261777,37.2686771195488]}},{"type":"Feature","properties":{"name":"서현초등학교","kind":"school","level":"elem","class_size":22.8},"geometry":{"type":"Point","coordinates":[127.128550004288,37.3825762197511]}},{"type":"Feature","properties":{"name":"서호초등학교","kind":"school","level":"elem","class_size":null},"geometry":{"type":"Point","coordinates":[126.990329916475,37.2662310631744]}},{"type":"Feature","properties":{"name":"석성초등학교","kind":"school","level":"elem","class_size":22.3},"geometry":{"type":"Point","coordinates":[127.157879863057,37.2703741452078]}},{"type":"Feature","properties":{"name":"석수초등학교","kind":"school","level":"elem","class_size":17.0},"geometry":{"type":"Point","coordinates":[126.900756257847,37.4061042671503]}},{"type":"Feature","properties":{"name":"석정초등학교","kind":"school","level":"elem","class_size":9.7},"geometry":{"type":"Point","coordinates":[126.554118312771,37.6736535944309]}},{"type":"Feature","properties":{"name":"석천초등학교","kind":"school","level":"elem","class_size":null},"geometry":{"type":"Point","coordinates":[126.752147649119,37.5104754132033]}},{"type":"Feature","properties":{"name":"석현초등학교","kind":"school","level":"elem","class_size":19.9},"geometry":{"type":"Point","coordinates":[127.08304810792,37.2727875891664]}},{"type":"Feature","properties":{"name":"선행초등학교","kind":"school","level":"elem","class_size":null},"geometry":{"type":"Point","coordinates":[127.025828328876,37.2544245307628]}},{"type":"Feature","properties":{"name":"성곡초등학교","kind":"school","level":"elem","class_size":null},"geometry":{"type":"Point","coordinates":[126.805527879896,37.5129586922407]}},{"type":"Feature","properties":{"name":"성남동초등학교","kind":"school","level":"elem","class_size":17.8},"geometry":{"type":"Point","coordinates":[127.162169465576,37.4492058161924]}},{"type":"Feature","properties":{"name":"성남매송초등학교","kind":"school","level":"elem","class_size":23.0},"geometry":{"type":"Point","coordinates":[127.122403170727,37.4021835747717]}},{"type":"Feature","properties":{"name":"성남미금초등학교","kind":"school","level":"elem","class_size":20.7},"geometry":{"type":"Point","coordinates":[127.115300285754,37.3474204819346]}},{"type":"Feature","properties":{"name":"성남북초등학교","kind":"school","level":"elem","class_size":15.3},"geometry":{"type":"Point","coordinates":[127.151489601348,37.4514923423157]}},{"type":"Feature","properties":{"name":"성남서초등학교","kind":"school","level":"elem","class_size":15.5},"geometry":{"type":"Point","coordinates":[127.129424724326,37.4485435098506]}},{"type":"Feature","properties":{"name":"성남송현초등학교","kind":"school","level":"elem","class_size":22.2},"geometry":{"type":"Point","coordinates":[127.116345854049,37.4054039901512]}},{"type":"Feature","properties":{"name":"성남수정초등학교","kind":"school","level":"elem","class_size":15.0},"geometry":{"type":"Point","coordinates":[127.132782780378,37.4362105755117]}},{"type":"Feature","properties":{"name":"성남신기초등학교","kind":"school","level":"elem","class_size":19.9},"geometry":{"type":"Point","coordinates":[127.111059573213,37.3665819160126]}},{"type":"Feature","properties":{"name":"성남신흥초등학교","kind":"school","level":"elem","class_size":21.1},"geometry":{"type":"Point","coordinates":[127.143317168951,37.4505516061423]}},{"type":"Feature","properties":{"name":"성남양지초등학교","kind":"school","level":"elem","class_size":18.3},"geometry":{"type":"Point","coordinates":[127.160883687581,37.4592175485942]}},{"type":"Feature","properties":{"name":"성남여수초등학교","kind":"school","level":"elem","class_size":20.0},"geometry":{"type":"Point","coordinates":[127.133081243803,37.4194509722539]}},{"type":"Feature","properties":{"name":"성남은행초등학교","kind":"school","level":"elem","class_size":15.0},"geometry":{"type":"Point","coordinates":[127.170900112833,37.4610020864747]}},{"type":"Feature","properties":{"name":"성남장안초등학교","kind":"school","level":"elem","class_size":19.9},"geometry":{"type":"Point","coordinates":[127.144443912485,37.3726548096805]}},{"type":"Feature","properties":{"name":"성남정자초등학교","kind":"school","level":"elem","class_size":23.8},"geometry":{"type":"Point","coordinates":[127.10491388078,37.3745165513415]}},{"type":"Feature","properties":{"name":"성남제일초등학교","kind":"school","level":"elem","class_size":21.4},"geometry":{"type":"Point","coordinates":[127.14959442927,37.4384949303142]}},{"type":"Feature","properties":{"name":"성남중앙초등학교","kind":"school","level":"elem","class_size":18.7},"geometry":{"type":"Point","coordinates":[127.143558714769,37.4362550134337]}},{"type":"Feature","properties":{"name":"성남초등학교","kind":"school","level":"elem","class_size":19.1},"geometry":{"type":"Point","coordinates":[127.144359207985,37.446279264786]}},{"type":"Feature","properties":{"name":"성남화랑초등학교","kind":"school","level":"elem","class_size":17.3},"geometry":{"type":"Point","coordinates":[127.115889212321,37.390223852299]}},{"type":"Feature","properties":{"name":"성라초등학교","kind":"school","level":"elem","class_size":18.5},"geometry":{"type":"Point","coordinates":[126.833844271914,37.6527901787983]}},{"type":"Feature","properties":{"name":"성복초등학교","kind":"school","level":"elem","class_size":null},"geometry":{"type":"Point","coordinates":[127.077908838721,37.3195308475913]}},{"type":"Feature","properties":{"name":"성사초등학교","kind":"school","level":"elem","class_size":17.2},"geometry":{"type":"Point","coordinates":[126.843652403898,37.6578216922442]}},{"type":"Feature","properties":{"name":"성서초등학교","kind":"school","level":"elem","class_size":null},"geometry":{"type":"Point","coordinates":[127.064736842897,37.3203568350833]}},{"type":"Feature","properties":{"name":"성석초등학교","kind":"school","level":"elem","class_size":10.6},"geometry":{"type":"Point","coordinates":[126.812624638188,37.7072272387669]}},{"type":"Feature","properties":{"name":"성수초등학교","kind":"school","level":"elem","class_size":19.7},"geometry":{"type":"Point","coordinates":[127.127237667617,37.4337662728529]}},{"type":"Feature","properties":{"name":"성신초등학교","kind":"school","level":"elem","class_size":17.6},"geometry":{"type":"Point","coordinates":[126.839920004294,37.6266341892468]}},{"type":"Feature","properties":{"name":"성저초등학교","kind":"school","level":"elem","class_size":16.4},"geometry":{"type":"Point","coordinates":[126.757364690276,37.6847450160758]}},{"type":"Feature","properties":{"name":"성주초등학교","kind":"school","level":"elem","class_size":null},"geometry":{"type":"Point","coordinates":[126.769032310475,37.479158986292]}},{"type":"Feature","properties":{"name":"성지초등학교","kind":"school","level":"elem","class_size":7.8},"geometry":{"type":"Point","coordinates":[127.128604934412,37.2749679288113]}},{"type":"Feature","properties":{"name":"세곡초등학교","kind":"school","level":"elem","class_size":null},"geometry":{"type":"Point","coordinates":[127.028340127583,37.25629812661]}},{"type":"Feature","properties":{"name":"세류초등학교","kind":"school","level":"elem","class_size":null},"geometry":{"type":"Point","coordinates":[127.010692371459,37.266017338241]}},{"type":"Feature","properties":{"name":"소만초등학교","kind":"school","level":"elem","class_size":18.5},"geometry":{"type":"Point","coordinates":[126.839585650475,37.6175427809968]}},{"type":"Feature","properties":{"name":"소사초등학교","kind":"school","level":"elem","class_size":null},"geometry":{"type":"Point","coordinates":[126.797329766762,37.4736114172199]}},{"type":"Feature","properties":{"name":"소안초등학교","kind":"school","level":"elem","class_size":null},"geometry":{"type":"Point","coordinates":[126.804126667834,37.4724790490348]}},{"type":"Feature","properties":{"name":"소일초등학교","kind":"school","level":"elem","class_size":null},"geometry":{"type":"Point","coordinates":[126.802547983909,37.4691580948445]}},{"type":"Feature","properties":{"name":"소하초등학교","kind":"school","level":"elem","class_size":22.1},"geometry":{"type":"Point","coordinates":[126.887367542618,37.4492756597596]}},{"type":"Feature","properties":{"name":"소현초등학교","kind":"school","level":"elem","class_size":null},"geometry":{"type":"Point","coordinates":[127.092433665305,37.3019251672012]}},{"type":"Feature","properties":{"name":"소화초등학교","kind":"school","level":"elem","class_size":28.2},"geometry":{"type":"Point","coordinates":[127.052800473694,37.2782074915904]}},{"type":"Feature","properties":{"name":"손곡초등학교","kind":"school","level":"elem","class_size":null},"geometry":{"type":"Point","coordinates":[127.0949176243,37.3368608608683]}},{"type":"Feature","properties":{"name":"솔개초등학교","kind":"school","level":"elem","class_size":null},"geometry":{"type":"Point","coordinates":[127.081656990608,37.3059520734348]}},{"type":"Feature","properties":{"name":"솔뫼초등학교","kind":"school","level":"elem","class_size":20.7},"geometry":{"type":"Point","coordinates":[127.080830359353,37.7313604096236]}},{"type":"Feature","properties":{"name":"솔안초등학교","kind":"school","level":"elem","class_size":null},"geometry":{"type":"Point","coordinates":[126.750583516519,37.4856550416473]}},{"type":"Feature","properties":{"name":"솔터초등학교","kind":"school","level":"elem","class_size":21.7},"geometry":{"type":"Point","coordinates":[126.63435277142,37.6412085637543]}},{"type":"Feature","properties":{"name":"송내초등학교","kind":"school","level":"elem","class_size":null},"geometry":{"type":"Point","coordinates":[126.759451006564,37.4905085865281]}},{"type":"Feature","properties":{"name":"송림초등학교","kind":"school","level":"elem","class_size":null},"geometry":{"type":"Point","coordinates":[126.991750966578,37.2912698987095]}},{"type":"Feature","properties":{"name":"송양초등학교","kind":"school","level":"elem","class_size":21.4},"geometry":{"type":"Point","coordinates":[127.111727237941,37.7531701497156]}},{"type":"Feature","properties":{"name":"송원초등학교","kind":"school","level":"elem","class_size":null},"geometry":{"type":"Point","coordinates":[127.009795404843,37.3085158033218]}},{"type":"Feature","properties":{"name":"송전초등학교","kind":"school","level":"elem","class_size":16.3},"geometry":{"type":"Point","coordinates":[127.198633595233,37.1408151028789]}},{"type":"Feature","properties":{"name":"송정초등학교","kind":"school","level":"elem","class_size":null},"geometry":{"type":"Point","coordinates":[127.001757643522,37.2970868211192]}},{"type":"Feature","properties":{"name":"송죽초등학교","kind":"school","level":"elem","class_size":null},"geometry":{"type":"Point","coordinates":[127.005913828692,37.300644971052]}},{"type":"Feature","properties":{"name":"송포초등학교","kind":"school","level":"elem","class_size":17.9},"geometry":{"type":"Point","coordinates":[126.720540471574,37.6854012233186]}},{"type":"Feature","properties":{"name":"수남초등학교","kind":"school","level":"elem","class_size":10.2},"geometry":{"type":"Point","coordinates":[126.588389436717,37.6288983491302]}},{"type":"Feature","properties":{"name":"수내초등학교","kind":"school","level":"elem","class_size":24.2},"geometry":{"type":"Point","coordinates":[127.124662625174,37.3677656442667]}},{"type":"Feature","properties":{"name":"수동초등학교","kind":"school","level":"elem","class_size":9.3},"geometry":{"type":"Point","coordinates":[127.323417356082,37.7118765517016]}},{"type":"Feature","properties":{"name":"수동초등학교송천분교장","kind":"school","level":"elem","class_size":5.6},"geometry":{"type":"Point","coordinates":[127.334224873934,37.6951245676747]}},{"type":"Feature","properties":{"name":"수성초등학교","kind":"school","level":"elem","class_size":null},"geometry":{"type":"Point","coordinates":[127.01462819299,37.3056219892453]}},{"type":"Feature","properties":{"name":"수원가온초등학교","kind":"school","level":"elem","class_size":null},"geometry":{"type":"Point","coordinates":[126.936623385823,37.2755059394905]}},{"type":"Feature","properties":{"name":"수원금곡초등학교","kind":"school","level":"elem","class_size":null},"geometry":{"type":"Point","coordinates":[126.952651513102,37.279706875429]}},{"type":"Feature","properties":{"name":"수원금호초등학교","kind":"school","level":"elem","class_size":null},"geometry":{"type":"Point","coordinates":[126.953605422687,37.2648776528814]}},{"type":"Feature","properties":{"name":"수원동신초등학교","kind":"school","level":"elem","class_size":null},"geometry":{"type":"Point","coordinates":[126.989321017603,37.2957374996856]}},{"type":"Feature","properties":{"name":"수원매화초등학교","kind":"school","level":"elem","class_size":15.7},"geometry":{"type":"Point","coordinates":[127.041215979944,37.2745626986917]}},{"type":"Feature","properties":{"name":"수원선일초등학교","kind":"school","level":"elem","class_size":null},"geometry":{"type":"Point","coordinates":[127.030433371859,37.2483375147827]}},{"type":"Feature","properties":{"name":"수원신곡초등학교","kind":"school","level":"elem","class_size":null},"geometry":{"type":"Point","coordinates":[127.013163240481,37.2580899880327]}},{"type":"Feature","properties":{"name":"수원중촌초등학교","kind":"school","level":"elem","class_size":null},"geometry":{"type":"Point","coordinates":[126.944549374824,37.2725537836272]}},{"type":"Feature","properties":{"name":"수원초등학교","kind":"school","level":"elem","class_size":null},"geometry":{"type":"Point","coordinates":[127.004347548433,37.2778312893024]}},{"type":"Feature","properties":{"name":"수일초등학교","kind":"school","level":"elem","class_size":null},"geometry":{"type":"Point","coordinates":[127.000886540045,37.3108610593887]}},{"type":"Feature","properties":{"name":"수지초등학교","kind":"school","level":"elem","class_size":null},"geometry":{"type":"Point","coordinates":[127.085475770453,37.3164075065504]}},{"type":"Feature","properties":{"name":"수진초등학교","kind":"school","level":"elem","class_size":18.5},"geometry":{"type":"Point","coordinates":[127.133470613094,37.4449500926211]}},{"type":"Feature","properties":{"name":"수택초등학교","kind":"school","level":"elem","class_size":18.6},"geometry":{"type":"Point","coordinates":[127.152584196715,37.5919355174489]}},{"type":"Feature","properties":{"name":"숙지초등학교","kind":"school","level":"elem","class_size":null},"geometry":{"type":"Point","coordinates":[126.9914151558,37.2829987005353]}},{"type":"Feature","properties":{"name":"신갈초등학교","kind":"school","level":"elem","class_size":19.3},"geometry":{"type":"Point","coordinates":[127.106634098562,37.2737909241133]}},{"type":"Feature","properties":{"name":"신곡초등학교","kind":"school","level":"elem","class_size":22.8},"geometry":{"type":"Point","coordinates":[126.766438818939,37.5967115611051]}},{"type":"Feature","properties":{"name":"신능초등학교","kind":"school","level":"elem","class_size":12.1},"geometry":{"type":"Point","coordinates":[126.83126710675,37.624144061206]}},{"type":"Feature","properties":{"name":"신도초등학교","kind":"school","level":"elem","class_size":null},"geometry":{"type":"Point","coordinates":[126.758445633174,37.4978539600413]}},{"type":"Feature","properties":{"name":"신동초등학교","kind":"school","level":"elem","class_size":19.4},"geometry":{"type":"Point","coordinates":[127.055330392203,37.7401890548019]}},{"type":"Feature","properties":{"name":"신리초등학교","kind":"school","level":"elem","class_size":null},"geometry":{"type":"Point","coordinates":[127.08096949969,37.3222691053191]}},{"type":"Feature","properties":{"name":"신백현초등학교","kind":"school","level":"elem","class_size":19.9},"geometry":{"type":"Point","coordinates":[127.111750896941,37.3875793694886]}},{"type":"Feature","properties":{"name":"신성초등학교","kind":"school","level":"elem","class_size":15.2},"geometry":{"type":"Point","coordinates":[127.081676518728,37.2553547339211]}},{"type":"Feature","properties":{"name":"신안초등학교","kind":"school","level":"elem","class_size":18.9},"geometry":{"type":"Point","coordinates":[126.914864999659,37.3896035087305]}},{"type":"Feature","properties":{"name":"신양초등학교","kind":"school","level":"elem","class_size":20.6},"geometry":{"type":"Point","coordinates":[126.634430024005,37.6556614026471]}},{"type":"Feature","properties":{"name":"신영초등학교","kind":"school","level":"elem","class_size":16.9},"geometry":{"type":"Point","coordinates":[127.060152622036,37.2502141953307]}},{"type":"Feature","properties":{"name":"신우초등학교","kind":"school","level":"elem","class_size":23.9},"geometry":{"type":"Point","coordinates":[127.161255218531,37.5110381261479]}},{"type":"Feature","properties":{"name":"신원초등학교","kind":"school","level":"elem","class_size":24.7},"geometry":{"type":"Point","coordinates":[126.885883262844,37.6678055808861]}},{"type":"Feature","properties":{"name":"신월초등학교","kind":"school","level":"elem","class_size":null},"geometry":{"type":"Point","coordinates":[127.092896546983,37.3205221599263]}},{"type":"Feature","properties":{"name":"신일초등학교","kind":"school","level":"elem","class_size":null},"geometry":{"type":"Point","coordinates":[127.077693242684,37.3292847587642]}},{"type":"Feature","properties":{"name":"신장초등학교","kind":"school","level":"elem","class_size":23.0},"geometry":{"type":"Point","coordinates":[127.208187662405,37.5426961659446]}},{"type":"Feature","properties":{"name":"신촌초등학교","kind":"school","level":"elem","class_size":21.0},"geometry":{"type":"Point","coordinates":[126.766108229054,37.6816250313431]}},{"type":"Feature","properties":{"name":"신평초등학교","kind":"school","level":"elem","class_size":22.8},"geometry":{"type":"Point","coordinates":[127.215037236929,37.5441645010939]}},{"type":"Feature","properties":{"name":"신풍초등학교","kind":"school","level":"elem","class_size":23.5},"geometry":{"type":"Point","coordinates":[127.053187242967,37.2863981258741]}},{"type":"Feature","properties":{"name":"심곡초등학교","kind":"school","level":"elem","class_size":null},"geometry":{"type":"Point","coordinates":[126.77694254493,37.4918542297296]}},{"type":"Feature","properties":{"name":"심석초등학교","kind":"school","level":"elem","class_size":28.3},"geometry":{"type":"Point","coordinates":[127.306867237496,37.657302628149]}},{"type":"Feature","properties":{"name":"심원초등학교","kind":"school","level":"elem","class_size":null},"geometry":{"type":"Point","coordinates":[126.78167608076,37.4997737162709]}},{"type":"Feature","properties":{"name":"아람초등학교","kind":"school","level":"elem","class_size":16.8},"geometry":{"type":"Point","coordinates":[126.850412322471,37.6194566433451]}},{"type":"Feature","properties":{"name":"안곡초등학교","kind":"school","level":"elem","class_size":19.0},"geometry":{"type":"Point","coordinates":[126.781854619666,37.6847806955713]}},{"type":"Feature","properties":{"name":"안룡초등학교","kind":"school","level":"elem","class_size":null},"geometry":{"type":"Point","coordinates":[127.024704821764,37.233325445125]}},{"type":"Feature","properties":{"name":"안말초등학교","kind":"school","level":"elem","class_size":20.5},"geometry":{"type":"Point","coordinates":[127.126152026483,37.3930629218497]}},{"type":"Feature","properties":{"name":"안서초등학교","kind":"school","level":"elem","class_size":6.3},"geometry":{"type":"Point","coordinates":[126.870650959085,37.4027903158579]}},{"type":"Feature","properties":{"name":"안양관악초등학교","kind":"school","level":"elem","class_size":15.3},"geometry":{"type":"Point","coordinates":[126.968164961845,37.4065992607461]}},{"type":"Feature","properties":{"name":"안양남초등학교","kind":"school","level":"elem","class_size":21.7},"geometry":{"type":"Point","coordinates":[126.968465639409,37.3798941184673]}},{"type":"Feature","properties":{"name":"안양덕현초등학교","kind":"school","level":"elem","class_size":24.9},"geometry":{"type":"Point","coordinates":[126.962399314766,37.375494713779]}},{"type":"Feature","properties":{"name":"안양동초등학교","kind":"school","level":"elem","class_size":22.1},"geometry":{"type":"Point","coordinates":[126.934969114507,37.4068622758923]}},{"type":"Feature","properties":{"name":"안양부안초등학교","kind":"school","level":"elem","class_size":20.2},"geometry":{"type":"Point","coordinates":[126.954239625939,37.3983562962937]}},{"type":"Feature","properties":{"name":"안양부흥초등학교","kind":"school","level":"elem","class_size":22.2},"geometry":{"type":"Point","coordinates":[126.946509066602,37.3947604976359]}},{"type":"Feature","properties":{"name":"안양서초등학교","kind":"school","level":"elem","class_size":18.3},"geometry":{"type":"Point","coordinates":[126.911038978811,37.3969151000854]}},{"type":"Feature","properties":{"name":"안양신기초등학교","kind":"school","level":"elem","class_size":22.0},"geometry":{"type":"Point","coordinates":[126.956968695775,37.3816428962008]}},{"type":"Feature","properties":{"name":"안양양지초등학교","kind":"school","level":"elem","class_size":16.9},"geometry":{"type":"Point","coordinates":[126.904601208374,37.3922330569397]}},{"type":"Feature","properties":{"name":"안양중앙초등학교","kind":"school","level":"elem","class_size":21.9},"geometry":{"type":"Point","coordinates":[126.937976306964,37.3955939199528]}},{"type":"Feature","properties":{"name":"안양초등학교","kind":"school","level":"elem","class_size":22.2},"geometry":{"type":"Point","coordinates":[126.928141051891,37.3942501542318]}},{"type":"Feature","properties":{"name":"안양호암초등학교","kind":"school","level":"elem","class_size":17.4},"geometry":{"type":"Point","coordinates":[126.916290130013,37.4208414602841]}},{"type":"Feature","properties":{"name":"안일초등학교","kind":"school","level":"elem","class_size":20.4},"geometry":{"type":"Point","coordinates":[126.922289865276,37.4041233592994]}},{"type":"Feature","properties":{"name":"안현초등학교","kind":"school","level":"elem","class_size":22.0},"geometry":{"type":"Point","coordinates":[126.867502957056,37.471013948808]}},{"type":"Feature","properties":{"name":"야탑초등학교","kind":"school","level":"elem","class_size":20.5},"geometry":{"type":"Point","coordinates":[127.125626699567,37.4166156058319]}},{"type":"Feature","properties":{"name":"약대초등학교","kind":"school","level":"elem","class_size":null},"geometry":{"type":"Point","coordinates":[126.773008378887,37.5140768432496]}},{"type":"Feature","properties":{"name":"양곡초등학교","kind":"school","level":"elem","class_size":17.3},"geometry":{"type":"Point","coordinates":[126.621729144259,37.6558433594716]}},{"type":"Feature","properties":{"name":"양도초등학교","kind":"school","level":"elem","class_size":19.7},"geometry":{"type":"Point","coordinates":[126.720332319773,37.6028656155033]}},{"type":"Feature","properties":{"name":"양영초등학교","kind":"school","level":"elem","class_size":12.8},"geometry":{"type":"Point","coordinates":[127.140090452404,37.3746596904916]}},{"type":"Feature","properties":{"name":"양오초등학교","kind":"school","level":"elem","class_size":21.3},"geometry":{"type":"Point","coordinates":[127.192346015262,37.6975959331746]}},{"type":"Feature","properties":{"name":"양일초등학교","kind":"school","level":"elem","class_size":22.4},"geometry":{"type":"Point","coordinates":[126.813609451696,37.6853441200697]}},{"type":"Feature","properties":{"name":"양지초등학교","kind":"school","level":"elem","class_size":20.0},"geometry":{"type":"Point","coordinates":[127.28444885443,37.237078240428]}},{"type":"Feature","properties":{"name":"어람초등학교","kind":"school","level":"elem","class_size":21.1},"geometry":{"type":"Point","coordinates":[127.213102162613,37.6824889126451]}},{"type":"Feature","properties":{"name":"어룡초등학교","kind":"school","level":"elem","class_size":12.8},"geometry":{"type":"Point","coordinates":[127.082144929274,37.7478068741737]}},{"type":"Feature","properties":{"name":"어정초등학교","kind":"school","level":"elem","class_size":22.2},"geometry":{"type":"Point","coordinates":[127.147401306614,37.2769564165602]}},{"type":"Feature","properties":{"name":"언남초등학교","kind":"school","level":"elem","class_size":19.5},"geometry":{"type":"Point","coordinates":[127.119587762533,37.2897588333076]}},{"type":"Feature","properties":{"name":"언동초등학교","kind":"school","level":"elem","class_size":19.8},"geometry":{"type":"Point","coordinates":[127.13159296408,37.2953606382108]}},{"type":"Feature","properties":{"name":"역북초등학교","kind":"school","level":"elem","class_size":22.0},"geometry":{"type":"Point","coordinates":[127.192446861245,37.234572965639]}},{"type":"Feature","properties":{"name":"연무초등학교","kind":"school","level":"elem","class_size":null},"geometry":{"type":"Point","coordinates":[127.022444891279,37.2867462872976]}},{"type":"Feature","properties":{"name":"연서초등학교","kind":"school","level":"elem","class_size":17.0},"geometry":{"type":"Point","coordinates":[126.882440516301,37.4659496769696]}},{"type":"Feature","properties":{"name":"연현초등학교","kind":"school","level":"elem","class_size":21.3},"geometry":{"type":"Point","coordinates":[126.902506238567,37.4252211045071]}},{"type":"Feature","properties":{"name":"영덕초등학교","kind":"school","level":"elem","class_size":25.5},"geometry":{"type":"Point","coordinates":[127.073948695725,37.2590505747111]}},{"type":"Feature","properties":{"name":"영동초등학교","kind":"school","level":"elem","class_size":21.1},"geometry":{"type":"Point","coordinates":[127.06614432834,37.2499460028678]}},{"type":"Feature","properties":{"name":"영일초등학교","kind":"school","level":"elem","class_size":21.7},"geometry":{"type":"Point","coordinates":[127.073566498608,37.2484519278006]}},{"type":"Feature","properties":{"name":"영통초등학교","kind":"school","level":"elem","class_size":18.3},"geometry":{"type":"Point","coordinates":[127.06443833496,37.2545141544303]}},{"type":"Feature","properties":{"name":"영화초등학교","kind":"school","level":"elem","class_size":null},"geometry":{"type":"Point","coordinates":[127.016778429964,37.2968600252143]}},{"type":"Feature","properties":{"name":"예봉초등학교","kind":"school","level":"elem","class_size":20.5},"geometry":{"type":"Point","coordinates":[127.22098559316,37.5920460338275]}},{"type":"Feature","properties":{"name":"오남초등학교","kind":"school","level":"elem","class_size":16.7},"geometry":{"type":"Point","coordinates":[127.214575683711,37.6952746886609]}},{"type":"Feature","properties":{"name":"오동초등학교","kind":"school","level":"elem","class_size":20.6},"geometry":{"type":"Point","coordinates":[127.090505695719,37.7430045362803]}},{"type":"Feature","properties":{"name":"오리초등학교","kind":"school","level":"elem","class_size":10.1},"geometry":{"type":"Point","coordinates":[127.115379334229,37.3443528509986]}},{"type":"Feature","properties":{"name":"오마초등학교","kind":"school","level":"elem","class_size":25.6},"geometry":{"type":"Point","coordinates":[126.76299973234,37.6770411431222]}},{"type":"Feature","properties":{"name":"오목초등학교","kind":"school","level":"elem","class_size":null},"geometry":{"type":"Point","coordinates":[126.965614460672,37.2396961306686]}},{"type":"Feature","properties":{"name":"오정초등학교","kind":"school","level":"elem","class_size":null},"geometry":{"type":"Point","coordinates":[126.807735912809,37.5270097350808]}},{"type":"Feature","properties":{"name":"오현초등학교","kind":"school","level":"elem","class_size":null},"geometry":{"type":"Point","coordinates":[126.968467183916,37.2465572133827]}},{"type":"Feature","properties":{"name":"옥길버들초등학교","kind":"school","level":"elem","class_size":null},"geometry":{"type":"Point","coordinates":[126.825371163663,37.4641895470973]}},{"type":"Feature","properties":{"name":"옥길산들초등학교","kind":"school","level":"elem","class_size":null},"geometry":{"type":"Point","coordinates":[126.816701573786,37.4625192789933]}},{"type":"Feature","properties":{"name":"옥산초등학교","kind":"school","level":"elem","class_size":null},"geometry":{"type":"Point","coordinates":[126.779252616763,37.5031423918964]}},{"type":"Feature","properties":{"name":"온신초등학교","kind":"school","level":"elem","class_size":5.1},"geometry":{"type":"Point","coordinates":[126.846854355967,37.4427390256188]}},{"type":"Feature","properties":{"name":"옹정초등학교","kind":"school","level":"elem","class_size":9.2},"geometry":{"type":"Point","coordinates":[126.563899405844,37.6941262677765]}},{"type":"Feature","properties":{"name":"와부초등학교","kind":"school","level":"elem","class_size":22.7},"geometry":{"type":"Point","coordinates":[127.218926044148,37.5870474812196]}},{"type":"Feature","properties":{"name":"왕남초등학교","kind":"school","level":"elem","class_size":22.0},"geometry":{"type":"Point","coordinates":[127.098412614678,37.4286822304325]}},{"type":"Feature","properties":{"name":"왕산초등학교","kind":"school","level":"elem","class_size":19.8},"geometry":{"type":"Point","coordinates":[127.250778707737,37.3352708911889]}},{"type":"Feature","properties":{"name":"용두초등학교","kind":"school","level":"elem","class_size":4.9},"geometry":{"type":"Point","coordinates":[126.893271206388,37.6215748305453]}},{"type":"Feature","properties":{"name":"용마초등학교","kind":"school","level":"elem","class_size":19.6},"geometry":{"type":"Point","coordinates":[127.214897738599,37.2370658398627]}},{"type":"Feature","properties":{"name":"용신초등학교","kind":"school","level":"elem","class_size":12.2},"geometry":{"type":"Point","coordinates":[127.173342365891,37.6610050739244]}},{"type":"Feature","properties":{"name":"용인대덕초등학교","kind":"school","level":"elem","class_size":null},"geometry":{"type":"Point","coordinates":[127.125957292194,37.3367795374796]}},{"type":"Feature","properties":{"name":"용인대일초등학교","kind":"school","level":"elem","class_size":null},"geometry":{"type":"Point","coordinates":[127.118805217793,37.3280395442558]}},{"type":"Feature","properties":{"name":"용인둔전초등학교","kind":"school","level":"elem","class_size":21.2},"geometry":{"type":"Point","coordinates":[127.225239266256,37.2687307726268]}},{"type":"Feature","properties":{"name":"용인백현초등학교","kind":"school","level":"elem","class_size":21.9},"geometry":{"type":"Point","coordinates":[127.16239379085,37.2831054907691]}},{"type":"Feature","properties":{"name":"용인성산초등학교","kind":"school","level":"elem","class_size":20.8},"geometry":{"type":"Point","coordinates":[127.21583028835,37.2586415987114]}},{"type":"Feature","properties":{"name":"용인솔빛초등학교","kind":"school","level":"elem","class_size":18.6},"geometry":{"type":"Point","coordinates":[127.195099863713,37.2447662856761]}},{"type":"Feature","properties":{"name":"용인신릉초등학교","kind":"school","level":"elem","class_size":18.8},"geometry":{"type":"Point","coordinates":[127.114773859973,37.2902614223571]}},{"type":"Feature","properties":{"name":"용인신봉초등학교","kind":"school","level":"elem","class_size":null},"geometry":{"type":"Point","coordinates":[127.067855047817,37.3298668395435]}},{"type":"Feature","properties":{"name":"용인신촌초등학교","kind":"school","level":"elem","class_size":null},"geometry":{"type":"Point","coordinates":[127.113532178744,37.323103189844]}},{"type":"Feature","properties":{"name":"용인심곡초등학교","kind":"school","level":"elem","class_size":null},"geometry":{"type":"Point","coordinates":[127.078933060219,37.3090087916303]}},{"type":"Feature","properties":{"name":"용인이동초등학교","kind":"school","level":"elem","class_size":19.6},"geometry":{"type":"Point","coordinates":[127.203887110557,37.190865227042]}},{"type":"Feature","properties":{"name":"용인초당초등학교","kind":"school","level":"elem","class_size":19.1},"geometry":{"type":"Point","coordinates":[127.160903392868,37.2634530547773]}},{"type":"Feature","properties":{"name":"용인초등학교","kind":"school","level":"elem","class_size":20.6},"geometry":{"type":"Point","coordinates":[127.205262070148,37.2385686654942]}},{"type":"Feature","properties":{"name":"용인한빛초등학교","kind":"school","level":"elem","class_size":null},"geometry":{"type":"Point","coordinates":[127.087935080498,37.3350650057467]}},{"type":"Feature","properties":{"name":"용인한얼초등학교","kind":"school","level":"elem","class_size":22.2},"geometry":{"type":"Point","coordinates":[127.122235408826,37.2711018258361]}},{"type":"Feature","properties":{"name":"용인한일초등학교","kind":"school","level":"elem","class_size":16.8},"geometry":{"type":"Point","coordinates":[127.106823784629,37.2434053449045]}},{"type":"Feature","properties":{"name":"용정초등학교","kind":"school","level":"elem","class_size":8.6},"geometry":{"type":"Point","coordinates":[126.830011240365,37.6395451367281]}},{"type":"Feature","properties":{"name":"용천초등학교","kind":"school","level":"elem","class_size":16.4},"geometry":{"type":"Point","coordinates":[127.208714885819,37.1916533502543]}},{"type":"Feature","properties":{"name":"우만초등학교","kind":"school","level":"elem","class_size":null},"geometry":{"type":"Point","coordinates":[127.032443262161,37.2914372073811]}},{"type":"Feature","properties":{"name":"운양초등학교","kind":"school","level":"elem","class_size":22.5},"geometry":{"type":"Point","coordinates":[126.690629987457,37.6461707053823]}},{"type":"Feature","properties":{"name":"운유초등학교","kind":"school","level":"elem","class_size":22.9},"geometry":{"type":"Point","coordinates":[126.66038581845,37.6467759560126]}},{"type":"Feature","properties":{"name":"운중초등학교","kind":"school","level":"elem","class_size":20.7},"geometry":{"type":"Point","coordinates":[127.068927041687,37.3925191436952]}},{"type":"Feature","properties":{"name":"운학초등학교","kind":"school","level":"elem","class_size":9.0},"geometry":{"type":"Point","coordinates":[127.246670889926,37.2027872155134]}},{"type":"Feature","properties":{"name":"원당초등학교","kind":"school","level":"elem","class_size":15.9},"geometry":{"type":"Point","coordinates":[126.834931026323,37.6623588619131]}},{"type":"Feature","properties":{"name":"원미초등학교","kind":"school","level":"elem","class_size":null},"geometry":{"type":"Point","coordinates":[126.787305098128,37.4896424497371]}},{"type":"Feature","properties":{"name":"원삼초등학교","kind":"school","level":"elem","class_size":7.8},"geometry":{"type":"Point","coordinates":[127.316137851367,37.1635564229529]}},{"type":"Feature","properties":{"name":"원일초등학교","kind":"school","level":"elem","class_size":18.3},"geometry":{"type":"Point","coordinates":[127.060257137136,37.2677973616961]}},{"type":"Feature","properties":{"name":"원종초등학교","kind":"school","level":"elem","class_size":null},"geometry":{"type":"Point","coordinates":[126.805925620846,37.5180500100137]}},{"type":"Feature","properties":{"name":"원중초등학교","kind":"school","level":"elem","class_size":24.7},"geometry":{"type":"Point","coordinates":[126.814731028265,37.6751315973579]}},{"type":"Feature","properties":{"name":"원천초등학교","kind":"school","level":"elem","class_size":18.6},"geometry":{"type":"Point","coordinates":[127.053615028862,37.2685074230018]}},{"type":"Feature","properties":{"name":"원흥초등학교","kind":"school","level":"elem","class_size":19.7},"geometry":{"type":"Point","coordinates":[126.868858208878,37.6510763025816]}},{"type":"Feature","properties":{"name":"월곶초등학교","kind":"school","level":"elem","class_size":7.4},"geometry":{"type":"Point","coordinates":[126.552178301556,37.7177087719987]}},{"type":"Feature","properties":{"name":"위례고운초등학교","kind":"school","level":"elem","class_size":23.6},"geometry":{"type":"Point","coordinates":[127.145774297459,37.4714896357733]}},{"type":"Feature","properties":{"name":"위례숲초등학교","kind":"school","level":"elem","class_size":23.1},"geometry":{"type":"Point","coordinates":[127.158034776565,37.4852407442276]}},{"type":"Feature","properties":{"name":"위례중앙초등학교","kind":"school","level":"elem","class_size":19.2},"geometry":{"type":"Point","coordinates":[127.135933614512,37.4720003453139]}},{"type":"Feature","properties":{"name":"위례초등학교","kind":"school","level":"elem","class_size":24.8},"geometry":{"type":"Point","coordinates":[127.149582247441,37.4771505129313]}},{"type":"Feature","properties":{"name":"위례푸른초등학교","kind":"school","level":"elem","class_size":22.8},"geometry":{"type":"Point","coordinates":[127.150958670635,37.4707315940602]}},{"type":"Feature","properties":{"name":"위례한빛초등학교","kind":"school","level":"elem","class_size":22.6},"geometry":{"type":"Point","coordinates":[127.147018807934,37.4657654180864]}},{"type":"Feature","properties":{"name":"위례해솔초등학교","kind":"school","level":"elem","class_size":19.6},"geometry":{"type":"Point","coordinates":[127.139263749552,37.4603536084894]}},{"type":"Feature","properties":{"name":"유현초등학교","kind":"school","level":"elem","class_size":23.2},"geometry":{"type":"Point","coordinates":[126.725972494642,37.5989399065286]}},{"type":"Feature","properties":{"name":"윤슬초등학교","kind":"school","level":"elem","class_size":22.4},"geometry":{"type":"Point","coordinates":[127.182312787774,37.5636608156115]}},{"type":"Feature","properties":{"name":"율동초등학교","kind":"school","level":"elem","class_size":16.5},"geometry":{"type":"Point","coordinates":[126.778844493045,37.6754439422902]}},{"type":"Feature","properties":{"name":"율전초등학교","kind":"school","level":"elem","class_size":null},"geometry":{"type":"Point","coordinates":[126.968725781921,37.2998805119006]}},{"type":"Feature","properties":{"name":"율현초등학교","kind":"school","level":"elem","class_size":null},"geometry":{"type":"Point","coordinates":[126.982899635706,37.2870999366939]}},{"type":"Feature","properties":{"name":"은솔초등학교","kind":"school","level":"elem","class_size":20.6},"geometry":{"type":"Point","coordinates":[127.295380298771,37.6501315929221]}},{"type":"Feature","properties":{"name":"은여울초등학교","kind":"school","level":"elem","class_size":24.8},"geometry":{"type":"Point","coordinates":[126.6406240298,37.6383491115709]}},{"type":"Feature","properties":{"name":"의순초등학교","kind":"school","level":"elem","class_size":19.4},"geometry":{"type":"Point","coordinates":[127.066003614084,37.7510891530744]}},{"type":"Feature","properties":{"name":"의정부부용초등학교","kind":"school","level":"elem","class_size":19.8},"geometry":{"type":"Point","coordinates":[127.090279044869,37.7362168084114]}},{"type":"Feature","properties":{"name":"의정부서초등학교","kind":"school","level":"elem","class_size":19.0},"geometry":{"type":"Point","coordinates":[127.039318978907,37.7412837637993]}},{"type":"Feature","properties":{"name":"의정부송산초등학교","kind":"school","level":"elem","class_size":22.8},"geometry":{"type":"Point","coordinates":[127.10080709532,37.7465682454545]}},{"type":"Feature","properties":{"name":"의정부신곡초등학교","kind":"school","level":"elem","class_size":20.3},"geometry":{"type":"Point","coordinates":[127.059765016648,37.7412358881679]}},{"type":"Feature","properties":{"name":"의정부용현초등학교","kind":"school","level":"elem","class_size":19.5},"geometry":{"type":"Point","coordinates":[127.087055336073,37.7389531350702]}},{"type":"Feature","properties":{"name":"의정부장암초등학교","kind":"school","level":"elem","class_size":11.1},"geometry":{"type":"Point","coordinates":[127.059271789611,37.7256793538912]}},{"type":"Feature","properties":{"name":"의정부중앙초등학교","kind":"school","level":"elem","class_size":19.1},"geometry":{"type":"Point","coordinates":[127.046949317655,37.745039723448]}},{"type":"Feature","properties":{"name":"의정부청룡초등학교","kind":"school","level":"elem","class_size":16.0},"geometry":{"type":"Point","coordinates":[127.055336547701,37.7330641827503]}},{"type":"Feature","properties":{"name":"의정부초등학교","kind":"school","level":"elem","class_size":16.1},"geometry":{"type":"Point","coordinates":[127.060167409983,37.734745999649]}},{"type":"Feature","properties":{"name":"의정부호동초등학교","kind":"school","level":"elem","class_size":21.8},"geometry":{"type":"Point","coordinates":[127.042654558056,37.7299807462673]}},{"type":"Feature","properties":{"name":"의정부호원초등학교","kind":"school","level":"elem","class_size":21.0},"geometry":{"type":"Point","coordinates":[127.041001798678,37.722026385265]}},{"type":"Feature","properties":{"name":"의정부효자초등학교","kind":"school","level":"elem","class_size":17.0},"geometry":{"type":"Point","coordinates":[127.078106867117,37.7502447549881]}},{"type":"Feature","properties":{"name":"이매초등학교","kind":"school","level":"elem","class_size":22.5},"geometry":{"type":"Point","coordinates":[127.126493151663,37.397210139931]}},{"type":"Feature","properties":{"name":"이의초등학교","kind":"school","level":"elem","class_size":22.4},"geometry":{"type":"Point","coordinates":[127.075674745648,37.293020769189]}},{"type":"Feature","properties":{"name":"이현초등학교","kind":"school","level":"elem","class_size":21.5},"geometry":{"type":"Point","coordinates":[127.093104383188,37.3102950803792]}},{"type":"Feature","properties":{"name":"인계초등학교","kind":"school","level":"elem","class_size":null},"geometry":{"type":"Point","coordinates":[127.026033163364,37.2731498543739]}},{"type":"Feature","properties":{"name":"인덕원초등학교","kind":"school","level":"elem","class_size":20.2},"geometry":{"type":"Point","coordinates":[126.979583030758,37.3972708092535]}},{"type":"Feature","properties":{"name":"인창초등학교","kind":"school","level":"elem","class_size":17.9},"geometry":{"type":"Point","coordinates":[127.131474727904,37.604454593288]}},{"type":"Feature","properties":{"name":"일산은행초등학교","kind":"school","level":"elem","class_size":17.9},"geometry":{"type":"Point","coordinates":[126.806361398641,37.669274496977]}},{"type":"Feature","properties":{"name":"일산초등학교","kind":"school","level":"elem","class_size":14.6},"geometry":{"type":"Point","coordinates":[126.771967381527,37.682988871248]}},{"type":"Feature","properties":{"name":"일월초등학교","kind":"school","level":"elem","class_size":null},"geometry":{"type":"Point","coordinates":[126.974392775107,37.2842190423265]}},{"type":"Feature","properties":{"name":"입북초등학교","kind":"school","level":"elem","class_size":null},"geometry":{"type":"Point","coordinates":[126.960163165981,37.294516228501]}},{"type":"Feature","properties":{"name":"잠원초등학교","kind":"school","level":"elem","class_size":23.3},"geometry":{"type":"Point","coordinates":[127.05252127041,37.2387291413595]}},{"type":"Feature","properties":{"name":"장기초등학교","kind":"school","level":"elem","class_size":21.2},"geometry":{"type":"Point","coordinates":[126.664411612003,37.6424535824078]}},{"type":"Feature","properties":{"name":"장내초등학교","kind":"school","level":"elem","class_size":19.8},"geometry":{"type":"Point","coordinates":[127.234892900092,37.6410901364678]}},{"type":"Feature","properties":{"name":"장성초등학교","kind":"school","level":"elem","class_size":17.2},"geometry":{"type":"Point","coordinates":[126.749661867389,37.6779491611182]}},{"type":"Feature","properties":{"name":"장승초등학교","kind":"school","level":"elem","class_size":21.3},"geometry":{"type":"Point","coordinates":[127.195411326261,37.7303559129388]}},{"type":"Feature","properties":{"name":"장자초등학교","kind":"school","level":"elem","class_size":20.7},"geometry":{"type":"Point","coordinates":[127.134983364822,37.5867789582785]}},{"type":"Feature","properties":{"name":"장촌초등학교","kind":"school","level":"elem","class_size":17.8},"geometry":{"type":"Point","coordinates":[126.748960541926,37.672827417689]}},{"type":"Feature","properties":{"name":"장평초등학교","kind":"school","level":"elem","class_size":4.8},"geometry":{"type":"Point","coordinates":[127.377606411994,37.1190733161337]}},{"type":"Feature","properties":{"name":"장현초등학교","kind":"school","level":"elem","class_size":18.7},"geometry":{"type":"Point","coordinates":[127.182216540499,37.7194628697563]}},{"type":"Feature","properties":{"name":"저동초등학교","kind":"school","level":"elem","class_size":20.2},"geometry":{"type":"Point","coordinates":[126.773878400679,37.6680112775328]}},{"type":"Feature","properties":{"name":"정발초등학교","kind":"school","level":"elem","class_size":24.5},"geometry":{"type":"Point","coordinates":[126.783758953931,37.6557717062617]}},{"type":"Feature","properties":{"name":"정자초등학교","kind":"school","level":"elem","class_size":null},"geometry":{"type":"Point","coordinates":[126.995015759177,37.2994053675944]}},{"type":"Feature","properties":{"name":"정천초등학교","kind":"school","level":"elem","class_size":null},"geometry":{"type":"Point","coordinates":[126.982754796464,37.2912382044803]}},{"type":"Feature","properties":{"name":"정평초등학교","kind":"school","level":"elem","class_size":null},"geometry":{"type":"Point","coordinates":[127.0885086588,37.3208314240886]}},{"type":"Feature","properties":{"name":"제일초등학교","kind":"school","level":"elem","class_size":18.9},"geometry":{"type":"Point","coordinates":[127.313528903522,37.2428049201343]}},{"type":"Feature","properties":{"name":"조안초등학교","kind":"school","level":"elem","class_size":8.5},"geometry":{"type":"Point","coordinates":[127.300589587064,37.5464101331288]}},{"type":"Feature","properties":{"name":"조원초등학교","kind":"school","level":"elem","class_size":null},"geometry":{"type":"Point","coordinates":[127.01717395426,37.3032560673114]}},{"type":"Feature","properties":{"name":"좌항초등학교","kind":"school","level":"elem","class_size":7.7},"geometry":{"type":"Point","coordinates":[127.320348255603,37.2018279689388]}},{"type":"Feature","properties":{"name":"주곡초등학교","kind":"school","level":"elem","class_size":20.5},"geometry":{"type":"Point","coordinates":[127.205967257056,37.7247008445009]}},{"type":"Feature","properties":{"name":"주엽초등학교","kind":"school","level":"elem","class_size":16.6},"geometry":{"type":"Point","coordinates":[126.761510837079,37.6673899312081]}},{"type":"Feature","properties":{"name":"죽전초등학교","kind":"school","level":"elem","class_size":null},"geometry":{"type":"Point","coordinates":[127.110379567948,37.3337668215985]}},{"type":"Feature","properties":{"name":"중동초등학교","kind":"school","level":"elem","class_size":null},"geometry":{"type":"Point","coordinates":[126.769266566887,37.4900415309855]}},{"type":"Feature","properties":{"name":"중부초등학교","kind":"school","level":"elem","class_size":17.6},"geometry":{"type":"Point","coordinates":[127.164950657278,37.4515469430433]}},{"type":"Feature","properties":{"name":"중산초등학교","kind":"school","level":"elem","class_size":18.4},"geometry":{"type":"Point","coordinates":[126.783557066931,37.6904444829473]}},{"type":"Feature","properties":{"name":"중앙기독초등학교","kind":"school","level":"elem","class_size":25.1},"geometry":{"type":"Point","coordinates":[127.057690354171,37.2753347661179]}},{"type":"Feature","properties":{"name":"중원초등학교","kind":"school","level":"elem","class_size":20.7},"geometry":{"type":"Point","coordinates":[127.167857365902,37.4378552831147]}},{"type":"Feature","properties":{"name":"중일초등학교","kind":"school","level":"elem","class_size":22.3},"geometry":{"type":"Point","coordinates":[127.143233522184,37.2856920577914]}},{"type":"Feature","properties":{"name":"중탑초등학교","kind":"school","level":"elem","class_size":17.8},"geometry":{"type":"Point","coordinates":[127.139685385612,37.41392398662]}},{"type":"Feature","properties":{"name":"중흥초등학교","kind":"school","level":"elem","class_size":null},"geometry":{"type":"Point","coordinates":[126.773137939174,37.5066986910079]}},{"type":"Feature","properties":{"name":"지곡초등학교","kind":"school","level":"elem","class_size":12.6},"geometry":{"type":"Point","coordinates":[127.138482500228,37.2522064788172]}},{"type":"Feature","properties":{"name":"지도초등학교","kind":"school","level":"elem","class_size":20.3},"geometry":{"type":"Point","coordinates":[126.833759073281,37.6282733926695]}},{"type":"Feature","properties":{"name":"지동초등학교","kind":"school","level":"elem","class_size":null},"geometry":{"type":"Point","coordinates":[127.024493408485,37.2771751306331]}},{"type":"Feature","properties":{"name":"지석초등학교","kind":"school","level":"elem","class_size":15.8},"geometry":{"type":"Point","coordinates":[127.139120314268,37.2700108596674]}},{"type":"Feature","properties":{"name":"지축초등학교","kind":"school","level":"elem","class_size":23.3},"geometry":{"type":"Point","coordinates":[126.915642662161,37.6528919875601]}},{"type":"Feature","properties":{"name":"지효초등학교","kind":"school","level":"elem","class_size":21.1},"geometry":{"type":"Point","coordinates":[126.922320998575,37.6504023836904]}},{"type":"Feature","properties":{"name":"진건초등학교","kind":"school","level":"elem","class_size":17.2},"geometry":{"type":"Point","coordinates":[127.178747328834,37.6570284578541]}},{"type":"Feature","properties":{"name":"진접1초(202803신설예정)","kind":"school","level":"elem","class_size":null},"geometry":{"type":"Point","coordinates":[127.169814910409,37.6108432181515]}},{"type":"Feature","properties":{"name":"진접초등학교","kind":"school","level":"elem","class_size":20.4},"geometry":{"type":"Point","coordinates":[127.199756157741,37.7171397726682]}},{"type":"Feature","properties":{"name":"차산초등학교","kind":"school","level":"elem","class_size":20.6},"geometry":{"type":"Point","coordinates":[127.301724668573,37.6363225087507]}},{"type":"Feature","properties":{"name":"창릉초등학교","kind":"school","level":"elem","class_size":20.3},"geometry":{"type":"Point","coordinates":[126.89323759599,37.6483172085013]}},{"type":"Feature","properties":{"name":"창영초등학교","kind":"school","level":"elem","class_size":null},"geometry":{"type":"Point","coordinates":[126.804865488658,37.4751549159375]}},{"type":"Feature","properties":{"name":"창용초등학교","kind":"school","level":"elem","class_size":null},"geometry":{"type":"Point","coordinates":[127.031391964701,37.2995961135515]}},{"type":"Feature","properties":{"name":"창우초등학교","kind":"school","level":"elem","class_size":17.4},"geometry":{"type":"Point","coordinates":[127.22375550537,37.5406582876617]}},{"type":"Feature","properties":{"name":"창현초등학교","kind":"school","level":"elem","class_size":21.6},"geometry":{"type":"Point","coordinates":[127.301870201786,37.6459421843496]}},{"type":"Feature","properties":{"name":"처인초등학교","kind":"school","level":"elem","class_size":17.7},"geometry":{"type":"Point","coordinates":[127.168566626366,37.1540955255544]}},{"type":"Feature","properties":{"name":"천마초등학교","kind":"school","level":"elem","class_size":18.8},"geometry":{"type":"Point","coordinates":[127.280359075334,37.6558321680545]}},{"type":"Feature","properties":{"name":"천일초등학교","kind":"school","level":"elem","class_size":null},"geometry":{"type":"Point","coordinates":[126.978275331656,37.3009946192948]}},{"type":"Feature","properties":{"name":"천천초등학교","kind":"school","level":"elem","class_size":null},"geometry":{"type":"Point","coordinates":[126.982165126913,37.3006305297835]}},{"type":"Feature","properties":{"name":"철산초등학교","kind":"school","level":"elem","class_size":23.1},"geometry":{"type":"Point","coordinates":[126.874536603159,37.4697692222453]}},{"type":"Feature","properties":{"name":"청계초등학교","kind":"school","level":"elem","class_size":21.9},"geometry":{"type":"Point","coordinates":[126.996758422106,37.4313962877475]}},{"type":"Feature","properties":{"name":"청곡초등학교","kind":"school","level":"elem","class_size":22.7},"geometry":{"type":"Point","coordinates":[127.093382103658,37.267493301495]}},{"type":"Feature","properties":{"name":"청덕초등학교","kind":"school","level":"elem","class_size":19.4},"geometry":{"type":"Point","coordinates":[127.149257191762,37.2943964756957]}},{"type":"Feature","properties":{"name":"청명초등학교","kind":"school","level":"elem","class_size":17.9},"geometry":{"type":"Point","coordinates":[127.085191635774,37.2656353137128]}},{"type":"Feature","properties":{"name":"청솔초등학교","kind":"school","level":"elem","class_size":15.4},"geometry":{"type":"Point","coordinates":[127.114100134676,37.3546580750317]}},{"type":"Feature","properties":{"name":"청수초등학교","kind":"school","level":"elem","class_size":24.8},"geometry":{"type":"Point","coordinates":[126.678697071589,37.6538961531929]}},{"type":"Feature","properties":{"name":"청아초등학교","kind":"school","level":"elem","class_size":22.5},"geometry":{"type":"Point","coordinates":[127.194191091265,37.5587478487025]}},{"type":"Feature","properties":{"name":"초림초등학교","kind":"school","level":"elem","class_size":25.3},"geometry":{"type":"Point","coordinates":[127.117592418471,37.3768255744282]}},{"type":"Feature","properties":{"name":"충현초등학교","kind":"school","level":"elem","class_size":18.5},"geometry":{"type":"Point","coordinates":[126.886850471934,37.4330889782108]}},{"type":"Feature","properties":{"name":"칠보초등학교","kind":"school","level":"elem","class_size":null},"geometry":{"type":"Point","coordinates":[126.955374370119,37.2698618136511]}},{"type":"Feature","properties":{"name":"탄천초등학교","kind":"school","level":"elem","class_size":18.5},"geometry":{"type":"Point","coordinates":[127.115645154687,37.3615993505664]}},{"type":"Feature","properties":{"name":"탑동초등학교","kind":"school","level":"elem","class_size":null},"geometry":{"type":"Point","coordinates":[126.972734961153,37.2733942997336]}},{"type":"Feature","properties":{"name":"태장초등학교","kind":"school","level":"elem","class_size":21.0},"geometry":{"type":"Point","coordinates":[127.054625087403,37.2408720477824]}},{"type":"Feature","properties":{"name":"태평초등학교","kind":"school","level":"elem","class_size":15.3},"geometry":{"type":"Point","coordinates":[127.131693816316,37.4449537976587]}},{"type":"Feature","properties":{"name":"토당초등학교","kind":"school","level":"elem","class_size":11.3},"geometry":{"type":"Point","coordinates":[126.826294203256,37.6171951941048]}},{"type":"Feature","properties":{"name":"토월초등학교","kind":"school","level":"elem","class_size":null},"geometry":{"type":"Point","coordinates":[127.091547284997,37.3252274140394]}},{"type":"Feature","properties":{"name":"토평초등학교","kind":"school","level":"elem","class_size":15.3},"geometry":{"type":"Point","coordinates":[127.146382886285,37.5878244879677]}},{"type":"Feature","properties":{"name":"통진초등학교","kind":"school","level":"elem","class_size":18.8},"geometry":{"type":"Point","coordinates":[126.594417303504,37.6938857842277]}},{"type":"Feature","properties":{"name":"퇴계원초등학교","kind":"school","level":"elem","class_size":17.4},"geometry":{"type":"Point","coordinates":[127.141417820959,37.6537013359199]}},{"type":"Feature","properties":{"name":"파장초등학교","kind":"school","level":"elem","class_size":null},"geometry":{"type":"Point","coordinates":[126.99235557528,37.308960983167]}},{"type":"Feature","properties":{"name":"판곡초등학교","kind":"school","level":"elem","class_size":21.3},"geometry":{"type":"Point","coordinates":[127.241845683566,37.6601541818276]}},{"type":"Feature","properties":{"name":"판교대장초등학교","kind":"school","level":"elem","class_size":24.1},"geometry":{"type":"Point","coordinates":[127.069657976707,37.3686633789383]}},{"type":"Feature","properties":{"name":"판교초등학교","kind":"school","level":"elem","class_size":24.3},"geometry":{"type":"Point","coordinates":[127.091443252241,37.3872822691608]}},{"type":"Feature","properties":{"name":"팔달초등학교","kind":"school","level":"elem","class_size":null},"geometry":{"type":"Point","coordinates":[127.035744219325,37.2794810027859]}},{"type":"Feature","properties":{"name":"평내초등학교","kind":"school","level":"elem","class_size":20.2},"geometry":{"type":"Point","coordinates":[127.237792200999,37.6490852282372]}},{"type":"Feature","properties":{"name":"평동초등학교","kind":"school","level":"elem","class_size":18.8},"geometry":{"type":"Point","coordinates":[127.247828028645,37.6546338045303]}},{"type":"Feature","properties":{"name":"평촌초등학교","kind":"school","level":"elem","class_size":23.9},"geometry":{"type":"Point","coordinates":[126.960126419042,37.3883977158088]}},{"type":"Feature","properties":{"name":"포곡초등학교","kind":"school","level":"elem","class_size":18.6},"geometry":{"type":"Point","coordinates":[127.22024042712,37.2821796192769]}},{"type":"Feature","properties":{"name":"푸른솔초등학교","kind":"school","level":"elem","class_size":22.2},"geometry":{"type":"Point","coordinates":[126.665712858642,37.6515934810496]}},{"type":"Feature","properties":{"name":"풍덕초등학교","kind":"school","level":"elem","class_size":null},"geometry":{"type":"Point","coordinates":[127.095252779267,37.3300741143349]}},{"type":"Feature","properties":{"name":"풍동초등학교","kind":"school","level":"elem","class_size":17.3},"geometry":{"type":"Point","coordinates":[126.802523322758,37.6695159928335]}},{"type":"Feature","properties":{"name":"풍무초등학교","kind":"school","level":"elem","class_size":22.2},"geometry":{"type":"Point","coordinates":[126.726523851399,37.6050970948989]}},{"type":"Feature","properties":{"name":"풍산초등학교","kind":"school","level":"elem","class_size":21.2},"geometry":{"type":"Point","coordinates":[126.796705679257,37.6668703854122]}},{"type":"Feature","properties":{"name":"풍양초등학교","kind":"school","level":"elem","class_size":14.7},"geometry":{"type":"Point","coordinates":[127.162079402988,37.7021608873774]}},{"type":"Feature","properties":{"name":"풍천초등학교","kind":"school","level":"elem","class_size":null},"geometry":{"type":"Point","coordinates":[127.095490616383,37.3161499021042]}},{"type":"Feature","properties":{"name":"하남천현초등학교","kind":"school","level":"elem","class_size":14.3},"geometry":{"type":"Point","coordinates":[127.216069948268,37.5380646603327]}},{"type":"Feature","properties":{"name":"하남초등학교","kind":"school","level":"elem","class_size":21.1},"geometry":{"type":"Point","coordinates":[127.222166330644,37.5374261633415]}},{"type":"Feature","properties":{"name":"하남풍산초등학교","kind":"school","level":"elem","class_size":19.2},"geometry":{"type":"Point","coordinates":[127.201853529382,37.5543606616976]}},{"type":"Feature","properties":{"name":"하늘빛초등학교","kind":"school","level":"elem","class_size":24.3},"geometry":{"type":"Point","coordinates":[126.689822381131,37.6540277412503]}},{"type":"Feature","properties":{"name":"하늘초등학교","kind":"school","level":"elem","class_size":21.2},"geometry":{"type":"Point","coordinates":[126.789559701949,37.6773001003492]}},{"type":"Feature","properties":{"name":"하랑초등학교","kind":"school","level":"elem","class_size":24.2},"geometry":{"type":"Point","coordinates":[127.255079237489,37.6499571251196]}},{"type":"Feature","properties":{"name":"하성초등학교","kind":"school","level":"elem","class_size":14.9},"geometry":{"type":"Point","coordinates":[126.632570015583,37.7206744918533]}},{"type":"Feature","properties":{"name":"하안남초등학교","kind":"school","level":"elem","class_size":15.4},"geometry":{"type":"Point","coordinates":[126.885251333324,37.4621724277797]}},{"type":"Feature","properties":{"name":"하안북초등학교","kind":"school","level":"elem","class_size":17.0},"geometry":{"type":"Point","coordinates":[126.869134235278,37.4647085135351]}},{"type":"Feature","properties":{"name":"하안초등학교","kind":"school","level":"elem","class_size":19.5},"geometry":{"type":"Point","coordinates":[126.873988974311,37.4630604347509]}},{"type":"Feature","properties":{"name":"하원초등학교","kind":"school","level":"elem","class_size":20.9},"geometry":{"type":"Point","coordinates":[127.170236321452,37.4462583408285]}},{"type":"Feature","properties":{"name":"하일초등학교","kind":"school","level":"elem","class_size":18.0},"geometry":{"type":"Point","coordinates":[126.876417763479,37.4690854457083]}},{"type":"Feature","properties":{"name":"하탑초등학교","kind":"school","level":"elem","class_size":21.3},"geometry":{"type":"Point","coordinates":[127.126612716157,37.4073263996148]}},{"type":"Feature","properties":{"name":"학운초등학교","kind":"school","level":"elem","class_size":19.4},"geometry":{"type":"Point","coordinates":[126.624860691276,37.6203000567474]}},{"type":"Feature","properties":{"name":"한류초등학교","kind":"school","level":"elem","class_size":22.6},"geometry":{"type":"Point","coordinates":[126.756774369747,37.6623481124333]}},{"type":"Feature","properties":{"name":"한뫼초등학교","kind":"school","level":"elem","class_size":21.6},"geometry":{"type":"Point","coordinates":[126.766704881133,37.6865793289204]}},{"type":"Feature","properties":{"name":"한별초등학교","kind":"school","level":"elem","class_size":21.9},"geometry":{"type":"Point","coordinates":[127.115935724129,37.6464813564861]}},{"type":"Feature","properties":{"name":"한산초등학교","kind":"school","level":"elem","class_size":21.6},"geometry":{"type":"Point","coordinates":[126.75326159217,37.6959462520781]}},{"type":"Feature","properties":{"name":"한솔초등학교","kind":"school","level":"elem","class_size":10.4},"geometry":{"type":"Point","coordinates":[127.118015872366,37.3667760184838]}},{"type":"Feature","properties":{"name":"한수초등학교","kind":"school","level":"elem","class_size":19.5},"geometry":{"type":"Point","coordinates":[126.7575688979,37.6693374684425]}},{"type":"Feature","properties":{"name":"한일초등학교","kind":"school","level":"elem","class_size":null},"geometry":{"type":"Point","coordinates":[127.005555291222,37.307096136495]}},{"type":"Feature","properties":{"name":"한터초등학교","kind":"school","level":"elem","class_size":13.6},"geometry":{"type":"Point","coordinates":[127.268272129002,37.2620068177845]}},{"type":"Feature","properties":{"name":"한홀초등학교","kind":"school","level":"elem","class_size":22.9},"geometry":{"type":"Point","coordinates":[127.1854155066,37.5562461046337]}},{"type":"Feature","properties":{"name":"함박초등학교","kind":"school","level":"elem","class_size":23.0},"geometry":{"type":"Point","coordinates":[127.183718987964,37.2337338071838]}},{"type":"Feature","properties":{"name":"해밀초등학교","kind":"school","level":"elem","class_size":21.3},"geometry":{"type":"Point","coordinates":[127.196298524695,37.718791925298]}},{"type":"Feature","properties":{"name":"해오름초등학교","kind":"school","level":"elem","class_size":16.3},"geometry":{"type":"Point","coordinates":[126.968718395995,37.4107134660188]}},{"type":"Feature","properties":{"name":"행남초등학교","kind":"school","level":"elem","class_size":14.6},"geometry":{"type":"Point","coordinates":[126.842593794904,37.6151826408114]}},{"type":"Feature","properties":{"name":"행신초등학교","kind":"school","level":"elem","class_size":15.9},"geometry":{"type":"Point","coordinates":[126.836490527858,37.6219819298435]}},{"type":"Feature","properties":{"name":"행주초등학교","kind":"school","level":"elem","class_size":8.7},"geometry":{"type":"Point","coordinates":[126.824342776359,37.603403402439]}},{"type":"Feature","properties":{"name":"향동숲내초등학교","kind":"school","level":"elem","class_size":22.7},"geometry":{"type":"Point","coordinates":[126.891110880055,37.595299653759]}},{"type":"Feature","properties":{"name":"향동초등학교","kind":"school","level":"elem","class_size":22.3},"geometry":{"type":"Point","coordinates":[126.89547159437,37.6034936902658]}},{"type":"Feature","properties":{"name":"향산초등학교","kind":"school","level":"elem","class_size":24.9},"geometry":{"type":"Point","coordinates":[126.749565315852,37.6196262838062]}},{"type":"Feature","properties":{"name":"현산초등학교","kind":"school","level":"elem","class_size":20.4},"geometry":{"type":"Point","coordinates":[126.771335252034,37.6926996231239]}},{"type":"Feature","properties":{"name":"현암초등학교","kind":"school","level":"elem","class_size":null},"geometry":{"type":"Point","coordinates":[127.124833656788,37.328774436297]}},{"type":"Feature","properties":{"name":"호계초등학교","kind":"school","level":"elem","class_size":21.7},"geometry":{"type":"Point","coordinates":[126.950197455975,37.3842673540186]}},{"type":"Feature","properties":{"name":"호곡초등학교","kind":"school","level":"elem","class_size":21.4},"geometry":{"type":"Point","coordinates":[126.766606354868,37.7009058909853]}},{"type":"Feature","properties":{"name":"호매실초등학교","kind":"school","level":"elem","class_size":null},"geometry":{"type":"Point","coordinates":[126.956393580918,37.2673193645091]}},{"type":"Feature","properties":{"name":"호성초등학교","kind":"school","level":"elem","class_size":22.3},"geometry":{"type":"Point","coordinates":[126.963026732106,37.3662552523315]}},{"type":"Feature","properties":{"name":"호수초등학교","kind":"school","level":"elem","class_size":18.6},"geometry":{"type":"Point","coordinates":[126.777962566796,37.6470270967418]}},{"type":"Feature","properties":{"name":"호암초등학교","kind":"school","level":"elem","class_size":20.3},"geometry":{"type":"Point","coordinates":[127.04607459595,37.7052282062262]}},{"type":"Feature","properties":{"name":"호원초등학교","kind":"school","level":"elem","class_size":22.6},"geometry":{"type":"Point","coordinates":[126.953335980501,37.3750972865843]}},{"type":"Feature","properties":{"name":"호평초등학교","kind":"school","level":"elem","class_size":22.4},"geometry":{"type":"Point","coordinates":[127.2460639406,37.6670691208858]}},{"type":"Feature","properties":{"name":"홍천초등학교","kind":"school","level":"elem","class_size":null},"geometry":{"type":"Point","coordinates":[127.079802228283,37.3266364830251]}},{"type":"Feature","properties":{"name":"화도초등학교","kind":"school","level":"elem","class_size":21.1},"geometry":{"type":"Point","coordinates":[127.308006787098,37.6632381861714]}},{"type":"Feature","properties":{"name":"화봉초등학교","kind":"school","level":"elem","class_size":21.4},"geometry":{"type":"Point","coordinates":[127.19187072773,37.7158663717295]}},{"type":"Feature","properties":{"name":"화서초등학교","kind":"school","level":"elem","class_size":null},"geometry":{"type":"Point","coordinates":[127.000541142068,37.2811998151046]}},{"type":"Feature","properties":{"name":"화양초등학교","kind":"school","level":"elem","class_size":null},"geometry":{"type":"Point","coordinates":[126.995011955455,37.2835600739746]}},{"type":"Feature","properties":{"name":"화접초등학교","kind":"school","level":"elem","class_size":20.5},"geometry":{"type":"Point","coordinates":[127.115462981619,37.6532100888319]}},{"type":"Feature","properties":{"name":"화중초등학교","kind":"school","level":"elem","class_size":20.1},"geometry":{"type":"Point","coordinates":[126.836018311402,37.6408934917193]}},{"type":"Feature","properties":{"name":"화창초등학교","kind":"school","level":"elem","class_size":18.5},"geometry":{"type":"Point","coordinates":[126.903434825031,37.412265675372]}},{"type":"Feature","properties":{"name":"화홍초등학교","kind":"school","level":"elem","class_size":null},"geometry":{"type":"Point","coordinates":[127.002882412545,37.2872456634127]}},{"type":"Feature","properties":{"name":"황곡초등학교","kind":"school","level":"elem","class_size":19.5},"geometry":{"type":"Point","coordinates":[127.078296923405,37.265542401234]}},{"type":"Feature","properties":{"name":"황룡초등학교","kind":"school","level":"elem","class_size":17.6},"geometry":{"type":"Point","coordinates":[126.768007060403,37.698447375198]}},{"type":"Feature","properties":{"name":"회룡초등학교","kind":"school","level":"elem","class_size":19.0},"geometry":{"type":"Point","coordinates":[127.044961456034,37.7153666641903]}},{"type":"Feature","properties":{"name":"효동초등학교","kind":"school","level":"elem","class_size":14.5},"geometry":{"type":"Point","coordinates":[127.045744908807,37.2625128502698]}},{"type":"Feature","properties":{"name":"효성초등학교","kind":"school","level":"elem","class_size":null},"geometry":{"type":"Point","coordinates":[127.03936236205,37.2834733519294]}},{"type":"Feature","properties":{"name":"효원초등학교","kind":"school","level":"elem","class_size":15.9},"geometry":{"type":"Point","coordinates":[127.039955935234,37.2591113471153]}},{"type":"Feature","properties":{"name":"효자초등학교","kind":"school","level":"elem","class_size":null},"geometry":{"type":"Point","coordinates":[127.067344250048,37.3173523248953]}},{"type":"Feature","properties":{"name":"효정초등학교","kind":"school","level":"elem","class_size":null},"geometry":{"type":"Point","coordinates":[127.034902174097,37.255135740144]}},{"type":"Feature","properties":{"name":"효천초등학교","kind":"school","level":"elem","class_size":null},"geometry":{"type":"Point","coordinates":[126.987099248682,37.2934135026595]}},{"type":"Feature","properties":{"name":"효탑초등학교","kind":"school","level":"elem","class_size":null},"geometry":{"type":"Point","coordinates":[126.976233831233,37.2665183971938]}},{"type":"Feature","properties":{"name":"훈민초등학교","kind":"school","level":"elem","class_size":22.3},"geometry":{"type":"Point","coordinates":[127.114937027369,37.7387618460809]}},{"type":"Feature","properties":{"name":"흥덕초등학교","kind":"school","level":"elem","class_size":21.8},"geometry":{"type":"Point","coordinates":[127.071723961497,37.2724411528766]}},{"type":"Feature","properties":{"name":"흥도초등학교","kind":"school","level":"elem","class_size":23.1},"geometry":{"type":"Point","coordinates":[126.872068987213,37.627476023284]}},{"type":"Feature","properties":{"name":"희망대초등학교","kind":"school","level":"elem","class_size":21.8},"geometry":{"type":"Point","coordinates":[127.149114882337,37.4474981080918]}},{"type":"Feature","properties":{"name":"희성초등학교","kind":"school","level":"elem","class_size":15.3},"geometry":{"type":"Point","coordinates":[126.948710238334,37.398366010737]}},{"type":"Feature","properties":{"name":"서울강덕초등학교","kind":"school","level":"elem","class_size":22.5},"geometry":{"type":"Point","coordinates":[127.160483580625,37.5595468443282]}},{"type":"Feature","properties":{"name":"서울강동초등학교","kind":"school","level":"elem","class_size":17.5},"geometry":{"type":"Point","coordinates":[127.130187177341,37.5463638024947]}},{"type":"Feature","properties":{"name":"서울강명초등학교","kind":"school","level":"elem","class_size":17.9},"geometry":{"type":"Point","coordinates":[127.173374480645,37.5547060358492]}},{"type":"Feature","properties":{"name":"서울강빛초등학교","kind":"school","level":"elem","class_size":23.9},"geometry":{"type":"Point","coordinates":[127.170811116993,37.574330114172]}},{"type":"Feature","properties":{"name":"서울강솔초등학교","kind":"school","level":"elem","class_size":22.0},"geometry":{"type":"Point","coordinates":[127.180267051614,37.5618679127363]}},{"type":"Feature","properties":{"name":"서울강일초등학교","kind":"school","level":"elem","class_size":18.9},"geometry":{"type":"Point","coordinates":[127.177212459316,37.565255684305]}},{"type":"Feature","properties":{"name":"서울고덕초등학교","kind":"school","level":"elem","class_size":22.0},"geometry":{"type":"Point","coordinates":[127.166096972163,37.5612942209058]}},{"type":"Feature","properties":{"name":"서울고명초등학교","kind":"school","level":"elem","class_size":24.8},"geometry":{"type":"Point","coordinates":[127.147436202442,37.5529725262612]}},{"type":"Feature","properties":{"name":"서울고일초등학교","kind":"school","level":"elem","class_size":27.8},"geometry":{"type":"Point","coordinates":[127.169410258978,37.5515434343626]}},{"type":"Feature","properties":{"name":"서울고현초등학교","kind":"school","level":"elem","class_size":24.4},"geometry":{"type":"Point","coordinates":[127.166151512341,37.5537953318163]}},{"type":"Feature","properties":{"name":"서울길동초등학교","kind":"school","level":"elem","class_size":18.3},"geometry":{"type":"Point","coordinates":[127.144972942492,37.5385916779149]}},{"type":"Feature","properties":{"name":"서울대명초등학교","kind":"school","level":"elem","class_size":21.2},"geometry":{"type":"Point","coordinates":[127.152849551167,37.547707060343]}},{"type":"Feature","properties":{"name":"서울둔촌초등학교","kind":"school","level":"elem","class_size":21.3},"geometry":{"type":"Point","coordinates":[127.137454081546,37.5262199311307]}},{"type":"Feature","properties":{"name":"서울명덕초등학교","kind":"school","level":"elem","class_size":27.8},"geometry":{"type":"Point","coordinates":[127.14508147542,37.556762513572]}},{"type":"Feature","properties":{"name":"서울명원초등학교","kind":"school","level":"elem","class_size":21.8},"geometry":{"type":"Point","coordinates":[127.15050016138,37.5512878500966]}},{"type":"Feature","properties":{"name":"서울명일초등학교","kind":"school","level":"elem","class_size":19.3},"geometry":{"type":"Point","coordinates":[127.142591145632,37.554553599981]}},{"type":"Feature","properties":{"name":"서울묘곡초등학교","kind":"school","level":"elem","class_size":22.1},"geometry":{"type":"Point","coordinates":[127.153093519674,37.5587127849016]}},{"type":"Feature","properties":{"name":"서울상일초등학교","kind":"school","level":"elem","class_size":12.9},"geometry":{"type":"Point","coordinates":[127.172667420087,37.5475608123278]}},{"type":"Feature","properties":{"name":"서울선린초등학교","kind":"school","level":"elem","class_size":19.3},"geometry":{"type":"Point","coordinates":[127.145594039357,37.5297601213047]}},{"type":"Feature","properties":{"name":"서울선사초등학교","kind":"school","level":"elem","class_size":17.2},"geometry":{"type":"Point","coordinates":[127.12819596827,37.5558469097869]}},{"type":"Feature","properties":{"name":"서울성내초등학교","kind":"school","level":"elem","class_size":19.0},"geometry":{"type":"Point","coordinates":[127.122500139991,37.5313578593416]}},{"type":"Feature","properties":{"name":"서울성일초등학교","kind":"school","level":"elem","class_size":17.0},"geometry":{"type":"Point","coordinates":[127.128408263098,37.5297092388513]}},{"type":"Feature","properties":{"name":"서울신명초등학교","kind":"school","level":"elem","class_size":18.4},"geometry":{"type":"Point","coordinates":[127.149979091111,37.5409268527757]}},{"type":"Feature","properties":{"name":"서울신암초등학교","kind":"school","level":"elem","class_size":17.9},"geometry":{"type":"Point","coordinates":[127.124404356441,37.5500236743432]}},{"type":"Feature","properties":{"name":"서울위례초등학교","kind":"school","level":"elem","class_size":22.6},"geometry":{"type":"Point","coordinates":[127.139436648101,37.5223185221619]}},{"type":"Feature","properties":{"name":"서울천동초등학교","kind":"school","level":"elem","class_size":18.1},"geometry":{"type":"Point","coordinates":[127.137828727405,37.541015901733]}},{"type":"Feature","properties":{"name":"서울천일초등학교","kind":"school","level":"elem","class_size":16.1},"geometry":{"type":"Point","coordinates":[127.133436718515,37.5443612197289]}},{"type":"Feature","properties":{"name":"서울천호초등학교","kind":"school","level":"elem","class_size":18.2},"geometry":{"type":"Point","coordinates":[127.136592330295,37.5477189664877]}},{"type":"Feature","properties":{"name":"서울한산초등학교","kind":"school","level":"elem","class_size":17.2},"geometry":{"type":"Point","coordinates":[127.14107694998,37.5286945837724]}},{"type":"Feature","properties":{"name":"서울가동초등학교","kind":"school","level":"elem","class_size":20.7},"geometry":{"type":"Point","coordinates":[127.129790328684,37.4972559260218]}},{"type":"Feature","properties":{"name":"서울가락초등학교","kind":"school","level":"elem","class_size":22.0},"geometry":{"type":"Point","coordinates":[127.107214872322,37.4998746399971]}},{"type":"Feature","properties":{"name":"서울가원초등학교","kind":"school","level":"elem","class_size":20.4},"geometry":{"type":"Point","coordinates":[127.111028747643,37.4894427777046]}},{"type":"Feature","properties":{"name":"서울가주초등학교","kind":"school","level":"elem","class_size":21.5},"geometry":{"type":"Point","coordinates":[127.129280370183,37.4965672156015]}},{"type":"Feature","properties":{"name":"서울개롱초등학교","kind":"school","level":"elem","class_size":16.3},"geometry":{"type":"Point","coordinates":[127.139888149341,37.4973626123965]}},{"type":"Feature","properties":{"name":"서울거여초등학교","kind":"school","level":"elem","class_size":17.8},"geometry":{"type":"Point","coordinates":[127.140946785902,37.5050261154817]}},{"type":"Feature","properties":{"name":"서울거원초등학교","kind":"school","level":"elem","class_size":18.9},"geometry":{"type":"Point","coordinates":[127.144815961872,37.4876385082093]}},{"type":"Feature","properties":{"name":"서울남천초등학교","kind":"school","level":"elem","class_size":14.1},"geometry":{"type":"Point","coordinates":[127.151063224565,37.5013291325477]}},{"type":"Feature","properties":{"name":"서울마천초등학교","kind":"school","level":"elem","class_size":18.6},"geometry":{"type":"Point","coordinates":[127.152704624882,37.495437509372]}},{"type":"Feature","properties":{"name":"서울문덕초등학교","kind":"school","level":"elem","class_size":18.1},"geometry":{"type":"Point","coordinates":[127.127962742492,37.4850521596354]}},{"type":"Feature","properties":{"name":"서울문정초등학교","kind":"school","level":"elem","class_size":20.2},"geometry":{"type":"Point","coordinates":[127.129206175689,37.4890774089099]}},{"type":"Feature","properties":{"name":"서울문현초등학교","kind":"school","level":"elem","class_size":18.6},"geometry":{"type":"Point","coordinates":[127.130257129876,37.482790915501]}},{"type":"Feature","properties":{"name":"서울방산초등학교","kind":"school","level":"elem","class_size":20.5},"geometry":{"type":"Point","coordinates":[127.121190696197,37.5095379215333]}},{"type":"Feature","properties":{"name":"서울방이초등학교","kind":"school","level":"elem","class_size":19.2},"geometry":{"type":"Point","coordinates":[127.120531131015,37.513512293639]}},{"type":"Feature","properties":{"name":"서울버들초등학교","kind":"school","level":"elem","class_size":26.3},"geometry":{"type":"Point","coordinates":[127.089274587416,37.5102185018601]}},{"type":"Feature","properties":{"name":"서울삼전초등학교","kind":"school","level":"elem","class_size":17.1},"geometry":{"type":"Point","coordinates":[127.093268133907,37.5017012801562]}},{"type":"Feature","properties":{"name":"서울석촌초등학교","kind":"school","level":"elem","class_size":16.6},"geometry":{"type":"Point","coordinates":[127.105238463221,37.5026527756676]}},{"type":"Feature","properties":{"name":"서울세륜초등학교","kind":"school","level":"elem","class_size":20.8},"geometry":{"type":"Point","coordinates":[127.134157724554,37.5185748448001]}},{"type":"Feature","properties":{"name":"서울송례초등학교","kind":"school","level":"elem","class_size":21.8},"geometry":{"type":"Point","coordinates":[127.13849585496,37.4778940251025]}},{"type":"Feature","properties":{"name":"서울송전초등학교","kind":"school","level":"elem","class_size":20.8},"geometry":{"type":"Point","coordinates":[127.095121373383,37.5088312569718]}},{"type":"Feature","properties":{"name":"서울송파초등학교","kind":"school","level":"elem","class_size":19.3},"geometry":{"type":"Point","coordinates":[127.111247174893,37.5069549745149]}},{"type":"Feature","properties":{"name":"서울신가초등학교","kind":"school","level":"elem","class_size":18.5},"geometry":{"type":"Point","coordinates":[127.119700425145,37.5003207198096]}},{"type":"Feature","properties":{"name":"서울신천초등학교","kind":"school","level":"elem","class_size":15.6},"geometry":{"type":"Point","coordinates":[127.095036549398,37.5140077737504]}},{"type":"Feature","properties":{"name":"서울아주초등학교","kind":"school","level":"elem","class_size":20.2},"geometry":{"type":"Point","coordinates":[127.075317277909,37.50578969665]}},{"type":"Feature","properties":{"name":"서울영풍초등학교","kind":"school","level":"elem","class_size":17.6},"geometry":{"type":"Point","coordinates":[127.143214689204,37.4961862376383]}},{"type":"Feature","properties":{"name":"서울오금초등학교","kind":"school","level":"elem","class_size":19.5},"geometry":{"type":"Point","coordinates":[127.131977915625,37.5093704878322]}},{"type":"Feature","properties":{"name":"서울오륜초등학교","kind":"school","level":"elem","class_size":21.2},"geometry":{"type":"Point","coordinates":[127.134396802963,37.5124274792928]}},{"type":"Feature","properties":{"name":"서울위례별초등학교","kind":"school","level":"elem","class_size":21.4},"geometry":{"type":"Point","coordinates":[127.145018831355,37.4790497618126]}},{"type":"Feature","properties":{"name":"서울위례솔초등학교","kind":"school","level":"elem","class_size":25.1},"geometry":{"type":"Point","coordinates":[127.150753871028,37.486734037842]}},{"type":"Feature","properties":{"name":"서울잠동초등학교","kind":"school","level":"elem","class_size":25.4},"geometry":{"type":"Point","coordinates":[127.099997855402,37.518364083155]}},{"type":"Feature","properties":{"name":"서울잠신초등학교","kind":"school","level":"elem","class_size":25.4},"geometry":{"type":"Point","coordinates":[127.08797670792,37.5141697474146]}},{"type":"Feature","properties":{"name":"서울잠실초등학교","kind":"school","level":"elem","class_size":23.3},"geometry":{"type":"Point","coordinates":[127.110799789543,37.5201410422976]}},{"type":"Feature","properties":{"name":"서울잠일초등학교","kind":"school","level":"elem","class_size":25.8},"geometry":{"type":"Point","coordinates":[127.081636216984,37.5147416618092]}},{"type":"Feature","properties":{"name":"서울잠전초등학교","kind":"school","level":"elem","class_size":18.5},"geometry":{"type":"Point","coordinates":[127.083864376692,37.5073349275982]}},{"type":"Feature","properties":{"name":"서울잠현초등학교","kind":"school","level":"elem","class_size":25.1},"geometry":{"type":"Point","coordinates":[127.104722782408,37.5225858707847]}},{"type":"Feature","properties":{"name":"서울중대초등학교","kind":"school","level":"elem","class_size":21.9},"geometry":{"type":"Point","coordinates":[127.113605457993,37.4998119038214]}},{"type":"Feature","properties":{"name":"서울토성초등학교","kind":"school","level":"elem","class_size":18.4},"geometry":{"type":"Point","coordinates":[127.115772382237,37.5318963267968]}},{"type":"Feature","properties":{"name":"서울평화초등학교","kind":"school","level":"elem","class_size":11.8},"geometry":{"type":"Point","coordinates":[127.122700488472,37.4916183368483]}},{"type":"Feature","properties":{"name":"서울풍납초등학교","kind":"school","level":"elem","class_size":14.1},"geometry":{"type":"Point","coordinates":[127.117532366819,37.5352940632209]}},{"type":"Feature","properties":{"name":"서울풍성초등학교","kind":"school","level":"elem","class_size":16.3},"geometry":{"type":"Point","coordinates":[127.113492681415,37.5263118815737]}},{"type":"Feature","properties":{"name":"서울해누리초등학교","kind":"school","level":"elem","class_size":21.8},"geometry":{"type":"Point","coordinates":[127.102124196858,37.4984115921213]}},{"type":"Feature","properties":{"name":"서울개원초등학교","kind":"school","level":"elem","class_size":21.2},"geometry":{"type":"Point","coordinates":[127.058928868147,37.4815990431896]}},{"type":"Feature","properties":{"name":"서울개일초등학교","kind":"school","level":"elem","class_size":23.8},"geometry":{"type":"Point","coordinates":[127.057790853452,37.4862353839469]}},{"type":"Feature","properties":{"name":"서울개포초등학교","kind":"school","level":"elem","class_size":20.2},"geometry":{"type":"Point","coordinates":[127.070310042973,37.4863349159759]}},{"type":"Feature","properties":{"name":"서울개현초등학교","kind":"school","level":"elem","class_size":22.2},"geometry":{"type":"Point","coordinates":[127.061934734277,37.4810551885528]}},{"type":"Feature","properties":{"name":"서울구룡초등학교","kind":"school","level":"elem","class_size":20.6},"geometry":{"type":"Point","coordinates":[127.051771435538,37.4811973926876]}},{"type":"Feature","properties":{"name":"서울논현초등학교","kind":"school","level":"elem","class_size":13.2},"geometry":{"type":"Point","coordinates":[127.02617981295,37.5084731864007]}},{"type":"Feature","properties":{"name":"서울대곡초등학교","kind":"school","level":"elem","class_size":24.5},"geometry":{"type":"Point","coordinates":[127.065026465684,37.4947106436849]}},{"type":"Feature","properties":{"name":"서울대도초등학교","kind":"school","level":"elem","class_size":29.3},"geometry":{"type":"Point","coordinates":[127.053206571031,37.4925857669174]}},{"type":"Feature","properties":{"name":"서울대모초등학교","kind":"school","level":"elem","class_size":23.7},"geometry":{"type":"Point","coordinates":[127.085993825956,37.4805984530071]}},{"type":"Feature","properties":{"name":"서울대왕초등학교","kind":"school","level":"elem","class_size":15.5},"geometry":{"type":"Point","coordinates":[127.105303959604,37.4646391801831]}},{"type":"Feature","properties":{"name":"서울대진초등학교","kind":"school","level":"elem","class_size":12.4},"geometry":{"type":"Point","coordinates":[127.077861373551,37.4970275687873]}},{"type":"Feature","properties":{"name":"서울대청초등학교","kind":"school","level":"elem","class_size":7.3},"geometry":{"type":"Point","coordinates":[127.087767273125,37.4931480982967]}},{"type":"Feature","properties":{"name":"서울대치초등학교","kind":"school","level":"elem","class_size":27.4},"geometry":{"type":"Point","coordinates":[127.06197065881,37.4912865672214]}},{"type":"Feature","properties":{"name":"서울대현초등학교","kind":"school","level":"elem","class_size":26.6},"geometry":{"type":"Point","coordinates":[127.063292075669,37.5034861238053]}},{"type":"Feature","properties":{"name":"서울도곡초등학교","kind":"school","level":"elem","class_size":20.7},"geometry":{"type":"Point","coordinates":[127.054465527162,37.4995114113359]}},{"type":"Feature","properties":{"name":"서울도성초등학교","kind":"school","level":"elem","class_size":26.9},"geometry":{"type":"Point","coordinates":[127.048872178861,37.5014620128395]}},{"type":"Feature","properties":{"name":"서울봉은초등학교","kind":"school","level":"elem","class_size":20.5},"geometry":{"type":"Point","coordinates":[127.060746725412,37.5200478271392]}},{"type":"Feature","properties":{"name":"서울삼릉초등학교","kind":"school","level":"elem","class_size":19.8},"geometry":{"type":"Point","coordinates":[127.047172253926,37.5132582999042]}},{"type":"Feature","properties":{"name":"서울세명초등학교","kind":"school","level":"elem","class_size":19.6},"geometry":{"type":"Point","coordinates":[127.090829377083,37.4687016867837]}},{"type":"Feature","properties":{"name":"서울수서초등학교","kind":"school","level":"elem","class_size":11.4},"geometry":{"type":"Point","coordinates":[127.10185783552,37.4911373654824]}},{"type":"Feature","properties":{"name":"서울신구초등학교","kind":"school","level":"elem","class_size":19.1},"geometry":{"type":"Point","coordinates":[127.023988358303,37.5233697652501]}},{"type":"Feature","properties":{"name":"서울압구정초등학교","kind":"school","level":"elem","class_size":21.1},"geometry":{"type":"Point","coordinates":[127.030841741797,37.5317391125935]}},{"type":"Feature","properties":{"name":"서울양전초등학교","kind":"school","level":"elem","class_size":14.8},"geometry":{"type":"Point","coordinates":[127.069170862479,37.4902478541395]}},{"type":"Feature","properties":{"name":"서울언북초등학교","kind":"school","level":"elem","class_size":21.6},"geometry":{"type":"Point","coordinates":[127.044715764538,37.520125172379]}},{"type":"Feature","properties":{"name":"서울언주초등학교","kind":"school","level":"elem","class_size":21.8},"geometry":{"type":"Point","coordinates":[127.036794347182,37.4863203741934]}},{"type":"Feature","properties":{"name":"서울역삼초등학교","kind":"school","level":"elem","class_size":17.3},"geometry":{"type":"Point","coordinates":[127.032564910969,37.4931444060362]}},{"type":"Feature","properties":{"name":"서울영희초등학교","kind":"school","level":"elem","class_size":15.1},"geometry":{"type":"Point","coordinates":[127.081132787699,37.4923003980946]}},{"type":"Feature","properties":{"name":"서울왕북초등학교","kind":"school","level":"elem","class_size":21.5},"geometry":{"type":"Point","coordinates":[127.086237195421,37.4862610232719]}},{"type":"Feature","properties":{"name":"서울율현초등학교","kind":"school","level":"elem","class_size":18.9},"geometry":{"type":"Point","coordinates":[127.108265007698,37.474558700755]}},{"type":"Feature","properties":{"name":"서울일원초등학교","kind":"school","level":"elem","class_size":24.6},"geometry":{"type":"Point","coordinates":[127.076141940265,37.4898127052732]}},{"type":"Feature","properties":{"name":"서울자곡초등학교","kind":"school","level":"elem","class_size":19.6},"geometry":{"type":"Point","coordinates":[127.099482575625,37.4720493601914]}},{"type":"Feature","properties":{"name":"서울청담초등학교","kind":"school","level":"elem","class_size":20.0},"geometry":{"type":"Point","coordinates":[127.045153024716,37.5282818704161]}},{"type":"Feature","properties":{"name":"서울포이초등학교","kind":"school","level":"elem","class_size":18.2},"geometry":{"type":"Point","coordinates":[127.052045721323,37.4758166247606]}},{"type":"Feature","properties":{"name":"서울학동초등학교","kind":"school","level":"elem","class_size":19.8},"geometry":{"type":"Point","coordinates":[127.039435597045,37.512045952]}},{"type":"Feature","properties":{"name":"계성초등학교","kind":"school","level":"elem","class_size":25.7},"geometry":{"type":"Point","coordinates":[126.996654362592,37.5049357208076]}},{"type":"Feature","properties":{"name":"서울교육대학교부설초등학교","kind":"school","level":"elem","class_size":22.0},"geometry":{"type":"Point","coordinates":[127.015424537648,37.4907404857731]}},{"type":"Feature","properties":{"name":"서울매헌초등학교","kind":"school","level":"elem","class_size":19.5},"geometry":{"type":"Point","coordinates":[127.042057861972,37.4712624819608]}},{"type":"Feature","properties":{"name":"서울반원초등학교","kind":"school","level":"elem","class_size":23.5},"geometry":{"type":"Point","coordinates":[127.004236132457,37.5103872227025]}},{"type":"Feature","properties":{"name":"서울반포초등학교","kind":"school","level":"elem","class_size":null},"geometry":{"type":"Point","coordinates":[126.991741582915,37.5024848344961]}},{"type":"Feature","properties":{"name":"서울방배초등학교","kind":"school","level":"elem","class_size":22.8},"geometry":{"type":"Point","coordinates":[126.987137986274,37.4867641043401]}},{"type":"Feature","properties":{"name":"서울방일초등학교","kind":"school","level":"elem","class_size":22.7},"geometry":{"type":"Point","coordinates":[126.998848974708,37.4852056040312]}},{"type":"Feature","properties":{"name":"서울방현초등학교","kind":"school","level":"elem","class_size":14.1},"geometry":{"type":"Point","coordinates":[126.990073388581,37.4765029769283]}},{"type":"Feature","properties":{"name":"서울서래초등학교","kind":"school","level":"elem","class_size":24.1},"geometry":{"type":"Point","coordinates":[126.990156472861,37.4964040023549]}},{"type":"Feature","properties":{"name":"서울서원초등학교","kind":"school","level":"elem","class_size":29.9},"geometry":{"type":"Point","coordinates":[127.014619457733,37.5024388979462]}},{"type":"Feature","properties":{"name":"서울서이초등학교","kind":"school","level":"elem","class_size":25.0},"geometry":{"type":"Point","coordinates":[127.025618024318,37.491564668711]}},{"type":"Feature","properties":{"name":"서울서일초등학교","kind":"school","level":"elem","class_size":18.5},"geometry":{"type":"Point","coordinates":[127.02215975144,37.4852977769965]}},{"type":"Feature","properties":{"name":"서울서초초등학교","kind":"school","level":"elem","class_size":21.5},"geometry":{"type":"Point","coordinates":[127.024891501335,37.4990487668755]}},{"type":"Feature","properties":{"name":"서울신동초등학교","kind":"school","level":"elem","class_size":24.5},"geometry":{"type":"Point","coordinates":[127.011390388152,37.5171300437436]}},{"type":"Feature","properties":{"name":"서울신중초등학교","kind":"school","level":"elem","class_size":22.0},"geometry":{"type":"Point","coordinates":[127.009343254537,37.4801578791721]}},{"type":"Feature","properties":{"name":"서울양재초등학교","kind":"school","level":"elem","class_size":16.2},"geometry":{"type":"Point","coordinates":[127.03189250195,37.4741653841614]}},{"type":"Feature","properties":{"name":"서울언남초등학교","kind":"school","level":"elem","class_size":19.8},"geometry":{"type":"Point","coordinates":[127.061436582525,37.4541133292306]}},{"type":"Feature","properties":{"name":"서울우면초등학교","kind":"school","level":"elem","class_size":18.8},"geometry":{"type":"Point","coordinates":[127.026054562784,37.4653655626944]}},{"type":"Feature","properties":{"name":"서울우솔초등학교","kind":"school","level":"elem","class_size":17.4},"geometry":{"type":"Point","coordinates":[127.019275619438,37.4570942208519]}},{"type":"Feature","properties":{"name":"서울우암초등학교","kind":"school","level":"elem","class_size":13.8},"geometry":{"type":"Point","coordinates":[127.023731348976,37.4723005921488]}},{"type":"Feature","properties":{"name":"서울원명초등학교","kind":"school","level":"elem","class_size":25.4},"geometry":{"type":"Point","coordinates":[127.017066977739,37.5007499044884]}},{"type":"Feature","properties":{"name":"서울원촌초등학교","kind":"school","level":"elem","class_size":21.5},"geometry":{"type":"Point","coordinates":[127.012346682947,37.5062446440008]}},{"type":"Feature","properties":{"name":"서울이수초등학교","kind":"school","level":"elem","class_size":16.0},"geometry":{"type":"Point","coordinates":[126.984058772938,37.4781887381851]}},{"type":"Feature","properties":{"name":"서울잠원초등학교","kind":"school","level":"elem","class_size":26.7},"geometry":{"type":"Point","coordinates":[126.9983875282,37.5018590933365]}},{"type":"Feature","properties":{"name":"서울관악초등학교","kind":"school","level":"elem","class_size":15.3},"geometry":{"type":"Point","coordinates":[126.942570541831,37.4810297131995]}},{"type":"Feature","properties":{"name":"서울구암초등학교","kind":"school","level":"elem","class_size":21.5},"geometry":{"type":"Point","coordinates":[126.946271723126,37.4892174749954]}},{"type":"Feature","properties":{"name":"서울난곡초등학교","kind":"school","level":"elem","class_size":15.4},"geometry":{"type":"Point","coordinates":[126.916341558815,37.4691282036291]}},{"type":"Feature","properties":{"name":"서울난우초등학교","kind":"school","level":"elem","class_size":18.6},"geometry":{"type":"Point","coordinates":[126.917458792183,37.4771205875183]}},{"type":"Feature","properties":{"name":"서울난향초등학교","kind":"school","level":"elem","class_size":18.2},"geometry":{"type":"Point","coordinates":[126.918336846046,37.4628218910704]}},{"type":"Feature","properties":{"name":"서울남부초등학교","kind":"school","level":"elem","class_size":17.3},"geometry":{"type":"Point","coordinates":[126.922183775699,37.4851194359099]}},{"type":"Feature","properties":{"name":"서울당곡초등학교","kind":"school","level":"elem","class_size":15.3},"geometry":{"type":"Point","coordinates":[126.930369788237,37.4901681154487]}},{"type":"Feature","properties":{"name":"서울미성초등학교","kind":"school","level":"elem","class_size":18.4},"geometry":{"type":"Point","coordinates":[126.912392273996,37.4783399695494]}},{"type":"Feature","properties":{"name":"서울봉천초등학교","kind":"school","level":"elem","class_size":17.9},"geometry":{"type":"Point","coordinates":[126.95820924848,37.4832732140812]}},{"type":"Feature","properties":{"name":"서울봉현초등학교","kind":"school","level":"elem","class_size":18.3},"geometry":{"type":"Point","coordinates":[126.955347165898,37.4912022088395]}},{"type":"Feature","properties":{"name":"서울사당초등학교","kind":"school","level":"elem","class_size":14.8},"geometry":{"type":"Point","coordinates":[126.973366964486,37.4738196175948]}},{"type":"Feature","properties":{"name":"서울삼성초등학교","kind":"school","level":"elem","class_size":15.1},"geometry":{"type":"Point","coordinates":[126.940492900894,37.4685220375851]}},{"type":"Feature","properties":{"name":"서울신림초등학교","kind":"school","level":"elem","class_size":16.5},"geometry":{"type":"Point","coordinates":[126.926876735629,37.4771198534832]}},{"type":"Feature","properties":{"name":"서울신봉초등학교","kind":"school","level":"elem","class_size":13.3},"geometry":{"type":"Point","coordinates":[126.949130876206,37.4855779476851]}},{"type":"Feature","properties":{"name":"서울신성초등학교","kind":"school","level":"elem","class_size":17.5},"geometry":{"type":"Point","coordinates":[126.936754150323,37.472003312266]}},{"type":"Feature","properties":{"name":"서울신우초등학교","kind":"school","level":"elem","class_size":16.9},"geometry":{"type":"Point","coordinates":[126.932535154048,37.4632725256816]}},{"type":"Feature","properties":{"name":"서울원당초등학교","kind":"school","level":"elem","class_size":9.0},"geometry":{"type":"Point","coordinates":[126.955766635019,37.4813047920283]}},{"type":"Feature","properties":{"name":"서울원신초등학교","kind":"school","level":"elem","class_size":8.0},"geometry":{"type":"Point","coordinates":[126.92727524954,37.4672075457163]}},{"type":"Feature","properties":{"name":"서울은천초등학교","kind":"school","level":"elem","class_size":17.2},"geometry":{"type":"Point","coordinates":[126.942679132637,37.4865852040387]}},{"type":"Feature","properties":{"name":"서울인헌초등학교","kind":"school","level":"elem","class_size":17.3},"geometry":{"type":"Point","coordinates":[126.959875787277,37.4767753536009]}},{"type":"Feature","properties":{"name":"서울조원초등학교","kind":"school","level":"elem","class_size":16.9},"geometry":{"type":"Point","coordinates":[126.909505620969,37.484127765974]}},{"type":"Feature","properties":{"name":"서울청룡초등학교","kind":"school","level":"elem","class_size":15.8},"geometry":{"type":"Point","coordinates":[126.951284574125,37.4767252713626]}},{"type":"Feature","properties":{"name":"서울강남초등학교","kind":"school","level":"elem","class_size":18.7},"geometry":{"type":"Point","coordinates":[126.953567101813,37.5062047182589]}},{"type":"Feature","properties":{"name":"서울남사초등학교","kind":"school","level":"elem","class_size":17.4},"geometry":{"type":"Point","coordinates":[126.978234357795,37.48194132287]}},{"type":"Feature","properties":{"name":"서울남성초등학교","kind":"school","level":"elem","class_size":16.7},"geometry":{"type":"Point","coordinates":[126.975577985193,37.4846330175369]}},{"type":"Feature","properties":{"name":"서울노량진초등학교","kind":"school","level":"elem","class_size":11.2},"geometry":{"type":"Point","coordinates":[126.940827465638,37.5117195690698]}},{"type":"Feature","properties":{"name":"서울대림초등학교","kind":"school","level":"elem","class_size":18.6},"geometry":{"type":"Point","coordinates":[126.924878133652,37.5006196717046]}},{"type":"Feature","properties":{"name":"서울동작초등학교","kind":"school","level":"elem","class_size":17.7},"geometry":{"type":"Point","coordinates":[126.976489285999,37.4940605364226]}},{"type":"Feature","properties":{"name":"서울문창초등학교","kind":"school","level":"elem","class_size":15.5},"geometry":{"type":"Point","coordinates":[126.914528045959,37.4889482943857]}},{"type":"Feature","properties":{"name":"서울보라매초등학교","kind":"school","level":"elem","class_size":20.9},"geometry":{"type":"Point","coordinates":[126.916144507788,37.4958518874539]}},{"type":"Feature","properties":{"name":"서울본동초등학교","kind":"school","level":"elem","class_size":9.4},"geometry":{"type":"Point","coordinates":[126.953923907042,37.5106568125953]}},{"type":"Feature","properties":{"name":"서울삼일초등학교","kind":"school","level":"elem","class_size":20.2},"geometry":{"type":"Point","coordinates":[126.975188515742,37.4882593140973]}},{"type":"Feature","properties":{"name":"서울상도초등학교","kind":"school","level":"elem","class_size":18.1},"geometry":{"type":"Point","coordinates":[126.937378799359,37.5003760295043]}},{"type":"Feature","properties":{"name":"서울상현초등학교","kind":"school","level":"elem","class_size":16.2},"geometry":{"type":"Point","coordinates":[126.952669123087,37.4948743920855]}},{"type":"Feature","properties":{"name":"서울신길초등학교","kind":"school","level":"elem","class_size":20.5},"geometry":{"type":"Point","coordinates":[126.926808573769,37.5103665150217]}},{"type":"Feature","properties":{"name":"서울신남성초등학교","kind":"school","level":"elem","class_size":17.8},"geometry":{"type":"Point","coordinates":[126.964679741398,37.4887047110087]}},{"type":"Feature","properties":{"name":"서울신상도초등학교","kind":"school","level":"elem","class_size":20.5},"geometry":{"type":"Point","coordinates":[126.943817704578,37.5008246344742]}},{"type":"Feature","properties":{"name":"서울영본초등학교","kind":"school","level":"elem","class_size":18.4},"geometry":{"type":"Point","coordinates":[126.94864052145,37.5113065101691]}},{"type":"Feature","properties":{"name":"서울영화초등학교","kind":"school","level":"elem","class_size":16.2},"geometry":{"type":"Point","coordinates":[126.932815969374,37.5089369468762]}},{"type":"Feature","properties":{"name":"서울은로초등학교","kind":"school","level":"elem","class_size":20.0},"geometry":{"type":"Point","coordinates":[126.959778422441,37.5033929766399]}},{"type":"Feature","properties":{"name":"서울행림초등학교","kind":"school","level":"elem","class_size":14.2},"geometry":{"type":"Point","coordinates":[126.964977725041,37.4828114848946]}},{"type":"Feature","properties":{"name":"서울흑석초등학교","kind":"school","level":"elem","class_size":15.4},"geometry":{"type":"Point","coordinates":[126.965149160443,37.5082970524535]}},{"type":"Feature","properties":{"name":"중앙대학교사범대학부속초등학교","kind":"school","level":"elem","class_size":24.2},"geometry":{"type":"Point","coordinates":[126.960162287237,37.5052685494717]}},{"type":"Feature","properties":{"name":"서울당산초등학교","kind":"school","level":"elem","class_size":16.2},"geometry":{"type":"Point","coordinates":[126.896241067017,37.5401191186811]}},{"type":"Feature","properties":{"name":"서울당서초등학교","kind":"school","level":"elem","class_size":23.5},"geometry":{"type":"Point","coordinates":[126.89981419859,37.5320274377069]}},{"type":"Feature","properties":{"name":"서울당중초등학교","kind":"school","level":"elem","class_size":17.2},"geometry":{"type":"Point","coordinates":[126.889413529916,37.52628923031]}},{"type":"Feature","properties":{"name":"서울대길초등학교","kind":"school","level":"elem","class_size":14.3},"geometry":{"type":"Point","coordinates":[126.913035010017,37.4982314495379]}},{"type":"Feature","properties":{"name":"서울대동초등학교","kind":"school","level":"elem","class_size":13.7},"geometry":{"type":"Point","coordinates":[126.900450594121,37.4937093653318]}},{"type":"Feature","properties":{"name":"서울대방초등학교","kind":"school","level":"elem","class_size":21.1},"geometry":{"type":"Point","coordinates":[126.919020182507,37.5029001208602]}},{"type":"Feature","properties":{"name":"서울대영초등학교","kind":"school","level":"elem","class_size":20.6},"geometry":{"type":"Point","coordinates":[126.906524398043,37.5026541997676]}},{"type":"Feature","properties":{"name":"서울도림초등학교","kind":"school","level":"elem","class_size":15.0},"geometry":{"type":"Point","coordinates":[126.907115425568,37.5086786949617]}},{"type":"Feature","properties":{"name":"서울도신초등학교","kind":"school","level":"elem","class_size":13.2},"geometry":{"type":"Point","coordinates":[126.900714062322,37.4992678949668]}},{"type":"Feature","properties":{"name":"서울문래초등학교","kind":"school","level":"elem","class_size":20.0},"geometry":{"type":"Point","coordinates":[126.893605730635,37.5191403848287]}},{"type":"Feature","properties":{"name":"서울선유초등학교","kind":"school","level":"elem","class_size":17.3},"geometry":{"type":"Point","coordinates":[126.892776819259,37.532879190933]}},{"type":"Feature","properties":{"name":"서울신대림초등학교","kind":"school","level":"elem","class_size":14.6},"geometry":{"type":"Point","coordinates":[126.90607771762,37.4921487438027]}},{"type":"Feature","properties":{"name":"서울신영초등학교","kind":"school","level":"elem","class_size":15.8},"geometry":{"type":"Point","coordinates":[126.896094817069,37.5010060169412]}},{"type":"Feature","properties":{"name":"서울여의도초등학교","kind":"school","level":"elem","class_size":20.0},"geometry":{"type":"Point","coordinates":[126.93679444014,37.5232048215986]}},{"type":"Feature","properties":{"name":"서울영동초등학교","kind":"school","level":"elem","class_size":16.3},"geometry":{"type":"Point","coordinates":[126.907703382657,37.5270069102324]}},{"type":"Feature","properties":{"name":"서울영등포초등학교","kind":"school","level":"elem","class_size":16.4},"geometry":{"type":"Point","coordinates":[126.898260025571,37.5129480156762]}},{"type":"Feature","properties":{"name":"서울영림초등학교","kind":"school","level":"elem","class_size":14.0},"geometry":{"type":"Point","coordinates":[126.902516130281,37.4873460122893]}},{"type":"Feature","properties":{"name":"서울영문초등학교","kind":"school","level":"elem","class_size":21.2},"geometry":{"type":"Point","coordinates":[126.887589090951,37.5198074103506]}},{"type":"Feature","properties":{"name":"서울영신초등학교","kind":"school","level":"elem","class_size":20.4},"geometry":{"type":"Point","coordinates":[126.918122078214,37.5101719627186]}},{"type":"Feature","properties":{"name":"서울영원초등학교","kind":"school","level":"elem","class_size":17.7},"geometry":{"type":"Point","coordinates":[126.902182504089,37.5107193620837]}},{"type":"Feature","properties":{"name":"서울영중초등학교","kind":"school","level":"elem","class_size":16.0},"geometry":{"type":"Point","coordinates":[126.903695688306,37.5241432995791]}},{"type":"Feature","properties":{"name":"서울우신초등학교","kind":"school","level":"elem","class_size":12.3},"geometry":{"type":"Point","coordinates":[126.911863664868,37.5098647213535]}},{"type":"Feature","properties":{"name":"서울윤중초등학교","kind":"school","level":"elem","class_size":19.2},"geometry":{"type":"Point","coordinates":[126.92259080096,37.5196416407122]}},{"type":"Feature","properties":{"name":"동광초등학교","kind":"school","level":"elem","class_size":26.1},"geometry":{"type":"Point","coordinates":[126.915824008297,37.4519206711218]}},{"type":"Feature","properties":{"name":"서울가산초등학교","kind":"school","level":"elem","class_size":16.5},"geometry":{"type":"Point","coordinates":[126.896184019972,37.4781477195501]}},{"type":"Feature","properties":{"name":"서울금나래초등학교","kind":"school","level":"elem","class_size":17.7},"geometry":{"type":"Point","coordinates":[126.896205569649,37.4582299981347]}},{"type":"Feature","properties":{"name":"서울금동초등학교","kind":"school","level":"elem","class_size":19.4},"geometry":{"type":"Point","coordinates":[126.916396430625,37.4477657831877]}},{"type":"Feature","properties":{"name":"서울금산초등학교","kind":"school","level":"elem","class_size":17.5},"geometry":{"type":"Point","coordinates":[126.907881604603,37.4414211782481]}},{"type":"Feature","properties":{"name":"서울금천초등학교","kind":"school","level":"elem","class_size":9.8},"geometry":{"type":"Point","coordinates":[126.912886851466,37.4548043070511]}},{"type":"Feature","properties":{"name":"서울독산초등학교","kind":"school","level":"elem","class_size":16.2},"geometry":{"type":"Point","coordinates":[126.899712928109,37.4656561906645]}},{"type":"Feature","properties":{"name":"서울두산초등학교","kind":"school","level":"elem","class_size":18.7},"geometry":{"type":"Point","coordinates":[126.890946472913,37.467546675265]}},{"type":"Feature","properties":{"name":"서울문교초등학교","kind":"school","level":"elem","class_size":17.8},"geometry":{"type":"Point","coordinates":[126.90892992546,37.4667696443557]}},{"type":"Feature","properties":{"name":"서울문백초등학교","kind":"school","level":"elem","class_size":17.8},"geometry":{"type":"Point","coordinates":[126.898688718403,37.4471198696556]}},{"type":"Feature","properties":{"name":"서울문성초등학교","kind":"school","level":"elem","class_size":15.2},"geometry":{"type":"Point","coordinates":[126.899471333222,37.4748818804257]}},{"type":"Feature","properties":{"name":"서울백산초등학교","kind":"school","level":"elem","class_size":14.6},"geometry":{"type":"Point","coordinates":[126.905064619222,37.4467672802822]}},{"type":"Feature","properties":{"name":"서울시흥초등학교","kind":"school","level":"elem","class_size":14.3},"geometry":{"type":"Point","coordinates":[126.904649154185,37.4553481963092]}},{"type":"Feature","properties":{"name":"서울신흥초등학교","kind":"school","level":"elem","class_size":18.1},"geometry":{"type":"Point","coordinates":[126.909349183257,37.4592842732301]}},{"type":"Feature","properties":{"name":"서울안천초등학교","kind":"school","level":"elem","class_size":11.4},"geometry":{"type":"Point","coordinates":[126.88839136672,37.4587578075219]}},{"type":"Feature","properties":{"name":"서울영남초등학교","kind":"school","level":"elem","class_size":12.3},"geometry":{"type":"Point","coordinates":[126.909922783649,37.4758806998687]}},{"type":"Feature","properties":{"name":"서울정심초등학교","kind":"school","level":"elem","class_size":15.3},"geometry":{"type":"Point","coordinates":[126.908186532287,37.4719826762833]}},{"type":"Feature","properties":{"name":"서울탑동초등학교","kind":"school","level":"elem","class_size":17.4},"geometry":{"type":"Point","coordinates":[126.914525435709,37.4523226721912]}},{"type":"Feature","properties":{"name":"서울개명초등학교","kind":"school","level":"elem","class_size":15.8},"geometry":{"type":"Point","coordinates":[126.850940659082,37.483056382598]}},{"type":"Feature","properties":{"name":"서울개봉초등학교","kind":"school","level":"elem","class_size":18.8},"geometry":{"type":"Point","coordinates":[126.857972181036,37.4895280611996]}},{"type":"Feature","properties":{"name":"서울개웅초등학교","kind":"school","level":"elem","class_size":17.0},"geometry":{"type":"Point","coordinates":[126.849982268839,37.4885713176365]}},{"type":"Feature","properties":{"name":"서울고산초등학교","kind":"school","level":"elem","class_size":15.9},"geometry":{"type":"Point","coordinates":[126.865350068539,37.4993252329505]}},{"type":"Feature","properties":{"name":"서울고원초등학교","kind":"school","level":"elem","class_size":20.0},"geometry":{"type":"Point","coordinates":[126.865771276704,37.4976454267483]}},{"type":"Feature","properties":{"name":"서울고척초등학교","kind":"school","level":"elem","class_size":18.9},"geometry":{"type":"Point","coordinates":[126.85679629258,37.5009763571584]}},{"type":"Feature","properties":{"name":"서울구로남초등학교","kind":"school","level":"elem","class_size":15.3},"geometry":{"type":"Point","coordinates":[126.890267788001,37.4847045985983]}},{"type":"Feature","properties":{"name":"서울구로초등학교","kind":"school","level":"elem","class_size":16.6},"geometry":{"type":"Point","coordinates":[126.886001814771,37.4972616788429]}},{"type":"Feature","properties":{"name":"서울구일초등학교","kind":"school","level":"elem","class_size":18.3},"geometry":{"type":"Point","coordinates":[126.873472709056,37.4931918730561]}},{"type":"Feature","properties":{"name":"서울덕의초등학교","kind":"school","level":"elem","class_size":21.3},"geometry":{"type":"Point","coordinates":[126.857353094103,37.5060004032334]}},{"type":"Feature","properties":{"name":"서울동구로초등학교","kind":"school","level":"elem","class_size":15.2},"geometry":{"type":"Point","coordinates":[126.893016334052,37.4944479994725]}},{"type":"Feature","properties":{"name":"서울매봉초등학교","kind":"school","level":"elem","class_size":11.9},"geometry":{"type":"Point","coordinates":[126.844386612871,37.5049440040772]}},{"type":"Feature","properties":{"name":"서울미래초등학교","kind":"school","level":"elem","class_size":19.0},"geometry":{"type":"Point","coordinates":[126.888080264013,37.5051066487493]}},{"type":"Feature","properties":{"name":"서울세곡초등학교","kind":"school","level":"elem","class_size":16.6},"geometry":{"type":"Point","coordinates":[126.849126611988,37.5050604361168]}},{"type":"Feature","properties":{"name":"서울신구로초등학교","kind":"school","level":"elem","class_size":15.6},"geometry":{"type":"Point","coordinates":[126.888857414498,37.4994208675251]}},{"type":"Feature","properties":{"name":"서울신도림초등학교","kind":"school","level":"elem","class_size":22.8},"geometry":{"type":"Point","coordinates":[126.88315069881,37.5119963604915]}},{"type":"Feature","properties":{"name":"서울신미림초등학교","kind":"school","level":"elem","class_size":20.7},"geometry":{"type":"Point","coordinates":[126.879584155104,37.5071588011358]}},{"type":"Feature","properties":{"name":"서울영서초등학교","kind":"school","level":"elem","class_size":18.0},"geometry":{"type":"Point","coordinates":[126.895027399291,37.4879630931966]}},{"type":"Feature","properties":{"name":"서울영일초등학교","kind":"school","level":"elem","class_size":13.1},"geometry":{"type":"Point","coordinates":[126.883911257917,37.4856100736284]}},{"type":"Feature","properties":{"name":"서울오류남초등학교","kind":"school","level":"elem","class_size":17.0},"geometry":{"type":"Point","coordinates":[126.839098527316,37.4897166823284]}},{"type":"Feature","properties":{"name":"서울오류초등학교","kind":"school","level":"elem","class_size":19.2},"geometry":{"type":"Point","coordinates":[126.842037699221,37.4975370576845]}},{"type":"Feature","properties":{"name":"서울오정초등학교","kind":"school","level":"elem","class_size":15.9},"geometry":{"type":"Point","coordinates":[126.82641766297,37.4901372514516]}},{"type":"Feature","properties":{"name":"서울온수초등학교","kind":"school","level":"elem","class_size":18.0},"geometry":{"type":"Point","coordinates":[126.826661571624,37.4935106167356]}},{"type":"Feature","properties":{"name":"서울천왕초등학교","kind":"school","level":"elem","class_size":16.2},"geometry":{"type":"Point","coordinates":[126.836947364315,37.481412481777]}},{"type":"Feature","properties":{"name":"서울천이초등학교","kind":"school","level":"elem","class_size":null},"geometry":{"type":"Point","coordinates":[126.83999205713,37.4863679517074]}},{"type":"Feature","properties":{"name":"서울하늘숲초등학교","kind":"school","level":"elem","class_size":14.3},"geometry":{"type":"Point","coordinates":[126.841481997252,37.4841594284099]}},{"type":"Feature","properties":{"name":"서울항동초등학교","kind":"school","level":"elem","class_size":20.4},"geometry":{"type":"Point","coordinates":[126.824189454348,37.4770921430884]}},{"type":"Feature","properties":{"name":"서울가곡초등학교","kind":"school","level":"elem","class_size":20.0},"geometry":{"type":"Point","coordinates":[126.836083394211,37.5557021717114]}},{"type":"Feature","properties":{"name":"서울가양초등학교","kind":"school","level":"elem","class_size":9.9},"geometry":{"type":"Point","coordinates":[126.858521557616,37.5622171927841]}},{"type":"Feature","properties":{"name":"서울개화초등학교","kind":"school","level":"elem","class_size":8.9},"geometry":{"type":"Point","coordinates":[126.804694204855,37.5739262377478]}},{"type":"Feature","properties":{"name":"서울공진초등학교","kind":"school","level":"elem","class_size":18.8},"geometry":{"type":"Point","coordinates":[126.822664800803,37.5578726520416]}},{"type":"Feature","properties":{"name":"서울공항초등학교","kind":"school","level":"elem","class_size":20.2},"geometry":{"type":"Point","coordinates":[126.821215237029,37.5631752585272]}},{"type":"Feature","properties":{"name":"서울내발산초등학교","kind":"school","level":"elem","class_size":22.3},"geometry":{"type":"Point","coordinates":[126.838164214765,37.5508825455676]}},{"type":"Feature","properties":{"name":"서울등마초등학교","kind":"school","level":"elem","class_size":19.5},"geometry":{"type":"Point","coordinates":[126.861667207498,37.5420437126904]}},{"type":"Feature","properties":{"name":"서울등명초등학교","kind":"school","level":"elem","class_size":8.2},"geometry":{"type":"Point","coordinates":[126.842382226829,37.560894450375]}},{"type":"Feature","properties":{"name":"서울등서초등학교","kind":"school","level":"elem","class_size":17.3},"geometry":{"type":"Point","coordinates":[126.855035596135,37.5518882632286]}},{"type":"Feature","properties":{"name":"서울등양초등학교","kind":"school","level":"elem","class_size":14.0},"geometry":{"type":"Point","coordinates":[126.844760249704,37.5649470358937]}},{"type":"Feature","properties":{"name":"서울등원초등학교","kind":"school","level":"elem","class_size":11.3},"geometry":{"type":"Point","coordinates":[126.850068963394,37.5598135358227]}},{"type":"Feature","properties":{"name":"서울등촌초등학교","kind":"school","level":"elem","class_size":16.4},"geometry":{"type":"Point","coordinates":[126.857942163854,37.5476142187642]}},{"type":"Feature","properties":{"name":"서울등현초등학교","kind":"school","level":"elem","class_size":19.7},"geometry":{"type":"Point","coordinates":[126.847598419984,37.5614511765549]}},{"type":"Feature","properties":{"name":"서울발산초등학교","kind":"school","level":"elem","class_size":20.3},"geometry":{"type":"Point","coordinates":[126.830994377549,37.5502624356308]}},{"type":"Feature","properties":{"name":"서울방화초등학교","kind":"school","level":"elem","class_size":18.2},"geometry":{"type":"Point","coordinates":[126.807498167739,37.5687040876215]}},{"type":"Feature","properties":{"name":"서울백석초등학교","kind":"school","level":"elem","class_size":18.9},"geometry":{"type":"Point","coordinates":[126.862425846537,37.5536476529209]}},{"type":"Feature","properties":{"name":"서울삼정초등학교","kind":"school","level":"elem","class_size":13.1},"geometry":{"type":"Point","coordinates":[126.810493686239,37.5805084341875]}},{"type":"Feature","properties":{"name":"서울송정초등학교","kind":"school","level":"elem","class_size":17.0},"geometry":{"type":"Point","coordinates":[126.810281254376,37.5622308905044]}},{"type":"Feature","properties":{"name":"서울송화초등학교","kind":"school","level":"elem","class_size":19.3},"geometry":{"type":"Point","coordinates":[126.818032939459,37.5681504658023]}},{"type":"Feature","properties":{"name":"서울수명초등학교","kind":"school","level":"elem","class_size":18.7},"geometry":{"type":"Point","coordinates":[126.823879421286,37.5527726671834]}},{"type":"Feature","properties":{"name":"서울신곡초등학교","kind":"school","level":"elem","class_size":17.6},"geometry":{"type":"Point","coordinates":[126.856009341467,37.5390962681125]}},{"type":"Feature","properties":{"name":"서울신월초등학교","kind":"school","level":"elem","class_size":17.9},"geometry":{"type":"Point","coordinates":[126.839456160186,37.5403641638137]}},{"type":"Feature","properties":{"name":"서울신정초등학교","kind":"school","level":"elem","class_size":17.6},"geometry":{"type":"Point","coordinates":[126.85257677345,37.5330515497114]}},{"type":"Feature","properties":{"name":"서울양천초등학교","kind":"school","level":"elem","class_size":16.9},"geometry":{"type":"Point","coordinates":[126.839539660332,37.5701881708645]}},{"type":"Feature","properties":{"name":"서울염경초등학교","kind":"school","level":"elem","class_size":20.4},"geometry":{"type":"Point","coordinates":[126.871204647976,37.5550006717487]}},{"type":"Feature","properties":{"name":"서울염동초등학교","kind":"school","level":"elem","class_size":20.0},"geometry":{"type":"Point","coordinates":[126.872350948978,37.5520954793159]}},{"type":"Feature","properties":{"name":"서울염창초등학교","kind":"school","level":"elem","class_size":19.0},"geometry":{"type":"Point","coordinates":[126.867600184199,37.5532261352883]}},{"type":"Feature","properties":{"name":"서울우장초등학교","kind":"school","level":"elem","class_size":19.5},"geometry":{"type":"Point","coordinates":[126.845984193202,37.5496381852817]}},{"type":"Feature","properties":{"name":"서울월정초등학교","kind":"school","level":"elem","class_size":18.9},"geometry":{"type":"Point","coordinates":[126.836293577736,37.5349941902011]}},{"type":"Feature","properties":{"name":"서울정곡초등학교","kind":"school","level":"elem","class_size":10.6},"geometry":{"type":"Point","coordinates":[126.818932773167,37.5769596950152]}},{"type":"Feature","properties":{"name":"서울치현초등학교","kind":"school","level":"elem","class_size":16.6},"geometry":{"type":"Point","coordinates":[126.814645646553,37.5759191517213]}},{"type":"Feature","properties":{"name":"서울탑산초등학교","kind":"school","level":"elem","class_size":16.3},"geometry":{"type":"Point","coordinates":[126.85259398539,37.5670047685109]}},{"type":"Feature","properties":{"name":"서울화곡초등학교","kind":"school","level":"elem","class_size":18.5},"geometry":{"type":"Point","coordinates":[126.846471725177,37.5436697074452]}},{"type":"Feature","properties":{"name":"서울화일초등학교","kind":"school","level":"elem","class_size":17.1},"geometry":{"type":"Point","coordinates":[126.847470802939,37.5407120318703]}},{"type":"Feature","properties":{"name":"유석초등학교","kind":"school","level":"elem","class_size":29.5},"geometry":{"type":"Point","coordinates":[126.853779444824,37.560801806853]}},{"type":"Feature","properties":{"name":"서울갈산초등학교","kind":"school","level":"elem","class_size":23.9},"geometry":{"type":"Point","coordinates":[126.870229875385,37.5123715649068]}},{"type":"Feature","properties":{"name":"서울강서초등학교","kind":"school","level":"elem","class_size":19.2},"geometry":{"type":"Point","coordinates":[126.840987861073,37.5224127216539]}},{"type":"Feature","properties":{"name":"서울강신초등학교","kind":"school","level":"elem","class_size":18.1},"geometry":{"type":"Point","coordinates":[126.829581447367,37.5421368264529]}},{"type":"Feature","properties":{"name":"서울강월초등학교","kind":"school","level":"elem","class_size":17.4},"geometry":{"type":"Point","coordinates":[126.833431935892,37.516341716111]}},{"type":"Feature","properties":{"name":"서울경인초등학교","kind":"school","level":"elem","class_size":26.3},"geometry":{"type":"Point","coordinates":[126.885695675904,37.5328710177851]}},{"type":"Feature","properties":{"name":"서울계남초등학교","kind":"school","level":"elem","class_size":21.5},"geometry":{"type":"Point","coordinates":[126.86001590922,37.5101677598408]}},{"type":"Feature","properties":{"name":"서울남명초등학교","kind":"school","level":"elem","class_size":16.7},"geometry":{"type":"Point","coordinates":[126.854099844566,37.5156885267235]}},{"type":"Feature","properties":{"name":"서울목동초등학교","kind":"school","level":"elem","class_size":26.0},"geometry":{"type":"Point","coordinates":[126.872119522597,37.5228087705411]}},{"type":"Feature","properties":{"name":"서울목운초등학교","kind":"school","level":"elem","class_size":31.1},"geometry":{"type":"Point","coordinates":[126.873044206364,37.527009517428]}},{"type":"Feature","properties":{"name":"서울목원초등학교","kind":"school","level":"elem","class_size":18.7},"geometry":{"type":"Point","coordinates":[126.882445908007,37.5429349691333]}},{"type":"Feature","properties":{"name":"서울서정초등학교","kind":"school","level":"elem","class_size":23.1},"geometry":{"type":"Point","coordinates":[126.867236182114,37.523450121384]}},{"type":"Feature","properties":{"name":"서울신강초등학교","kind":"school","level":"elem","class_size":17.0},"geometry":{"type":"Point","coordinates":[126.842263907731,37.5258441852217]}},{"type":"Feature","properties":{"name":"서울신기초등학교","kind":"school","level":"elem","class_size":17.9},"geometry":{"type":"Point","coordinates":[126.854212986887,37.5113123131977]}},{"type":"Feature","properties":{"name":"서울신남초등학교","kind":"school","level":"elem","class_size":21.5},"geometry":{"type":"Point","coordinates":[126.843152158167,37.5164578282463]}},{"type":"Feature","properties":{"name":"서울신목초등학교","kind":"school","level":"elem","class_size":22.0},"geometry":{"type":"Point","coordinates":[126.872640811853,37.5166109770006]}},{"type":"Feature","properties":{"name":"서울신서초등학교","kind":"school","level":"elem","class_size":23.4},"geometry":{"type":"Point","coordinates":[126.862325015812,37.5205352530134]}},{"type":"Feature","properties":{"name":"서울신원초등학교","kind":"school","level":"elem","class_size":17.6},"geometry":{"type":"Point","coordinates":[126.829865622881,37.5295155831457]}},{"type":"Feature","properties":{"name":"서울신은초등학교","kind":"school","level":"elem","class_size":16.3},"geometry":{"type":"Point","coordinates":[126.832169591843,37.5139128078247]}},{"type":"Feature","properties":{"name":"서울양강초등학교","kind":"school","level":"elem","class_size":18.4},"geometry":{"type":"Point","coordinates":[126.847375305566,37.5241103465762]}},{"type":"Feature","properties":{"name":"서울양동초등학교","kind":"school","level":"elem","class_size":16.4},"geometry":{"type":"Point","coordinates":[126.851240194989,37.5258482641162]}},{"type":"Feature","properties":{"name":"서울양명초등학교","kind":"school","level":"elem","class_size":20.4},"geometry":{"type":"Point","coordinates":[126.856634868655,37.516374951495]}},{"type":"Feature","properties":{"name":"서울양목초등학교","kind":"school","level":"elem","class_size":16.9},"geometry":{"type":"Point","coordinates":[126.861669190913,37.5238792766238]}},{"type":"Feature","properties":{"name":"서울양원초등학교","kind":"school","level":"elem","class_size":12.0},"geometry":{"type":"Point","coordinates":[126.823105084888,37.5382284100068]}},{"type":"Feature","properties":{"name":"서울양화초등학교","kind":"school","level":"elem","class_size":17.6},"geometry":{"type":"Point","coordinates":[126.874011947797,37.5436739208888]}},{"type":"Feature","properties":{"name":"서울영도초등학교","kind":"school","level":"elem","class_size":23.8},"geometry":{"type":"Point","coordinates":[126.871942644571,37.5359499494616]}},{"type":"Feature","properties":{"name":"서울월촌초등학교","kind":"school","level":"elem","class_size":23.5},"geometry":{"type":"Point","coordinates":[126.876258141153,37.5406955206336]}},{"type":"Feature","properties":{"name":"서울은정초등학교","kind":"school","level":"elem","class_size":18.9},"geometry":{"type":"Point","coordinates":[126.867180395408,37.5111416389366]}},{"type":"Feature","properties":{"name":"서울장수초등학교","kind":"school","level":"elem","class_size":18.6},"geometry":{"type":"Point","coordinates":[126.845159735242,37.5129972017178]}},{"type":"Feature","properties":{"name":"서울정목초등학교","kind":"school","level":"elem","class_size":19.8},"geometry":{"type":"Point","coordinates":[126.870019721738,37.5364966477301]}},{"type":"Feature","properties":{"name":"서울지향초등학교","kind":"school","level":"elem","class_size":18.0},"geometry":{"type":"Point","coordinates":[126.837023804089,37.5128376807713]}},{"type":"Feature","properties":{"name":"서울갈현초등학교","kind":"school","level":"elem","class_size":18.8},"geometry":{"type":"Point","coordinates":[126.916683441356,37.6197796356231]}},{"type":"Feature","properties":{"name":"서울구산초등학교","kind":"school","level":"elem","class_size":19.2},"geometry":{"type":"Point","coordinates":[126.909376492632,37.6127509583582]}},{"type":"Feature","properties":{"name":"서울구현초등학교","kind":"school","level":"elem","class_size":17.3},"geometry":{"type":"Point","coordinates":[126.905707319658,37.6097895968758]}},{"type":"Feature","properties":{"name":"서울녹번초등학교","kind":"school","level":"elem","class_size":18.6},"geometry":{"type":"Point","coordinates":[126.925746281804,37.6045833930687]}},{"type":"Feature","properties":{"name":"서울대은초등학교","kind":"school","level":"elem","class_size":9.8},"geometry":{"type":"Point","coordinates":[126.925869811138,37.6123671176016]}},{"type":"Feature","properties":{"name":"서울대조초등학교","kind":"school","level":"elem","class_size":18.5},"geometry":{"type":"Point","coordinates":[126.919302166743,37.613579143925]}},{"type":"Feature","properties":{"name":"서울북한산초등학교","kind":"school","level":"elem","class_size":10.7},"geometry":{"type":"Point","coordinates":[126.950462446061,37.6536320835839]}},{"type":"Feature","properties":{"name":"서울불광초등학교","kind":"school","level":"elem","class_size":16.7},"geometry":{"type":"Point","coordinates":[126.930718712253,37.6134294463781]}},{"type":"Feature","properties":{"name":"서울상신초등학교","kind":"school","level":"elem","class_size":17.8},"geometry":{"type":"Point","coordinates":[126.904604886275,37.5975537179419]}},{"type":"Feature","properties":{"name":"서울서신초등학교","kind":"school","level":"elem","class_size":16.5},"geometry":{"type":"Point","coordinates":[126.907382316218,37.5922940508202]}},{"type":"Feature","properties":{"name":"서울수리초등학교","kind":"school","level":"elem","class_size":15.4},"geometry":{"type":"Point","coordinates":[126.934110930932,37.6203073698534]}},{"type":"Feature","properties":{"name":"서울수색초등학교","kind":"school","level":"elem","class_size":19.2},"geometry":{"type":"Point","coordinates":[126.896012135221,37.5851721490482]}},{"type":"Feature","properties":{"name":"서울신도초등학교","kind":"school","level":"elem","class_size":19.8},"geometry":{"type":"Point","coordinates":[126.929198935551,37.6329384289784]}},{"type":"Feature","properties":{"name":"서울신사초등학교","kind":"school","level":"elem","class_size":15.4},"geometry":{"type":"Point","coordinates":[126.911983196588,37.5928348327068]}},{"type":"Feature","properties":{"name":"서울어울초등학교","kind":"school","level":"elem","class_size":16.3},"geometry":{"type":"Point","coordinates":[126.935058620612,37.6065633137733]}},{"type":"Feature","properties":{"name":"서울역촌초등학교","kind":"school","level":"elem","class_size":21.6},"geometry":{"type":"Point","coordinates":[126.913928033442,37.6015841686977]}},{"type":"Feature","properties":{"name":"서울연광초등학교","kind":"school","level":"elem","class_size":10.9},"geometry":{"type":"Point","coordinates":[126.923909005211,37.6236487604699]}},{"type":"Feature","properties":{"name":"서울연신초등학교","kind":"school","level":"elem","class_size":13.6},"geometry":{"type":"Point","coordinates":[126.927751281025,37.6260599638981]}},{"type":"Feature","properties":{"name":"서울연은초등학교","kind":"school","level":"elem","class_size":19.1},"geometry":{"type":"Point","coordinates":[126.925112608529,37.5905122161631]}},{"type":"Feature","properties":{"name":"서울연천초등학교","kind":"school","level":"elem","class_size":11.2},"geometry":{"type":"Point","coordinates":[126.929917884841,37.6213492886599]}},{"type":"Feature","properties":{"name":"서울은명초등학교","kind":"school","level":"elem","class_size":19.6},"geometry":{"type":"Point","coordinates":[126.918275747068,37.5976791222992]}},{"type":"Feature","properties":{"name":"서울은빛초등학교","kind":"school","level":"elem","class_size":16.5},"geometry":{"type":"Point","coordinates":[126.918730453447,37.6426828611882]}},{"type":"Feature","properties":{"name":"서울은진초등학교","kind":"school","level":"elem","class_size":17.4},"geometry":{"type":"Point","coordinates":[126.920996007067,37.6330440427703]}},{"type":"Feature","properties":{"name":"서울은평초등학교","kind":"school","level":"elem","class_size":18.4},"geometry":{"type":"Point","coordinates":[126.934033612153,37.6023040358796]}},{"type":"Feature","properties":{"name":"서울응암초등학교","kind":"school","level":"elem","class_size":19.0},"geometry":{"type":"Point","coordinates":[126.921616096958,37.5887531914177]}},{"type":"Feature","properties":{"name":"서울증산초등학교","kind":"school","level":"elem","class_size":18.3},"geometry":{"type":"Point","coordinates":[126.904276446505,37.5825652695002]}},{"type":"Feature","properties":{"name":"서울진관초등학교","kind":"school","level":"elem","class_size":18.4},"geometry":{"type":"Point","coordinates":[126.929052478211,37.6454198616021]}},{"type":"Feature","properties":{"name":"선일초등학교","kind":"school","level":"elem","class_size":26.3},"geometry":{"type":"Point","coordinates":[126.911993073275,37.6203042094228]}},{"type":"Feature","properties":{"name":"예일초등학교","kind":"school","level":"elem","class_size":25.8},"geometry":{"type":"Point","coordinates":[126.914792838283,37.6109458980893]}},{"type":"Feature","properties":{"name":"충암초등학교","kind":"school","level":"elem","class_size":27.8},"geometry":{"type":"Point","coordinates":[126.921809482886,37.5846402882465]}},{"type":"Feature","properties":{"name":"상명초등학교","kind":"school","level":"elem","class_size":30.1},"geometry":{"type":"Point","coordinates":[127.066984539254,37.648727616308]}},{"type":"Feature","properties":{"name":"서울계상초등학교","kind":"school","level":"elem","class_size":16.8},"geometry":{"type":"Point","coordinates":[127.068880275281,37.6624464105885]}},{"type":"Feature","properties":{"name":"서울공릉초등학교","kind":"school","level":"elem","class_size":16.3},"geometry":{"type":"Point","coordinates":[127.074614270574,37.6186120126537]}},{"type":"Feature","properties":{"name":"서울공연초등학교","kind":"school","level":"elem","class_size":17.3},"geometry":{"type":"Point","coordinates":[127.074030837547,37.62719482311]}},{"type":"Feature","properties":{"name":"서울노원초등학교","kind":"school","level":"elem","class_size":14.2},"geometry":{"type":"Point","coordinates":[127.058460101574,37.6735901336984]}},{"type":"Feature","properties":{"name":"서울노일초등학교","kind":"school","level":"elem","class_size":19.6},"geometry":{"type":"Point","coordinates":[127.05513756871,37.6735135287049]}},{"type":"Feature","properties":{"name":"서울녹천초등학교","kind":"school","level":"elem","class_size":10.3},"geometry":{"type":"Point","coordinates":[127.063134105063,37.6285101097035]}},{"type":"Feature","properties":{"name":"서울당현초등학교","kind":"school","level":"elem","class_size":15.6},"geometry":{"type":"Point","coordinates":[127.058252457257,37.6482303134222]}},{"type":"Feature","properties":{"name":"서울덕암초등학교","kind":"school","level":"elem","class_size":19.0},"geometry":{"type":"Point","coordinates":[127.081715132961,37.6666337243041]}},{"type":"Feature","properties":{"name":"서울동일초등학교","kind":"school","level":"elem","class_size":19.4},"geometry":{"type":"Point","coordinates":[127.054322233957,37.6648178269709]}},{"type":"Feature","properties":{"name":"서울불암초등학교","kind":"school","level":"elem","class_size":22.4},"geometry":{"type":"Point","coordinates":[127.080650989428,37.6511506377134]}},{"type":"Feature","properties":{"name":"서울상경초등학교","kind":"school","level":"elem","class_size":18.8},"geometry":{"type":"Point","coordinates":[127.051773754079,37.6704594706621]}},{"type":"Feature","properties":{"name":"서울상계초등학교","kind":"school","level":"elem","class_size":12.1},"geometry":{"type":"Point","coordinates":[127.066336425835,37.6588438529621]}},{"type":"Feature","properties":{"name":"서울상곡초등학교","kind":"school","level":"elem","class_size":19.5},"geometry":{"type":"Point","coordinates":[127.062234187186,37.6628823049142]}},{"type":"Feature","properties":{"name":"서울상수초등학교","kind":"school","level":"elem","class_size":18.8},"geometry":{"type":"Point","coordinates":[127.064586804676,37.6510888982527]}},{"type":"Feature","properties":{"name":"서울상원초등학교","kind":"school","level":"elem","class_size":16.5},"geometry":{"type":"Point","coordinates":[127.059630713208,37.6676655147961]}},{"type":"Feature","properties":{"name":"서울상월초등학교","kind":"school","level":"elem","class_size":13.4},"geometry":{"type":"Point","coordinates":[127.057369284524,37.658683945506]}},{"type":"Feature","properties":{"name":"서울상천초등학교","kind":"school","level":"elem","class_size":15.1},"geometry":{"type":"Point","coordinates":[127.057447991502,37.6461060086385]}},{"type":"Feature","properties":{"name":"서울선곡초등학교","kind":"school","level":"elem","class_size":17.7},"geometry":{"type":"Point","coordinates":[127.057730270535,37.618602019203]}},{"type":"Feature","properties":{"name":"서울수락초등학교","kind":"school","level":"elem","class_size":17.9},"geometry":{"type":"Point","coordinates":[127.055187311236,37.684506075345]}},{"type":"Feature","properties":{"name":"서울수암초등학교","kind":"school","level":"elem","class_size":19.2},"geometry":{"type":"Point","coordinates":[127.081465589212,37.647684897261]}},{"type":"Feature","properties":{"name":"서울신계초등학교","kind":"school","level":"elem","class_size":10.3},"geometry":{"type":"Point","coordinates":[127.052871958868,37.6299890777455]}},{"type":"Feature","properties":{"name":"서울신상계초등학교","kind":"school","level":"elem","class_size":16.3},"geometry":{"type":"Point","coordinates":[127.075828032383,37.6675183641329]}},{"type":"Feature","properties":{"name":"서울연지초등학교","kind":"school","level":"elem","class_size":13.9},"geometry":{"type":"Point","coordinates":[127.059550025404,37.6331961990879]}},{"type":"Feature","properties":{"name":"서울연촌초등학교","kind":"school","level":"elem","class_size":18.3},"geometry":{"type":"Point","coordinates":[127.072522941451,37.6344239191317]}},{"type":"Feature","properties":{"name":"서울온곡초등학교","kind":"school","level":"elem","class_size":19.5},"geometry":{"type":"Point","coordinates":[127.065597387199,37.6673295252885]}},{"type":"Feature","properties":{"name":"서울용동초등학교","kind":"school","level":"elem","class_size":12.6},"geometry":{"type":"Point","coordinates":[127.069114774673,37.6410575739212]}},{"type":"Feature","properties":{"name":"서울용원초등학교","kind":"school","level":"elem","class_size":17.8},"geometry":{"type":"Point","coordinates":[127.068936691961,37.6299301501593]}},{"type":"Feature","properties":{"name":"서울원광초등학교","kind":"school","level":"elem","class_size":22.8},"geometry":{"type":"Point","coordinates":[127.075304285056,37.654290852548]}},{"type":"Feature","properties":{"name":"서울월계초등학교","kind":"school","level":"elem","class_size":16.7},"geometry":{"type":"Point","coordinates":[127.050869480548,37.6279505755622]}},{"type":"Feature","properties":{"name":"서울을지초등학교","kind":"school","level":"elem","class_size":24.4},"geometry":{"type":"Point","coordinates":[127.073350350295,37.6505874233691]}},{"type":"Feature","properties":{"name":"서울중계초등학교","kind":"school","level":"elem","class_size":21.4},"geometry":{"type":"Point","coordinates":[127.073348327013,37.6578622263163]}},{"type":"Feature","properties":{"name":"서울중원초등학교","kind":"school","level":"elem","class_size":18.6},"geometry":{"type":"Point","coordinates":[127.063052005752,37.6439662833968]}},{"type":"Feature","properties":{"name":"서울중평초등학교","kind":"school","level":"elem","class_size":21.8},"geometry":{"type":"Point","coordinates":[127.063731552615,37.6372508810163]}},{"type":"Feature","properties":{"name":"서울중현초등학교","kind":"school","level":"elem","class_size":8.2},"geometry":{"type":"Point","coordinates":[127.066056635951,37.632255170053]}},{"type":"Feature","properties":{"name":"서울청계초등학교","kind":"school","level":"elem","class_size":12.0},"geometry":{"type":"Point","coordinates":[127.065817490235,37.6449803620092]}},{"type":"Feature","properties":{"name":"서울태랑초등학교","kind":"school","level":"elem","class_size":20.7},"geometry":{"type":"Point","coordinates":[127.090915053347,37.6262508612825]}},{"type":"Feature","properties":{"name":"서울태릉초등학교","kind":"school","level":"elem","class_size":19.8},"geometry":{"type":"Point","coordinates":[127.08478195175,37.622879790197]}},{"type":"Feature","properties":{"name":"서울한천초등학교","kind":"school","level":"elem","class_size":20.0},"geometry":{"type":"Point","coordinates":[127.069258063469,37.6207501680548]}},{"type":"Feature","properties":{"name":"청원초등학교","kind":"school","level":"elem","class_size":29.9},"geometry":{"type":"Point","coordinates":[127.062532889006,37.6652515464657]}},{"type":"Feature","properties":{"name":"태강삼육초등학교","kind":"school","level":"elem","class_size":30.1},"geometry":{"type":"Point","coordinates":[127.108850343184,37.643357369067]}},{"type":"Feature","properties":{"name":"화랑초등학교","kind":"school","level":"elem","class_size":25.4},"geometry":{"type":"Point","coordinates":[127.091621159803,37.6273815936787]}},{"type":"Feature","properties":{"name":"동북초등학교","kind":"school","level":"elem","class_size":32.0},"geometry":{"type":"Point","coordinates":[127.026703057445,37.6562750160951]}},{"type":"Feature","properties":{"name":"서울가인초등학교","kind":"school","level":"elem","class_size":16.6},"geometry":{"type":"Point","coordinates":[127.042950889775,37.6594678039701]}},{"type":"Feature","properties":{"name":"서울누원초등학교","kind":"school","level":"elem","class_size":18.2},"geometry":{"type":"Point","coordinates":[127.04926716395,37.6872327127492]}},{"type":"Feature","properties":{"name":"서울도봉초등학교","kind":"school","level":"elem","class_size":15.2},"geometry":{"type":"Point","coordinates":[127.042578432977,37.6867550062856]}},{"type":"Feature","properties":{"name":"서울방학초등학교","kind":"school","level":"elem","class_size":16.4},"geometry":{"type":"Point","coordinates":[127.032747955457,37.6639337284245]}},{"type":"Feature","properties":{"name":"서울백운초등학교","kind":"school","level":"elem","class_size":18.8},"geometry":{"type":"Point","coordinates":[127.013672369001,37.6526411510791]}},{"type":"Feature","properties":{"name":"서울숭미초등학교","kind":"school","level":"elem","class_size":18.7},"geometry":{"type":"Point","coordinates":[127.027944278021,37.6510234416817]}},{"type":"Feature","properties":{"name":"서울신방학초등학교","kind":"school","level":"elem","class_size":15.9},"geometry":{"type":"Point","coordinates":[127.028918089521,37.6666842526367]}},{"type":"Feature","properties":{"name":"서울신창초등학교","kind":"school","level":"elem","class_size":15.8},"geometry":{"type":"Point","coordinates":[127.042084340998,37.6365395299158]}},{"type":"Feature","properties":{"name":"서울신학초등학교","kind":"school","level":"elem","class_size":17.3},"geometry":{"type":"Point","coordinates":[127.025721318601,37.6612204531084]}},{"type":"Feature","properties":{"name":"서울신화초등학교","kind":"school","level":"elem","class_size":17.2},"geometry":{"type":"Point","coordinates":[127.04088417427,37.6331950434853]}},{"type":"Feature","properties":{"name":"서울쌍문초등학교","kind":"school","level":"elem","class_size":18.5},"geometry":{"type":"Point","coordinates":[127.024291051625,37.6483638272868]}},{"type":"Feature","properties":{"name":"서울오봉초등학교","kind":"school","level":"elem","class_size":14.9},"geometry":{"type":"Point","coordinates":[127.04005173271,37.6716365687983]}},{"type":"Feature","properties":{"name":"서울월천초등학교","kind":"school","level":"elem","class_size":15.6},"geometry":{"type":"Point","coordinates":[127.051425751311,37.6479137277855]}},{"type":"Feature","properties":{"name":"서울자운초등학교","kind":"school","level":"elem","class_size":21.3},"geometry":{"type":"Point","coordinates":[127.047017564524,37.6580556761129]}},{"type":"Feature","properties":{"name":"서울창경초등학교","kind":"school","level":"elem","class_size":20.7},"geometry":{"type":"Point","coordinates":[127.034602499962,37.6566021823161]}},{"type":"Feature","properties":{"name":"서울창도초등학교","kind":"school","level":"elem","class_size":19.3},"geometry":{"type":"Point","coordinates":[127.048784033819,37.6641348713315]}},{"type":"Feature","properties":{"name":"서울창동초등학교","kind":"school","level":"elem","class_size":17.0},"geometry":{"type":"Point","coordinates":[127.044832890478,37.6553630407375]}},{"type":"Feature","properties":{"name":"서울창림초등학교","kind":"school","level":"elem","class_size":18.9},"geometry":{"type":"Point","coordinates":[127.041604074164,37.6432370796248]}},{"type":"Feature","properties":{"name":"서울창원초등학교","kind":"school","level":"elem","class_size":14.9},"geometry":{"type":"Point","coordinates":[127.039979883482,37.6526440884387]}},{"type":"Feature","properties":{"name":"서울창일초등학교","kind":"school","level":"elem","class_size":21.1},"geometry":{"type":"Point","coordinates":[127.047626299257,37.647657641563]}},{"type":"Feature","properties":{"name":"서울초당초등학교","kind":"school","level":"elem","class_size":19.4},"geometry":{"type":"Point","coordinates":[127.021956174977,37.6586278284753]}},{"type":"Feature","properties":{"name":"한신초등학교","kind":"school","level":"elem","class_size":25.8},"geometry":{"type":"Point","coordinates":[127.032427255133,37.6533558400471]}},{"type":"Feature","properties":{"name":"서울미양초등학교","kind":"school","level":"elem","class_size":15.6},"geometry":{"type":"Point","coordinates":[127.014133356491,37.6215324222942]}},{"type":"Feature","properties":{"name":"서울번동초등학교","kind":"school","level":"elem","class_size":17.4},"geometry":{"type":"Point","coordinates":[127.040039390037,37.6290238580608]}},{"type":"Feature","properties":{"name":"서울삼각산초등학교","kind":"school","level":"elem","class_size":19.7},"geometry":{"type":"Point","coordinates":[127.014342650437,37.6160412359101]}},{"type":"Feature","properties":{"name":"서울삼양초등학교","kind":"school","level":"elem","class_size":16.8},"geometry":{"type":"Point","coordinates":[127.016149099325,37.6232955761621]}},{"type":"Feature","properties":{"name":"서울송중초등학교","kind":"school","level":"elem","class_size":18.3},"geometry":{"type":"Point","coordinates":[127.031996538921,37.6174690796359]}},{"type":"Feature","properties":{"name":"서울송천초등학교","kind":"school","level":"elem","class_size":17.9},"geometry":{"type":"Point","coordinates":[127.023735366645,37.614905195868]}},{"type":"Feature","properties":{"name":"서울수송초등학교","kind":"school","level":"elem","class_size":17.5},"geometry":{"type":"Point","coordinates":[127.032917771185,37.6373144075316]}},{"type":"Feature","properties":{"name":"서울수유초등학교","kind":"school","level":"elem","class_size":19.2},"geometry":{"type":"Point","coordinates":[127.020292410668,37.631249657314]}},{"type":"Feature","properties":{"name":"서울오현초등학교","kind":"school","level":"elem","class_size":14.3},"geometry":{"type":"Point","coordinates":[127.046225894356,37.6232028439088]}},{"type":"Feature","properties":{"name":"서울우이초등학교","kind":"school","level":"elem","class_size":18.4},"geometry":{"type":"Point","coordinates":[127.014240485582,37.6386058279529]}},{"type":"Feature","properties":{"name":"서울유현초등학교","kind":"school","level":"elem","class_size":14.7},"geometry":{"type":"Point","coordinates":[127.011327052457,37.632286451855]}},{"type":"Feature","properties":{"name":"서울인수초등학교","kind":"school","level":"elem","class_size":19.0},"geometry":{"type":"Point","coordinates":[127.009135759866,37.6430505301735]}},{"type":"Feature","properties":{"name":"서울화계초등학교","kind":"school","level":"elem","class_size":16.3},"geometry":{"type":"Point","coordinates":[127.02971619019,37.6238849781413]}},{"type":"Feature","properties":{"name":"영훈초등학교","kind":"school","level":"elem","class_size":28.2},"geometry":{"type":"Point","coordinates":[127.02809331872,37.6146818749027]}},{"type":"Feature","properties":{"name":"광운초등학교","kind":"school","level":"elem","class_size":27.2},"geometry":{"type":"Point","coordinates":[127.055243952183,37.6189751371516]}},{"type":"Feature","properties":{"name":"대광초등학교","kind":"school","level":"elem","class_size":28.1},"geometry":{"type":"Point","coordinates":[127.023445857158,37.5791510372431]}},{"type":"Feature","properties":{"name":"서울개운초등학교","kind":"school","level":"elem","class_size":18.2},"geometry":{"type":"Point","coordinates":[127.027404487079,37.6018109508131]}},{"type":"Feature","properties":{"name":"서울길원초등학교","kind":"school","level":"elem","class_size":21.0},"geometry":{"type":"Point","coordinates":[127.01679961391,37.6090646447836]}},{"type":"Feature","properties":{"name":"서울길음초등학교","kind":"school","level":"elem","class_size":19.6},"geometry":{"type":"Point","coordinates":[127.016752046083,37.6136049157335]}},{"type":"Feature","properties":{"name":"서울돈암초등학교","kind":"school","level":"elem","class_size":19.3},"geometry":{"type":"Point","coordinates":[127.013004275409,37.5937262094153]}},{"type":"Feature","properties":{"name":"서울동신초등학교","kind":"school","level":"elem","class_size":16.5},"geometry":{"type":"Point","coordinates":[127.017057951549,37.5832878743837]}},{"type":"Feature","properties":{"name":"서울미아초등학교","kind":"school","level":"elem","class_size":20.7},"geometry":{"type":"Point","coordinates":[127.021657995431,37.6105849033293]}},{"type":"Feature","properties":{"name":"서울삼선초등학교","kind":"school","level":"elem","class_size":19.0},"geometry":{"type":"Point","coordinates":[127.012671844176,37.5871415236472]}},{"type":"Feature","properties":{"name":"서울석계초등학교","kind":"school","level":"elem","class_size":16.5},"geometry":{"type":"Point","coordinates":[127.069749623952,37.6089438673379]}},{"type":"Feature","properties":{"name":"서울석관초등학교","kind":"school","level":"elem","class_size":17.8},"geometry":{"type":"Point","coordinates":[127.058332812717,37.610999723005]}},{"type":"Feature","properties":{"name":"서울성북초등학교","kind":"school","level":"elem","class_size":11.1},"geometry":{"type":"Point","coordinates":[126.99877539809,37.5940538893567]}},{"type":"Feature","properties":{"name":"서울숭곡초등학교","kind":"school","level":"elem","class_size":19.0},"geometry":{"type":"Point","coordinates":[127.032743405553,37.6086454014288]}},{"type":"Feature","properties":{"name":"서울숭덕초등학교","kind":"school","level":"elem","class_size":19.5},"geometry":{"type":"Point","coordinates":[127.013292433921,37.6038254756354]}},{"type":"Feature","properties":{"name":"서울숭례초등학교","kind":"school","level":"elem","class_size":18.4},"geometry":{"type":"Point","coordinates":[127.035296496549,37.5945203773277]}},{"type":"Feature","properties":{"name":"서울숭인초등학교","kind":"school","level":"elem","class_size":17.6},"geometry":{"type":"Point","coordinates":[127.038146527662,37.6090977872099]}},{"type":"Feature","properties":{"name":"서울안암초등학교","kind":"school","level":"elem","class_size":15.2},"geometry":{"type":"Point","coordinates":[127.022098883314,37.5871586956296]}},{"type":"Feature","properties":{"name":"서울월곡초등학교","kind":"school","level":"elem","class_size":16.1},"geometry":{"type":"Point","coordinates":[127.046083188246,37.6100238748815]}},{"type":"Feature","properties":{"name":"서울일신초등학교","kind":"school","level":"elem","class_size":19.4},"geometry":{"type":"Point","coordinates":[127.040219755884,37.5989819527133]}},{"type":"Feature","properties":{"name":"서울장곡초등학교","kind":"school","level":"elem","class_size":19.9},"geometry":{"type":"Point","coordinates":[127.048151233375,37.6168600216765]}},{"type":"Feature","properties":{"name":"서울장월초등학교","kind":"school","level":"elem","class_size":19.1},"geometry":{"type":"Point","coordinates":[127.047320465849,37.6219292248912]}},{"type":"Feature","properties":{"name":"서울장위초등학교","kind":"school","level":"elem","class_size":15.4},"geometry":{"type":"Point","coordinates":[127.050005965999,37.6114414258051]}},{"type":"Feature","properties":{"name":"서울정덕초등학교","kind":"school","level":"elem","class_size":17.7},"geometry":{"type":"Point","coordinates":[127.013421324355,37.5982399496277]}},{"type":"Feature","properties":{"name":"서울정릉초등학교","kind":"school","level":"elem","class_size":17.8},"geometry":{"type":"Point","coordinates":[127.005532713286,37.6197915298294]}},{"type":"Feature","properties":{"name":"서울정수초등학교","kind":"school","level":"elem","class_size":17.1},"geometry":{"type":"Point","coordinates":[127.007718883621,37.6037748856219]}},{"type":"Feature","properties":{"name":"서울청덕초등학교","kind":"school","level":"elem","class_size":13.3},"geometry":{"type":"Point","coordinates":[127.000333434653,37.6120328876191]}},{"type":"Feature","properties":{"name":"우촌초등학교","kind":"school","level":"elem","class_size":26.5},"geometry":{"type":"Point","coordinates":[127.011400646113,37.5956408923336]}},{"type":"Feature","properties":{"name":"서울동원초등학교","kind":"school","level":"elem","class_size":15.5},"geometry":{"type":"Point","coordinates":[127.104292115551,37.604668339535]}},{"type":"Feature","properties":{"name":"서울망우초등학교","kind":"school","level":"elem","class_size":18.1},"geometry":{"type":"Point","coordinates":[127.103841751495,37.5987369776708]}},{"type":"Feature","properties":{"name":"서울면남초등학교","kind":"school","level":"elem","class_size":16.8},"geometry":{"type":"Point","coordinates":[127.087666433029,37.5772597202709]}},{"type":"Feature","properties":{"name":"서울면동초등학교","kind":"school","level":"elem","class_size":19.6},"geometry":{"type":"Point","coordinates":[127.085961098757,37.5852407128388]}},{"type":"Feature","properties":{"name":"서울면목초등학교","kind":"school","level":"elem","class_size":17.7},"geometry":{"type":"Point","coordinates":[127.087293348704,37.5906774945638]}},{"type":"Feature","properties":{"name":"서울면북초등학교","kind":"school","level":"elem","class_size":12.7},"geometry":{"type":"Point","coordinates":[127.10349951062,37.5943801760294]}},{"type":"Feature","properties":{"name":"서울면일초등학교","kind":"school","level":"elem","class_size":17.5},"geometry":{"type":"Point","coordinates":[127.099794712349,37.5920415995378]}},{"type":"Feature","properties":{"name":"서울면중초등학교","kind":"school","level":"elem","class_size":null},"geometry":{"type":"Point","coordinates":[127.096550877288,37.5824414299403]}},{"type":"Feature","properties":{"name":"서울묵동초등학교","kind":"school","level":"elem","class_size":15.6},"geometry":{"type":"Point","coordinates":[127.080827217486,37.603359494137]}},{"type":"Feature","properties":{"name":"서울묵현초등학교","kind":"school","level":"elem","class_size":16.9},"geometry":{"type":"Point","coordinates":[127.073928695922,37.609044756978]}},{"type":"Feature","properties":{"name":"서울봉화초등학교","kind":"school","level":"elem","class_size":16.0},"geometry":{"type":"Point","coordinates":[127.092408488473,37.6135762310839]}},{"type":"Feature","properties":{"name":"서울상봉초등학교","kind":"school","level":"elem","class_size":18.7},"geometry":{"type":"Point","coordinates":[127.083171419175,37.5979789522459]}},{"type":"Feature","properties":{"name":"서울새솔초등학교","kind":"school","level":"elem","class_size":16.8},"geometry":{"type":"Point","coordinates":[127.11146466539,37.6178712681978]}},{"type":"Feature","properties":{"name":"서울신내초등학교","kind":"school","level":"elem","class_size":18.6},"geometry":{"type":"Point","coordinates":[127.100128462105,37.6049342235675]}},{"type":"Feature","properties":{"name":"서울신묵초등학교","kind":"school","level":"elem","class_size":16.7},"geometry":{"type":"Point","coordinates":[127.075835832737,37.6065228487307]}},{"type":"Feature","properties":{"name":"서울신현초등학교","kind":"school","level":"elem","class_size":17.5},"geometry":{"type":"Point","coordinates":[127.093521755522,37.6058145949305]}},{"type":"Feature","properties":{"name":"서울양원숲초등학교","kind":"school","level":"elem","class_size":21.6},"geometry":{"type":"Point","coordinates":[127.105469269915,37.6089592464942]}},{"type":"Feature","properties":{"name":"서울원묵초등학교","kind":"school","level":"elem","class_size":19.5},"geometry":{"type":"Point","coordinates":[127.08681415088,37.6177488108138]}},{"type":"Feature","properties":{"name":"서울중곡초등학교","kind":"school","level":"elem","class_size":19.5},"geometry":{"type":"Point","coordinates":[127.083439043619,37.5748916374118]}},{"type":"Feature","properties":{"name":"서울중랑초등학교","kind":"school","level":"elem","class_size":18.1},"geometry":{"type":"Point","coordinates":[127.075482375754,37.5889223067352]}},{"type":"Feature","properties":{"name":"서울중목초등학교","kind":"school","level":"elem","class_size":17.2},"geometry":{"type":"Point","coordinates":[127.079200700601,37.5900368304084]}},{"type":"Feature","properties":{"name":"서울중화초등학교","kind":"school","level":"elem","class_size":19.9},"geometry":{"type":"Point","coordinates":[127.094419547563,37.602996935344]}},{"type":"Feature","properties":{"name":"서울중흥초등학교","kind":"school","level":"elem","class_size":14.1},"geometry":{"type":"Point","coordinates":[127.083849146888,37.6014097153165]}},{"type":"Feature","properties":{"name":"경희초등학교","kind":"school","level":"elem","class_size":28.6},"geometry":{"type":"Point","coordinates":[127.054890960564,37.5939491407769]}},{"type":"Feature","properties":{"name":"서울군자초등학교","kind":"school","level":"elem","class_size":14.8},"geometry":{"type":"Point","coordinates":[127.060523298508,37.5641223174494]}},{"type":"Feature","properties":{"name":"서울답십리초등학교","kind":"school","level":"elem","class_size":19.1},"geometry":{"type":"Point","coordinates":[127.055427038114,37.5688043221289]}},{"type":"Feature","properties":{"name":"서울동답초등학교","kind":"school","level":"elem","class_size":19.0},"geometry":{"type":"Point","coordinates":[127.06403409435,37.5715014215127]}},{"type":"Feature","properties":{"name":"서울배봉초등학교","kind":"school","level":"elem","class_size":18.8},"geometry":{"type":"Point","coordinates":[127.066871936075,37.58008416213]}},{"type":"Feature","properties":{"name":"서울삼육초등학교","kind":"school","level":"elem","class_size":28.7},"geometry":{"type":"Point","coordinates":[127.0482485373,37.5896941349867]}},{"type":"Feature","properties":{"name":"서울신답초등학교","kind":"school","level":"elem","class_size":18.6},"geometry":{"type":"Point","coordinates":[127.042961687519,37.5727046089059]}},{"type":"Feature","properties":{"name":"서울안평초등학교","kind":"school","level":"elem","class_size":19.6},"geometry":{"type":"Point","coordinates":[127.072033422513,37.565968213548]}},{"type":"Feature","properties":{"name":"서울용두초등학교","kind":"school","level":"elem","class_size":16.4},"geometry":{"type":"Point","coordinates":[127.0283819823,37.5764049847235]}},{"type":"Feature","properties":{"name":"서울이문초등학교","kind":"school","level":"elem","class_size":21.0},"geometry":{"type":"Point","coordinates":[127.064885003959,37.6018964867149]}},{"type":"Feature","properties":{"name":"서울장평초등학교","kind":"school","level":"elem","class_size":21.1},"geometry":{"type":"Point","coordinates":[127.058958260045,37.5728706947252]}},{"type":"Feature","properties":{"name":"서울전곡초등학교","kind":"school","level":"elem","class_size":14.1},"geometry":{"type":"Point","coordinates":[127.056012445216,37.5807042921469]}},{"type":"Feature","properties":{"name":"서울전농초등학교","kind":"school","level":"elem","class_size":21.8},"geometry":{"type":"Point","coordinates":[127.054397292161,37.5746852353644]}},{"type":"Feature","properties":{"name":"서울전동초등학교","kind":"school","level":"elem","class_size":19.0},"geometry":{"type":"Point","coordinates":[127.060805297019,37.5790832853249]}},{"type":"Feature","properties":{"name":"서울종암초등학교","kind":"school","level":"elem","class_size":18.7},"geometry":{"type":"Point","coordinates":[127.031856383108,37.5823074106355]}},{"type":"Feature","properties":{"name":"서울청량초등학교","kind":"school","level":"elem","class_size":17.6},"geometry":{"type":"Point","coordinates":[127.055908478798,37.5923093987643]}},{"type":"Feature","properties":{"name":"서울홍릉초등학교","kind":"school","level":"elem","class_size":14.0},"geometry":{"type":"Point","coordinates":[127.047705124334,37.5906875196186]}},{"type":"Feature","properties":{"name":"서울홍파초등학교","kind":"school","level":"elem","class_size":12.5},"geometry":{"type":"Point","coordinates":[127.039414975087,37.586120384461]}},{"type":"Feature","properties":{"name":"서울휘경초등학교","kind":"school","level":"elem","class_size":15.0},"geometry":{"type":"Point","coordinates":[127.057916891964,37.5856754144498]}},{"type":"Feature","properties":{"name":"서울휘봉초등학교","kind":"school","level":"elem","class_size":19.3},"geometry":{"type":"Point","coordinates":[127.070041638322,37.5856764110055]}},{"type":"Feature","properties":{"name":"은석초등학교","kind":"school","level":"elem","class_size":28.7},"geometry":{"type":"Point","coordinates":[127.076003088926,37.5784502701654]}},{"type":"Feature","properties":{"name":"경복초등학교","kind":"school","level":"elem","class_size":24.5},"geometry":{"type":"Point","coordinates":[127.086793350213,37.5498138606171]}},{"type":"Feature","properties":{"name":"서울광남초등학교","kind":"school","level":"elem","class_size":24.2},"geometry":{"type":"Point","coordinates":[127.100704228215,37.5409675314785]}},{"type":"Feature","properties":{"name":"서울광장초등학교","kind":"school","level":"elem","class_size":14.2},"geometry":{"type":"Point","coordinates":[127.101799885644,37.5485492186653]}},{"type":"Feature","properties":{"name":"서울광진초등학교","kind":"school","level":"elem","class_size":20.0},"geometry":{"type":"Point","coordinates":[127.091332532375,37.5476114602117]}},{"type":"Feature","properties":{"name":"서울구남초등학교","kind":"school","level":"elem","class_size":20.8},"geometry":{"type":"Point","coordinates":[127.092288798461,37.5370965949427]}},{"type":"Feature","properties":{"name":"서울구의초등학교","kind":"school","level":"elem","class_size":17.7},"geometry":{"type":"Point","coordinates":[127.08031177586,37.5430074366803]}},{"type":"Feature","properties":{"name":"서울동의초등학교","kind":"school","level":"elem","class_size":16.8},"geometry":{"type":"Point","coordinates":[127.099047310011,37.5534224448219]}},{"type":"Feature","properties":{"name":"서울동자초등학교","kind":"school","level":"elem","class_size":21.0},"geometry":{"type":"Point","coordinates":[127.072179165371,37.5350582094918]}},{"type":"Feature","properties":{"name":"서울성자초등학교","kind":"school","level":"elem","class_size":18.3},"geometry":{"type":"Point","coordinates":[127.083408323591,37.531493571169]}},{"type":"Feature","properties":{"name":"서울신양초등학교","kind":"school","level":"elem","class_size":17.5},"geometry":{"type":"Point","coordinates":[127.0699952764,37.5346820949284]}},{"type":"Feature","properties":{"name":"서울신자초등학교","kind":"school","level":"elem","class_size":15.7},"geometry":{"type":"Point","coordinates":[127.075587591515,37.5302454529249]}},{"type":"Feature","properties":{"name":"서울양남초등학교","kind":"school","level":"elem","class_size":13.3},"geometry":{"type":"Point","coordinates":[127.089234331023,37.5311232360546]}},{"type":"Feature","properties":{"name":"서울양진초등학교","kind":"school","level":"elem","class_size":23.3},"geometry":{"type":"Point","coordinates":[127.098714317037,37.5449782076528]}},{"type":"Feature","properties":{"name":"서울용곡초등학교","kind":"school","level":"elem","class_size":18.2},"geometry":{"type":"Point","coordinates":[127.088452984118,37.5671086161443]}},{"type":"Feature","properties":{"name":"서울용마초등학교","kind":"school","level":"elem","class_size":18.9},"geometry":{"type":"Point","coordinates":[127.083527417056,37.5578273465317]}},{"type":"Feature","properties":{"name":"서울자양초등학교","kind":"school","level":"elem","class_size":18.1},"geometry":{"type":"Point","coordinates":[127.080107720459,37.5368378891148]}},{"type":"Feature","properties":{"name":"서울장안초등학교","kind":"school","level":"elem","class_size":17.7},"geometry":{"type":"Point","coordinates":[127.072402467919,37.549876450253]}},{"type":"Feature","properties":{"name":"서울중광초등학교","kind":"school","level":"elem","class_size":16.0},"geometry":{"type":"Point","coordinates":[127.082512285004,37.565172983593]}},{"type":"Feature","properties":{"name":"서울중마초등학교","kind":"school","level":"elem","class_size":15.8},"geometry":{"type":"Point","coordinates":[127.080023721804,37.5661150659734]}},{"type":"Feature","properties":{"name":"성동초등학교","kind":"school","level":"elem","class_size":28.3},"geometry":{"type":"Point","coordinates":[127.089281026795,37.5332813682573]}},{"type":"Feature","properties":{"name":"세종초등학교","kind":"school","level":"elem","class_size":28.0},"geometry":{"type":"Point","coordinates":[127.072864629554,37.5530110986438]}},{"type":"Feature","properties":{"name":"서울경동초등학교","kind":"school","level":"elem","class_size":17.9},"geometry":{"type":"Point","coordinates":[127.050073697789,37.543825479341]}},{"type":"Feature","properties":{"name":"서울경수초등학교","kind":"school","level":"elem","class_size":10.5},"geometry":{"type":"Point","coordinates":[127.058066769768,37.5404366739206]}},{"type":"Feature","properties":{"name":"서울경일초등학교","kind":"school","level":"elem","class_size":13.3},"geometry":{"type":"Point","coordinates":[127.046604922429,37.5409410878081]}},{"type":"Feature","properties":{"name":"서울금북초등학교","kind":"school","level":"elem","class_size":19.3},"geometry":{"type":"Point","coordinates":[127.023369904581,37.5574476886561]}},{"type":"Feature","properties":{"name":"서울금옥초등학교","kind":"school","level":"elem","class_size":16.2},"geometry":{"type":"Point","coordinates":[127.017491634615,37.5463023672303]}},{"type":"Feature","properties":{"name":"서울금호초등학교","kind":"school","level":"elem","class_size":18.8},"geometry":{"type":"Point","coordinates":[127.020752859362,37.5518979414195]}},{"type":"Feature","properties":{"name":"서울동명초등학교","kind":"school","level":"elem","class_size":11.6},"geometry":{"type":"Point","coordinates":[127.035108248651,37.5681230316305]}},{"type":"Feature","properties":{"name":"서울동호초등학교","kind":"school","level":"elem","class_size":16.5},"geometry":{"type":"Point","coordinates":[127.009879731064,37.5462920770572]}},{"type":"Feature","properties":{"name":"서울마장초등학교","kind":"school","level":"elem","class_size":17.7},"geometry":{"type":"Point","coordinates":[127.041605053834,37.5683388716972]}},{"type":"Feature","properties":{"name":"서울무학초등학교","kind":"school","level":"elem","class_size":16.5},"geometry":{"type":"Point","coordinates":[127.029678058836,37.5632612152138]}},{"type":"Feature","properties":{"name":"서울사근초등학교","kind":"school","level":"elem","class_size":10.0},"geometry":{"type":"Point","coordinates":[127.047560151027,37.5626751242374]}},{"type":"Feature","properties":{"name":"서울성수초등학교","kind":"school","level":"elem","class_size":12.0},"geometry":{"type":"Point","coordinates":[127.062886077541,37.5443378762671]}},{"type":"Feature","properties":{"name":"서울송원초등학교","kind":"school","level":"elem","class_size":14.2},"geometry":{"type":"Point","coordinates":[127.069526172922,37.5541592708709]}},{"type":"Feature","properties":{"name":"서울숭신초등학교","kind":"school","level":"elem","class_size":18.6},"geometry":{"type":"Point","coordinates":[127.028005141452,37.5676883077439]}},{"type":"Feature","properties":{"name":"서울옥수초등학교","kind":"school","level":"elem","class_size":18.3},"geometry":{"type":"Point","coordinates":[127.021869551034,37.5455293912538]}},{"type":"Feature","properties":{"name":"서울옥정초등학교","kind":"school","level":"elem","class_size":19.9},"geometry":{"type":"Point","coordinates":[127.015785478614,37.5423097389598]}},{"type":"Feature","properties":{"name":"서울용답초등학교","kind":"school","level":"elem","class_size":14.6},"geometry":{"type":"Point","coordinates":[127.053786164972,37.5607483738375]}},{"type":"Feature","properties":{"name":"서울응봉초등학교","kind":"school","level":"elem","class_size":22.1},"geometry":{"type":"Point","coordinates":[127.033829695602,37.5502533901839]}},{"type":"Feature","properties":{"name":"서울행당초등학교","kind":"school","level":"elem","class_size":19.2},"geometry":{"type":"Point","coordinates":[127.034873404864,37.5570191301189]}},{"type":"Feature","properties":{"name":"서울행현초등학교","kind":"school","level":"elem","class_size":20.3},"geometry":{"type":"Point","coordinates":[127.0293680158,37.5577089897922]}},{"type":"Feature","properties":{"name":"한양초등학교","kind":"school","level":"elem","class_size":28.2},"geometry":{"type":"Point","coordinates":[127.050263444631,37.5576210338606]}},{"type":"Feature","properties":{"name":"서울금양초등학교","kind":"school","level":"elem","class_size":17.1},"geometry":{"type":"Point","coordinates":[126.961831873199,37.5409423141075]}},{"type":"Feature","properties":{"name":"서울남정초등학교","kind":"school","level":"elem","class_size":13.5},"geometry":{"type":"Point","coordinates":[126.964803669293,37.5356738275449]}},{"type":"Feature","properties":{"name":"서울보광초등학교","kind":"school","level":"elem","class_size":10.5},"geometry":{"type":"Point","coordinates":[126.996391100579,37.5325404707342]}},{"type":"Feature","properties":{"name":"서울삼광초등학교","kind":"school","level":"elem","class_size":16.4},"geometry":{"type":"Point","coordinates":[126.976594308147,37.5477523117279]}},{"type":"Feature","properties":{"name":"서울서빙고초등학교","kind":"school","level":"elem","class_size":18.5},"geometry":{"type":"Point","coordinates":[126.992300401397,37.5220689203394]}},{"type":"Feature","properties":{"name":"서울신용산초등학교","kind":"school","level":"elem","class_size":21.2},"geometry":{"type":"Point","coordinates":[126.975366260146,37.5206295929735]}},{"type":"Feature","properties":{"name":"서울용산초등학교","kind":"school","level":"elem","class_size":15.7},"geometry":{"type":"Point","coordinates":[126.972550624529,37.535613442977]}},{"type":"Feature","properties":{"name":"서울용암초등학교","kind":"school","level":"elem","class_size":11.3},"geometry":{"type":"Point","coordinates":[126.989434775031,37.5453029008824]}},{"type":"Feature","properties":{"name":"서울원효초등학교","kind":"school","level":"elem","class_size":16.0},"geometry":{"type":"Point","coordinates":[126.951545316146,37.5361612583146]}},{"type":"Feature","properties":{"name":"서울이태원초등학교","kind":"school","level":"elem","class_size":11.8},"geometry":{"type":"Point","coordinates":[126.987672660332,37.5364777066784]}},{"type":"Feature","properties":{"name":"서울청파초등학교","kind":"school","level":"elem","class_size":15.2},"geometry":{"type":"Point","coordinates":[126.963543924367,37.5473049014312]}},{"type":"Feature","properties":{"name":"서울한강초등학교","kind":"school","level":"elem","class_size":12.0},"geometry":{"type":"Point","coordinates":[126.965099429477,37.5252261730909]}},{"type":"Feature","properties":{"name":"서울한남초등학교","kind":"school","level":"elem","class_size":12.6},"geometry":{"type":"Point","coordinates":[127.005599847436,37.5392036532348]}},{"type":"Feature","properties":{"name":"서울후암초등학교","kind":"school","level":"elem","class_size":14.0},"geometry":{"type":"Point","coordinates":[126.981724291635,37.5513654103686]}},{"type":"Feature","properties":{"name":"신광초등학교","kind":"school","level":"elem","class_size":28.3},"geometry":{"type":"Point","coordinates":[126.969447523164,37.5428998795519]}},{"type":"Feature","properties":{"name":"리라초등학교","kind":"school","level":"elem","class_size":27.8},"geometry":{"type":"Point","coordinates":[126.987980721445,37.5578196996083]}},{"type":"Feature","properties":{"name":"서울광희초등학교","kind":"school","level":"elem","class_size":15.4},"geometry":{"type":"Point","coordinates":[127.015687859678,37.5672992845452]}},{"type":"Feature","properties":{"name":"서울남산초등학교","kind":"school","level":"elem","class_size":13.2},"geometry":{"type":"Point","coordinates":[126.986776737543,37.5597837446411]}},{"type":"Feature","properties":{"name":"서울덕수초등학교","kind":"school","level":"elem","class_size":14.8},"geometry":{"type":"Point","coordinates":[126.974657902016,37.5690888764456]}},{"type":"Feature","properties":{"name":"서울봉래초등학교","kind":"school","level":"elem","class_size":15.6},"geometry":{"type":"Point","coordinates":[126.965250577981,37.5564123449189]}},{"type":"Feature","properties":{"name":"서울신당초등학교","kind":"school","level":"elem","class_size":13.7},"geometry":{"type":"Point","coordinates":[127.023636595929,37.5636896515896]}},{"type":"Feature","properties":{"name":"서울장충초등학교","kind":"school","level":"elem","class_size":16.7},"geometry":{"type":"Point","coordinates":[127.01170475684,37.559971222213]}},{"type":"Feature","properties":{"name":"서울청구초등학교","kind":"school","level":"elem","class_size":15.9},"geometry":{"type":"Point","coordinates":[127.013724413955,37.5591166793514]}},{"type":"Feature","properties":{"name":"서울충무초등학교","kind":"school","level":"elem","class_size":10.8},"geometry":{"type":"Point","coordinates":[127.001235055009,37.5619494839149]}},{"type":"Feature","properties":{"name":"서울흥인초등학교","kind":"school","level":"elem","class_size":14.9},"geometry":{"type":"Point","coordinates":[127.014616166709,37.5609374871352]}},{"type":"Feature","properties":{"name":"숭의초등학교","kind":"school","level":"elem","class_size":28.0},"geometry":{"type":"Point","coordinates":[126.987481605528,37.5578530747432]}},{"type":"Feature","properties":{"name":"상명대학교사범대학부속초등학교","kind":"school","level":"elem","class_size":26.9},"geometry":{"type":"Point","coordinates":[126.956425519955,37.6007485057551]}},{"type":"Feature","properties":{"name":"서울교동초등학교","kind":"school","level":"elem","class_size":13.7},"geometry":{"type":"Point","coordinates":[126.988075995471,37.5749936834295]}},{"type":"Feature","properties":{"name":"서울대학교사범대학부설초등학교","kind":"school","level":"elem","class_size":17.8},"geometry":{"type":"Point","coordinates":[127.004315334067,37.577618353105]}},{"type":"Feature","properties":{"name":"서울독립문초등학교","kind":"school","level":"elem","class_size":17.6},"geometry":{"type":"Point","coordinates":[126.960148752178,37.5740826001873]}},{"type":"Feature","properties":{"name":"서울매동초등학교","kind":"school","level":"elem","class_size":14.8},"geometry":{"type":"Point","coordinates":[126.966716978826,37.5775391376934]}},{"type":"Feature","properties":{"name":"서울명신초등학교","kind":"school","level":"elem","class_size":13.4},"geometry":{"type":"Point","coordinates":[127.013724533725,37.5813606333694]}},{"type":"Feature","properties":{"name":"서울세검정초등학교","kind":"school","level":"elem","class_size":17.9},"geometry":{"type":"Point","coordinates":[126.961073121539,37.6034986015128]}},{"type":"Feature","properties":{"name":"서울재동초등학교","kind":"school","level":"elem","class_size":14.9},"geometry":{"type":"Point","coordinates":[126.9855017071,37.5799415657652]}},{"type":"Feature","properties":{"name":"서울창신초등학교","kind":"school","level":"elem","class_size":14.7},"geometry":{"type":"Point","coordinates":[127.014293687874,37.5762114748296]}},{"type":"Feature","properties":{"name":"서울청운초등학교","kind":"school","level":"elem","class_size":13.6},"geometry":{"type":"Point","coordinates":[126.969294698603,37.585805731799]}},{"type":"Feature","properties":{"name":"서울혜화초등학교","kind":"school","level":"elem","class_size":15.2},"geometry":{"type":"Point","coordinates":[126.999927989279,37.5891727709231]}},{"type":"Feature","properties":{"name":"서울효제초등학교","kind":"school","level":"elem","class_size":13.3},"geometry":{"type":"Point","coordinates":[127.003515410111,37.5727179599562]}},{"type":"Feature","properties":{"name":"운현초등학교","kind":"school","level":"elem","class_size":27.8},"geometry":{"type":"Point","coordinates":[126.988198556535,37.5766672930696]}},{"type":"Feature","properties":{"name":"경기초등학교","kind":"school","level":"elem","class_size":24.3},"geometry":{"type":"Point","coordinates":[126.962860648912,37.5651102907996]}},{"type":"Feature","properties":{"name":"명지초등학교","kind":"school","level":"elem","class_size":24.1},"geometry":{"type":"Point","coordinates":[126.928231470941,37.5836299393884]}},{"type":"Feature","properties":{"name":"서울가재울초등학교","kind":"school","level":"elem","class_size":22.6},"geometry":{"type":"Point","coordinates":[126.918388033648,37.5737644190198]}},{"type":"Feature","properties":{"name":"서울고은초등학교","kind":"school","level":"elem","class_size":15.0},"geometry":{"type":"Point","coordinates":[126.943974937789,37.585001844196]}},{"type":"Feature","properties":{"name":"서울공덕초등학교","kind":"school","level":"elem","class_size":19.1},"geometry":{"type":"Point","coordinates":[126.954823056539,37.5458033455121]}},{"type":"Feature","properties":{"name":"서울금화초등학교","kind":"school","level":"elem","class_size":17.5},"geometry":{"type":"Point","coordinates":[126.962941434617,37.5688275546965]}},{"type":"Feature","properties":{"name":"서울대신초등학교","kind":"school","level":"elem","class_size":11.6},"geometry":{"type":"Point","coordinates":[126.948057240166,37.5579475491997]}},{"type":"Feature","properties":{"name":"서울동교초등학교","kind":"school","level":"elem","class_size":19.4},"geometry":{"type":"Point","coordinates":[126.902078300574,37.5583376929114]}},{"type":"Feature","properties":{"name":"서울마포초등학교","kind":"school","level":"elem","class_size":19.0},"geometry":{"type":"Point","coordinates":[126.949973786127,37.5386376331175]}},{"type":"Feature","properties":{"name":"서울망원초등학교","kind":"school","level":"elem","class_size":15.6},"geometry":{"type":"Point","coordinates":[126.901117241,37.5610439363669]}},{"type":"Feature","properties":{"name":"서울미동초등학교","kind":"school","level":"elem","class_size":15.4},"geometry":{"type":"Point","coordinates":[126.965886060285,37.5633505669619]}},{"type":"Feature","properties":{"name":"서울북가좌초등학교","kind":"school","level":"elem","class_size":20.3},"geometry":{"type":"Point","coordinates":[126.907778193085,37.5772202096676]}},{"type":"Feature","properties":{"name":"서울북성초등학교","kind":"school","level":"elem","class_size":19.3},"geometry":{"type":"Point","coordinates":[126.951834913817,37.55963212308]}},{"type":"Feature","properties":{"name":"서울상암초등학교","kind":"school","level":"elem","class_size":17.6},"geometry":{"type":"Point","coordinates":[126.891959952963,37.5763095825917]}},{"type":"Feature","properties":{"name":"서울상지초등학교","kind":"school","level":"elem","class_size":19.3},"geometry":{"type":"Point","coordinates":[126.882073551893,37.5797510164641]}},{"type":"Feature","properties":{"name":"서울서강초등학교","kind":"school","level":"elem","class_size":20.1},"geometry":{"type":"Point","coordinates":[126.927430860042,37.5481050750929]}},{"type":"Feature","properties":{"name":"서울서교초등학교","kind":"school","level":"elem","class_size":17.0},"geometry":{"type":"Point","coordinates":[126.924382439365,37.554881730967]}},{"type":"Feature","properties":{"name":"서울성산초등학교","kind":"school","level":"elem","class_size":19.3},"geometry":{"type":"Point","coordinates":[126.910669687285,37.5534453328883]}},{"type":"Feature","properties":{"name":"서울성서초등학교","kind":"school","level":"elem","class_size":17.1},"geometry":{"type":"Point","coordinates":[126.910759005302,37.5610150373718]}},{"type":"Feature","properties":{"name":"서울성원초등학교","kind":"school","level":"elem","class_size":17.7},"geometry":{"type":"Point","coordinates":[126.905013630897,37.5669324413569]}},{"type":"Feature","properties":{"name":"서울소의초등학교","kind":"school","level":"elem","class_size":16.8},"geometry":{"type":"Point","coordinates":[126.960655552156,37.552781864533]}},{"type":"Feature","properties":{"name":"서울신북초등학교","kind":"school","level":"elem","class_size":19.6},"geometry":{"type":"Point","coordinates":[126.904868991641,37.5715459609872]}},{"type":"Feature","properties":{"name":"서울신석초등학교","kind":"school","level":"elem","class_size":18.0},"geometry":{"type":"Point","coordinates":[126.937779457981,37.5445357278463]}},{"type":"Feature","properties":{"name":"서울아현초등학교","kind":"school","level":"elem","class_size":18.7},"geometry":{"type":"Point","coordinates":[126.956596106511,37.5558159936174]}},{"type":"Feature","properties":{"name":"서울안산초등학교","kind":"school","level":"elem","class_size":17.3},"geometry":{"type":"Point","coordinates":[126.952209733658,37.5791690097819]}},{"type":"Feature","properties":{"name":"서울연가초등학교","kind":"school","level":"elem","class_size":20.9},"geometry":{"type":"Point","coordinates":[126.917329192961,37.5795632014616]}},{"type":"Feature","properties":{"name":"서울연희초등학교","kind":"school","level":"elem","class_size":18.7},"geometry":{"type":"Point","coordinates":[126.934142303217,37.5690459271047]}},{"type":"Feature","properties":{"name":"서울염리초등학교","kind":"school","level":"elem","class_size":23.1},"geometry":{"type":"Point","coordinates":[126.946247603396,37.5425709323083]}},{"type":"Feature","properties":{"name":"서울용강초등학교","kind":"school","level":"elem","class_size":18.5},"geometry":{"type":"Point","coordinates":[126.944058506049,37.549112429713]}},{"type":"Feature","properties":{"name":"서울인왕초등학교","kind":"school","level":"elem","class_size":18.5},"geometry":{"type":"Point","coordinates":[126.944804483066,37.5902198832433]}},{"type":"Feature","properties":{"name":"서울중동초등학교","kind":"school","level":"elem","class_size":18.0},"geometry":{"type":"Point","coordinates":[126.911780404952,37.5664458381853]}},{"type":"Feature","properties":{"name":"서울창서초등학교","kind":"school","level":"elem","class_size":11.9},"geometry":{"type":"Point","coordinates":[126.933480871339,37.5581430512569]}},{"type":"Feature","properties":{"name":"서울창천초등학교","kind":"school","level":"elem","class_size":10.8},"geometry":{"type":"Point","coordinates":[126.939295148137,37.5549178201995]}},{"type":"Feature","properties":{"name":"서울하늘초등학교","kind":"school","level":"elem","class_size":16.3},"geometry":{"type":"Point","coordinates":[126.880857196502,37.5858060895514]}},{"type":"Feature","properties":{"name":"서울한서초등학교","kind":"school","level":"elem","class_size":22.3},"geometry":{"type":"Point","coordinates":[126.949778833645,37.5536478329572]}},{"type":"Feature","properties":{"name":"서울홍연초등학교","kind":"school","level":"elem","class_size":17.7},"geometry":{"type":"Point","coordinates":[126.93066044978,37.582118713581]}},{"type":"Feature","properties":{"name":"서울홍은초등학교","kind":"school","level":"elem","class_size":15.6},"geometry":{"type":"Point","coordinates":[126.949457988833,37.5975402724558]}},{"type":"Feature","properties":{"name":"서울홍제초등학교","kind":"school","level":"elem","class_size":18.6},"geometry":{"type":"Point","coordinates":[126.945336524574,37.5934809108736]}},{"type":"Feature","properties":{"name":"이화여자대학교사범대학부속초등학교","kind":"school","level":"elem","class_size":26.0},"geometry":{"type":"Point","coordinates":[126.942775077877,37.5611502235257]}},{"type":"Feature","properties":{"name":"추계초등학교","kind":"school","level":"elem","class_size":29.9},"geometry":{"type":"Point","coordinates":[126.954059321222,37.5631767195176]}},{"type":"Feature","properties":{"name":"홍익대학교사범대학부속초등학교","kind":"school","level":"elem","class_size":26.2},"geometry":{"type":"Point","coordinates":[126.912928685692,37.559665162458]}},{"type":"Feature","properties":{"name":"서울화양초등학교","kind":"school","level":"elem","class_size":null},"geometry":{"type":"Point","coordinates":[127.0710804778,37.5443969287]}},{"type":"Feature","properties":{"name":"알로이시오초등학교","kind":"school","level":"elem","class_size":null},"geometry":{"type":"Point","coordinates":[126.9296203963,37.5980678218]}},{"type":"Feature","properties":{"name":"은혜초등학교","kind":"school","level":"elem","class_size":null},"geometry":{"type":"Point","coordinates":[126.9274497397,37.6177729483]}},{"type":"Feature","properties":{"name":"서울염강초등학교","kind":"school","level":"elem","class_size":null},"geometry":{"type":"Point","coordinates":[126.8640219689,37.5612030977]}},{"type":"Feature","properties":{"name":"서울흥일초등학교","kind":"school","level":"elem","class_size":null},"geometry":{"type":"Point","coordinates":[126.9087766606,37.4596849632]}},{"type":"Feature","properties":{"name":"동삭초등학교","kind":"school","level":"elem","class_size":null},"geometry":{"type":"Point","coordinates":[127.096858538,37.0186091951]}},{"type":"Feature","properties":{"name":"능평초등학교","kind":"school","level":"elem","class_size":null},"geometry":{"type":"Point","coordinates":[127.1666654981,37.3488807194]}},{"type":"Feature","properties":{"name":"광주광명초등학교","kind":"school","level":"elem","class_size":null},"geometry":{"type":"Point","coordinates":[127.1609418868,37.3596134676]}},{"type":"Feature","properties":{"name":"호연초등학교","kind":"school","level":"elem","class_size":null},"geometry":{"type":"Point","coordinates":[127.1046985475,37.1627770839]}},{"type":"Feature","properties":{"name":"시화나래초등학교","kind":"school","level":"elem","class_size":null},"geometry":{"type":"Point","coordinates":[126.6785655855,37.3246565727]}},{"type":"Feature","properties":{"name":"오산고현초등학교","kind":"school","level":"elem","class_size":null},"geometry":{"type":"Point","coordinates":[127.0851451446,37.1334449]}},{"type":"Feature","properties":{"name":"여울초등학교","kind":"school","level":"elem","class_size":null},"geometry":{"type":"Point","coordinates":[127.0889469,37.1951044315]}},{"type":"Feature","properties":{"name":"신현초등학교","kind":"school","level":"elem","class_size":null},"geometry":{"type":"Point","coordinates":[127.1473060538,37.3568190575]}},{"type":"Feature","properties":{"name":"교하초등학교","kind":"school","level":"elem","class_size":null},"geometry":{"type":"Point","coordinates":[126.7470598999,37.7537244486]}},{"type":"Feature","properties":{"name":"청석초등학교","kind":"school","level":"elem","class_size":null},"geometry":{"type":"Point","coordinates":[126.7195884161,37.7309022599]}},{"type":"Feature","properties":{"name":"이동초등학교","kind":"school","level":"elem","class_size":null},"geometry":{"type":"Point","coordinates":[127.3681895578,38.0299786318]}},{"type":"Feature","properties":{"name":"도평초등학교","kind":"school","level":"elem","class_size":null},"geometry":{"type":"Point","coordinates":[127.380526169,38.05601997]}},{"type":"Feature","properties":{"name":"반지초등학교","kind":"school","level":"elem","class_size":null},"geometry":{"type":"Point","coordinates":[127.069532873,37.0579194266]}},{"type":"Feature","properties":{"name":"이충초등학교","kind":"school","level":"elem","class_size":null},"geometry":{"type":"Point","coordinates":[127.0670071373,37.0632972223]}},{"type":"Feature","properties":{"name":"화원초등학교","kind":"school","level":"elem","class_size":null},"geometry":{"type":"Point","coordinates":[126.9190640748,37.1117067493]}},{"type":"Feature","properties":{"name":"화진초등학교","kind":"school","level":"elem","class_size":null},"geometry":{"type":"Point","coordinates":[127.0402975372,38.0306147972]}},{"type":"Feature","properties":{"name":"광숭초등학교","kind":"school","level":"elem","class_size":null},"geometry":{"type":"Point","coordinates":[127.1073898692,37.8015434754]}},{"type":"Feature","properties":{"name":"삼숭초등학교","kind":"school","level":"elem","class_size":null},"geometry":{"type":"Point","coordinates":[127.1081899176,37.796710535]}},{"type":"Feature","properties":{"name":"도둔초등학교","kind":"school","level":"elem","class_size":null},"geometry":{"type":"Point","coordinates":[127.0576530904,37.8137962175]}},{"type":"Feature","properties":{"name":"산북초등학교","kind":"school","level":"elem","class_size":null},"geometry":{"type":"Point","coordinates":[127.0391828665,37.8060875492]}},{"type":"Feature","properties":{"name":"안산청석초등학교","kind":"school","level":"elem","class_size":null},"geometry":{"type":"Point","coordinates":[126.8181022075,37.2947151029]}},{"type":"Feature","properties":{"name":"관산초등학교","kind":"school","level":"elem","class_size":null},"geometry":{"type":"Point","coordinates":[126.8064150742,37.3288291557]}},{"type":"Feature","properties":{"name":"연천초등학교","kind":"school","level":"elem","class_size":null},"geometry":{"type":"Point","coordinates":[127.0753110597,38.0977092357]}},{"type":"Feature","properties":{"name":"상리초등학교","kind":"school","level":"elem","class_size":null},"geometry":{"type":"Point","coordinates":[127.075115584,38.1353790792]}},{"type":"Feature","properties":{"name":"송촌초등학교","kind":"school","level":"elem","class_size":null},"geometry":{"type":"Point","coordinates":[127.5690747704,37.4117203954]}},{"type":"Feature","properties":{"name":"도수초등학교","kind":"school","level":"elem","class_size":null},"geometry":{"type":"Point","coordinates":[127.318265601,37.47187879]}},{"type":"Feature","properties":{"name":"강하초등학교","kind":"school","level":"elem","class_size":null},"geometry":{"type":"Point","coordinates":[127.4098739284,37.4965550995]}},{"type":"Feature","properties":{"name":"합정초등학교","kind":"school","level":"elem","class_size":null},"geometry":{"type":"Point","coordinates":[127.0977377484,36.98938026]}},{"type":"Feature","properties":{"name":"분원초등학교","kind":"school","level":"elem","class_size":null},"geometry":{"type":"Point","coordinates":[127.303448835,37.4962574187]}},{"type":"Feature","properties":{"name":"도궁초등학교","kind":"school","level":"elem","class_size":null},"geometry":{"type":"Point","coordinates":[127.3124886736,37.3346540211]}},{"type":"Feature","properties":{"name":"곤지암초등학교","kind":"school","level":"elem","class_size":null},"geometry":{"type":"Point","coordinates":[127.3381351936,37.3496698344]}},{"type":"Feature","properties":{"name":"도척초등학교","kind":"school","level":"elem","class_size":null},"geometry":{"type":"Point","coordinates":[127.331989254,37.3036433308]}},{"type":"Feature","properties":{"name":"병점초등학교","kind":"school","level":"elem","class_size":null},"geometry":{"type":"Point","coordinates":[127.0338906797,37.2102436245]}},{"type":"Feature","properties":{"name":"새봄초등학교","kind":"school","level":"elem","class_size":null},"geometry":{"type":"Point","coordinates":[127.0297731549,37.2014628176]}},{"type":"Feature","properties":{"name":"덕도초등학교","kind":"school","level":"elem","class_size":null},"geometry":{"type":"Point","coordinates":[126.9776373002,37.8411578025]}},{"type":"Feature","properties":{"name":"강천초등학교","kind":"school","level":"elem","class_size":null},"geometry":{"type":"Point","coordinates":[127.7204304222,37.2690231224]}},{"type":"Feature","properties":{"name":"삼리초등학교","kind":"school","level":"elem","class_size":null},"geometry":{"type":"Point","coordinates":[127.3243262313,37.3578214151]}},{"type":"Feature","properties":{"name":"청암초등학교","kind":"school","level":"elem","class_size":null},"geometry":{"type":"Point","coordinates":[126.7378965623,37.7307625527]}},{"type":"Feature","properties":{"name":"한가람초등학교","kind":"school","level":"elem","class_size":null},"geometry":{"type":"Point","coordinates":[126.7560307582,37.7320782597]}},{"type":"Feature","properties":{"name":"지산초등학교","kind":"school","level":"elem","class_size":null},"geometry":{"type":"Point","coordinates":[126.7615175383,37.7309234536]}},{"type":"Feature","properties":{"name":"평택도곡초등학교","kind":"school","level":"elem","class_size":null},"geometry":{"type":"Point","coordinates":[126.848073805,36.988925556]}},{"type":"Feature","properties":{"name":"군남초등학교","kind":"school","level":"elem","class_size":null},"geometry":{"type":"Point","coordinates":[127.0155896054,38.0678969445]}},{"type":"Feature","properties":{"name":"이천매곡초등학교","kind":"school","level":"elem","class_size":null},"geometry":{"type":"Point","coordinates":[127.3944149394,37.2148321345]}},{"type":"Feature","properties":{"name":"광사초등학교","kind":"school","level":"elem","class_size":null},"geometry":{"type":"Point","coordinates":[127.0838384262,37.7914561554]}},{"type":"Feature","properties":{"name":"소요초등학교","kind":"school","level":"elem","class_size":null},"geometry":{"type":"Point","coordinates":[127.0540276627,37.94849078]}},{"type":"Feature","properties":{"name":"본오초등학교","kind":"school","level":"elem","class_size":null},"geometry":{"type":"Point","coordinates":[126.8679389534,37.2948646367]}},{"type":"Feature","properties":{"name":"군포화산초등학교","kind":"school","level":"elem","class_size":null},"geometry":{"type":"Point","coordinates":[126.9345619866,37.3532606563]}},{"type":"Feature","properties":{"name":"포천삼정초등학교","kind":"school","level":"elem","class_size":null},"geometry":{"type":"Point","coordinates":[127.1307144398,37.9635736826]}},{"type":"Feature","properties":{"name":"도곡초등학교","kind":"school","level":"elem","class_size":null},"geometry":{"type":"Point","coordinates":[127.299609274,37.3708707124]}},{"type":"Feature","properties":{"name":"군포양정초등학교","kind":"school","level":"elem","class_size":null},"geometry":{"type":"Point","coordinates":[126.9406944877,37.3593062733]}},{"type":"Feature","properties":{"name":"동보초등학교","kind":"school","level":"elem","class_size":null},"geometry":{"type":"Point","coordinates":[127.0517562408,37.9245771822]}},{"type":"Feature","properties":{"name":"삼미초등학교","kind":"school","level":"elem","class_size":null},"geometry":{"type":"Point","coordinates":[127.0602680849,37.1913558381]}},{"type":"Feature","properties":{"name":"태을초등학교","kind":"school","level":"elem","class_size":null},"geometry":{"type":"Point","coordinates":[126.9263632126,37.3720530603]}},{"type":"Feature","properties":{"name":"성산초등학교","kind":"school","level":"elem","class_size":null},"geometry":{"type":"Point","coordinates":[127.067042077,37.1504446976]}},{"type":"Feature","properties":{"name":"여흥초등학교","kind":"school","level":"elem","class_size":null},"geometry":{"type":"Point","coordinates":[127.6432887054,37.2932052843]}},{"type":"Feature","properties":{"name":"연라초등학교","kind":"school","level":"elem","class_size":null},"geometry":{"type":"Point","coordinates":[127.6114685172,37.2773304811]}},{"type":"Feature","properties":{"name":"점봉초등학교","kind":"school","level":"elem","class_size":null},"geometry":{"type":"Point","coordinates":[127.644638806,37.2567429114]}},{"type":"Feature","properties":{"name":"나래초등학교","kind":"school","level":"elem","class_size":null},"geometry":{"type":"Point","coordinates":[127.5877142,37.1699335805]}},{"type":"Feature","properties":{"name":"율면초등학교","kind":"school","level":"elem","class_size":null},"geometry":{"type":"Point","coordinates":[127.5425143987,37.0876912729]}},{"type":"Feature","properties":{"name":"이천사동초등학교","kind":"school","level":"elem","class_size":null},"geometry":{"type":"Point","coordinates":[127.4874636229,37.2415895382]}},{"type":"Feature","properties":{"name":"대월초등학교","kind":"school","level":"elem","class_size":null},"geometry":{"type":"Point","coordinates":[127.4928013608,37.2237360846]}},{"type":"Feature","properties":{"name":"마장초등학교","kind":"school","level":"elem","class_size":null},"geometry":{"type":"Point","coordinates":[127.3559125,37.2535760153]}},{"type":"Feature","properties":{"name":"대서초등학교","kind":"school","level":"elem","class_size":null},"geometry":{"type":"Point","coordinates":[127.5759676,37.1135419674]}},{"type":"Feature","properties":{"name":"도암초등학교","kind":"school","level":"elem","class_size":null},"geometry":{"type":"Point","coordinates":[127.4427740674,37.3185914223]}},{"type":"Feature","properties":{"name":"신둔초등학교","kind":"school","level":"elem","class_size":null},"geometry":{"type":"Point","coordinates":[127.4035285345,37.3102824594]}},{"type":"Feature","properties":{"name":"부발초등학교","kind":"school","level":"elem","class_size":null},"geometry":{"type":"Point","coordinates":[127.4887437883,37.28663947]}},{"type":"Feature","properties":{"name":"산본초등학교","kind":"school","level":"elem","class_size":null},"geometry":{"type":"Point","coordinates":[126.9345912987,37.368777172]}},{"type":"Feature","properties":{"name":"삼일초등학교","kind":"school","level":"elem","class_size":null},"geometry":{"type":"Point","coordinates":[126.8498188237,37.332149345]}},{"type":"Feature","properties":{"name":"수현초등학교","kind":"school","level":"elem","class_size":null},"geometry":{"type":"Point","coordinates":[126.950317,37.22752589]}},{"type":"Feature","properties":{"name":"봉담초등학교","kind":"school","level":"elem","class_size":null},"geometry":{"type":"Point","coordinates":[126.9473597467,37.2228056934]}},{"type":"Feature","properties":{"name":"오산원일초등학교","kind":"school","level":"elem","class_size":null},"geometry":{"type":"Point","coordinates":[127.0716948897,37.1392029611]}},{"type":"Feature","properties":{"name":"성안초등학교","kind":"school","level":"elem","class_size":null},"geometry":{"type":"Point","coordinates":[126.8538633588,37.3048250853]}},{"type":"Feature","properties":{"name":"상색초등학교","kind":"school","level":"elem","class_size":null},"geometry":{"type":"Point","coordinates":[127.4849855739,37.8054035276]}},{"type":"Feature","properties":{"name":"대호초등학교","kind":"school","level":"elem","class_size":null},"geometry":{"type":"Point","coordinates":[127.0578369,37.15912882]}},{"type":"Feature","properties":{"name":"신하초등학교","kind":"school","level":"elem","class_size":null},"geometry":{"type":"Point","coordinates":[127.4792851031,37.261090247]}},{"type":"Feature","properties":{"name":"설성초등학교","kind":"school","level":"elem","class_size":null},"geometry":{"type":"Point","coordinates":[127.537424,37.11011075]}},{"type":"Feature","properties":{"name":"광주초등학교","kind":"school","level":"elem","class_size":null},"geometry":{"type":"Point","coordinates":[127.2552011,37.4106297103]}},{"type":"Feature","properties":{"name":"광주송정초등학교","kind":"school","level":"elem","class_size":null},"geometry":{"type":"Point","coordinates":[127.2550721687,37.4228231399]}},{"type":"Feature","properties":{"name":"안녕초등학교","kind":"school","level":"elem","class_size":null},"geometry":{"type":"Point","coordinates":[127.0085343097,37.2058922158]}},{"type":"Feature","properties":{"name":"수기초등학교","kind":"school","level":"elem","class_size":null},"geometry":{"type":"Point","coordinates":[126.9813231249,37.2016236717]}},{"type":"Feature","properties":{"name":"덕계초등학교","kind":"school","level":"elem","class_size":null},"geometry":{"type":"Point","coordinates":[127.0474801444,37.8230254786]}},{"type":"Feature","properties":{"name":"회정초등학교","kind":"school","level":"elem","class_size":null},"geometry":{"type":"Point","coordinates":[127.0521646123,37.8302091619]}},{"type":"Feature","properties":{"name":"하중초등학교","kind":"school","level":"elem","class_size":null},"geometry":{"type":"Point","coordinates":[126.807100556,37.3932080426]}},{"type":"Feature","properties":{"name":"숲속초등학교","kind":"school","level":"elem","class_size":null},"geometry":{"type":"Point","coordinates":[127.0604849535,37.2061141482]}},{"type":"Feature","properties":{"name":"화성금곡초등학교","kind":"school","level":"elem","class_size":null},"geometry":{"type":"Point","coordinates":[127.066217465,37.1986340679]}},{"type":"Feature","properties":{"name":"무봉초등학교","kind":"school","level":"elem","class_size":null},"geometry":{"type":"Point","coordinates":[127.1168058,37.20298743]}},{"type":"Feature","properties":{"name":"발안초등학교","kind":"school","level":"elem","class_size":null},"geometry":{"type":"Point","coordinates":[126.9123883594,37.1304186289]}},{"type":"Feature","properties":{"name":"양감초등학교","kind":"school","level":"elem","class_size":null},"geometry":{"type":"Point","coordinates":[126.9516620045,37.0814884756]}},{"type":"Feature","properties":{"name":"시흥능곡초등학교","kind":"school","level":"elem","class_size":null},"geometry":{"type":"Point","coordinates":[126.8129290425,37.3652959562]}},{"type":"Feature","properties":{"name":"승지초등학교","kind":"school","level":"elem","class_size":null},"geometry":{"type":"Point","coordinates":[126.8127399464,37.3723859119]}},{"type":"Feature","properties":{"name":"능서초등학교","kind":"school","level":"elem","class_size":null},"geometry":{"type":"Point","coordinates":[127.5720938,37.2981066162]}},{"type":"Feature","properties":{"name":"한백초등학교","kind":"school","level":"elem","class_size":null},"geometry":{"type":"Point","coordinates":[127.1147183,37.20836252]}},{"type":"Feature","properties":{"name":"미원초등학교위곡분교장","kind":"school","level":"elem","class_size":null},"geometry":{"type":"Point","coordinates":[127.5153329209,37.6706231676]}},{"type":"Feature","properties":{"name":"청목초등학교","kind":"school","level":"elem","class_size":null},"geometry":{"type":"Point","coordinates":[127.1174309404,37.19577115]}},{"type":"Feature","properties":{"name":"배곧초등학교","kind":"school","level":"elem","class_size":null},"geometry":{"type":"Point","coordinates":[126.7291946045,37.3758676]}},{"type":"Feature","properties":{"name":"고암초등학교","kind":"school","level":"elem","class_size":null},"geometry":{"type":"Point","coordinates":[127.0681674298,37.835166781]}},{"type":"Feature","properties":{"name":"조남초등학교","kind":"school","level":"elem","class_size":null},"geometry":{"type":"Point","coordinates":[126.8592671094,37.3790270932]}},{"type":"Feature","properties":{"name":"파주송화초등학교","kind":"school","level":"elem","class_size":null},"geometry":{"type":"Point","coordinates":[126.7792303963,37.7745968625]}},{"type":"Feature","properties":{"name":"금신초등학교","kind":"school","level":"elem","class_size":null},"geometry":{"type":"Point","coordinates":[126.7702710024,37.7683590394]}},{"type":"Feature","properties":{"name":"금촌초등학교","kind":"school","level":"elem","class_size":null},"geometry":{"type":"Point","coordinates":[126.7697527,37.7620417807]}},{"type":"Feature","properties":{"name":"서해초등학교","kind":"school","level":"elem","class_size":null},"geometry":{"type":"Point","coordinates":[126.7251311893,37.3561223736]}},{"type":"Feature","properties":{"name":"냉정초등학교","kind":"school","level":"elem","class_size":null},"geometry":{"type":"Point","coordinates":[126.735171579,37.357795416]}},{"type":"Feature","properties":{"name":"시흥도원초등학교","kind":"school","level":"elem","class_size":null},"geometry":{"type":"Point","coordinates":[126.7779867588,37.4401141015]}},{"type":"Feature","properties":{"name":"아미초등학교","kind":"school","level":"elem","class_size":null},"geometry":{"type":"Point","coordinates":[127.4908671453,37.2582608522]}},{"type":"Feature","properties":{"name":"가산초등학교","kind":"school","level":"elem","class_size":null},"geometry":{"type":"Point","coordinates":[127.1862106767,37.8472292834]}},{"type":"Feature","properties":{"name":"태봉초등학교","kind":"school","level":"elem","class_size":null},"geometry":{"type":"Point","coordinates":[127.1450132782,37.8343689923]}},{"type":"Feature","properties":{"name":"송우초등학교","kind":"school","level":"elem","class_size":null},"geometry":{"type":"Point","coordinates":[127.1442427348,37.8291134991]}},{"type":"Feature","properties":{"name":"시흥매화초등학교","kind":"school","level":"elem","class_size":null},"geometry":{"type":"Point","coordinates":[126.8078868693,37.4163483102]}},{"type":"Feature","properties":{"name":"진위초등학교","kind":"school","level":"elem","class_size":null},"geometry":{"type":"Point","coordinates":[127.0899589,37.1006641103]}},{"type":"Feature","properties":{"name":"군자초등학교","kind":"school","level":"elem","class_size":null},"geometry":{"type":"Point","coordinates":[126.7870846536,37.3438134086]}},{"type":"Feature","properties":{"name":"서연초등학교","kind":"school","level":"elem","class_size":null},"geometry":{"type":"Point","coordinates":[127.1137725591,37.1597633895]}},{"type":"Feature","properties":{"name":"정교초등학교","kind":"school","level":"elem","class_size":null},"geometry":{"type":"Point","coordinates":[127.1698953557,37.8159994847]}},{"type":"Feature","properties":{"name":"옥터초등학교","kind":"school","level":"elem","class_size":null},"geometry":{"type":"Point","coordinates":[126.692442158,37.3450807428]}},{"type":"Feature","properties":{"name":"백사초등학교","kind":"school","level":"elem","class_size":null},"geometry":{"type":"Point","coordinates":[127.4905346702,37.3388898229]}},{"type":"Feature","properties":{"name":"도지초등학교","kind":"school","level":"elem","class_size":null},"geometry":{"type":"Point","coordinates":[127.4823128951,37.3084025021]}},{"type":"Feature","properties":{"name":"선동초등학교","kind":"school","level":"elem","class_size":null},"geometry":{"type":"Point","coordinates":[127.3175855414,37.3780977568]}},{"type":"Feature","properties":{"name":"서촌초등학교","kind":"school","level":"elem","class_size":null},"geometry":{"type":"Point","coordinates":[126.7275021398,37.3494258483]}},{"type":"Feature","properties":{"name":"정림초등학교","kind":"school","level":"elem","class_size":null},"geometry":{"type":"Point","coordinates":[127.0116501807,37.1530420977]}},{"type":"Feature","properties":{"name":"정남초등학교","kind":"school","level":"elem","class_size":null},"geometry":{"type":"Point","coordinates":[126.9841515568,37.1678222951]}},{"type":"Feature","properties":{"name":"이솔초등학교","kind":"school","level":"elem","class_size":null},"geometry":{"type":"Point","coordinates":[127.1097220171,37.16322375]}},{"type":"Feature","properties":{"name":"진안초등학교","kind":"school","level":"elem","class_size":null},"geometry":{"type":"Point","coordinates":[127.040545042,37.2170047234]}},{"type":"Feature","properties":{"name":"새솔초등학교","kind":"school","level":"elem","class_size":null},"geometry":{"type":"Point","coordinates":[126.8190154751,37.2890806985]}},{"type":"Feature","properties":{"name":"신봉초등학교","kind":"school","level":"elem","class_size":null},"geometry":{"type":"Point","coordinates":[127.1392119339,37.8320678372]}},{"type":"Feature","properties":{"name":"연성초등학교","kind":"school","level":"elem","class_size":null},"geometry":{"type":"Point","coordinates":[126.8183204673,37.3879752898]}},{"type":"Feature","properties":{"name":"진가초등학교","kind":"school","level":"elem","class_size":null},"geometry":{"type":"Point","coordinates":[127.4792089569,37.1747524789]}},{"type":"Feature","properties":{"name":"복창초등학교","kind":"school","level":"elem","class_size":null},"geometry":{"type":"Point","coordinates":[127.0503030627,37.0712247337]}},{"type":"Feature","properties":{"name":"각골초등학교","kind":"school","level":"elem","class_size":null},"geometry":{"type":"Point","coordinates":[126.8730215096,37.29261701]}},{"type":"Feature","properties":{"name":"상록초등학교","kind":"school","level":"elem","class_size":null},"geometry":{"type":"Point","coordinates":[126.8662450905,37.2989379425]}},{"type":"Feature","properties":{"name":"송린초등학교","kind":"school","level":"elem","class_size":null},"geometry":{"type":"Point","coordinates":[126.8241503544,37.2782312906]}},{"type":"Feature","properties":{"name":"아인초등학교","kind":"school","level":"elem","class_size":null},"geometry":{"type":"Point","coordinates":[127.1052936435,37.20083859]}},{"type":"Feature","properties":{"name":"현화초등학교","kind":"school","level":"elem","class_size":null},"geometry":{"type":"Point","coordinates":[126.9189136,36.9823668491]}},{"type":"Feature","properties":{"name":"팔탄초등학교대방분교장","kind":"school","level":"elem","class_size":null},"geometry":{"type":"Point","coordinates":[126.8701571592,37.1619036432]}},{"type":"Feature","properties":{"name":"팔탄초등학교","kind":"school","level":"elem","class_size":null},"geometry":{"type":"Point","coordinates":[126.902321945,37.1600565345]}},{"type":"Feature","properties":{"name":"방교초등학교","kind":"school","level":"elem","class_size":null},"geometry":{"type":"Point","coordinates":[127.1015231425,37.1732640547]}},{"type":"Feature","properties":{"name":"지현초등학교","kind":"school","level":"elem","class_size":null},"geometry":{"type":"Point","coordinates":[127.2654577638,37.9290652228]}},{"type":"Feature","properties":{"name":"운담초등학교","kind":"school","level":"elem","class_size":null},"geometry":{"type":"Point","coordinates":[127.3291214492,37.9711933982]}},{"type":"Feature","properties":{"name":"월포초등학교","kind":"school","level":"elem","class_size":null},"geometry":{"type":"Point","coordinates":[126.7428278738,37.3874766954]}},{"type":"Feature","properties":{"name":"갈곶초등학교","kind":"school","level":"elem","class_size":null},"geometry":{"type":"Point","coordinates":[127.0720310404,37.125628528]}},{"type":"Feature","properties":{"name":"오산대원초등학교","kind":"school","level":"elem","class_size":null},"geometry":{"type":"Point","coordinates":[127.0711928024,37.1305537925]}},{"type":"Feature","properties":{"name":"장명초등학교","kind":"school","level":"elem","class_size":null},"geometry":{"type":"Point","coordinates":[126.8521592413,37.056580234]}},{"type":"Feature","properties":{"name":"화성장안초등학교","kind":"school","level":"elem","class_size":null},"geometry":{"type":"Point","coordinates":[126.8238740411,37.0860432875]}},{"type":"Feature","properties":{"name":"생금초등학교","kind":"school","level":"elem","class_size":null},"geometry":{"type":"Point","coordinates":[126.7576240225,37.3503833251]}},{"type":"Feature","properties":{"name":"상천초등학교","kind":"school","level":"elem","class_size":null},"geometry":{"type":"Point","coordinates":[127.4560853191,37.770114408]}},{"type":"Feature","properties":{"name":"도창초등학교","kind":"school","level":"elem","class_size":null},"geometry":{"type":"Point","coordinates":[126.8237404645,37.4069693494]}},{"type":"Feature","properties":{"name":"송운초등학교","kind":"school","level":"elem","class_size":null},"geometry":{"type":"Point","coordinates":[126.7301455244,37.3601405075]}},{"type":"Feature","properties":{"name":"포리초등학교","kind":"school","level":"elem","class_size":null},"geometry":{"type":"Point","coordinates":[126.7711923062,37.405708642]}},{"type":"Feature","properties":{"name":"파주대원초등학교","kind":"school","level":"elem","class_size":null},"geometry":{"type":"Point","coordinates":[126.8196843592,37.7273473047]}},{"type":"Feature","properties":{"name":"봉일천초등학교","kind":"school","level":"elem","class_size":null},"geometry":{"type":"Point","coordinates":[126.8073348483,37.74502843]}},{"type":"Feature","properties":{"name":"한얼초등학교","kind":"school","level":"elem","class_size":null},"geometry":{"type":"Point","coordinates":[126.935606,37.3662370517]}},{"type":"Feature","properties":{"name":"가평마장초등학교","kind":"school","level":"elem","class_size":null},"geometry":{"type":"Point","coordinates":[127.5142923424,37.8599725146]}},{"type":"Feature","properties":{"name":"가평초등학교","kind":"school","level":"elem","class_size":null},"geometry":{"type":"Point","coordinates":[127.5072897158,37.8308132844]}},{"type":"Feature","properties":{"name":"시흥초등학교","kind":"school","level":"elem","class_size":null},"geometry":{"type":"Point","coordinates":[126.7320863734,37.35193371]}},{"type":"Feature","properties":{"name":"전곡초등학교","kind":"school","level":"elem","class_size":null},"geometry":{"type":"Point","coordinates":[127.0719609232,38.0277842014]}},{"type":"Feature","properties":{"name":"주원초등학교","kind":"school","level":"elem","class_size":null},"geometry":{"type":"Point","coordinates":[127.0728955688,37.8355357735]}},{"type":"Feature","properties":{"name":"예원초등학교","kind":"school","level":"elem","class_size":null},"geometry":{"type":"Point","coordinates":[127.0761889916,37.2111657484]}},{"type":"Feature","properties":{"name":"초성초등학교","kind":"school","level":"elem","class_size":null},"geometry":{"type":"Point","coordinates":[127.0736834451,37.9981651488]}},{"type":"Feature","properties":{"name":"송안초등학교","kind":"school","level":"elem","class_size":null},"geometry":{"type":"Point","coordinates":[126.9211923652,37.3179893949]}},{"type":"Feature","properties":{"name":"곡란초등학교","kind":"school","level":"elem","class_size":null},"geometry":{"type":"Point","coordinates":[126.9338505536,37.3742439131]}},{"type":"Feature","properties":{"name":"양주덕현초등학교","kind":"school","level":"elem","class_size":null},"geometry":{"type":"Point","coordinates":[127.0808351005,37.7996379858]}},{"type":"Feature","properties":{"name":"새금초등학교","kind":"school","level":"elem","class_size":null},"geometry":{"type":"Point","coordinates":[126.7729114134,37.7481942581]}},{"type":"Feature","properties":{"name":"금릉초등학교","kind":"school","level":"elem","class_size":null},"geometry":{"type":"Point","coordinates":[126.7728093432,37.7525575299]}},{"type":"Feature","properties":{"name":"금향초등학교","kind":"school","level":"elem","class_size":null},"geometry":{"type":"Point","coordinates":[126.7767806628,37.75251184]}},{"type":"Feature","properties":{"name":"왕배초등학교","kind":"school","level":"elem","class_size":null},"geometry":{"type":"Point","coordinates":[127.1135952,37.18017972]}},{"type":"Feature","properties":{"name":"행정초등학교","kind":"school","level":"elem","class_size":null},"geometry":{"type":"Point","coordinates":[126.9236168479,37.1266426534]}},{"type":"Feature","properties":{"name":"노진초등학교","kind":"school","level":"elem","class_size":null},"geometry":{"type":"Point","coordinates":[126.8091906892,37.0516026517]}},{"type":"Feature","properties":{"name":"시곡초등학교","kind":"school","level":"elem","class_size":null},"geometry":{"type":"Point","coordinates":[126.8524523,37.289055519]}},{"type":"Feature","properties":{"name":"화남초등학교","kind":"school","level":"elem","class_size":null},"geometry":{"type":"Point","coordinates":[127.0960756,37.1638586271]}},{"type":"Feature","properties":{"name":"서경초등학교","kind":"school","level":"elem","class_size":null},"geometry":{"type":"Point","coordinates":[127.0508398,37.21701887]}},{"type":"Feature","properties":{"name":"한울초등학교","kind":"school","level":"elem","class_size":null},"geometry":{"type":"Point","coordinates":[126.9178537553,37.1269614707]}},{"type":"Feature","properties":{"name":"동두천신천초등학교","kind":"school","level":"elem","class_size":null},"geometry":{"type":"Point","coordinates":[127.047758015,37.8942593367]}},{"type":"Feature","properties":{"name":"어연초등학교","kind":"school","level":"elem","class_size":null},"geometry":{"type":"Point","coordinates":[126.9773921973,37.0488588762]}},{"type":"Feature","properties":{"name":"내촌초등학교","kind":"school","level":"elem","class_size":null},"geometry":{"type":"Point","coordinates":[127.2297099546,37.7870021382]}},{"type":"Feature","properties":{"name":"은현초등학교","kind":"school","level":"elem","class_size":null},"geometry":{"type":"Point","coordinates":[127.0242853638,37.8631857022]}},{"type":"Feature","properties":{"name":"제암초등학교","kind":"school","level":"elem","class_size":null},"geometry":{"type":"Point","coordinates":[126.9021135477,37.1311533356]}},{"type":"Feature","properties":{"name":"기산초등학교","kind":"school","level":"elem","class_size":null},"geometry":{"type":"Point","coordinates":[127.0507334271,37.2246007828]}},{"type":"Feature","properties":{"name":"자유초등학교","kind":"school","level":"elem","class_size":null},"geometry":{"type":"Point","coordinates":[126.786553631,37.8655366806]}},{"type":"Feature","properties":{"name":"시흥월곶초등학교","kind":"school","level":"elem","class_size":null},"geometry":{"type":"Point","coordinates":[126.7373387669,37.3917668234]}},{"type":"Feature","properties":{"name":"군포옥천초등학교","kind":"school","level":"elem","class_size":null},"geometry":{"type":"Point","coordinates":[126.945291475,37.3438747683]}},{"type":"Feature","properties":{"name":"운암초등학교","kind":"school","level":"elem","class_size":null},"geometry":{"type":"Point","coordinates":[127.0762024,37.1438550256]}},{"type":"Feature","properties":{"name":"포일초등학교","kind":"school","level":"elem","class_size":null},"geometry":{"type":"Point","coordinates":[126.9856365879,37.3995813784]}},{"type":"Feature","properties":{"name":"오성초등학교","kind":"school","level":"elem","class_size":null},"geometry":{"type":"Point","coordinates":[126.9786058,37.0082438357]}},{"type":"Feature","properties":{"name":"이곡초등학교","kind":"school","level":"elem","class_size":null},"geometry":{"type":"Point","coordinates":[127.1484027756,37.7780009877]}},{"type":"Feature","properties":{"name":"궁평초등학교","kind":"school","level":"elem","class_size":null},"geometry":{"type":"Point","coordinates":[127.1045648888,38.0280775729]}},{"type":"Feature","properties":{"name":"백운호수초등학교","kind":"school","level":"elem","class_size":null},"geometry":{"type":"Point","coordinates":[127.0075011108,37.3708231394]}},{"type":"Feature","properties":{"name":"군포초등학교","kind":"school","level":"elem","class_size":null},"geometry":{"type":"Point","coordinates":[126.9419284201,37.3482376622]}},{"type":"Feature","properties":{"name":"원동초등학교","kind":"school","level":"elem","class_size":null},"geometry":{"type":"Point","coordinates":[127.0697217,37.1355290472]}},{"type":"Feature","properties":{"name":"와동초등학교","kind":"school","level":"elem","class_size":null},"geometry":{"type":"Point","coordinates":[126.8311179856,37.3368169666]}},{"type":"Feature","properties":{"name":"송라초등학교","kind":"school","level":"elem","class_size":null},"geometry":{"type":"Point","coordinates":[126.8886244715,37.2730619417]}},{"type":"Feature","properties":{"name":"상품초등학교","kind":"school","level":"elem","class_size":null},"geometry":{"type":"Point","coordinates":[127.4450136708,37.405334847]}},{"type":"Feature","properties":{"name":"부용초등학교","kind":"school","level":"elem","class_size":null},"geometry":{"type":"Point","coordinates":[127.0590977044,36.9662469989]}},{"type":"Feature","properties":{"name":"능내초등학교","kind":"school","level":"elem","class_size":null},"geometry":{"type":"Point","coordinates":[126.9214275489,37.3548598255]}},{"type":"Feature","properties":{"name":"봉암초등학교","kind":"school","level":"elem","class_size":null},"geometry":{"type":"Point","coordinates":[127.0060710385,37.9107294838]}},{"type":"Feature","properties":{"name":"청옥초등학교","kind":"school","level":"elem","class_size":null},"geometry":{"type":"Point","coordinates":[126.9118618684,37.0189105547]}},{"type":"Feature","properties":{"name":"동두천송내초등학교","kind":"school","level":"elem","class_size":null},"geometry":{"type":"Point","coordinates":[127.0525333695,37.8861427498]}},{"type":"Feature","properties":{"name":"안산서초등학교","kind":"school","level":"elem","class_size":null},"geometry":{"type":"Point","coordinates":[126.8001714744,37.3309667429]}},{"type":"Feature","properties":{"name":"활초초등학교","kind":"school","level":"elem","class_size":null},"geometry":{"type":"Point","coordinates":[126.8250998175,37.17879002]}},{"type":"Feature","properties":{"name":"성포초등학교","kind":"school","level":"elem","class_size":null},"geometry":{"type":"Point","coordinates":[126.8426789457,37.3243456942]}},{"type":"Feature","properties":{"name":"팽성초등학교","kind":"school","level":"elem","class_size":null},"geometry":{"type":"Point","coordinates":[127.0517615955,36.9506871814]}},{"type":"Feature","properties":{"name":"대성동초등학교","kind":"school","level":"elem","class_size":null},"geometry":{"type":"Point","coordinates":[126.6804818404,37.9438675615]}},{"type":"Feature","properties":{"name":"오전초등학교","kind":"school","level":"elem","class_size":null},"geometry":{"type":"Point","coordinates":[126.9724121,37.3549515553]}},{"type":"Feature","properties":{"name":"서탄초등학교","kind":"school","level":"elem","class_size":null},"geometry":{"type":"Point","coordinates":[127.0361394112,37.1073282]}},{"type":"Feature","properties":{"name":"오산초등학교","kind":"school","level":"elem","class_size":null},"geometry":{"type":"Point","coordinates":[127.5590727,37.2387982382]}},{"type":"Feature","properties":{"name":"연천노곡초등학교","kind":"school","level":"elem","class_size":null},"geometry":{"type":"Point","coordinates":[126.9166641643,37.9990157596]}},{"type":"Feature","properties":{"name":"백학초등학교","kind":"school","level":"elem","class_size":null},"geometry":{"type":"Point","coordinates":[126.9215468,38.0316009643]}},{"type":"Feature","properties":{"name":"한마음초등학교","kind":"school","level":"elem","class_size":null},"geometry":{"type":"Point","coordinates":[127.0563590907,37.2085934417]}},{"type":"Feature","properties":{"name":"도마산초등학교","kind":"school","level":"elem","class_size":null},"geometry":{"type":"Point","coordinates":[126.8760128,37.8019277547]}},{"type":"Feature","properties":{"name":"연곡초등학교","kind":"school","level":"elem","class_size":null},"geometry":{"type":"Point","coordinates":[126.9611638234,37.8071579133]}},{"type":"Feature","properties":{"name":"화산초등학교","kind":"school","level":"elem","class_size":null},"geometry":{"type":"Point","coordinates":[127.013523858,37.2114262744]}},{"type":"Feature","properties":{"name":"예당초등학교","kind":"school","level":"elem","class_size":null},"geometry":{"type":"Point","coordinates":[127.0752137085,37.210587447]}},{"type":"Feature","properties":{"name":"솔빛초등학교","kind":"school","level":"elem","class_size":null},"geometry":{"type":"Point","coordinates":[127.0737903371,37.1967436009]}},{"type":"Feature","properties":{"name":"반송초등학교","kind":"school","level":"elem","class_size":null},"geometry":{"type":"Point","coordinates":[127.0701769722,37.190766681]}},{"type":"Feature","properties":{"name":"양동초등학교","kind":"school","level":"elem","class_size":null},"geometry":{"type":"Point","coordinates":[127.7498853,37.4307034106]}},{"type":"Feature","properties":{"name":"청운초등학교","kind":"school","level":"elem","class_size":null},"geometry":{"type":"Point","coordinates":[127.7137710365,37.55457051]}},{"type":"Feature","properties":{"name":"곡수초등학교","kind":"school","level":"elem","class_size":null},"geometry":{"type":"Point","coordinates":[127.6113777233,37.4184872212]}},{"type":"Feature","properties":{"name":"이포초등학교","kind":"school","level":"elem","class_size":null},"geometry":{"type":"Point","coordinates":[127.5298320988,37.3890956605]}},{"type":"Feature","properties":{"name":"칠봉초등학교","kind":"school","level":"elem","class_size":null},"geometry":{"type":"Point","coordinates":[127.0703607,37.8380860399]}},{"type":"Feature","properties":{"name":"청북초등학교","kind":"school","level":"elem","class_size":null},"geometry":{"type":"Point","coordinates":[126.9351868775,37.0431905214]}},{"type":"Feature","properties":{"name":"모락초등학교","kind":"school","level":"elem","class_size":null},"geometry":{"type":"Point","coordinates":[126.9734963076,37.3586938489]}},{"type":"Feature","properties":{"name":"별망초등학교","kind":"school","level":"elem","class_size":null},"geometry":{"type":"Point","coordinates":[126.813376396,37.30455278]}},{"type":"Feature","properties":{"name":"안산부곡초등학교","kind":"school","level":"elem","class_size":null},"geometry":{"type":"Point","coordinates":[126.8604686975,37.329193035]}},{"type":"Feature","properties":{"name":"호동초등학교","kind":"school","level":"elem","class_size":null},"geometry":{"type":"Point","coordinates":[126.8652986646,37.3126101674]}},{"type":"Feature","properties":{"name":"안산중앙초등학교","kind":"school","level":"elem","class_size":null},"geometry":{"type":"Point","coordinates":[126.837394643,37.3217257374]}},{"type":"Feature","properties":{"name":"성호초등학교","kind":"school","level":"elem","class_size":null},"geometry":{"type":"Point","coordinates":[127.0709442,37.1504766825]}},{"type":"Feature","properties":{"name":"평택새빛초등학교","kind":"school","level":"elem","class_size":null},"geometry":{"type":"Point","coordinates":[127.1051136,37.0250819024]}},{"type":"Feature","properties":{"name":"이천가산초등학교","kind":"school","level":"elem","class_size":null},"geometry":{"type":"Point","coordinates":[127.5178501003,37.2416024671]}},{"type":"Feature","properties":{"name":"산평초등학교","kind":"school","level":"elem","class_size":null},"geometry":{"type":"Point","coordinates":[127.2614748363,36.9199531492]}},{"type":"Feature","properties":{"name":"창수초등학교","kind":"school","level":"elem","class_size":null},"geometry":{"type":"Point","coordinates":[127.1817009929,37.9898560805]}},{"type":"Feature","properties":{"name":"백의초등학교","kind":"school","level":"elem","class_size":null},"geometry":{"type":"Point","coordinates":[127.1365157083,38.0232918077]}},{"type":"Feature","properties":{"name":"송호초등학교","kind":"school","level":"elem","class_size":null},"geometry":{"type":"Point","coordinates":[126.8352380779,37.31152906]}},{"type":"Feature","properties":{"name":"해운초등학교","kind":"school","level":"elem","class_size":null},"geometry":{"type":"Point","coordinates":[126.7037872072,37.1400546579]}},{"type":"Feature","properties":{"name":"적암초등학교","kind":"school","level":"elem","class_size":null},"geometry":{"type":"Point","coordinates":[127.0039181789,37.98780842]}},{"type":"Feature","properties":{"name":"학현초등학교","kind":"school","level":"elem","class_size":null},"geometry":{"type":"Point","coordinates":[126.8469051511,37.3106171498]}},{"type":"Feature","properties":{"name":"당동초등학교","kind":"school","level":"elem","class_size":null},"geometry":{"type":"Point","coordinates":[126.9394990014,37.3459375584]}},{"type":"Feature","properties":{"name":"역동초등학교","kind":"school","level":"elem","class_size":null},"geometry":{"type":"Point","coordinates":[127.2473611,37.3983595279]}},{"type":"Feature","properties":{"name":"태전초등학교","kind":"school","level":"elem","class_size":null},"geometry":{"type":"Point","coordinates":[127.2271184353,37.38885946]}},{"type":"Feature","properties":{"name":"광남초등학교","kind":"school","level":"elem","class_size":null},"geometry":{"type":"Point","coordinates":[127.2304609012,37.3940156943]}},{"type":"Feature","properties":{"name":"만선초등학교","kind":"school","level":"elem","class_size":null},"geometry":{"type":"Point","coordinates":[127.4111164829,37.3664013496]}},{"type":"Feature","properties":{"name":"현덕초등학교광덕분교장","kind":"school","level":"elem","class_size":null},"geometry":{"type":"Point","coordinates":[126.9440341071,36.9441356998]}},{"type":"Feature","properties":{"name":"흥천초등학교","kind":"school","level":"elem","class_size":null},"geometry":{"type":"Point","coordinates":[127.5413066438,37.3328061951]}},{"type":"Feature","properties":{"name":"만송초등학교","kind":"school","level":"elem","class_size":null},"geometry":{"type":"Point","coordinates":[127.0851618692,37.7975855236]}},{"type":"Feature","properties":{"name":"관모초등학교","kind":"school","level":"elem","class_size":null},"geometry":{"type":"Point","coordinates":[126.9380330364,37.3762022137]}},{"type":"Feature","properties":{"name":"금정초등학교","kind":"school","level":"elem","class_size":null},"geometry":{"type":"Point","coordinates":[126.9412249638,37.3664640259]}},{"type":"Feature","properties":{"name":"수리초등학교","kind":"school","level":"elem","class_size":null},"geometry":{"type":"Point","coordinates":[126.9180787305,37.36039563]}},{"type":"Feature","properties":{"name":"목감초등학교","kind":"school","level":"elem","class_size":null},"geometry":{"type":"Point","coordinates":[126.8588871,37.38681999]}},{"type":"Feature","properties":{"name":"비룡초등학교","kind":"school","level":"elem","class_size":null},"geometry":{"type":"Point","coordinates":[127.2628264,37.01502455]}},{"type":"Feature","properties":{"name":"가남초등학교","kind":"school","level":"elem","class_size":null},"geometry":{"type":"Point","coordinates":[127.5475998984,37.2052881122]}},{"type":"Feature","properties":{"name":"문기초등학교","kind":"school","level":"elem","class_size":null},"geometry":{"type":"Point","coordinates":[127.1935952384,37.0075986645]}},{"type":"Feature","properties":{"name":"미양초등학교","kind":"school","level":"elem","class_size":null},"geometry":{"type":"Point","coordinates":[127.2127599058,36.97502193]}},{"type":"Feature","properties":{"name":"매류초등학교","kind":"school","level":"elem","class_size":null},"geometry":{"type":"Point","coordinates":[127.5575539811,37.2738454376]}},{"type":"Feature","properties":{"name":"장천초등학교","kind":"school","level":"elem","class_size":null},"geometry":{"type":"Point","coordinates":[127.5283280571,37.1457530202]}},{"type":"Feature","properties":{"name":"이포초등학교하호분교장","kind":"school","level":"elem","class_size":null},"geometry":{"type":"Point","coordinates":[127.5012611899,37.4058587724]}},{"type":"Feature","properties":{"name":"광덕초등학교","kind":"school","level":"elem","class_size":null},"geometry":{"type":"Point","coordinates":[127.2214077008,37.0010586616]}},{"type":"Feature","properties":{"name":"양성초등학교","kind":"school","level":"elem","class_size":null},"geometry":{"type":"Point","coordinates":[127.195837713,37.0621218655]}},{"type":"Feature","properties":{"name":"대덕초등학교","kind":"school","level":"elem","class_size":null},"geometry":{"type":"Point","coordinates":[127.2448781761,37.02739146]}},{"type":"Feature","properties":{"name":"삼덕초등학교","kind":"school","level":"elem","class_size":null},"geometry":{"type":"Point","coordinates":[126.9118343073,37.0395503486]}},{"type":"Feature","properties":{"name":"화성벌말초등학교","kind":"school","level":"elem","class_size":null},"geometry":{"type":"Point","coordinates":[127.0379585585,37.2025812957]}},{"type":"Feature","properties":{"name":"태안초등학교","kind":"school","level":"elem","class_size":null},"geometry":{"type":"Point","coordinates":[127.0408656465,37.2106595109]}},{"type":"Feature","properties":{"name":"안산양지초등학교","kind":"school","level":"elem","class_size":null},"geometry":{"type":"Point","coordinates":[126.8345808583,37.3048425938]}},{"type":"Feature","properties":{"name":"태성초등학교","kind":"school","level":"elem","class_size":null},"geometry":{"type":"Point","coordinates":[127.2288621934,37.3849654293]}},{"type":"Feature","properties":{"name":"가사초등학교","kind":"school","level":"elem","class_size":null},"geometry":{"type":"Point","coordinates":[126.9171847249,36.938494411]}},{"type":"Feature","properties":{"name":"생연초등학교","kind":"school","level":"elem","class_size":null},"geometry":{"type":"Point","coordinates":[127.0591352005,37.9012148728]}},{"type":"Feature","properties":{"name":"사동초등학교","kind":"school","level":"elem","class_size":null},"geometry":{"type":"Point","coordinates":[127.0485171293,37.898771591]}},{"type":"Feature","properties":{"name":"매화초등학교","kind":"school","level":"elem","class_size":null},"geometry":{"type":"Point","coordinates":[126.8623649549,37.30591091]}},{"type":"Feature","properties":{"name":"홍원초등학교","kind":"school","level":"elem","class_size":null},"geometry":{"type":"Point","coordinates":[126.8895142617,37.01431327]}},{"type":"Feature","properties":{"name":"팔곡초등학교","kind":"school","level":"elem","class_size":null},"geometry":{"type":"Point","coordinates":[126.882641198,37.2969594504]}},{"type":"Feature","properties":{"name":"오산원당초등학교","kind":"school","level":"elem","class_size":null},"geometry":{"type":"Point","coordinates":[127.0909242,37.1422635079]}},{"type":"Feature","properties":{"name":"연천왕산초등학교","kind":"school","level":"elem","class_size":null},"geometry":{"type":"Point","coordinates":[127.0110148288,38.0562563151]}},{"type":"Feature","properties":{"name":"창신초등학교","kind":"school","level":"elem","class_size":null},"geometry":{"type":"Point","coordinates":[127.0067541022,37.0043089112]}},{"type":"Feature","properties":{"name":"선단초등학교","kind":"school","level":"elem","class_size":null},"geometry":{"type":"Point","coordinates":[127.1558693448,37.8611759268]}},{"type":"Feature","properties":{"name":"옥천초등학교","kind":"school","level":"elem","class_size":null},"geometry":{"type":"Point","coordinates":[127.4593942095,37.5195581]}},{"type":"Feature","properties":{"name":"운산초등학교","kind":"school","level":"elem","class_size":null},"geometry":{"type":"Point","coordinates":[127.0775319556,37.15261684]}},{"type":"Feature","properties":{"name":"안산해양초등학교","kind":"school","level":"elem","class_size":null},"geometry":{"type":"Point","coordinates":[126.82377,37.2945208162]}},{"type":"Feature","properties":{"name":"양산초등학교","kind":"school","level":"elem","class_size":null},"geometry":{"type":"Point","coordinates":[127.0321505,37.1972101427]}},{"type":"Feature","properties":{"name":"안산해솔초등학교","kind":"school","level":"elem","class_size":null},"geometry":{"type":"Point","coordinates":[126.8335716697,37.2825303]}},{"type":"Feature","properties":{"name":"산들초등학교","kind":"school","level":"elem","class_size":null},"geometry":{"type":"Point","coordinates":[126.7312499504,37.7293777746]}},{"type":"Feature","properties":{"name":"평택송화초등학교","kind":"school","level":"elem","class_size":null},"geometry":{"type":"Point","coordinates":[127.0569797129,36.9629427545]}},{"type":"Feature","properties":{"name":"지행초등학교","kind":"school","level":"elem","class_size":null},"geometry":{"type":"Point","coordinates":[127.0616932,37.8919308715]}},{"type":"Feature","properties":{"name":"방일초등학교","kind":"school","level":"elem","class_size":null},"geometry":{"type":"Point","coordinates":[127.4994478806,37.6292978564]}},{"type":"Feature","properties":{"name":"강상초등학교","kind":"school","level":"elem","class_size":null},"geometry":{"type":"Point","coordinates":[127.4798289978,37.4739284001]}},{"type":"Feature","properties":{"name":"양평단월초등학교","kind":"school","level":"elem","class_size":null},"geometry":{"type":"Point","coordinates":[127.6728384075,37.5396082489]}},{"type":"Feature","properties":{"name":"지평초등학교","kind":"school","level":"elem","class_size":null},"geometry":{"type":"Point","coordinates":[127.6380388087,37.4758449687]}},{"type":"Feature","properties":{"name":"송산초등학교","kind":"school","level":"elem","class_size":null},"geometry":{"type":"Point","coordinates":[126.7319597925,37.2146374179]}},{"type":"Feature","properties":{"name":"문장초등학교","kind":"school","level":"elem","class_size":null},"geometry":{"type":"Point","coordinates":[127.5124909385,37.3612651104]}},{"type":"Feature","properties":{"name":"반석초등학교","kind":"school","level":"elem","class_size":null},"geometry":{"type":"Point","coordinates":[127.0783219042,37.1936879]}},{"type":"Feature","properties":{"name":"해솔초등학교","kind":"school","level":"elem","class_size":null},"geometry":{"type":"Point","coordinates":[126.7473754826,37.72666542]}},{"type":"Feature","properties":{"name":"갈뫼초등학교","kind":"school","level":"elem","class_size":null},"geometry":{"type":"Point","coordinates":[126.9722114,37.3767931059]}},{"type":"Feature","properties":{"name":"북내초등학교도전분교장","kind":"school","level":"elem","class_size":null},"geometry":{"type":"Point","coordinates":[127.7511112105,37.3372101385]}},{"type":"Feature","properties":{"name":"양평동초등학교","kind":"school","level":"elem","class_size":null},"geometry":{"type":"Point","coordinates":[127.5071030694,37.4882213915]}},{"type":"Feature","properties":{"name":"용이초등학교","kind":"school","level":"elem","class_size":null},"geometry":{"type":"Point","coordinates":[127.1467152678,37.0000890426]}},{"type":"Feature","properties":{"name":"청룡초등학교","kind":"school","level":"elem","class_size":null},"geometry":{"type":"Point","coordinates":[126.8886256815,37.2008455518]}},{"type":"Feature","properties":{"name":"천남초등학교","kind":"school","level":"elem","class_size":null},"geometry":{"type":"Point","coordinates":[127.6313952,37.3458496975]}},{"type":"Feature","properties":{"name":"세마초등학교","kind":"school","level":"elem","class_size":null},"geometry":{"type":"Point","coordinates":[127.0275815081,37.1696801964]}},{"type":"Feature","properties":{"name":"청림초등학교","kind":"school","level":"elem","class_size":null},"geometry":{"type":"Point","coordinates":[127.1113568208,37.1745871619]}},{"type":"Feature","properties":{"name":"대성초등학교","kind":"school","level":"elem","class_size":null},"geometry":{"type":"Point","coordinates":[127.3776927688,37.6831257493]}},{"type":"Feature","properties":{"name":"광정초등학교","kind":"school","level":"elem","class_size":null},"geometry":{"type":"Point","coordinates":[126.9305978648,37.3659367537]}},{"type":"Feature","properties":{"name":"웅담초등학교","kind":"school","level":"elem","class_size":null},"geometry":{"type":"Point","coordinates":[126.8957052001,37.9142217033]}},{"type":"Feature","properties":{"name":"천현초등학교","kind":"school","level":"elem","class_size":null},"geometry":{"type":"Point","coordinates":[126.878401926,37.8497766584]}},{"type":"Feature","properties":{"name":"미곡초등학교","kind":"school","level":"elem","class_size":null},"geometry":{"type":"Point","coordinates":[127.24503196,37.1106753632]}},{"type":"Feature","properties":{"name":"보개초등학교","kind":"school","level":"elem","class_size":null},"geometry":{"type":"Point","coordinates":[127.2958052326,37.0602241218]}},{"type":"Feature","properties":{"name":"삼죽초등학교","kind":"school","level":"elem","class_size":null},"geometry":{"type":"Point","coordinates":[127.3744669363,37.076456453]}},{"type":"Feature","properties":{"name":"개정초등학교","kind":"school","level":"elem","class_size":null},"geometry":{"type":"Point","coordinates":[127.1886536936,36.96072459]}},{"type":"Feature","properties":{"name":"보체초등학교","kind":"school","level":"elem","class_size":null},"geometry":{"type":"Point","coordinates":[127.2383296726,36.9739663042]}},{"type":"Feature","properties":{"name":"서운초등학교","kind":"school","level":"elem","class_size":null},"geometry":{"type":"Point","coordinates":[127.2549897714,36.9464627182]}},{"type":"Feature","properties":{"name":"대부초등학교","kind":"school","level":"elem","class_size":null},"geometry":{"type":"Point","coordinates":[126.580544941,37.245613964]}},{"type":"Feature","properties":{"name":"용호초등학교","kind":"school","level":"elem","class_size":null},"geometry":{"type":"Point","coordinates":[126.9407794,37.3422665996]}},{"type":"Feature","properties":{"name":"이천단월초등학교","kind":"school","level":"elem","class_size":null},"geometry":{"type":"Point","coordinates":[127.4522058936,37.2270034747]}},{"type":"Feature","properties":{"name":"어울초등학교","kind":"school","level":"elem","class_size":null},"geometry":{"type":"Point","coordinates":[127.2238790548,37.0166003444]}},{"type":"Feature","properties":{"name":"백성초등학교","kind":"school","level":"elem","class_size":null},"geometry":{"type":"Point","coordinates":[127.2519747,37.0054735148]}},{"type":"Feature","properties":{"name":"내혜홀초등학교","kind":"school","level":"elem","class_size":null},"geometry":{"type":"Point","coordinates":[127.2653197201,37.0062894116]}},{"type":"Feature","properties":{"name":"용머리초등학교","kind":"school","level":"elem","class_size":null},"geometry":{"type":"Point","coordinates":[127.1583693466,37.002737031]}},{"type":"Feature","properties":{"name":"공도초등학교","kind":"school","level":"elem","class_size":null},"geometry":{"type":"Point","coordinates":[127.1674695415,36.9999987699]}},{"type":"Feature","properties":{"name":"송신초등학교","kind":"school","level":"elem","class_size":null},"geometry":{"type":"Point","coordinates":[127.0521301623,37.0751903699]}},{"type":"Feature","properties":{"name":"양진초등학교","kind":"school","level":"elem","class_size":null},"geometry":{"type":"Point","coordinates":[127.1404236,36.9892818372]}},{"type":"Feature","properties":{"name":"금광초등학교조령분교장","kind":"school","level":"elem","class_size":null},"geometry":{"type":"Point","coordinates":[127.3578923993,37.0011467692]}},{"type":"Feature","properties":{"name":"용문초등학교","kind":"school","level":"elem","class_size":null},"geometry":{"type":"Point","coordinates":[127.6328250835,37.50983973]}},{"type":"Feature","properties":{"name":"산내초등학교","kind":"school","level":"elem","class_size":null},"geometry":{"type":"Point","coordinates":[126.7364788253,37.722850796]}},{"type":"Feature","properties":{"name":"대동초등학교","kind":"school","level":"elem","class_size":null},"geometry":{"type":"Point","coordinates":[126.6002123,37.2413617163]}},{"type":"Feature","properties":{"name":"금모래초등학교","kind":"school","level":"elem","class_size":null},"geometry":{"type":"Point","coordinates":[126.7952002884,37.4416003176]}},{"type":"Feature","properties":{"name":"세월초등학교","kind":"school","level":"elem","class_size":null},"geometry":{"type":"Point","coordinates":[127.4951125671,37.436053806]}},{"type":"Feature","properties":{"name":"추산초등학교","kind":"school","level":"elem","class_size":null},"geometry":{"type":"Point","coordinates":[127.1371878308,37.82576436]}},{"type":"Feature","properties":{"name":"송화초등학교","kind":"school","level":"elem","class_size":null},"geometry":{"type":"Point","coordinates":[127.0396665383,37.2018465593]}},{"type":"Feature","properties":{"name":"죽화초등학교","kind":"school","level":"elem","class_size":null},"geometry":{"type":"Point","coordinates":[127.458266863,37.107745889]}},{"type":"Feature","properties":{"name":"광선초등학교","kind":"school","level":"elem","class_size":null},"geometry":{"type":"Point","coordinates":[127.4331391682,37.0081663541]}},{"type":"Feature","properties":{"name":"개산초등학교","kind":"school","level":"elem","class_size":null},"geometry":{"type":"Point","coordinates":[127.3020178155,36.9844750524]}},{"type":"Feature","properties":{"name":"죽산초등학교","kind":"school","level":"elem","class_size":null},"geometry":{"type":"Point","coordinates":[127.4211898439,37.0784772488]}},{"type":"Feature","properties":{"name":"화성반월초등학교","kind":"school","level":"elem","class_size":null},"geometry":{"type":"Point","coordinates":[127.0592312,37.2235905285]}},{"type":"Feature","properties":{"name":"율목초등학교","kind":"school","level":"elem","class_size":null},"geometry":{"type":"Point","coordinates":[127.0643495,37.2370550131]}},{"type":"Feature","properties":{"name":"배곧누리초등학교","kind":"school","level":"elem","class_size":null},"geometry":{"type":"Point","coordinates":[126.7319087,37.3826092482]}},{"type":"Feature","properties":{"name":"축석초등학교","kind":"school","level":"elem","class_size":null},"geometry":{"type":"Point","coordinates":[127.1220875668,37.7884120779]}},{"type":"Feature","properties":{"name":"초월초등학교","kind":"school","level":"elem","class_size":null},"geometry":{"type":"Point","coordinates":[127.3078666585,37.4079049282]}},{"type":"Feature","properties":{"name":"명덕초등학교","kind":"school","level":"elem","class_size":null},"geometry":{"type":"Point","coordinates":[127.2626764955,37.050711101]}},{"type":"Feature","properties":{"name":"고삼초등학교","kind":"school","level":"elem","class_size":null},"geometry":{"type":"Point","coordinates":[127.2645138,37.082696155]}},{"type":"Feature","properties":{"name":"금광초등학교","kind":"school","level":"elem","class_size":null},"geometry":{"type":"Point","coordinates":[127.3242786851,36.9999226509]}},{"type":"Feature","properties":{"name":"청평초등학교","kind":"school","level":"elem","class_size":null},"geometry":{"type":"Point","coordinates":[127.4218861,37.7378328933]}},{"type":"Feature","properties":{"name":"광주도평초등학교","kind":"school","level":"elem","class_size":null},"geometry":{"type":"Point","coordinates":[127.2893900875,37.3964236105]}},{"type":"Feature","properties":{"name":"파주와동초등학교","kind":"school","level":"elem","class_size":null},"geometry":{"type":"Point","coordinates":[126.7567449869,37.7264944488]}},{"type":"Feature","properties":{"name":"와석초등학교","kind":"school","level":"elem","class_size":null},"geometry":{"type":"Point","coordinates":[126.753037015,37.71047466]}},{"type":"Feature","properties":{"name":"운정초등학교","kind":"school","level":"elem","class_size":null},"geometry":{"type":"Point","coordinates":[126.7538630324,37.7079030617]}},{"type":"Feature","properties":{"name":"만정초등학교","kind":"school","level":"elem","class_size":null},"geometry":{"type":"Point","coordinates":[127.1717350429,37.006941089]}},{"type":"Feature","properties":{"name":"능북초등학교","kind":"school","level":"elem","class_size":null},"geometry":{"type":"Point","coordinates":[127.5914866844,37.3333078172]}},{"type":"Feature","properties":{"name":"안산원곡초등학교","kind":"school","level":"elem","class_size":null},"geometry":{"type":"Point","coordinates":[126.7960897924,37.3282410992]}},{"type":"Feature","properties":{"name":"죽백초등학교","kind":"school","level":"elem","class_size":null},"geometry":{"type":"Point","coordinates":[127.1375226565,37.0136268912]}},{"type":"Feature","properties":{"name":"현일초등학교","kind":"school","level":"elem","class_size":null},"geometry":{"type":"Point","coordinates":[126.9198729529,36.9861121719]}},{"type":"Feature","properties":{"name":"안중초등학교","kind":"school","level":"elem","class_size":null},"geometry":{"type":"Point","coordinates":[126.9260167076,36.9896445344]}},{"type":"Feature","properties":{"name":"평택안일초등학교","kind":"school","level":"elem","class_size":null},"geometry":{"type":"Point","coordinates":[126.9243945,36.9828749691]}},{"type":"Feature","properties":{"name":"고정초등학교","kind":"school","level":"elem","class_size":null},"geometry":{"type":"Point","coordinates":[126.738112,37.2377162772]}},{"type":"Feature","properties":{"name":"마산초등학교","kind":"school","level":"elem","class_size":null},"geometry":{"type":"Point","coordinates":[126.6918992898,37.2318013074]}},{"type":"Feature","properties":{"name":"시흥은행초등학교","kind":"school","level":"elem","class_size":null},"geometry":{"type":"Point","coordinates":[126.8007226555,37.4425862757]}},{"type":"Feature","properties":{"name":"대양초등학교","kind":"school","level":"elem","class_size":null},"geometry":{"type":"Point","coordinates":[126.821731501,37.2003194678]}},{"type":"Feature","properties":{"name":"신남초등학교","kind":"school","level":"elem","class_size":null},"geometry":{"type":"Point","coordinates":[126.8177628,37.191389691]}},{"type":"Feature","properties":{"name":"현매초등학교","kind":"school","level":"elem","class_size":null},"geometry":{"type":"Point","coordinates":[127.2300443,36.93595743]}},{"type":"Feature","properties":{"name":"초당초등학교","kind":"school","level":"elem","class_size":null},"geometry":{"type":"Point","coordinates":[126.8503841566,37.2852878863]}},{"type":"Feature","properties":{"name":"안성초등학교","kind":"school","level":"elem","class_size":null},"geometry":{"type":"Point","coordinates":[127.2725354182,37.012270098]}},{"type":"Feature","properties":{"name":"양주백석초등학교","kind":"school","level":"elem","class_size":null},"geometry":{"type":"Point","coordinates":[126.9866637043,37.7964461913]}},{"type":"Feature","properties":{"name":"외북초등학교","kind":"school","level":"elem","class_size":null},"geometry":{"type":"Point","coordinates":[127.1873126339,37.9469117756]}},{"type":"Feature","properties":{"name":"동양초등학교","kind":"school","level":"elem","class_size":null},"geometry":{"type":"Point","coordinates":[126.8221898406,37.2069923433]}},{"type":"Feature","properties":{"name":"운흥초등학교","kind":"school","level":"elem","class_size":null},"geometry":{"type":"Point","coordinates":[126.8526799,37.3727473856]}},{"type":"Feature","properties":{"name":"둔대초등학교","kind":"school","level":"elem","class_size":null},"geometry":{"type":"Point","coordinates":[126.9109115883,37.3266343609]}},{"type":"Feature","properties":{"name":"군포대야초등학교","kind":"school","level":"elem","class_size":null},"geometry":{"type":"Point","coordinates":[126.915235,37.32933757]}},{"type":"Feature","properties":{"name":"은대초등학교","kind":"school","level":"elem","class_size":null},"geometry":{"type":"Point","coordinates":[127.0604053177,38.0526851957]}},{"type":"Feature","properties":{"name":"상면초등학교","kind":"school","level":"elem","class_size":null},"geometry":{"type":"Point","coordinates":[127.3711377,37.7760635]}},{"type":"Feature","properties":{"name":"석호초등학교","kind":"school","level":"elem","class_size":null},"geometry":{"type":"Point","coordinates":[126.8483131907,37.3012368467]}},{"type":"Feature","properties":{"name":"덕장초등학교","kind":"school","level":"elem","class_size":null},"geometry":{"type":"Point","coordinates":[126.9970756294,37.3922159991]}},{"type":"Feature","properties":{"name":"서종초등학교","kind":"school","level":"elem","class_size":null},"geometry":{"type":"Point","coordinates":[127.3481943993,37.6091019578]}},{"type":"Feature","properties":{"name":"한아람초등학교","kind":"school","level":"elem","class_size":null},"geometry":{"type":"Point","coordinates":[127.2300546,37.3801353788]}},{"type":"Feature","properties":{"name":"일동초등학교","kind":"school","level":"elem","class_size":null},"geometry":{"type":"Point","coordinates":[127.3151552693,37.9552755112]}},{"type":"Feature","properties":{"name":"화현초등학교","kind":"school","level":"elem","class_size":null},"geometry":{"type":"Point","coordinates":[127.2839615227,37.9024541256]}},{"type":"Feature","properties":{"name":"운천초등학교","kind":"school","level":"elem","class_size":null},"geometry":{"type":"Point","coordinates":[127.0797630865,37.1559510291]}},{"type":"Feature","properties":{"name":"금암초등학교","kind":"school","level":"elem","class_size":null},"geometry":{"type":"Point","coordinates":[127.043947892,37.1787348323]}},{"type":"Feature","properties":{"name":"배곧해솔초등학교","kind":"school","level":"elem","class_size":null},"geometry":{"type":"Point","coordinates":[126.7181156338,37.3602899489]}},{"type":"Feature","properties":{"name":"배곧라온초등학교","kind":"school","level":"elem","class_size":null},"geometry":{"type":"Point","coordinates":[126.7350516199,37.3722723494]}},{"type":"Feature","properties":{"name":"배곧라라초등학교","kind":"school","level":"elem","class_size":null},"geometry":{"type":"Point","coordinates":[126.7230306179,37.3693389]}},{"type":"Feature","properties":{"name":"이천송정초등학교","kind":"school","level":"elem","class_size":null},"geometry":{"type":"Point","coordinates":[127.4333896693,37.2941628727]}},{"type":"Feature","properties":{"name":"자란초등학교","kind":"school","level":"elem","class_size":null},"geometry":{"type":"Point","coordinates":[127.0998652885,37.0034147588]}},{"type":"Feature","properties":{"name":"평택서재초등학교","kind":"school","level":"elem","class_size":null},"geometry":{"type":"Point","coordinates":[127.1039671579,37.0182477048]}},{"type":"Feature","properties":{"name":"웃터골초등학교","kind":"school","level":"elem","class_size":null},"geometry":{"type":"Point","coordinates":[126.7992597923,37.439682356]}},{"type":"Feature","properties":{"name":"평택초등학교","kind":"school","level":"elem","class_size":null},"geometry":{"type":"Point","coordinates":[127.0813739273,36.9894561476]}},{"type":"Feature","properties":{"name":"세교초등학교","kind":"school","level":"elem","class_size":null},"geometry":{"type":"Point","coordinates":[127.0831756242,37.00212071]}},{"type":"Feature","properties":{"name":"평택성동초등학교","kind":"school","level":"elem","class_size":null},"geometry":{"type":"Point","coordinates":[127.0933789255,36.9953629227]}},{"type":"Feature","properties":{"name":"군문초등학교","kind":"school","level":"elem","class_size":null},"geometry":{"type":"Point","coordinates":[127.085154148,36.9877462125]}},{"type":"Feature","properties":{"name":"정배초등학교","kind":"school","level":"elem","class_size":null},"geometry":{"type":"Point","coordinates":[127.4232904946,37.6030282129]}},{"type":"Feature","properties":{"name":"다문초등학교","kind":"school","level":"elem","class_size":null},"geometry":{"type":"Point","coordinates":[127.5915311095,37.4858546614]}},{"type":"Feature","properties":{"name":"영천초등학교","kind":"school","level":"elem","class_size":null},"geometry":{"type":"Point","coordinates":[127.1045574202,37.20570766]}},{"type":"Feature","properties":{"name":"서정리초등학교","kind":"school","level":"elem","class_size":null},"geometry":{"type":"Point","coordinates":[127.0581637059,37.05836093]}},{"type":"Feature","properties":{"name":"쌍령초등학교","kind":"school","level":"elem","class_size":null},"geometry":{"type":"Point","coordinates":[127.281084472,37.3989232496]}},{"type":"Feature","properties":{"name":"화성청계초등학교","kind":"school","level":"elem","class_size":null},"geometry":{"type":"Point","coordinates":[127.1021055068,37.1991920037]}},{"type":"Feature","properties":{"name":"소사벌초등학교","kind":"school","level":"elem","class_size":null},"geometry":{"type":"Point","coordinates":[127.1168919739,36.995317588]}},{"type":"Feature","properties":{"name":"평택대동초등학교","kind":"school","level":"elem","class_size":null},"geometry":{"type":"Point","coordinates":[127.1317903959,36.9893645667]}},{"type":"Feature","properties":{"name":"유양초등학교","kind":"school","level":"elem","class_size":null},"geometry":{"type":"Point","coordinates":[127.0272166128,37.7860627438]}},{"type":"Feature","properties":{"name":"원덕초등학교","kind":"school","level":"elem","class_size":null},"geometry":{"type":"Point","coordinates":[127.5428400137,37.4680541106]}},{"type":"Feature","properties":{"name":"개군초등학교","kind":"school","level":"elem","class_size":null},"geometry":{"type":"Point","coordinates":[127.5343465,37.4279539797]}},{"type":"Feature","properties":{"name":"동신초등학교","kind":"school","level":"elem","class_size":null},"geometry":{"type":"Point","coordinates":[127.3047367207,37.0122736031]}},{"type":"Feature","properties":{"name":"마전초등학교","kind":"school","level":"elem","class_size":null},"geometry":{"type":"Point","coordinates":[127.3413202,37.0307074544]}},{"type":"Feature","properties":{"name":"소래초등학교","kind":"school","level":"elem","class_size":null},"geometry":{"type":"Point","coordinates":[126.7846566022,37.4426153107]}},{"type":"Feature","properties":{"name":"금당초등학교","kind":"school","level":"elem","class_size":null},"geometry":{"type":"Point","coordinates":[127.6054844281,37.1967631467]}},{"type":"Feature","properties":{"name":"대신초등학교","kind":"school","level":"elem","class_size":null},"geometry":{"type":"Point","coordinates":[127.5873167,37.3752113579]}},{"type":"Feature","properties":{"name":"심학초등학교","kind":"school","level":"elem","class_size":null},"geometry":{"type":"Point","coordinates":[126.7033101515,37.7080465343]}},{"type":"Feature","properties":{"name":"운광초등학교","kind":"school","level":"elem","class_size":null},"geometry":{"type":"Point","coordinates":[126.7409707187,37.7097052276]}},{"type":"Feature","properties":{"name":"옥정초등학교","kind":"school","level":"elem","class_size":null},"geometry":{"type":"Point","coordinates":[127.0884163135,37.82335053]}},{"type":"Feature","properties":{"name":"연푸른초등학교","kind":"school","level":"elem","class_size":null},"geometry":{"type":"Point","coordinates":[127.087107998,37.81470052]}},{"type":"Feature","properties":{"name":"능길초등학교","kind":"school","level":"elem","class_size":null},"geometry":{"type":"Point","coordinates":[126.7642473481,37.3359850367]}},{"type":"Feature","properties":{"name":"산현초등학교","kind":"school","level":"elem","class_size":null},"geometry":{"type":"Point","coordinates":[126.8449948434,37.37477092]}},{"type":"Feature","properties":{"name":"신천초등학교","kind":"school","level":"elem","class_size":null},"geometry":{"type":"Point","coordinates":[126.7834069702,37.4351423618]}},{"type":"Feature","properties":{"name":"향남초등학교","kind":"school","level":"elem","class_size":null},"geometry":{"type":"Point","coordinates":[126.942918212,37.1196973978]}},{"type":"Feature","properties":{"name":"능동초등학교","kind":"school","level":"elem","class_size":null},"geometry":{"type":"Point","coordinates":[127.0588719981,37.2133150737]}},{"type":"Feature","properties":{"name":"양서초등학교","kind":"school","level":"elem","class_size":null},"geometry":{"type":"Point","coordinates":[127.3822246979,37.5128974221]}},{"type":"Feature","properties":{"name":"여주초등학교","kind":"school","level":"elem","class_size":null},"geometry":{"type":"Point","coordinates":[127.6359788,37.2987017511]}},{"type":"Feature","properties":{"name":"필봉초등학교","kind":"school","level":"elem","class_size":null},"geometry":{"type":"Point","coordinates":[127.0523787608,37.1788261063]}},{"type":"Feature","properties":{"name":"수청초등학교","kind":"school","level":"elem","class_size":null},"geometry":{"type":"Point","coordinates":[127.055473843,37.1708472915]}},{"type":"Feature","properties":{"name":"매홀초등학교","kind":"school","level":"elem","class_size":null},"geometry":{"type":"Point","coordinates":[127.0632836086,37.1627718011]}},{"type":"Feature","properties":{"name":"화성초등학교","kind":"school","level":"elem","class_size":null},"geometry":{"type":"Point","coordinates":[127.0691916532,37.1647716394]}},{"type":"Feature","properties":{"name":"군포신기초등학교","kind":"school","level":"elem","class_size":null},"geometry":{"type":"Point","coordinates":[126.932781188,37.3386448693]}},{"type":"Feature","properties":{"name":"현촌초등학교","kind":"school","level":"elem","class_size":null},"geometry":{"type":"Point","coordinates":[127.1319038,37.0005618484]}},{"type":"Feature","properties":{"name":"용죽초등학교","kind":"school","level":"elem","class_size":null},"geometry":{"type":"Point","coordinates":[127.124013669,36.9950632846]}},{"type":"Feature","properties":{"name":"석곶초등학교","kind":"school","level":"elem","class_size":null},"geometry":{"type":"Point","coordinates":[126.7217543555,37.7251920082]}},{"type":"Feature","properties":{"name":"문발초등학교","kind":"school","level":"elem","class_size":null},"geometry":{"type":"Point","coordinates":[126.706965377,37.7261672424]}},{"type":"Feature","properties":{"name":"덕인초등학교","kind":"school","level":"elem","class_size":null},"geometry":{"type":"Point","coordinates":[126.8242783512,37.3402179438]}},{"type":"Feature","properties":{"name":"포담초등학교","kind":"school","level":"elem","class_size":null},"geometry":{"type":"Point","coordinates":[127.2454502,38.00680902]}},{"type":"Feature","properties":{"name":"연풍초등학교","kind":"school","level":"elem","class_size":null},"geometry":{"type":"Point","coordinates":[126.8348598997,37.8310487828]}},{"type":"Feature","properties":{"name":"갈천초등학교","kind":"school","level":"elem","class_size":null},"geometry":{"type":"Point","coordinates":[126.9804858315,37.1272457586]}},{"type":"Feature","properties":{"name":"사창초등학교","kind":"school","level":"elem","class_size":null},"geometry":{"type":"Point","coordinates":[126.9730915191,37.092002731]}},{"type":"Feature","properties":{"name":"조종초등학교","kind":"school","level":"elem","class_size":null},"geometry":{"type":"Point","coordinates":[127.3489319508,37.8215151855]}},{"type":"Feature","properties":{"name":"대아초등학교","kind":"school","level":"elem","class_size":null},"geometry":{"type":"Point","coordinates":[127.4156006194,37.5278908155]}},{"type":"Feature","properties":{"name":"초지초등학교","kind":"school","level":"elem","class_size":null},"geometry":{"type":"Point","coordinates":[126.8142306717,37.3126799594]}},{"type":"Feature","properties":{"name":"가온초등학교","kind":"school","level":"elem","class_size":null},"geometry":{"type":"Point","coordinates":[126.7472801642,37.7206810336]}},{"type":"Feature","properties":{"name":"임진초등학교","kind":"school","level":"elem","class_size":null},"geometry":{"type":"Point","coordinates":[126.7846910333,37.8547748726]}},{"type":"Feature","properties":{"name":"문산동초등학교","kind":"school","level":"elem","class_size":null},"geometry":{"type":"Point","coordinates":[126.7981371728,37.8656302665]}},{"type":"Feature","properties":{"name":"남양초등학교","kind":"school","level":"elem","class_size":null},"geometry":{"type":"Point","coordinates":[126.8155733892,37.2103803544]}},{"type":"Feature","properties":{"name":"예솔초등학교","kind":"school","level":"elem","class_size":null},"geometry":{"type":"Point","coordinates":[127.1193973315,37.1965504438]}},{"type":"Feature","properties":{"name":"일죽초등학교","kind":"school","level":"elem","class_size":null},"geometry":{"type":"Point","coordinates":[127.4817140273,37.0916525839]}},{"type":"Feature","properties":{"name":"한여울초등학교","kind":"school","level":"elem","class_size":null},"geometry":{"type":"Point","coordinates":[126.8055266653,37.36552967]}},{"type":"Feature","properties":{"name":"평택이화초등학교","kind":"school","level":"elem","class_size":null},"geometry":{"type":"Point","coordinates":[127.1082236511,37.00356166]}},{"type":"Feature","properties":{"name":"구봉초등학교","kind":"school","level":"elem","class_size":null},"geometry":{"type":"Point","coordinates":[127.0448126474,37.2056599558]}},{"type":"Feature","properties":{"name":"배다리초등학교","kind":"school","level":"elem","class_size":null},"geometry":{"type":"Point","coordinates":[127.1216053,37.00488896]}},{"type":"Feature","properties":{"name":"가내초등학교","kind":"school","level":"elem","class_size":null},"geometry":{"type":"Point","coordinates":[127.1143615324,37.0066987329]}},{"type":"Feature","properties":{"name":"시흥가온초등학교","kind":"school","level":"elem","class_size":null},"geometry":{"type":"Point","coordinates":[126.7943755042,37.3736302056]}},{"type":"Feature","properties":{"name":"진말초등학교","kind":"school","level":"elem","class_size":null},"geometry":{"type":"Point","coordinates":[126.7881466068,37.380518771]}},{"type":"Feature","properties":{"name":"정현초등학교","kind":"school","level":"elem","class_size":null},"geometry":{"type":"Point","coordinates":[127.1132706,37.1714470507]}},{"type":"Feature","properties":{"name":"치동초등학교","kind":"school","level":"elem","class_size":null},"geometry":{"type":"Point","coordinates":[127.0915676445,37.2065528346]}},{"type":"Feature","properties":{"name":"신흥초등학교","kind":"school","level":"elem","class_size":null},"geometry":{"type":"Point","coordinates":[126.9266136365,37.3565021264]}},{"type":"Feature","properties":{"name":"서신초등학교","kind":"school","level":"elem","class_size":null},"geometry":{"type":"Point","coordinates":[126.7078399086,37.1701124868]}},{"type":"Feature","properties":{"name":"평택지산초등학교","kind":"school","level":"elem","class_size":null},"geometry":{"type":"Point","coordinates":[127.0620077393,37.0773069179]}},{"type":"Feature","properties":{"name":"오포초등학교","kind":"school","level":"elem","class_size":null},"geometry":{"type":"Point","coordinates":[127.215611315,37.3608924748]}},{"type":"Feature","properties":{"name":"용미초등학교","kind":"school","level":"elem","class_size":null},"geometry":{"type":"Point","coordinates":[126.8880587452,37.7434564339]}},{"type":"Feature","properties":{"name":"은계초등학교","kind":"school","level":"elem","class_size":null},"geometry":{"type":"Point","coordinates":[126.7978235105,37.447561882]}},{"type":"Feature","properties":{"name":"덕정초등학교","kind":"school","level":"elem","class_size":null},"geometry":{"type":"Point","coordinates":[127.0640354048,37.8467722134]}},{"type":"Feature","properties":{"name":"비전초등학교","kind":"school","level":"elem","class_size":null},"geometry":{"type":"Point","coordinates":[127.0907770538,37.0015900682]}},{"type":"Feature","properties":{"name":"서탄초등학교내수분교장","kind":"school","level":"elem","class_size":null},"geometry":{"type":"Point","coordinates":[127.0159418562,37.1193670321]}},{"type":"Feature","properties":{"name":"내리숲초등학교","kind":"school","level":"elem","class_size":null},"geometry":{"type":"Point","coordinates":[126.9237352071,37.2261717981]}},{"type":"Feature","properties":{"name":"대야초등학교","kind":"school","level":"elem","class_size":null},"geometry":{"type":"Point","coordinates":[126.7898206338,37.4468497266]}},{"type":"Feature","properties":{"name":"계수초등학교","kind":"school","level":"elem","class_size":null},"geometry":{"type":"Point","coordinates":[126.8205729094,37.4531710101]}},{"type":"Feature","properties":{"name":"연하초등학교","kind":"school","level":"elem","class_size":null},"geometry":{"type":"Point","coordinates":[127.3425054,37.8032602855]}},{"type":"Feature","properties":{"name":"평택모산초등학교","kind":"school","level":"elem","class_size":null},"geometry":{"type":"Point","coordinates":[127.0929779871,37.020635762]}},{"type":"Feature","properties":{"name":"영북초등학교","kind":"school","level":"elem","class_size":null},"geometry":{"type":"Point","coordinates":[127.2758791693,38.0898649224]}},{"type":"Feature","properties":{"name":"상패초등학교","kind":"school","level":"elem","class_size":null},"geometry":{"type":"Point","coordinates":[127.0264769254,37.8980279446]}},{"type":"Feature","properties":{"name":"옥빛초등학교","kind":"school","level":"elem","class_size":null},"geometry":{"type":"Point","coordinates":[127.0932334573,37.8145831209]}},{"type":"Feature","properties":{"name":"평택영신초등학교","kind":"school","level":"elem","class_size":null},"geometry":{"type":"Point","coordinates":[127.0852240729,37.017446713]}},{"type":"Feature","properties":{"name":"민세초등학교","kind":"school","level":"elem","class_size":null},"geometry":{"type":"Point","coordinates":[127.0400227,37.05536352]}},{"type":"Feature","properties":{"name":"종덕초등학교","kind":"school","level":"elem","class_size":null},"geometry":{"type":"Point","coordinates":[127.0462775,37.0529440581]}},{"type":"Feature","properties":{"name":"화성매송초등학교","kind":"school","level":"elem","class_size":null},"geometry":{"type":"Point","coordinates":[126.9282436209,37.249806407]}},{"type":"Feature","properties":{"name":"학동초등학교","kind":"school","level":"elem","class_size":null},"geometry":{"type":"Point","coordinates":[127.06605126,37.2052835601]}},{"type":"Feature","properties":{"name":"송일초등학교","kind":"school","level":"elem","class_size":null},"geometry":{"type":"Point","coordinates":[127.0595665815,37.0627646931]}},{"type":"Feature","properties":{"name":"고덕초등학교","kind":"school","level":"elem","class_size":null},"geometry":{"type":"Point","coordinates":[127.0288105,37.04111167]}},{"type":"Feature","properties":{"name":"별하람초등학교","kind":"school","level":"elem","class_size":null},"geometry":{"type":"Point","coordinates":[126.7585117,37.7417797955]}},{"type":"Feature","properties":{"name":"운정해오름초등학교","kind":"school","level":"elem","class_size":null},"geometry":{"type":"Point","coordinates":[126.7306484,37.74177037]}},{"type":"Feature","properties":{"name":"다율초등학교","kind":"school","level":"elem","class_size":null},"geometry":{"type":"Point","coordinates":[126.7269584336,37.73798274]}},{"type":"Feature","properties":{"name":"양평초등학교","kind":"school","level":"elem","class_size":null},"geometry":{"type":"Point","coordinates":[127.4861938313,37.4930235873]}},{"type":"Feature","properties":{"name":"탄벌초등학교","kind":"school","level":"elem","class_size":null},"geometry":{"type":"Point","coordinates":[127.2485144,37.4201827969]}},{"type":"Feature","properties":{"name":"경안초등학교","kind":"school","level":"elem","class_size":null},"geometry":{"type":"Point","coordinates":[127.2477647268,37.4115169617]}},{"type":"Feature","properties":{"name":"삼상초등학교","kind":"school","level":"elem","class_size":null},"geometry":{"type":"Point","coordinates":[126.9299517597,37.7003470824]}},{"type":"Feature","properties":{"name":"덕동초등학교","kind":"school","level":"elem","class_size":null},"geometry":{"type":"Point","coordinates":[127.1072893253,36.9976311741]}},{"type":"Feature","properties":{"name":"평일초등학교","kind":"school","level":"elem","class_size":null},"geometry":{"type":"Point","coordinates":[127.1070709309,36.9893752889]}},{"type":"Feature","properties":{"name":"안산창촌초등학교","kind":"school","level":"elem","class_size":null},"geometry":{"type":"Point","coordinates":[126.9047029119,37.307438766]}},{"type":"Feature","properties":{"name":"설봉초등학교","kind":"school","level":"elem","class_size":null},"geometry":{"type":"Point","coordinates":[127.4524982557,37.2847964179]}},{"type":"Feature","properties":{"name":"송곡초등학교","kind":"school","level":"elem","class_size":null},"geometry":{"type":"Point","coordinates":[127.4839208579,37.1524066938]}},{"type":"Feature","properties":{"name":"다온초등학교","kind":"school","level":"elem","class_size":null},"geometry":{"type":"Point","coordinates":[127.0908934751,37.15193283]}},{"type":"Feature","properties":{"name":"둔전초등학교","kind":"school","level":"elem","class_size":null},"geometry":{"type":"Point","coordinates":[126.924364705,37.3614822204]}},{"type":"Feature","properties":{"name":"은봉초등학교","kind":"school","level":"elem","class_size":null},"geometry":{"type":"Point","coordinates":[126.9831929122,37.7813541853]}},{"type":"Feature","properties":{"name":"군내초등학교","kind":"school","level":"elem","class_size":null},"geometry":{"type":"Point","coordinates":[126.7311336097,37.9056868374]}},{"type":"Feature","properties":{"name":"남면초등학교양덕분교장","kind":"school","level":"elem","class_size":null},"geometry":{"type":"Point","coordinates":[126.998413943,37.90862973]}},{"type":"Feature","properties":{"name":"조현초등학교","kind":"school","level":"elem","class_size":null},"geometry":{"type":"Point","coordinates":[127.6160007511,37.5227273106]}},{"type":"Feature","properties":{"name":"양수초등학교","kind":"school","level":"elem","class_size":null},"geometry":{"type":"Point","coordinates":[127.3256681197,37.5447343618]}},{"type":"Feature","properties":{"name":"안산대월초등학교","kind":"school","level":"elem","class_size":null},"geometry":{"type":"Point","coordinates":[126.7873807837,37.33582996]}},{"type":"Feature","properties":{"name":"화성신동초등학교","kind":"school","level":"elem","class_size":null},"geometry":{"type":"Point","coordinates":[127.1310568023,37.1749024449]}},{"type":"Feature","properties":{"name":"파양초등학교","kind":"school","level":"elem","class_size":null},"geometry":{"type":"Point","coordinates":[126.8367197262,37.8614639177]}},{"type":"Feature","properties":{"name":"포천노곡초등학교","kind":"school","level":"elem","class_size":null},"geometry":{"type":"Point","coordinates":[127.336172069,38.0079342677]}},{"type":"Feature","properties":{"name":"안흥초등학교","kind":"school","level":"elem","class_size":null},"geometry":{"type":"Point","coordinates":[127.4560778177,37.28024391]}},{"type":"Feature","properties":{"name":"안산광덕초등학교","kind":"school","level":"elem","class_size":null},"geometry":{"type":"Point","coordinates":[126.8437415311,37.3330667435]}},{"type":"Feature","properties":{"name":"의왕덕성초등학교","kind":"school","level":"elem","class_size":null},"geometry":{"type":"Point","coordinates":[126.9582085,37.3215827449]}},{"type":"Feature","properties":{"name":"능안초등학교","kind":"school","level":"elem","class_size":null},"geometry":{"type":"Point","coordinates":[126.7926212168,37.740361086]}},{"type":"Feature","properties":{"name":"수영초등학교","kind":"school","level":"elem","class_size":null},"geometry":{"type":"Point","coordinates":[126.9542830669,37.2361775879]}},{"type":"Feature","properties":{"name":"부곡중앙초등학교","kind":"school","level":"elem","class_size":null},"geometry":{"type":"Point","coordinates":[126.9411385602,37.3231446368]}},{"type":"Feature","properties":{"name":"신지초등학교","kind":"school","level":"elem","class_size":null},"geometry":{"type":"Point","coordinates":[126.990196214,37.7883114878]}},{"type":"Feature","properties":{"name":"도이초등학교","kind":"school","level":"elem","class_size":null},"geometry":{"type":"Point","coordinates":[126.9261309,37.1326332392]}},{"type":"Feature","properties":{"name":"의왕초등학교","kind":"school","level":"elem","class_size":null},"geometry":{"type":"Point","coordinates":[126.9681873,37.3637236823]}},{"type":"Feature","properties":{"name":"늘봄초등학교","kind":"school","level":"elem","class_size":null},"geometry":{"type":"Point","coordinates":[127.109810172,37.2173602821]}},{"type":"Feature","properties":{"name":"회천초등학교","kind":"school","level":"elem","class_size":null},"geometry":{"type":"Point","coordinates":[127.0696093718,37.8326555171]}},{"type":"Feature","properties":{"name":"효촌초등학교","kind":"school","level":"elem","class_size":null},"geometry":{"type":"Point","coordinates":[126.9632327,37.8579410178]}},{"type":"Feature","properties":{"name":"의왕부곡초등학교","kind":"school","level":"elem","class_size":null},"geometry":{"type":"Point","coordinates":[126.9494753061,37.3163074829]}},{"type":"Feature","properties":{"name":"안산화정초등학교","kind":"school","level":"elem","class_size":null},"geometry":{"type":"Point","coordinates":[126.8173868428,37.3459578736]}},{"type":"Feature","properties":{"name":"다원초등학교","kind":"school","level":"elem","class_size":null},"geometry":{"type":"Point","coordinates":[127.1109576875,37.21241845]}},{"type":"Feature","properties":{"name":"세정초등학교","kind":"school","level":"elem","class_size":null},"geometry":{"type":"Point","coordinates":[127.1260411123,37.1667882314]}},{"type":"Feature","properties":{"name":"안산호원초등학교","kind":"school","level":"elem","class_size":null},"geometry":{"type":"Point","coordinates":[126.8184887047,37.3026493153]}},{"type":"Feature","properties":{"name":"슬기초등학교","kind":"school","level":"elem","class_size":null},"geometry":{"type":"Point","coordinates":[126.8258511545,37.3055437797]}},{"type":"Feature","properties":{"name":"쌍동초등학교","kind":"school","level":"elem","class_size":null},"geometry":{"type":"Point","coordinates":[127.2896082,37.3772830665]}},{"type":"Feature","properties":{"name":"석우초등학교","kind":"school","level":"elem","class_size":null},"geometry":{"type":"Point","coordinates":[127.0681992291,37.2092786828]}},{"type":"Feature","properties":{"name":"갈담초등학교","kind":"school","level":"elem","class_size":null},"geometry":{"type":"Point","coordinates":[126.9329089715,37.1751400412]}},{"type":"Feature","properties":{"name":"고잔초등학교","kind":"school","level":"elem","class_size":null},"geometry":{"type":"Point","coordinates":[126.827359028,37.3250802996]}},{"type":"Feature","properties":{"name":"평택중앙초등학교","kind":"school","level":"elem","class_size":null},"geometry":{"type":"Point","coordinates":[127.0780535412,37.0022726756]}},{"type":"Feature","properties":{"name":"지제초등학교","kind":"school","level":"elem","class_size":null},"geometry":{"type":"Point","coordinates":[127.0781525,37.0234962]}},{"type":"Feature","properties":{"name":"안화초등학교","kind":"school","level":"elem","class_size":null},"geometry":{"type":"Point","coordinates":[127.0473692029,37.2128499743]}},{"type":"Feature","properties":{"name":"장파초등학교","kind":"school","level":"elem","class_size":null},"geometry":{"type":"Point","coordinates":[126.837545,37.9413672969]}},{"type":"Feature","properties":{"name":"문산초등학교","kind":"school","level":"elem","class_size":null},"geometry":{"type":"Point","coordinates":[126.7831685,37.86078522]}},{"type":"Feature","properties":{"name":"정왕초등학교","kind":"school","level":"elem","class_size":null},"geometry":{"type":"Point","coordinates":[126.7432270188,37.340972086]}},{"type":"Feature","properties":{"name":"시화초등학교","kind":"school","level":"elem","class_size":null},"geometry":{"type":"Point","coordinates":[126.7514775105,37.339295051]}},{"type":"Feature","properties":{"name":"시흥장현초등학교","kind":"school","level":"elem","class_size":null},"geometry":{"type":"Point","coordinates":[126.7991022105,37.3817577838]}},{"type":"Feature","properties":{"name":"검바위초등학교","kind":"school","level":"elem","class_size":null},"geometry":{"type":"Point","coordinates":[126.7990039976,37.43267508]}},{"type":"Feature","properties":{"name":"은빛초등학교","kind":"school","level":"elem","class_size":null},"geometry":{"type":"Point","coordinates":[126.8051823627,37.43426275]}},{"type":"Feature","properties":{"name":"푸른샘초등학교","kind":"school","level":"elem","class_size":null},"geometry":{"type":"Point","coordinates":[127.050924101,37.8146612286]}},{"type":"Feature","properties":{"name":"율빛초등학교","kind":"school","level":"elem","class_size":null},"geometry":{"type":"Point","coordinates":[127.1023597757,37.8142649841]}},{"type":"Feature","properties":{"name":"북내초등학교","kind":"school","level":"elem","class_size":null},"geometry":{"type":"Point","coordinates":[127.68061224,37.3294170366]}},{"type":"Feature","properties":{"name":"옥정호수초등학교","kind":"school","level":"elem","class_size":null},"geometry":{"type":"Point","coordinates":[127.0999516,37.82329418]}},{"type":"Feature","properties":{"name":"율정초등학교","kind":"school","level":"elem","class_size":null},"geometry":{"type":"Point","coordinates":[127.0960906,37.8280660964]}},{"type":"Feature","properties":{"name":"회암초등학교","kind":"school","level":"elem","class_size":null},"geometry":{"type":"Point","coordinates":[127.0869549,37.8350351489]}},{"type":"Feature","properties":{"name":"천보초등학교(폐교)","kind":"school","level":"elem","class_size":null},"geometry":{"type":"Point","coordinates":[127.0874629579,37.8275657314]}},{"type":"Feature","properties":{"name":"마정초등학교","kind":"school","level":"elem","class_size":null},"geometry":{"type":"Point","coordinates":[126.7600993542,37.8922579974]}},{"type":"Feature","properties":{"name":"관인초등학교","kind":"school","level":"elem","class_size":null},"geometry":{"type":"Point","coordinates":[127.2497002093,38.1560660065]}},{"type":"Feature","properties":{"name":"검산초등학교","kind":"school","level":"elem","class_size":null},"geometry":{"type":"Point","coordinates":[126.7386513948,37.7764121773]}},{"type":"Feature","properties":{"name":"세아초등학교","kind":"school","level":"elem","class_size":null},"geometry":{"type":"Point","coordinates":[127.0883054235,37.00836879]}},{"type":"Feature","properties":{"name":"왕방초등학교","kind":"school","level":"elem","class_size":null},"geometry":{"type":"Point","coordinates":[127.2016643816,37.9042268]}},{"type":"Feature","properties":{"name":"청성초등학교","kind":"school","level":"elem","class_size":null},"geometry":{"type":"Point","coordinates":[127.2233735,37.87467899]}},{"type":"Feature","properties":{"name":"유암초등학교","kind":"school","level":"elem","class_size":null},"geometry":{"type":"Point","coordinates":[127.1922366467,37.8682430004]}},{"type":"Feature","properties":{"name":"양주덕산초등학교","kind":"school","level":"elem","class_size":null},"geometry":{"type":"Point","coordinates":[127.0477299768,37.8181932752]}},{"type":"Feature","properties":{"name":"갈현초등학교","kind":"school","level":"elem","class_size":null},"geometry":{"type":"Point","coordinates":[126.7168234919,37.7720676717]}},{"type":"Feature","properties":{"name":"신북초등학교","kind":"school","level":"elem","class_size":null},"geometry":{"type":"Point","coordinates":[127.2194084265,37.93839548]}},{"type":"Feature","properties":{"name":"포천초등학교","kind":"school","level":"elem","class_size":null},"geometry":{"type":"Point","coordinates":[127.1984742952,37.8964843422]}},{"type":"Feature","properties":{"name":"진위초등학교산대분교장","kind":"school","level":"elem","class_size":null},"geometry":{"type":"Point","coordinates":[127.1211640671,37.08401577]}},{"type":"Feature","properties":{"name":"원곡초등학교","kind":"school","level":"elem","class_size":null},"geometry":{"type":"Point","coordinates":[127.1277389844,37.0418404708]}},{"type":"Feature","properties":{"name":"대남초등학교","kind":"school","level":"elem","class_size":null},"geometry":{"type":"Point","coordinates":[126.5753820055,37.2195971271]}},{"type":"Feature","properties":{"name":"경일초등학교","kind":"school","level":"elem","class_size":null},"geometry":{"type":"Point","coordinates":[126.8476819,37.3242114536]}},{"type":"Feature","properties":{"name":"번천초등학교","kind":"school","level":"elem","class_size":null},"geometry":{"type":"Point","coordinates":[127.2669502323,37.4451531392]}},{"type":"Feature","properties":{"name":"양벌초등학교","kind":"school","level":"elem","class_size":null},"geometry":{"type":"Point","coordinates":[127.2561851407,37.3794627836]}},{"type":"Feature","properties":{"name":"한내초등학교","kind":"school","level":"elem","class_size":null},"geometry":{"type":"Point","coordinates":[127.4615027238,37.2904103051]}},{"type":"Feature","properties":{"name":"표교초등학교","kind":"school","level":"elem","class_size":null},"geometry":{"type":"Point","coordinates":[127.4058980796,37.2567391127]}},{"type":"Feature","properties":{"name":"호법초등학교","kind":"school","level":"elem","class_size":null},"geometry":{"type":"Point","coordinates":[127.4264713305,37.2245282676]}},{"type":"Feature","properties":{"name":"광지원초등학교","kind":"school","level":"elem","class_size":null},"geometry":{"type":"Point","coordinates":[127.2517339712,37.4638963768]}},{"type":"Feature","properties":{"name":"장호원초등학교","kind":"school","level":"elem","class_size":null},"geometry":{"type":"Point","coordinates":[127.628130852,37.1155842692]}},{"type":"Feature","properties":{"name":"남한산초등학교","kind":"school","level":"elem","class_size":null},"geometry":{"type":"Point","coordinates":[127.186078296,37.47862091]}},{"type":"Feature","properties":{"name":"마도초등학교","kind":"school","level":"elem","class_size":null},"geometry":{"type":"Point","coordinates":[126.772662698,37.2041842272]}},{"type":"Feature","properties":{"name":"궁내초등학교","kind":"school","level":"elem","class_size":null},"geometry":{"type":"Point","coordinates":[126.9201699912,37.3646109825]}},{"type":"Feature","properties":{"name":"동학초등학교","kind":"school","level":"elem","class_size":null},"geometry":{"type":"Point","coordinates":[127.0594727,37.2330825291]}},{"type":"Feature","properties":{"name":"우정초등학교","kind":"school","level":"elem","class_size":null},"geometry":{"type":"Point","coordinates":[126.8003518087,37.0815177124]}},{"type":"Feature","properties":{"name":"양동초등학교고송분교장","kind":"school","level":"elem","class_size":null},"geometry":{"type":"Point","coordinates":[127.700522146,37.4864109588]}},{"type":"Feature","properties":{"name":"한빛초등학교","kind":"school","level":"elem","class_size":null},"geometry":{"type":"Point","coordinates":[126.7510295817,37.7148634252]}},{"type":"Feature","properties":{"name":"도장초등학교","kind":"school","level":"elem","class_size":null},"geometry":{"type":"Point","coordinates":[126.9236157642,37.34862294]}},{"type":"Feature","properties":{"name":"도일초등학교","kind":"school","level":"elem","class_size":null},"geometry":{"type":"Point","coordinates":[126.7819203,37.3491273054]}},{"type":"Feature","properties":{"name":"송추초등학교","kind":"school","level":"elem","class_size":null},"geometry":{"type":"Point","coordinates":[126.9704421674,37.716203851]}},{"type":"Feature","properties":{"name":"와우초등학교","kind":"school","level":"elem","class_size":null},"geometry":{"type":"Point","coordinates":[126.9719098014,37.2201043366]}},{"type":"Feature","properties":{"name":"기안초등학교","kind":"school","level":"elem","class_size":null},"geometry":{"type":"Point","coordinates":[126.9821274,37.2253627681]}},{"type":"Feature","properties":{"name":"광성초등학교","kind":"school","level":"elem","class_size":null},"geometry":{"type":"Point","coordinates":[127.0397103221,37.1841454497]}},{"type":"Feature","properties":{"name":"광주매곡초등학교","kind":"school","level":"elem","class_size":null},"geometry":{"type":"Point","coordinates":[127.248614302,37.3722120127]}},{"type":"Feature","properties":{"name":"가납초등학교","kind":"school","level":"elem","class_size":null},"geometry":{"type":"Point","coordinates":[126.9824245854,37.819398646]}},{"type":"Feature","properties":{"name":"해창초등학교","kind":"school","level":"elem","class_size":null},"geometry":{"type":"Point","coordinates":[127.0238664,37.03550398]}},{"type":"Feature","properties":{"name":"현민초등학교","kind":"school","level":"elem","class_size":null},"geometry":{"type":"Point","coordinates":[127.1299753,37.18273595]}},{"type":"Feature","properties":{"name":"고덕함박초등학교","kind":"school","level":"elem","class_size":null},"geometry":{"type":"Point","coordinates":[127.0320831,37.0328030157]}},{"type":"Feature","properties":{"name":"송삼초등학교","kind":"school","level":"elem","class_size":null},"geometry":{"type":"Point","coordinates":[127.633959682,37.1764653339]}},{"type":"Feature","properties":{"name":"이호초등학교","kind":"school","level":"elem","class_size":null},"geometry":{"type":"Point","coordinates":[126.8609671648,37.2869982553]}},{"type":"Feature","properties":{"name":"선부초등학교","kind":"school","level":"elem","class_size":null},"geometry":{"type":"Point","coordinates":[126.8140940799,37.338227773]}},{"type":"Feature","properties":{"name":"율포초등학교","kind":"school","level":"elem","class_size":null},"geometry":{"type":"Point","coordinates":[127.0433696895,37.0425410774]}},{"type":"Feature","properties":{"name":"효덕초등학교","kind":"school","level":"elem","class_size":null},"geometry":{"type":"Point","coordinates":[127.0355925648,37.01670942]}},{"type":"Feature","properties":{"name":"화성화수초등학교","kind":"school","level":"elem","class_size":null},"geometry":{"type":"Point","coordinates":[126.7970297233,37.1091357939]}},{"type":"Feature","properties":{"name":"화성월문초등학교","kind":"school","level":"elem","class_size":null},"geometry":{"type":"Point","coordinates":[126.8726984,37.1188844181]}},{"type":"Feature","properties":{"name":"안산진흥초등학교","kind":"school","level":"elem","class_size":null},"geometry":{"type":"Point","coordinates":[126.8223093402,37.3124810731]}},{"type":"Feature","properties":{"name":"배곧한울초등학교","kind":"school","level":"elem","class_size":null},"geometry":{"type":"Point","coordinates":[126.7126505958,37.3601244404]}},{"type":"Feature","properties":{"name":"광주푸른초등학교","kind":"school","level":"elem","class_size":null},"geometry":{"type":"Point","coordinates":[127.2711875906,37.3992457707]}},{"type":"Feature","properties":{"name":"이담초등학교","kind":"school","level":"elem","class_size":null},"geometry":{"type":"Point","coordinates":[127.0508239187,37.8896634986]}},{"type":"Feature","properties":{"name":"시랑초등학교","kind":"school","level":"elem","class_size":null},"geometry":{"type":"Point","coordinates":[126.856138141,37.3363662721]}},{"type":"Feature","properties":{"name":"정재초등학교","kind":"school","level":"elem","class_size":null},"geometry":{"type":"Point","coordinates":[126.8648857151,37.3384860773]}},{"type":"Feature","properties":{"name":"세미초등학교","kind":"school","level":"elem","class_size":null},"geometry":{"type":"Point","coordinates":[127.0643873087,37.174482509]}},{"type":"Feature","properties":{"name":"동탄초등학교","kind":"school","level":"elem","class_size":null},"geometry":{"type":"Point","coordinates":[127.091150727,37.1890347237]}},{"type":"Feature","properties":{"name":"원정초등학교","kind":"school","level":"elem","class_size":null},"geometry":{"type":"Point","coordinates":[126.8416452,36.99402826]}},{"type":"Feature","properties":{"name":"신길초등학교","kind":"school","level":"elem","class_size":null},"geometry":{"type":"Point","coordinates":[126.7803183508,37.335748633]}},{"type":"Feature","properties":{"name":"푸른초등학교","kind":"school","level":"elem","class_size":null},"geometry":{"type":"Point","coordinates":[127.0552901,37.2023895766]}},{"type":"Feature","properties":{"name":"점동초등학교","kind":"school","level":"elem","class_size":null},"geometry":{"type":"Point","coordinates":[127.6630000984,37.2042595]}},{"type":"Feature","properties":{"name":"동패초등학교","kind":"school","level":"elem","class_size":null},"geometry":{"type":"Point","coordinates":[126.7344903289,37.7124276033]}},{"type":"Feature","properties":{"name":"반월초등학교","kind":"school","level":"elem","class_size":null},"geometry":{"type":"Point","coordinates":[126.9006093893,37.3052034443]}},{"type":"Feature","properties":{"name":"이천초등학교","kind":"school","level":"elem","class_size":null},"geometry":{"type":"Point","coordinates":[127.4422894718,37.2840102891]}},{"type":"Feature","properties":{"name":"이황초등학교","kind":"school","level":"elem","class_size":null},"geometry":{"type":"Point","coordinates":[127.5877241085,37.1456101602]}},{"type":"Feature","properties":{"name":"본원초등학교","kind":"school","level":"elem","class_size":null},"geometry":{"type":"Point","coordinates":[126.8624696651,37.2904938744]}},{"type":"Feature","properties":{"name":"덕성초등학교","kind":"school","level":"elem","class_size":null},"geometry":{"type":"Point","coordinates":[126.8367646856,37.3270278036]}},{"type":"Feature","properties":{"name":"정지초등학교","kind":"school","level":"elem","class_size":null},"geometry":{"type":"Point","coordinates":[126.8112704616,37.3415998195]}},{"type":"Feature","properties":{"name":"안산초등학교","kind":"school","level":"elem","class_size":null},"geometry":{"type":"Point","coordinates":[126.8781241066,37.3649596901]}},{"type":"Feature","properties":{"name":"율길초등학교","kind":"school","level":"elem","class_size":null},"geometry":{"type":"Point","coordinates":[127.2885687677,37.8379018113]}},{"type":"Feature","properties":{"name":"안산석수초등학교","kind":"school","level":"elem","class_size":null},"geometry":{"type":"Point","coordinates":[126.805962564,37.3448172762]}},{"type":"Feature","properties":{"name":"상수초등학교","kind":"school","level":"elem","class_size":null},"geometry":{"type":"Point","coordinates":[126.9879690698,37.8692226959]}},{"type":"Feature","properties":{"name":"흥진초등학교","kind":"school","level":"elem","class_size":null},"geometry":{"type":"Point","coordinates":[126.9281596997,37.3538664871]}},{"type":"Feature","properties":{"name":"오금초등학교","kind":"school","level":"elem","class_size":null},"geometry":{"type":"Point","coordinates":[126.9259127,37.3479959357]}},{"type":"Feature","properties":{"name":"동탄중앙초등학교","kind":"school","level":"elem","class_size":null},"geometry":{"type":"Point","coordinates":[127.1112669318,37.1992840405]}},{"type":"Feature","properties":{"name":"오학초등학교","kind":"school","level":"elem","class_size":null},"geometry":{"type":"Point","coordinates":[127.6478987009,37.31241232]}},{"type":"Feature","properties":{"name":"초롱초등학교","kind":"school","level":"elem","class_size":null},"geometry":{"type":"Point","coordinates":[126.71988661,37.7099875043]}},{"type":"Feature","properties":{"name":"두일초등학교","kind":"school","level":"elem","class_size":null},"geometry":{"type":"Point","coordinates":[126.7136092083,37.7201011272]}},{"type":"Feature","properties":{"name":"숲노을초등학교","kind":"school","level":"elem","class_size":null},"geometry":{"type":"Point","coordinates":[126.7110615,37.71272985]}},{"type":"Feature","properties":{"name":"운정중앙초등학교","kind":"school","level":"elem","class_size":null},"geometry":{"type":"Point","coordinates":[126.7273512,37.72139193]}},{"type":"Feature","properties":{"name":"물향기초등학교","kind":"school","level":"elem","class_size":null},"geometry":{"type":"Point","coordinates":[126.7255462,37.71118163]}},{"type":"Feature","properties":{"name":"비봉초등학교","kind":"school","level":"elem","class_size":null},"geometry":{"type":"Point","coordinates":[126.8690057394,37.237012487]}},{"type":"Feature","properties":{"name":"청연초등학교","kind":"school","level":"elem","class_size":null},"geometry":{"type":"Point","coordinates":[126.8673577,37.2464369619]}},{"type":"Feature","properties":{"name":"보산초등학교","kind":"school","level":"elem","class_size":null},"geometry":{"type":"Point","coordinates":[127.0638417656,37.9149432431]}},{"type":"Feature","properties":{"name":"동두천초등학교","kind":"school","level":"elem","class_size":null},"geometry":{"type":"Point","coordinates":[127.059882809,37.9084030368]}},{"type":"Feature","properties":{"name":"평택화양초등학교","kind":"school","level":"elem","class_size":null},"geometry":{"type":"Point","coordinates":[126.9048335931,36.98489032]}},{"type":"Feature","properties":{"name":"평택연화초등학교","kind":"school","level":"elem","class_size":null},"geometry":{"type":"Point","coordinates":[126.8990058087,36.980857274]}},{"type":"Feature","properties":{"name":"내기초등학교","kind":"school","level":"elem","class_size":null},"geometry":{"type":"Point","coordinates":[126.8724451317,36.9796482977]}},{"type":"Feature","properties":{"name":"현덕초등학교","kind":"school","level":"elem","class_size":null},"geometry":{"type":"Point","coordinates":[126.9219430538,36.9652549451]}},{"type":"Feature","properties":{"name":"평택청아초등학교","kind":"school","level":"elem","class_size":null},"geometry":{"type":"Point","coordinates":[126.9157083,37.0233001861]}},{"type":"Feature","properties":{"name":"지장초등학교","kind":"school","level":"elem","class_size":null},"geometry":{"type":"Point","coordinates":[127.0575781753,37.0680549]}},{"type":"Feature","properties":{"name":"송현초등학교","kind":"school","level":"elem","class_size":null},"geometry":{"type":"Point","coordinates":[127.0671042018,37.0725218909]}},{"type":"Feature","properties":{"name":"고산별빛초등학교","kind":"school","level":"elem","class_size":null},"geometry":{"type":"Point","coordinates":[127.2228582508,37.3718338149]}},{"type":"Feature","properties":{"name":"벌원초등학교","kind":"school","level":"elem","class_size":null},"geometry":{"type":"Point","coordinates":[127.2368413283,37.4094458337]}},{"type":"Feature","properties":{"name":"마지초등학교","kind":"school","level":"elem","class_size":null},"geometry":{"type":"Point","coordinates":[126.9197386051,37.9520923503]}},{"type":"Feature","properties":{"name":"적서초등학교","kind":"school","level":"elem","class_size":null},"geometry":{"type":"Point","coordinates":[126.8969826549,37.9510436845]}},{"type":"Feature","properties":{"name":"남면초등학교","kind":"school","level":"elem","class_size":null},"geometry":{"type":"Point","coordinates":[126.9757577675,37.8938659679]}},{"type":"Feature","properties":{"name":"통일초등학교","kind":"school","level":"elem","class_size":null},"geometry":{"type":"Point","coordinates":[126.7036459971,37.7748791529]}},{"type":"Feature","properties":{"name":"덕암초등학교","kind":"school","level":"elem","class_size":null},"geometry":{"type":"Point","coordinates":[126.8194822031,37.7653318661]}},{"type":"Feature","properties":{"name":"신산초등학교","kind":"school","level":"elem","class_size":null},"geometry":{"type":"Point","coordinates":[126.8523159135,37.7806021588]}},{"type":"Feature","properties":{"name":"송북초등학교","kind":"school","level":"elem","class_size":null},"geometry":{"type":"Point","coordinates":[127.0666323576,37.0804934778]}},{"type":"Feature","properties":{"name":"백운초등학교","kind":"school","level":"elem","class_size":null},"geometry":{"type":"Point","coordinates":[126.9748192346,37.3856977861]}},{"type":"Feature","properties":{"name":"장곡초등학교","kind":"school","level":"elem","class_size":null},"geometry":{"type":"Point","coordinates":[126.7819635991,37.3814008973]}},{"type":"Feature","properties":{"name":"당정초등학교","kind":"school","level":"elem","class_size":null},"geometry":{"type":"Point","coordinates":[126.9547784,37.3465710448]}},{"type":"Feature","properties":{"name":"군서초등학교","kind":"school","level":"elem","class_size":null},"geometry":{"type":"Point","coordinates":[126.7518121914,37.3473613941]}},{"type":"Feature","properties":{"name":"함현초등학교","kind":"school","level":"elem","class_size":null},"geometry":{"type":"Point","coordinates":[126.7377918342,37.3653011132]}},{"type":"Feature","properties":{"name":"파평초등학교","kind":"school","level":"elem","class_size":null},"geometry":{"type":"Point","coordinates":[126.8380522732,37.9036099694]}},{"type":"Feature","properties":{"name":"파주초등학교","kind":"school","level":"elem","class_size":null},"geometry":{"type":"Point","coordinates":[126.8159557693,37.8321476736]}},{"type":"Feature","properties":{"name":"탄현초등학교","kind":"school","level":"elem","class_size":null},"geometry":{"type":"Point","coordinates":[126.7174121245,37.8032787661]}},{"type":"Feature","properties":{"name":"시흥신일초등학교","kind":"school","level":"elem","class_size":null},"geometry":{"type":"Point","coordinates":[126.7915178986,37.433090739]}},{"type":"Feature","properties":{"name":"동화초등학교","kind":"school","level":"elem","class_size":null},"geometry":{"type":"Point","coordinates":[126.9613627984,37.2153201284]}},{"type":"Feature","properties":{"name":"상봉초등학교","kind":"school","level":"elem","class_size":null},"geometry":{"type":"Point","coordinates":[126.9549420002,37.2181694107]}},{"type":"Feature","properties":{"name":"용연초등학교","kind":"school","level":"elem","class_size":null},"geometry":{"type":"Point","coordinates":[126.8575502231,37.928945966]}},{"type":"Feature","properties":{"name":"월롱초등학교","kind":"school","level":"elem","class_size":null},"geometry":{"type":"Point","coordinates":[126.7803230359,37.8008958664]}},{"type":"Feature","properties":{"name":"문시초등학교","kind":"school","level":"elem","class_size":null},"geometry":{"type":"Point","coordinates":[127.0452767222,37.1742810457]}},{"type":"Feature","properties":{"name":"세담초등학교","kind":"school","level":"elem","class_size":null},"geometry":{"type":"Point","coordinates":[127.0490836407,37.1646623445]}},{"type":"Feature","properties":{"name":"청미르초등학교","kind":"school","level":"elem","class_size":null},"geometry":{"type":"Point","coordinates":[126.7247089164,37.7307731295]}},{"type":"Feature","properties":{"name":"영도초등학교","kind":"school","level":"elem","class_size":null},"geometry":{"type":"Point","coordinates":[126.8037360772,37.7874799218]}},{"type":"Feature","properties":{"name":"금화초등학교","kind":"school","level":"elem","class_size":null},"geometry":{"type":"Point","coordinates":[126.7676540011,37.755041442]}},{"type":"Feature","properties":{"name":"고산하늘초등학교","kind":"school","level":"elem","class_size":null},"geometry":{"type":"Point","coordinates":[127.2293656,37.37404599]}},{"type":"Feature","properties":{"name":"새동초등학교","kind":"school","level":"elem","class_size":null},"geometry":{"type":"Point","coordinates":[126.8361184,37.2076190046]}},{"type":"Feature","properties":{"name":"배양초등학교","kind":"school","level":"elem","class_size":null},"geometry":{"type":"Point","coordinates":[126.9887553401,37.2188553064]}},{"type":"Feature","properties":{"name":"효행초등학교","kind":"school","level":"elem","class_size":null},"geometry":{"type":"Point","coordinates":[126.9682075,37.2159652638]}},{"type":"Feature","properties":{"name":"하길초등학교","kind":"school","level":"elem","class_size":null},"geometry":{"type":"Point","coordinates":[126.9040759172,37.1156064623]}},{"type":"Feature","properties":{"name":"상신초등학교","kind":"school","level":"elem","class_size":null},"geometry":{"type":"Point","coordinates":[126.8983829,37.0990907756]}},{"type":"Feature","properties":{"name":"서봉초등학교","kind":"school","level":"elem","class_size":null},"geometry":{"type":"Point","coordinates":[126.9071893073,37.1108896798]}},{"type":"Feature","properties":{"name":"한율초등학교","kind":"school","level":"elem","class_size":null},"geometry":{"type":"Point","coordinates":[127.1226079341,37.1864156146]}},{"type":"Feature","properties":{"name":"동탄목동초등학교","kind":"school","level":"elem","class_size":null},"geometry":{"type":"Point","coordinates":[127.1243164152,37.1893896142]}},{"type":"Feature","properties":{"name":"증포초등학교","kind":"school","level":"elem","class_size":null},"geometry":{"type":"Point","coordinates":[127.4571370365,37.2941985083]}},{"type":"Feature","properties":{"name":"가수초등학교","kind":"school","level":"elem","class_size":null},"geometry":{"type":"Point","coordinates":[127.0479561077,37.1481039032]}},{"type":"Feature","properties":{"name":"마루초등학교","kind":"school","level":"elem","class_size":null},"geometry":{"type":"Point","coordinates":[127.0460022271,37.1374284739]}},{"type":"Feature","properties":{"name":"이천남초등학교","kind":"school","level":"elem","class_size":null},"geometry":{"type":"Point","coordinates":[127.4436576232,37.2769754045]}},{"type":"Feature","properties":{"name":"이천중리초등학교","kind":"school","level":"elem","class_size":null},"geometry":{"type":"Point","coordinates":[127.439614,37.27153565]}},{"type":"Feature","properties":{"name":"화성바른초등학교","kind":"school","level":"elem","class_size":null},"geometry":{"type":"Point","coordinates":[127.1391223,37.18200072]}},{"type":"Feature","properties":{"name":"가재초등학교","kind":"school","level":"elem","class_size":null},"geometry":{"type":"Point","coordinates":[127.0775269589,37.0434299575]}},{"type":"Feature","properties":{"name":"장당초등학교","kind":"school","level":"elem","class_size":null},"geometry":{"type":"Point","coordinates":[127.0576496248,37.0501150163]}},{"type":"Feature","properties":{"name":"송탄초등학교","kind":"school","level":"elem","class_size":null},"geometry":{"type":"Point","coordinates":[127.0870903754,37.04228758]}},{"type":"Feature","properties":{"name":"미원초등학교","kind":"school","level":"elem","class_size":null},"geometry":{"type":"Point","coordinates":[127.4907357579,37.6795250631]}},{"type":"Feature","properties":{"name":"수입초등학교","kind":"school","level":"elem","class_size":null},"geometry":{"type":"Point","coordinates":[127.3757399755,37.644531288]}},{"type":"Feature","properties":{"name":"미원초등학교장락분교장","kind":"school","level":"elem","class_size":null},"geometry":{"type":"Point","coordinates":[127.5401556573,37.7038893321]}},{"type":"Feature","properties":{"name":"목동초등학교","kind":"school","level":"elem","class_size":null},"geometry":{"type":"Point","coordinates":[127.5481206775,37.8793460474]}},{"type":"Feature","properties":{"name":"왕곡초등학교","kind":"school","level":"elem","class_size":null},"geometry":{"type":"Point","coordinates":[126.9804911962,37.3451801388]}},{"type":"Feature","properties":{"name":"의왕푸른초등학교","kind":"school","level":"elem","class_size":null},"geometry":{"type":"Point","coordinates":[126.9698404127,37.3462939301]}},{"type":"Feature","properties":{"name":"고천초등학교","kind":"school","level":"elem","class_size":null},"geometry":{"type":"Point","coordinates":[126.9756356533,37.348967797]}},{"type":"Feature","properties":{"name":"내동초등학교","kind":"school","level":"elem","class_size":null},"geometry":{"type":"Point","coordinates":[126.9797574341,37.3895943987]}},{"type":"Feature","properties":{"name":"내손초등학교","kind":"school","level":"elem","class_size":null},"geometry":{"type":"Point","coordinates":[126.9819813034,37.3888489817]}},{"type":"Feature","properties":{"name":"가람중학교","kind":"school","level":"middle","class_size":22.5,"coedu":"남여공학"},"geometry":{"type":"Point","coordinates":[126.841207087385,37.6236599713119]}},{"type":"Feature","properties":{"name":"가림중학교","kind":"school","level":"middle","class_size":25.7,"coedu":"남여공학"},"geometry":{"type":"Point","coordinates":[126.879597758846,37.4576056111337]}},{"type":"Feature","properties":{"name":"가운중학교","kind":"school","level":"middle","class_size":16.5,"coedu":"남여공학"},"geometry":{"type":"Point","coordinates":[127.156612293725,37.5994425210713]}},{"type":"Feature","properties":{"name":"갈매중학교","kind":"school","level":"middle","class_size":28.1,"coedu":"남여공학"},"geometry":{"type":"Point","coordinates":[127.119780908868,37.6309344530509]}},{"type":"Feature","properties":{"name":"감일백제중학교","kind":"school","level":"middle","class_size":25.8,"coedu":"남여공학"},"geometry":{"type":"Point","coordinates":[127.1511975823,37.5099677912517]}},{"type":"Feature","properties":{"name":"감일중학교","kind":"school","level":"middle","class_size":25.7,"coedu":"남여공학"},"geometry":{"type":"Point","coordinates":[127.162340743676,37.5011877618112]}},{"type":"Feature","properties":{"name":"감정중학교","kind":"school","level":"middle","class_size":29.4,"coedu":"남여공학"},"geometry":{"type":"Point","coordinates":[126.700900414782,37.6211074406943]}},{"type":"Feature","properties":{"name":"경기체육중학교","kind":"school","level":"middle","class_size":null,"coedu":"남여공학"},"geometry":{"type":"Point","coordinates":[126.978691806414,37.3040138873756]}},{"type":"Feature","properties":{"name":"경민여자중학교","kind":"school","level":"middle","class_size":26.0,"coedu":"여"},"geometry":{"type":"Point","coordinates":[127.025131506194,37.746124313263]}},{"type":"Feature","properties":{"name":"경민중학교","kind":"school","level":"middle","class_size":25.1,"coedu":"남"},"geometry":{"type":"Point","coordinates":[127.025131506194,37.746124313263]}},{"type":"Feature","properties":{"name":"계남중학교","kind":"school","level":"middle","class_size":null,"coedu":"남여공학"},"geometry":{"type":"Point","coordinates":[126.774011831612,37.4974396670312]}},{"type":"Feature","properties":{"name":"고림중학교","kind":"school","level":"middle","class_size":25.5,"coedu":"남여공학"},"geometry":{"type":"Point","coordinates":[127.218428704846,37.2404613624969]}},{"type":"Feature","properties":{"name":"고색중학교","kind":"school","level":"middle","class_size":null,"coedu":"남여공학"},"geometry":{"type":"Point","coordinates":[126.981319206709,37.2536010587664]}},{"type":"Feature","properties":{"name":"고양송산중학교","kind":"school","level":"middle","class_size":25.2,"coedu":"남여공학"},"geometry":{"type":"Point","coordinates":[126.721753039296,37.6878699685317]}},{"type":"Feature","properties":{"name":"고양제일중학교","kind":"school","level":"middle","class_size":25.1,"coedu":"남여공학"},"geometry":{"type":"Point","coordinates":[126.859278712864,37.6905275269194]}},{"type":"Feature","properties":{"name":"고양중학교","kind":"school","level":"middle","class_size":25.6,"coedu":"남여공학"},"geometry":{"type":"Point","coordinates":[126.884581142849,37.649668189667]}},{"type":"Feature","properties":{"name":"고진중학교","kind":"school","level":"middle","class_size":26.8,"coedu":"남여공학"},"geometry":{"type":"Point","coordinates":[127.217919511141,37.2480116028581]}},{"type":"Feature","properties":{"name":"고창중학교","kind":"school","level":"middle","class_size":34.9,"coedu":"남여공학"},"geometry":{"type":"Point","coordinates":[126.670397051625,37.6418372470814]}},{"type":"Feature","properties":{"name":"고촌중학교","kind":"school","level":"middle","class_size":34.0,"coedu":"남여공학"},"geometry":{"type":"Point","coordinates":[126.767868141677,37.608463181152]}},{"type":"Feature","properties":{"name":"곡반중학교","kind":"school","level":"middle","class_size":null,"coedu":"남여공학"},"geometry":{"type":"Point","coordinates":[127.03305704134,37.2443514000388]}},{"type":"Feature","properties":{"name":"곡선중학교","kind":"school","level":"middle","class_size":null,"coedu":"남여공학"},"geometry":{"type":"Point","coordinates":[127.023471127631,37.2545237758644]}},{"type":"Feature","properties":{"name":"과천문원중학교","kind":"school","level":"middle","class_size":29.3,"coedu":"남여공학"},"geometry":{"type":"Point","coordinates":[126.995294167844,37.4233994403683]}},{"type":"Feature","properties":{"name":"과천율목중학교","kind":"school","level":"middle","class_size":27.6,"coedu":"남여공학"},"geometry":{"type":"Point","coordinates":[126.982604147991,37.4075705933742]}},{"type":"Feature","properties":{"name":"과천중학교","kind":"school","level":"middle","class_size":27.3,"coedu":"남여공학"},"geometry":{"type":"Point","coordinates":[126.989343437773,37.433203831494]}},{"type":"Feature","properties":{"name":"관양중학교","kind":"school","level":"middle","class_size":25.1,"coedu":"남여공학"},"geometry":{"type":"Point","coordinates":[126.960548721191,37.405682789448]}},{"type":"Feature","properties":{"name":"광교중학교","kind":"school","level":"middle","class_size":30.1,"coedu":"남여공학"},"geometry":{"type":"Point","coordinates":[127.044744776173,37.3044825535735]}},{"type":"Feature","properties":{"name":"광교호수중학교","kind":"school","level":"middle","class_size":29.6,"coedu":"남여공학"},"geometry":{"type":"Point","coordinates":[127.063988742882,37.272700310772]}},{"type":"Feature","properties":{"name":"광남중학교","kind":"school","level":"middle","class_size":26.3,"coedu":"남여공학"},"geometry":{"type":"Point","coordinates":[126.847558829233,37.4700747467894]}},{"type":"Feature","properties":{"name":"광동중학교","kind":"school","level":"middle","class_size":26.4,"coedu":"남여공학"},"geometry":{"type":"Point","coordinates":[127.175168798418,37.7167557707629]}},{"type":"Feature","properties":{"name":"광릉중학교","kind":"school","level":"middle","class_size":18.9,"coedu":"남여공학"},"geometry":{"type":"Point","coordinates":[127.213545618776,37.7428624232845]}},{"type":"Feature","properties":{"name":"광명북중학교","kind":"school","level":"middle","class_size":25.6,"coedu":"남여공학"},"geometry":{"type":"Point","coordinates":[126.865771186054,37.4871437437347]}},{"type":"Feature","properties":{"name":"광명중학교","kind":"school","level":"middle","class_size":26.4,"coedu":"남여공학"},"geometry":{"type":"Point","coordinates":[126.867573425208,37.4784234782725]}},{"type":"Feature","properties":{"name":"광문중학교","kind":"school","level":"middle","class_size":25.0,"coedu":"남여공학"},"geometry":{"type":"Point","coordinates":[126.852828668606,37.4668790574017]}},{"type":"Feature","properties":{"name":"교문중학교","kind":"school","level":"middle","class_size":22.4,"coedu":"남여공학"},"geometry":{"type":"Point","coordinates":[127.133872744643,37.5885908567853]}},{"type":"Feature","properties":{"name":"구갈중학교","kind":"school","level":"middle","class_size":28.8,"coedu":"남여공학"},"geometry":{"type":"Point","coordinates":[127.108326751138,37.2848375720945]}},{"type":"Feature","properties":{"name":"구리여자중학교","kind":"school","level":"middle","class_size":15.3,"coedu":"여"},"geometry":{"type":"Point","coordinates":[127.152048504701,37.5914306625287]}},{"type":"Feature","properties":{"name":"구리중학교","kind":"school","level":"middle","class_size":16.8,"coedu":"남"},"geometry":{"type":"Point","coordinates":[127.14082860552,37.589721436164]}},{"type":"Feature","properties":{"name":"구성중학교","kind":"school","level":"middle","class_size":25.1,"coedu":"남여공학"},"geometry":{"type":"Point","coordinates":[127.114490968573,37.2999758656894]}},{"type":"Feature","properties":{"name":"구운중학교","kind":"school","level":"middle","class_size":null,"coedu":"남여공학"},"geometry":{"type":"Point","coordinates":[126.977418018475,37.2768072555673]}},{"type":"Feature","properties":{"name":"권선중학교","kind":"school","level":"middle","class_size":null,"coedu":"남여공학"},"geometry":{"type":"Point","coordinates":[127.017123499768,37.2488403573441]}},{"type":"Feature","properties":{"name":"귀인중학교","kind":"school","level":"middle","class_size":30.9,"coedu":"남여공학"},"geometry":{"type":"Point","coordinates":[126.963389723109,37.3840306093426]}},{"type":"Feature","properties":{"name":"규장중학교","kind":"school","level":"middle","class_size":null,"coedu":"남여공학"},"geometry":{"type":"Point","coordinates":[127.020210418339,37.2426690644358]}},{"type":"Feature","properties":{"name":"근명중학교","kind":"school","level":"middle","class_size":25.5,"coedu":"남여공학"},"geometry":{"type":"Point","coordinates":[126.920014194594,37.3935417786908]}},{"type":"Feature","properties":{"name":"금곡중학교","kind":"school","level":"middle","class_size":20.3,"coedu":"남여공학"},"geometry":{"type":"Point","coordinates":[127.214511714393,37.6339473951619]}},{"type":"Feature","properties":{"name":"금광중학교","kind":"school","level":"middle","class_size":25.3,"coedu":"남여공학"},"geometry":{"type":"Point","coordinates":[127.171646415008,37.4465927397437]}},{"type":"Feature","properties":{"name":"금오중학교","kind":"school","level":"middle","class_size":19.5,"coedu":"남여공학"},"geometry":{"type":"Point","coordinates":[127.057620669614,37.7499704031165]}},{"type":"Feature","properties":{"name":"금파중학교","kind":"school","level":"middle","class_size":30.6,"coedu":"남여공학"},"geometry":{"type":"Point","coordinates":[126.71897241252,37.6240707841116]}},{"type":"Feature","properties":{"name":"기흥중학교","kind":"school","level":"middle","class_size":null,"coedu":"남여공학"},"geometry":{"type":"Point","coordinates":[127.096677379839,37.2589158907533]}},{"type":"Feature","properties":{"name":"김포신곡중학교","kind":"school","level":"middle","class_size":33.3,"coedu":"남여공학"},"geometry":{"type":"Point","coordinates":[126.764955229396,37.5993680656809]}},{"type":"Feature","properties":{"name":"김포여자중학교","kind":"school","level":"middle","class_size":18.9,"coedu":"여"},"geometry":{"type":"Point","coordinates":[126.713008998928,37.6183997786843]}},{"type":"Feature","properties":{"name":"김포중학교","kind":"school","level":"middle","class_size":27.6,"coedu":"남여공학"},"geometry":{"type":"Point","coordinates":[126.707997197158,37.6221981981299]}},{"type":"Feature","properties":{"name":"김포한가람중학교","kind":"school","level":"middle","class_size":30.9,"coedu":"남여공학"},"geometry":{"type":"Point","coordinates":[126.623463733051,37.6493725004792]}},{"type":"Feature","properties":{"name":"까치울중학교","kind":"school","level":"middle","class_size":null,"coedu":"남여공학"},"geometry":{"type":"Point","coordinates":[126.801067226776,37.515335136443]}},{"type":"Feature","properties":{"name":"나곡중학교","kind":"school","level":"middle","class_size":26.3,"coedu":"남여공학"},"geometry":{"type":"Point","coordinates":[127.124723036935,37.2514086699327]}},{"type":"Feature","properties":{"name":"나래중학교","kind":"school","level":"middle","class_size":30.2,"coedu":"남여공학"},"geometry":{"type":"Point","coordinates":[126.625730149756,37.6390744936171]}},{"type":"Feature","properties":{"name":"낙원중학교","kind":"school","level":"middle","class_size":29.6,"coedu":"남여공학"},"geometry":{"type":"Point","coordinates":[127.095860489335,37.3991891119381]}},{"type":"Feature","properties":{"name":"남사중학교","kind":"school","level":"middle","class_size":17.6,"coedu":"남여공학"},"geometry":{"type":"Point","coordinates":[127.148779114279,37.1165575964485]}},{"type":"Feature","properties":{"name":"남수원중학교","kind":"school","level":"middle","class_size":null,"coedu":"남여공학"},"geometry":{"type":"Point","coordinates":[127.033658236496,37.2519958728091]}},{"type":"Feature","properties":{"name":"남양주다산중학교","kind":"school","level":"middle","class_size":26.6,"coedu":"남여공학"},"geometry":{"type":"Point","coordinates":[127.15871085216,37.6278462428523]}},{"type":"Feature","properties":{"name":"남한중학교","kind":"school","level":"middle","class_size":19.1,"coedu":"남여공학"},"geometry":{"type":"Point","coordinates":[127.209275652726,37.542742265979]}},{"type":"Feature","properties":{"name":"내동중학교","kind":"school","level":"middle","class_size":null,"coedu":"남여공학"},"geometry":{"type":"Point","coordinates":[126.774630472325,37.5177340525801]}},{"type":"Feature","properties":{"name":"내정중학교","kind":"school","level":"middle","class_size":31.6,"coedu":"남여공학"},"geometry":{"type":"Point","coordinates":[127.119955699931,37.3700696587014]}},{"type":"Feature","properties":{"name":"녹양중학교","kind":"school","level":"middle","class_size":24.1,"coedu":"남여공학"},"geometry":{"type":"Point","coordinates":[127.028419591307,37.7616514662693]}},{"type":"Feature","properties":{"name":"늘푸른중학교","kind":"school","level":"middle","class_size":28.9,"coedu":"남여공학"},"geometry":{"type":"Point","coordinates":[127.105117600182,37.3573942595628]}},{"type":"Feature","properties":{"name":"능곡중학교","kind":"school","level":"middle","class_size":22.1,"coedu":"남여공학"},"geometry":{"type":"Point","coordinates":[126.826641887462,37.622922016434]}},{"type":"Feature","properties":{"name":"능실중학교","kind":"school","level":"middle","class_size":null,"coedu":"남여공학"},"geometry":{"type":"Point","coordinates":[126.956258598582,37.2609416487584]}},{"type":"Feature","properties":{"name":"다산새봄중학교","kind":"school","level":"middle","class_size":25.9,"coedu":"남여공학"},"geometry":{"type":"Point","coordinates":[127.159207121414,37.6188589561528]}},{"type":"Feature","properties":{"name":"다산한강중학교","kind":"school","level":"middle","class_size":28.4,"coedu":"남여공학"},"geometry":{"type":"Point","coordinates":[127.175583812201,37.5992957202152]}},{"type":"Feature","properties":{"name":"다온중학교","kind":"school","level":"middle","class_size":19.2,"coedu":"남여공학"},"geometry":{"type":"Point","coordinates":[127.037303067271,37.7412221620353]}},{"type":"Feature","properties":{"name":"대곶중학교","kind":"school","level":"middle","class_size":16.4,"coedu":"남여공학"},"geometry":{"type":"Point","coordinates":[126.583720162794,37.6493356269385]}},{"type":"Feature","properties":{"name":"대송중학교","kind":"school","level":"middle","class_size":22.7,"coedu":"남여공학"},"geometry":{"type":"Point","coordinates":[126.730867631594,37.6708600597401]}},{"type":"Feature","properties":{"name":"대안여자중학교","kind":"school","level":"middle","class_size":30.9,"coedu":"여"},"geometry":{"type":"Point","coordinates":[126.965100185664,37.3771591040299]}},{"type":"Feature","properties":{"name":"대안중학교","kind":"school","level":"middle","class_size":29.4,"coedu":"남"},"geometry":{"type":"Point","coordinates":[126.965877727111,37.3779834081948]}},{"type":"Feature","properties":{"name":"대원중학교","kind":"school","level":"middle","class_size":20.3,"coedu":"남여공학"},"geometry":{"type":"Point","coordinates":[127.172563061961,37.4476392832362]}},{"type":"Feature","properties":{"name":"대지중학교","kind":"school","level":"middle","class_size":null,"coedu":"남여공학"},"geometry":{"type":"Point","coordinates":[127.116135872165,37.3310565958394]}},{"type":"Feature","properties":{"name":"대평중학교","kind":"school","level":"middle","class_size":null,"coedu":"남여공학"},"geometry":{"type":"Point","coordinates":[126.989459743641,37.2973340599415]}},{"type":"Feature","properties":{"name":"대화중학교","kind":"school","level":"middle","class_size":25.7,"coedu":"남여공학"},"geometry":{"type":"Point","coordinates":[126.744476855032,37.6738435519202]}},{"type":"Feature","properties":{"name":"덕산중학교","kind":"school","level":"middle","class_size":21.9,"coedu":"남여공학"},"geometry":{"type":"Point","coordinates":[126.793618321809,37.5289250416567]}},{"type":"Feature","properties":{"name":"덕소중학교","kind":"school","level":"middle","class_size":23.0,"coedu":"남여공학"},"geometry":{"type":"Point","coordinates":[127.226324984442,37.5806736077646]}},{"type":"Feature","properties":{"name":"덕양중학교","kind":"school","level":"middle","class_size":19.0,"coedu":"남여공학"},"geometry":{"type":"Point","coordinates":[126.87171545085,37.6046541593841]}},{"type":"Feature","properties":{"name":"덕은한강중학교","kind":"school","level":"middle","class_size":24.0,"coedu":"남여공학"},"geometry":{"type":"Point","coordinates":[126.868604730923,37.5822593934572]}},{"type":"Feature","properties":{"name":"덕이중학교","kind":"school","level":"middle","class_size":26.3,"coedu":"남여공학"},"geometry":{"type":"Point","coordinates":[126.752885536254,37.6974354051379]}},{"type":"Feature","properties":{"name":"덕풍중학교","kind":"school","level":"middle","class_size":26.7,"coedu":"남여공학"},"geometry":{"type":"Point","coordinates":[127.199224827732,37.5536980285952]}},{"type":"Feature","properties":{"name":"도농중학교","kind":"school","level":"middle","class_size":26.0,"coedu":"남여공학"},"geometry":{"type":"Point","coordinates":[127.163435256988,37.6108982662585]}},{"type":"Feature","properties":{"name":"도당중학교","kind":"school","level":"middle","class_size":null,"coedu":"남여공학"},"geometry":{"type":"Point","coordinates":[126.787367028656,37.5180474304784]}},{"type":"Feature","properties":{"name":"도래울중학교","kind":"school","level":"middle","class_size":25.6,"coedu":"남여공학"},"geometry":{"type":"Point","coordinates":[126.868662613864,37.6319017066712]}},{"type":"Feature","properties":{"name":"도촌중학교","kind":"school","level":"middle","class_size":26.3,"coedu":"남여공학"},"geometry":{"type":"Point","coordinates":[127.154244869464,37.4167681526218]}},{"type":"Feature","properties":{"name":"도현중학교","kind":"school","level":"middle","class_size":21.4,"coedu":"남여공학"},"geometry":{"type":"Point","coordinates":[127.256953804892,37.3461830568516]}},{"type":"Feature","properties":{"name":"동광중학교","kind":"school","level":"middle","class_size":19.6,"coedu":"남여공학"},"geometry":{"type":"Point","coordinates":[127.143427877431,37.4346610960897]}},{"type":"Feature","properties":{"name":"동구중학교","kind":"school","level":"middle","class_size":25.5,"coedu":"남여공학"},"geometry":{"type":"Point","coordinates":[127.135060176597,37.6126152157049]}},{"type":"Feature","properties":{"name":"동백중학교","kind":"school","level":"middle","class_size":28.9,"coedu":"남여공학"},"geometry":{"type":"Point","coordinates":[127.158910526895,37.2855822162684]}},{"type":"Feature","properties":{"name":"동부중학교","kind":"school","level":"middle","class_size":24.5,"coedu":"남여공학"},"geometry":{"type":"Point","coordinates":[127.207283642656,37.542970218097]}},{"type":"Feature","properties":{"name":"동성중학교","kind":"school","level":"middle","class_size":17.5,"coedu":"남여공학"},"geometry":{"type":"Point","coordinates":[127.034961045907,37.2847075353107]}},{"type":"Feature","properties":{"name":"동수원중학교","kind":"school","level":"middle","class_size":28.0,"coedu":"남여공학"},"geometry":{"type":"Point","coordinates":[127.054570814794,37.2712573243492]}},{"type":"Feature","properties":{"name":"동암중학교","kind":"school","level":"middle","class_size":28.0,"coedu":"남여공학"},"geometry":{"type":"Point","coordinates":[127.058382656659,37.721564338678]}},{"type":"Feature","properties":{"name":"동화중학교","kind":"school","level":"middle","class_size":28.0,"coedu":"남여공학"},"geometry":{"type":"Point","coordinates":[127.16190370304,37.6079309897008]}},{"type":"Feature","properties":{"name":"마석중학교","kind":"school","level":"middle","class_size":27.3,"coedu":"남여공학"},"geometry":{"type":"Point","coordinates":[127.304748114403,37.6484811359093]}},{"type":"Feature","properties":{"name":"마송중학교","kind":"school","level":"middle","class_size":20.9,"coedu":"남여공학"},"geometry":{"type":"Point","coordinates":[126.594787629882,37.6867355079244]}},{"type":"Feature","properties":{"name":"망포중학교","kind":"school","level":"middle","class_size":29.4,"coedu":"남여공학"},"geometry":{"type":"Point","coordinates":[127.056294118573,37.238194709623]}},{"type":"Feature","properties":{"name":"매송중학교","kind":"school","level":"middle","class_size":30.4,"coedu":"남여공학"},"geometry":{"type":"Point","coordinates":[127.123368808618,37.3967977096821]}},{"type":"Feature","properties":{"name":"매원중학교","kind":"school","level":"middle","class_size":25.1,"coedu":"남여공학"},"geometry":{"type":"Point","coordinates":[127.045132637796,37.2666436420249]}},{"type":"Feature","properties":{"name":"매탄중학교","kind":"school","level":"middle","class_size":24.7,"coedu":"남여공학"},"geometry":{"type":"Point","coordinates":[127.039258988429,37.2607346285412]}},{"type":"Feature","properties":{"name":"매향중학교","kind":"school","level":"middle","class_size":null,"coedu":"남여공학"},"geometry":{"type":"Point","coordinates":[127.019206909691,37.2857594086078]}},{"type":"Feature","properties":{"name":"매현중학교","kind":"school","level":"middle","class_size":23.2,"coedu":"남여공학"},"geometry":{"type":"Point","coordinates":[127.042795191314,37.254862837402]}},{"type":"Feature","properties":{"name":"명인중학교","kind":"school","level":"middle","class_size":null,"coedu":"남여공학"},"geometry":{"type":"Point","coordinates":[126.993086264413,37.2922327432718]}},{"type":"Feature","properties":{"name":"모담중학교","kind":"school","level":"middle","class_size":32.1,"coedu":"남여공학"},"geometry":{"type":"Point","coordinates":[126.674743025505,37.656730157341]}},{"type":"Feature","properties":{"name":"모현중학교","kind":"school","level":"middle","class_size":22.6,"coedu":"남여공학"},"geometry":{"type":"Point","coordinates":[127.231589023944,37.3438306772008]}},{"type":"Feature","properties":{"name":"목암중학교","kind":"school","level":"middle","class_size":24.3,"coedu":"남여공학"},"geometry":{"type":"Point","coordinates":[126.905508653561,37.7139690648014]}},{"type":"Feature","properties":{"name":"무원중학교","kind":"school","level":"middle","class_size":22.0,"coedu":"남여공학"},"geometry":{"type":"Point","coordinates":[126.830570380785,37.617686502692]}},{"type":"Feature","properties":{"name":"문정중학교","kind":"school","level":"middle","class_size":23.8,"coedu":"남여공학"},"geometry":{"type":"Point","coordinates":[127.099063704056,37.322725769794]}},{"type":"Feature","properties":{"name":"미금중학교","kind":"school","level":"middle","class_size":28.1,"coedu":"남여공학"},"geometry":{"type":"Point","coordinates":[127.159316866037,37.6149774446693]}},{"type":"Feature","properties":{"name":"미사강변중학교","kind":"school","level":"middle","class_size":30.0,"coedu":"남여공학"},"geometry":{"type":"Point","coordinates":[127.185621307575,37.5778876725712]}},{"type":"Feature","properties":{"name":"미사중학교","kind":"school","level":"middle","class_size":30.6,"coedu":"남여공학"},"geometry":{"type":"Point","coordinates":[127.199695718987,37.5585709914371]}},{"type":"Feature","properties":{"name":"민락중학교","kind":"school","level":"middle","class_size":27.5,"coedu":"남여공학"},"geometry":{"type":"Point","coordinates":[127.095685984065,37.7408969530863]}},{"type":"Feature","properties":{"name":"박달중학교","kind":"school","level":"middle","class_size":22.7,"coedu":"남여공학"},"geometry":{"type":"Point","coordinates":[126.897046159005,37.3993979520074]}},{"type":"Feature","properties":{"name":"발곡중학교","kind":"school","level":"middle","class_size":25.1,"coedu":"남여공학"},"geometry":{"type":"Point","coordinates":[127.055278262641,37.7274510720769]}},{"type":"Feature","properties":{"name":"발산중학교","kind":"school","level":"middle","class_size":26.3,"coedu":"남여공학"},"geometry":{"type":"Point","coordinates":[126.769626764693,37.6698432084949]}},{"type":"Feature","properties":{"name":"백마중학교","kind":"school","level":"middle","class_size":26.5,"coedu":"남여공학"},"geometry":{"type":"Point","coordinates":[126.793308505318,37.6551277754415]}},{"type":"Feature","properties":{"name":"백석중학교","kind":"school","level":"middle","class_size":24.9,"coedu":"남여공학"},"geometry":{"type":"Point","coordinates":[126.782812864232,37.6420140501344]}},{"type":"Feature","properties":{"name":"백신중학교","kind":"school","level":"middle","class_size":27.1,"coedu":"남여공학"},"geometry":{"type":"Point","coordinates":[126.783177247807,37.6513313250291]}},{"type":"Feature","properties":{"name":"백암중학교","kind":"school","level":"middle","class_size":11.0,"coedu":"남여공학"},"geometry":{"type":"Point","coordinates":[127.368572795135,37.1649680002388]}},{"type":"Feature","properties":{"name":"백양중학교","kind":"school","level":"middle","class_size":22.5,"coedu":"남여공학"},"geometry":{"type":"Point","coordinates":[126.835844253787,37.6313259671424]}},{"type":"Feature","properties":{"name":"백현중학교","kind":"school","level":"middle","class_size":30.7,"coedu":"남여공학"},"geometry":{"type":"Point","coordinates":[127.110662276962,37.3713202419567]}},{"type":"Feature","properties":{"name":"범계중학교","kind":"school","level":"middle","class_size":27.8,"coedu":"남여공학"},"geometry":{"type":"Point","coordinates":[126.955301875705,37.3847177428626]}},{"type":"Feature","properties":{"name":"범박중학교","kind":"school","level":"middle","class_size":null,"coedu":"남여공학"},"geometry":{"type":"Point","coordinates":[126.814524094849,37.4691585784787]}},{"type":"Feature","properties":{"name":"별가람중학교","kind":"school","level":"middle","class_size":27.2,"coedu":"남여공학"},"geometry":{"type":"Point","coordinates":[127.123165088381,37.6569054243679]}},{"type":"Feature","properties":{"name":"별내중학교","kind":"school","level":"middle","class_size":23.2,"coedu":"남여공학"},"geometry":{"type":"Point","coordinates":[127.112384851685,37.7110097070209]}},{"type":"Feature","properties":{"name":"보라중학교","kind":"school","level":"middle","class_size":27.1,"coedu":"남여공학"},"geometry":{"type":"Point","coordinates":[127.108215174865,37.2495072158095]}},{"type":"Feature","properties":{"name":"보평중학교","kind":"school","level":"middle","class_size":30.1,"coedu":"남여공학"},"geometry":{"type":"Point","coordinates":[127.11576711235,37.3939503291203]}},{"type":"Feature","properties":{"name":"부림중학교","kind":"school","level":"middle","class_size":28.4,"coedu":"남여공학"},"geometry":{"type":"Point","coordinates":[126.953276794561,37.3980665116211]}},{"type":"Feature","properties":{"name":"부명중학교","kind":"school","level":"middle","class_size":null,"coedu":"남여공학"},"geometry":{"type":"Point","coordinates":[126.764009032716,37.4979571973061]}},{"type":"Feature","properties":{"name":"부안중학교","kind":"school","level":"middle","class_size":29.0,"coedu":"남여공학"},"geometry":{"type":"Point","coordinates":[126.960625923025,37.3990951804313]}},{"type":"Feature","properties":{"name":"부용중학교","kind":"school","level":"middle","class_size":25.9,"coedu":"남여공학"},"geometry":{"type":"Point","coordinates":[127.091935130899,37.7354611464937]}},{"type":"Feature","properties":{"name":"부인중학교","kind":"school","level":"middle","class_size":null,"coedu":"남여공학"},"geometry":{"type":"Point","coordinates":[126.748672744743,37.4905609327712]}},{"type":"Feature","properties":{"name":"부일중학교","kind":"school","level":"middle","class_size":null,"coedu":"남여공학"},"geometry":{"type":"Point","coordinates":[126.799637854975,37.4661748188609]}},{"type":"Feature","properties":{"name":"부천남중학교","kind":"school","level":"middle","class_size":null,"coedu":"남여공학"},"geometry":{"type":"Point","coordinates":[126.772041746877,37.4790649991465]}},{"type":"Feature","properties":{"name":"부천동여자중학교","kind":"school","level":"middle","class_size":null,"coedu":"여"},"geometry":{"type":"Point","coordinates":[126.810295752799,37.4807755083325]}},{"type":"Feature","properties":{"name":"부천동중학교","kind":"school","level":"middle","class_size":null,"coedu":"남"},"geometry":{"type":"Point","coordinates":[126.810295752799,37.4807755083325]}},{"type":"Feature","properties":{"name":"부천부곡중학교","kind":"school","level":"middle","class_size":null,"coedu":"남여공학"},"geometry":{"type":"Point","coordinates":[126.774524060259,37.4946349165178]}},{"type":"Feature","properties":{"name":"부천부흥중학교","kind":"school","level":"middle","class_size":null,"coedu":"남여공학"},"geometry":{"type":"Point","coordinates":[126.778150793366,37.5052266919957]}},{"type":"Feature","properties":{"name":"부천여월중학교","kind":"school","level":"middle","class_size":null,"coedu":"남여공학"},"geometry":{"type":"Point","coordinates":[126.797209860554,37.5172166268363]}},{"type":"Feature","properties":{"name":"부천여자중학교","kind":"school","level":"middle","class_size":null,"coedu":"여"},"geometry":{"type":"Point","coordinates":[126.760509270681,37.4813718304884]}},{"type":"Feature","properties":{"name":"부천일신중학교","kind":"school","level":"middle","class_size":null,"coedu":"남여공학"},"geometry":{"type":"Point","coordinates":[126.805668908452,37.4732058264512]}},{"type":"Feature","properties":{"name":"부천중학교","kind":"school","level":"middle","class_size":null,"coedu":"남여공학"},"geometry":{"type":"Point","coordinates":[126.768864752202,37.4904284483103]}},{"type":"Feature","properties":{"name":"분당구미중학교","kind":"school","level":"middle","class_size":28.3,"coedu":"남여공학"},"geometry":{"type":"Point","coordinates":[127.123607639298,37.3463460862583]}},{"type":"Feature","properties":{"name":"분당중학교","kind":"school","level":"middle","class_size":29.0,"coedu":"남여공학"},"geometry":{"type":"Point","coordinates":[127.111069495682,37.360906340793]}},{"type":"Feature","properties":{"name":"분진중학교","kind":"school","level":"middle","class_size":15.7,"coedu":"남여공학"},"geometry":{"type":"Point","coordinates":[126.552961045168,37.719268701448]}},{"type":"Feature","properties":{"name":"불곡중학교","kind":"school","level":"middle","class_size":29.6,"coedu":"남여공학"},"geometry":{"type":"Point","coordinates":[127.119914980069,37.3474593238848]}},{"type":"Feature","properties":{"name":"비산중학교","kind":"school","level":"middle","class_size":23.0,"coedu":"남여공학"},"geometry":{"type":"Point","coordinates":[126.948075017439,37.4094262133009]}},{"type":"Feature","properties":{"name":"빛가온중학교","kind":"school","level":"middle","class_size":26.3,"coedu":"남여공학"},"geometry":{"type":"Point","coordinates":[126.883709231383,37.4121480857801]}},{"type":"Feature","properties":{"name":"산남중학교","kind":"school","level":"middle","class_size":25.4,"coedu":"남여공학"},"geometry":{"type":"Point","coordinates":[127.051224294242,37.2691283979928]}},{"type":"Feature","properties":{"name":"삼일중학교","kind":"school","level":"middle","class_size":null,"coedu":"남여공학"},"geometry":{"type":"Point","coordinates":[127.018509556021,37.2843986805914]}},{"type":"Feature","properties":{"name":"삼평중학교","kind":"school","level":"middle","class_size":27.4,"coedu":"남여공학"},"geometry":{"type":"Point","coordinates":[127.115491508321,37.4003914596836]}},{"type":"Feature","properties":{"name":"상갈중학교","kind":"school","level":"middle","class_size":24.1,"coedu":"남여공학"},"geometry":{"type":"Point","coordinates":[127.10921768888,37.2664740997828]}},{"type":"Feature","properties":{"name":"상도중학교","kind":"school","level":"middle","class_size":24.1,"coedu":"남여공학"},"geometry":{"type":"Point","coordinates":[126.760369092143,37.4943927936494]}},{"type":"Feature","properties":{"name":"상동중학교","kind":"school","level":"middle","class_size":null,"coedu":"남여공학"},"geometry":{"type":"Point","coordinates":[126.744708071754,37.4979128293233]}},{"type":"Feature","properties":{"name":"상원여자중학교","kind":"school","level":"middle","class_size":20.4,"coedu":"여"},"geometry":{"type":"Point","coordinates":[127.158069054399,37.4570118861412]}},{"type":"Feature","properties":{"name":"상일중학교","kind":"school","level":"middle","class_size":30.8,"coedu":"남여공학"},"geometry":{"type":"Point","coordinates":[126.751227450362,37.5015382321309]}},{"type":"Feature","properties":{"name":"상촌중학교","kind":"school","level":"middle","class_size":null,"coedu":"남여공학"},"geometry":{"type":"Point","coordinates":[126.935308964131,37.2762360622198]}},{"type":"Feature","properties":{"name":"상하중학교","kind":"school","level":"middle","class_size":27.6,"coedu":"남여공학"},"geometry":{"type":"Point","coordinates":[127.135675868271,37.2615361494227]}},{"type":"Feature","properties":{"name":"상현중학교","kind":"school","level":"middle","class_size":23.7,"coedu":"남여공학"},"geometry":{"type":"Point","coordinates":[127.070989894909,37.2994915860768]}},{"type":"Feature","properties":{"name":"샛별중학교","kind":"school","level":"middle","class_size":29.7,"coedu":"남여공학"},"geometry":{"type":"Point","coordinates":[127.129928593394,37.3681308390094]}},{"type":"Feature","properties":{"name":"서원중학교","kind":"school","level":"middle","class_size":null,"coedu":"남여공학"},"geometry":{"type":"Point","coordinates":[127.080558176784,37.3018914975274]}},{"type":"Feature","properties":{"name":"서정중학교","kind":"school","level":"middle","class_size":19.7,"coedu":"남여공학"},"geometry":{"type":"Point","coordinates":[126.849783702571,37.6184284491705]}},{"type":"Feature","properties":{"name":"서천중학교","kind":"school","level":"middle","class_size":28.2,"coedu":"남여공학"},"geometry":{"type":"Point","coordinates":[127.075894911909,37.2400191101951]}},{"type":"Feature","properties":{"name":"서현중학교","kind":"school","level":"middle","class_size":30.5,"coedu":"남여공학"},"geometry":{"type":"Point","coordinates":[127.133529623508,37.380754599007]}},{"type":"Feature","properties":{"name":"서호중학교","kind":"school","level":"middle","class_size":null,"coedu":"남여공학"},"geometry":{"type":"Point","coordinates":[126.987562269746,37.2663197375961]}},{"type":"Feature","properties":{"name":"석천중학교","kind":"school","level":"middle","class_size":null,"coedu":"남여공학"},"geometry":{"type":"Point","coordinates":[126.756702783171,37.5097630002347]}},{"type":"Feature","properties":{"name":"성곡중학교","kind":"school","level":"middle","class_size":null,"coedu":"남여공학"},"geometry":{"type":"Point","coordinates":[126.815352139432,37.5174780298112]}},{"type":"Feature","properties":{"name":"성남동중학교","kind":"school","level":"middle","class_size":24.4,"coedu":"남여공학"},"geometry":{"type":"Point","coordinates":[127.16418109241,37.4487383864799]}},{"type":"Feature","properties":{"name":"성남문원중학교","kind":"school","level":"middle","class_size":18.3,"coedu":"남"},"geometry":{"type":"Point","coordinates":[127.157406437616,37.4609170336103]}},{"type":"Feature","properties":{"name":"성남서중학교","kind":"school","level":"middle","class_size":22.5,"coedu":"남"},"geometry":{"type":"Point","coordinates":[127.154110774437,37.4491150548498]}},{"type":"Feature","properties":{"name":"성남여자중학교","kind":"school","level":"middle","class_size":23.7,"coedu":"여"},"geometry":{"type":"Point","coordinates":[127.142717359619,37.4502339139841]}},{"type":"Feature","properties":{"name":"성남중학교","kind":"school","level":"middle","class_size":22.7,"coedu":"남여공학"},"geometry":{"type":"Point","coordinates":[127.144572770505,37.4326984608882]}},{"type":"Feature","properties":{"name":"성문중학교","kind":"school","level":"middle","class_size":22.3,"coedu":"남여공학"},"geometry":{"type":"Point","coordinates":[126.924635221202,37.3798253838123]}},{"type":"Feature","properties":{"name":"성복중학교","kind":"school","level":"middle","class_size":null,"coedu":"남여공학"},"geometry":{"type":"Point","coordinates":[127.076460353919,37.3197473195989]}},{"type":"Feature","properties":{"name":"성사중학교","kind":"school","level":"middle","class_size":22.6,"coedu":"남여공학"},"geometry":{"type":"Point","coordinates":[126.842958058727,37.6637849014447]}},{"type":"Feature","properties":{"name":"성서중학교","kind":"school","level":"middle","class_size":22.0,"coedu":"남여공학"},"geometry":{"type":"Point","coordinates":[127.06424361334,37.315209497719]}},{"type":"Feature","properties":{"name":"성일중학교","kind":"school","level":"middle","class_size":27.7,"coedu":"남여공학"},"geometry":{"type":"Point","coordinates":[127.145001092873,37.4349159660659]}},{"type":"Feature","properties":{"name":"성주중학교","kind":"school","level":"middle","class_size":null,"coedu":"남여공학"},"geometry":{"type":"Point","coordinates":[126.759914668574,37.4802804053049]}},{"type":"Feature","properties":{"name":"성지중학교","kind":"school","level":"middle","class_size":29.1,"coedu":"남여공학"},"geometry":{"type":"Point","coordinates":[127.128116834875,37.2740388551227]}},{"type":"Feature","properties":{"name":"세류중학교","kind":"school","level":"middle","class_size":null,"coedu":"남여공학"},"geometry":{"type":"Point","coordinates":[127.006759404208,37.2576106312383]}},{"type":"Feature","properties":{"name":"소명여자중학교","kind":"school","level":"middle","class_size":null,"coedu":"여"},"geometry":{"type":"Point","coordinates":[126.791306889412,37.4878147772258]}},{"type":"Feature","properties":{"name":"소사중학교","kind":"school","level":"middle","class_size":null,"coedu":"남여공학"},"geometry":{"type":"Point","coordinates":[126.802219767985,37.4700360300803]}},{"type":"Feature","properties":{"name":"소하중학교","kind":"school","level":"middle","class_size":27.4,"coedu":"남여공학"},"geometry":{"type":"Point","coordinates":[126.887455794793,37.4483023789492]}},{"type":"Feature","properties":{"name":"소현중학교","kind":"school","level":"middle","class_size":27.6,"coedu":"남여공학"},"geometry":{"type":"Point","coordinates":[127.093572478805,37.3016112523662]}},{"type":"Feature","properties":{"name":"손곡중학교","kind":"school","level":"middle","class_size":null,"coedu":"남여공학"},"geometry":{"type":"Point","coordinates":[127.094073968068,37.3347552848866]}},{"type":"Feature","properties":{"name":"솔뫼중학교","kind":"school","level":"middle","class_size":27.6,"coedu":"남여공학"},"geometry":{"type":"Point","coordinates":[127.082382214628,37.7308383941908]}},{"type":"Feature","properties":{"name":"송라중학교","kind":"school","level":"middle","class_size":26.5,"coedu":"남여공학"},"geometry":{"type":"Point","coordinates":[127.302953834433,37.6546015174796]}},{"type":"Feature","properties":{"name":"송림중학교","kind":"school","level":"middle","class_size":30.0,"coedu":"남여공학"},"geometry":{"type":"Point","coordinates":[127.131809772912,37.3919127231522]}},{"type":"Feature","properties":{"name":"송양중학교","kind":"school","level":"middle","class_size":27.7,"coedu":"남여공학"},"geometry":{"type":"Point","coordinates":[127.104195647358,37.7517175720583]}},{"type":"Feature","properties":{"name":"송원중학교","kind":"school","level":"middle","class_size":null,"coedu":"남여공학"},"geometry":{"type":"Point","coordinates":[127.002918098111,37.2973029569991]}},{"type":"Feature","properties":{"name":"송전중학교","kind":"school","level":"middle","class_size":19.8,"coedu":"남여공학"},"geometry":{"type":"Point","coordinates":[127.20076253372,37.1404346030429]}},{"type":"Feature","properties":{"name":"수내중학교","kind":"school","level":"middle","class_size":31.8,"coedu":"남여공학"},"geometry":{"type":"Point","coordinates":[127.126190243602,37.370989335229]}},{"type":"Feature","properties":{"name":"수동중학교","kind":"school","level":"middle","class_size":14.7,"coedu":"남여공학"},"geometry":{"type":"Point","coordinates":[127.324803699533,37.7091257726101]}},{"type":"Feature","properties":{"name":"수성중학교","kind":"school","level":"middle","class_size":null,"coedu":"남"},"geometry":{"type":"Point","coordinates":[127.012217190742,37.2947890090457]}},{"type":"Feature","properties":{"name":"수원다산중학교","kind":"school","level":"middle","class_size":30.7,"coedu":"남여공학"},"geometry":{"type":"Point","coordinates":[127.051266709724,37.2839613027632]}},{"type":"Feature","properties":{"name":"수원북중학교","kind":"school","level":"middle","class_size":null,"coedu":"남여공학"},"geometry":{"type":"Point","coordinates":[127.021126786398,37.2954310947679]}},{"type":"Feature","properties":{"name":"수원원일중학교","kind":"school","level":"middle","class_size":17.4,"coedu":"남여공학"},"geometry":{"type":"Point","coordinates":[127.053544954588,37.2653957074957]}},{"type":"Feature","properties":{"name":"수원제일중학교","kind":"school","level":"middle","class_size":null,"coedu":"남여공학"},"geometry":{"type":"Point","coordinates":[127.000802586075,37.2871351383464]}},{"type":"Feature","properties":{"name":"수원중학교","kind":"school","level":"middle","class_size":null,"coedu":"남여공학"},"geometry":{"type":"Point","coordinates":[127.017386160675,37.2671585248111]}},{"type":"Feature","properties":{"name":"수일여자중학교","kind":"school","level":"middle","class_size":null,"coedu":"여"},"geometry":{"type":"Point","coordinates":[127.007645458287,37.3080280510674]}},{"type":"Feature","properties":{"name":"수일중학교","kind":"school","level":"middle","class_size":null,"coedu":"남"},"geometry":{"type":"Point","coordinates":[127.002380856812,37.3102133747511]}},{"type":"Feature","properties":{"name":"수주중학교","kind":"school","level":"middle","class_size":null,"coedu":"남여공학"},"geometry":{"type":"Point","coordinates":[126.817148672154,37.5311869451728]}},{"type":"Feature","properties":{"name":"수지중학교","kind":"school","level":"middle","class_size":null,"coedu":"남여공학"},"geometry":{"type":"Point","coordinates":[127.094369556137,37.3329061334932]}},{"type":"Feature","properties":{"name":"수진중학교","kind":"school","level":"middle","class_size":16.1,"coedu":"남여공학"},"geometry":{"type":"Point","coordinates":[127.123637674463,37.4371172753735]}},{"type":"Feature","properties":{"name":"숙지중학교","kind":"school","level":"middle","class_size":null,"coedu":"남여공학"},"geometry":{"type":"Point","coordinates":[126.991911181392,37.2821666256442]}},{"type":"Feature","properties":{"name":"숭신중학교","kind":"school","level":"middle","class_size":24.0,"coedu":"남여공학"},"geometry":{"type":"Point","coordinates":[127.170592779846,37.4501532664392]}},{"type":"Feature","properties":{"name":"신갈중학교","kind":"school","level":"middle","class_size":20.9,"coedu":"남여공학"},"geometry":{"type":"Point","coordinates":[127.108744123166,37.2806991683829]}},{"type":"Feature","properties":{"name":"신곡중학교","kind":"school","level":"middle","class_size":24.1,"coedu":"남여공학"},"geometry":{"type":"Point","coordinates":[127.059880704786,37.7431621911151]}},{"type":"Feature","properties":{"name":"신기중학교","kind":"school","level":"middle","class_size":29.9,"coedu":"남여공학"},"geometry":{"type":"Point","coordinates":[126.958830202749,37.3790806852258]}},{"type":"Feature","properties":{"name":"신능중학교","kind":"school","level":"middle","class_size":19.0,"coedu":"남여공학"},"geometry":{"type":"Point","coordinates":[126.838515945022,37.6401661488778]}},{"type":"Feature","properties":{"name":"신백현중학교","kind":"school","level":"middle","class_size":27.6,"coedu":"남여공학"},"geometry":{"type":"Point","coordinates":[127.11029265857,37.3862803821754]}},{"type":"Feature","properties":{"name":"신봉중학교","kind":"school","level":"middle","class_size":null,"coedu":"남여공학"},"geometry":{"type":"Point","coordinates":[127.064381144752,37.3276575578067]}},{"type":"Feature","properties":{"name":"신성중학교","kind":"school","level":"middle","class_size":26.1,"coedu":"남여공학"},"geometry":{"type":"Point","coordinates":[126.918601319576,37.3841550395111]}},{"type":"Feature","properties":{"name":"신안중학교","kind":"school","level":"middle","class_size":22.0,"coedu":"남여공학"},"geometry":{"type":"Point","coordinates":[126.914808978313,37.3881165103812]}},{"type":"Feature","properties":{"name":"신양중학교","kind":"school","level":"middle","class_size":20.3,"coedu":"남여공학"},"geometry":{"type":"Point","coordinates":[126.635737762144,37.6590771791478]}},{"type":"Feature","properties":{"name":"신원중학교","kind":"school","level":"middle","class_size":27.4,"coedu":"남여공학"},"geometry":{"type":"Point","coordinates":[126.886274431061,37.6659359744144]}},{"type":"Feature","properties":{"name":"신일중학교","kind":"school","level":"middle","class_size":26.9,"coedu":"남여공학"},"geometry":{"type":"Point","coordinates":[126.774141226604,37.6766190038122]}},{"type":"Feature","properties":{"name":"신장중학교","kind":"school","level":"middle","class_size":25.0,"coedu":"남여공학"},"geometry":{"type":"Point","coordinates":[127.218857049631,37.5431202546398]}},{"type":"Feature","properties":{"name":"신평중학교","kind":"school","level":"middle","class_size":28.4,"coedu":"남여공학"},"geometry":{"type":"Point","coordinates":[127.213946888065,37.5439746592181]}},{"type":"Feature","properties":{"name":"심석중학교","kind":"school","level":"middle","class_size":30.9,"coedu":"남여공학"},"geometry":{"type":"Point","coordinates":[127.306885363211,37.6560344532752]}},{"type":"Feature","properties":{"name":"심원중학교","kind":"school","level":"middle","class_size":null,"coedu":"남여공학"},"geometry":{"type":"Point","coordinates":[126.782790432448,37.4998614560036]}},{"type":"Feature","properties":{"name":"안곡중학교","kind":"school","level":"middle","class_size":23.9,"coedu":"남여공학"},"geometry":{"type":"Point","coordinates":[126.78688406866,37.6810011049057]}},{"type":"Feature","properties":{"name":"안서중학교","kind":"school","level":"middle","class_size":22.7,"coedu":"남여공학"},"geometry":{"type":"Point","coordinates":[126.882156791718,37.438357404839]}},{"type":"Feature","properties":{"name":"안양부흥중학교","kind":"school","level":"middle","class_size":30.1,"coedu":"남여공학"},"geometry":{"type":"Point","coordinates":[126.945457938327,37.3940869539271]}},{"type":"Feature","properties":{"name":"안양서중학교","kind":"school","level":"middle","class_size":16.1,"coedu":"남여공학"},"geometry":{"type":"Point","coordinates":[126.904370821743,37.3859323792098]}},{"type":"Feature","properties":{"name":"안양여자중학교","kind":"school","level":"middle","class_size":25.1,"coedu":"여"},"geometry":{"type":"Point","coordinates":[126.916322264164,37.403532992508]}},{"type":"Feature","properties":{"name":"안양중학교","kind":"school","level":"middle","class_size":22.4,"coedu":"남여공학"},"geometry":{"type":"Point","coordinates":[126.896684440593,37.4092526368078]}},{"type":"Feature","properties":{"name":"야탑중학교","kind":"school","level":"middle","class_size":28.7,"coedu":"남여공학"},"geometry":{"type":"Point","coordinates":[127.131234064565,37.4161294518467]}},{"type":"Feature","properties":{"name":"양곡중학교","kind":"school","level":"middle","class_size":26.9,"coedu":"남여공학"},"geometry":{"type":"Point","coordinates":[126.625143691369,37.6596394442291]}},{"type":"Feature","properties":{"name":"양도중학교","kind":"school","level":"middle","class_size":30.1,"coedu":"남여공학"},"geometry":{"type":"Point","coordinates":[126.730701236925,37.6047204476232]}},{"type":"Feature","properties":{"name":"양영중학교","kind":"school","level":"middle","class_size":29.8,"coedu":"남여공학"},"geometry":{"type":"Point","coordinates":[127.13597473723,37.3765255599325]}},{"type":"Feature","properties":{"name":"양오중학교","kind":"school","level":"middle","class_size":23.9,"coedu":"남여공학"},"geometry":{"type":"Point","coordinates":[127.193142314907,37.6976714847261]}},{"type":"Feature","properties":{"name":"어람중학교","kind":"school","level":"middle","class_size":24.5,"coedu":"남여공학"},"geometry":{"type":"Point","coordinates":[127.214868033709,37.6820071098331]}},{"type":"Feature","properties":{"name":"어정중학교","kind":"school","level":"middle","class_size":28.4,"coedu":"남여공학"},"geometry":{"type":"Point","coordinates":[127.145147808168,37.2807265357661]}},{"type":"Feature","properties":{"name":"언동중학교","kind":"school","level":"middle","class_size":25.7,"coedu":"남여공학"},"geometry":{"type":"Point","coordinates":[127.130298404841,37.2944208473569]}},{"type":"Feature","properties":{"name":"역곡중학교","kind":"school","level":"middle","class_size":null,"coedu":"남여공학"},"geometry":{"type":"Point","coordinates":[126.810907555737,37.4914393658659]}},{"type":"Feature","properties":{"name":"연무중학교","kind":"school","level":"middle","class_size":31.5,"coedu":"남여공학"},"geometry":{"type":"Point","coordinates":[127.05188211979,37.292901407402]}},{"type":"Feature","properties":{"name":"연세중학교","kind":"school","level":"middle","class_size":18.3,"coedu":"남여공학"},"geometry":{"type":"Point","coordinates":[127.321926077548,37.5685277950951]}},{"type":"Feature","properties":{"name":"연현중학교","kind":"school","level":"middle","class_size":24.0,"coedu":"남여공학"},"geometry":{"type":"Point","coordinates":[126.899565365945,37.4293414254584]}},{"type":"Feature","properties":{"name":"영덕중학교","kind":"school","level":"middle","class_size":29.0,"coedu":"남여공학"},"geometry":{"type":"Point","coordinates":[127.072890034998,37.2585529545284]}},{"type":"Feature","properties":{"name":"영동중학교","kind":"school","level":"middle","class_size":30.4,"coedu":"남여공학"},"geometry":{"type":"Point","coordinates":[127.04386923821,37.2409160766612]}},{"type":"Feature","properties":{"name":"영문중학교","kind":"school","level":"middle","class_size":26.0,"coedu":"남여공학"},"geometry":{"type":"Point","coordinates":[127.208400039234,37.2719248018761]}},{"type":"Feature","properties":{"name":"영복여자중학교","kind":"school","level":"middle","class_size":null,"coedu":"여"},"geometry":{"type":"Point","coordinates":[127.002857202461,37.2855985651879]}},{"type":"Feature","properties":{"name":"영성중학교","kind":"school","level":"middle","class_size":18.4,"coedu":"남"},"geometry":{"type":"Point","coordinates":[127.147292039331,37.4272109795237]}},{"type":"Feature","properties":{"name":"영신중학교","kind":"school","level":"middle","class_size":null,"coedu":"남여공학"},"geometry":{"type":"Point","coordinates":[126.96696002487,37.2419188527768]}},{"type":"Feature","properties":{"name":"영일중학교","kind":"school","level":"middle","class_size":26.5,"coedu":"남여공학"},"geometry":{"type":"Point","coordinates":[127.075851289772,37.2496832950042]}},{"type":"Feature","properties":{"name":"영통중학교","kind":"school","level":"middle","class_size":20.3,"coedu":"남여공학"},"geometry":{"type":"Point","coordinates":[127.063749865933,37.2536187997248]}},{"type":"Feature","properties":{"name":"예봉중학교","kind":"school","level":"middle","class_size":25.6,"coedu":"남여공학"},"geometry":{"type":"Point","coordinates":[127.220441196541,37.5953493606199]}},{"type":"Feature","properties":{"name":"오남중학교","kind":"school","level":"middle","class_size":21.6,"coedu":"남여공학"},"geometry":{"type":"Point","coordinates":[127.205853613589,37.7013796520337]}},{"type":"Feature","properties":{"name":"오마중학교","kind":"school","level":"middle","class_size":27.9,"coedu":"남여공학"},"geometry":{"type":"Point","coordinates":[126.761522166709,37.6776984006744]}},{"type":"Feature","properties":{"name":"옥길새길중학교","kind":"school","level":"middle","class_size":null,"coedu":"남여공학"},"geometry":{"type":"Point","coordinates":[126.818590981378,37.4677337280512]}},{"type":"Feature","properties":{"name":"옥길중학교","kind":"school","level":"middle","class_size":null,"coedu":"남여공학"},"geometry":{"type":"Point","coordinates":[126.826676811612,37.4639067499832]}},{"type":"Feature","properties":{"name":"와부중학교","kind":"school","level":"middle","class_size":23.6,"coedu":"남여공학"},"geometry":{"type":"Point","coordinates":[127.219809015494,37.5870342174754]}},{"type":"Feature","properties":{"name":"용동중학교","kind":"school","level":"middle","class_size":25.6,"coedu":"남여공학"},"geometry":{"type":"Point","coordinates":[127.2829378764,37.2315103462594]}},{"type":"Feature","properties":{"name":"용신중학교","kind":"school","level":"middle","class_size":29.2,"coedu":"남여공학"},"geometry":{"type":"Point","coordinates":[127.192565875648,37.233913026785]}},{"type":"Feature","properties":{"name":"용인대덕중학교","kind":"school","level":"middle","class_size":null,"coedu":"남여공학"},"geometry":{"type":"Point","coordinates":[127.127607587216,37.3367475845272]}},{"type":"Feature","properties":{"name":"용인백현중학교","kind":"school","level":"middle","class_size":28.3,"coedu":"남여공학"},"geometry":{"type":"Point","coordinates":[127.164679024879,37.2809633585368]}},{"type":"Feature","properties":{"name":"용인솔빛중학교","kind":"school","level":"middle","class_size":23.2,"coedu":"남여공학"},"geometry":{"type":"Point","coordinates":[127.195099863713,37.2447662856761]}},{"type":"Feature","properties":{"name":"용인신릉중학교","kind":"school","level":"middle","class_size":28.6,"coedu":"남여공학"},"geometry":{"type":"Point","coordinates":[127.115695993326,37.2900229209717]}},{"type":"Feature","properties":{"name":"용인신촌중학교","kind":"school","level":"middle","class_size":28.6,"coedu":"남여공학"},"geometry":{"type":"Point","coordinates":[127.1130098431,37.315895694298]}},{"type":"Feature","properties":{"name":"용인중학교","kind":"school","level":"middle","class_size":26.8,"coedu":"남여공학"},"geometry":{"type":"Point","coordinates":[127.200566427462,37.2386186098875]}},{"type":"Feature","properties":{"name":"용인한빛중학교","kind":"school","level":"middle","class_size":null,"coedu":"남여공학"},"geometry":{"type":"Point","coordinates":[127.084832215237,37.3372256006094]}},{"type":"Feature","properties":{"name":"용천중학교","kind":"school","level":"middle","class_size":21.8,"coedu":"남여공학"},"geometry":{"type":"Point","coordinates":[127.200617185425,37.1912361856059]}},{"type":"Feature","properties":{"name":"운양중학교","kind":"school","level":"middle","class_size":34.5,"coedu":"남여공학"},"geometry":{"type":"Point","coordinates":[126.676446069211,37.6449827363675]}},{"type":"Feature","properties":{"name":"운중중학교","kind":"school","level":"middle","class_size":27.8,"coedu":"남여공학"},"geometry":{"type":"Point","coordinates":[127.073320258885,37.3912250658502]}},{"type":"Feature","properties":{"name":"원당중학교","kind":"school","level":"middle","class_size":15.8,"coedu":"남여공학"},"geometry":{"type":"Point","coordinates":[126.823158990395,37.6646551570376]}},{"type":"Feature","properties":{"name":"원미중학교","kind":"school","level":"middle","class_size":null,"coedu":"남여공학"},"geometry":{"type":"Point","coordinates":[126.794469592102,37.4992482260056]}},{"type":"Feature","properties":{"name":"원삼중학교","kind":"school","level":"middle","class_size":20.5,"coedu":"남여공학"},"geometry":{"type":"Point","coordinates":[127.309189594353,37.1681133615345]}},{"type":"Feature","properties":{"name":"원천중학교","kind":"school","level":"middle","class_size":14.4,"coedu":"남여공학"},"geometry":{"type":"Point","coordinates":[127.04895463364,37.2764063435383]}},{"type":"Feature","properties":{"name":"원흥중학교","kind":"school","level":"middle","class_size":23.5,"coedu":"남여공학"},"geometry":{"type":"Point","coordinates":[126.868458679179,37.6497098781891]}},{"type":"Feature","properties":{"name":"위례중앙중학교","kind":"school","level":"middle","class_size":22.4,"coedu":"남여공학"},"geometry":{"type":"Point","coordinates":[127.1382117565,37.4718840852778]}},{"type":"Feature","properties":{"name":"위례중학교","kind":"school","level":"middle","class_size":30.4,"coedu":"남여공학"},"geometry":{"type":"Point","coordinates":[127.148311752582,37.477216897026]}},{"type":"Feature","properties":{"name":"위례한빛중학교","kind":"school","level":"middle","class_size":26.4,"coedu":"남여공학"},"geometry":{"type":"Point","coordinates":[127.148636233438,37.4679748346434]}},{"type":"Feature","properties":{"name":"윤슬중학교","kind":"school","level":"middle","class_size":31.1,"coedu":"남여공학"},"geometry":{"type":"Point","coordinates":[127.181582322758,37.5634420984963]}},{"type":"Feature","properties":{"name":"율전중학교","kind":"school","level":"middle","class_size":null,"coedu":"남여공학"},"geometry":{"type":"Point","coordinates":[126.966330503672,37.3033596572672]}},{"type":"Feature","properties":{"name":"율현중학교","kind":"school","level":"middle","class_size":null,"coedu":"남여공학"},"geometry":{"type":"Point","coordinates":[126.982653457432,37.2861211926258]}},{"type":"Feature","properties":{"name":"은가람중학교","kind":"school","level":"middle","class_size":27.4,"coedu":"남여공학"},"geometry":{"type":"Point","coordinates":[127.1770752721,37.5759642964385]}},{"type":"Feature","properties":{"name":"은여울중학교","kind":"school","level":"middle","class_size":32.3,"coedu":"남여공학"},"geometry":{"type":"Point","coordinates":[126.639060529984,37.6379471865859]}},{"type":"Feature","properties":{"name":"은행중학교","kind":"school","level":"middle","class_size":22.3,"coedu":"남여공학"},"geometry":{"type":"Point","coordinates":[127.172567351881,37.4570335019035]}},{"type":"Feature","properties":{"name":"의정부여자중학교","kind":"school","level":"middle","class_size":22.9,"coedu":"여"},"geometry":{"type":"Point","coordinates":[127.039661370835,37.7499686247612]}},{"type":"Feature","properties":{"name":"의정부중학교","kind":"school","level":"middle","class_size":20.8,"coedu":"남"},"geometry":{"type":"Point","coordinates":[127.040369767522,37.7481072547724]}},{"type":"Feature","properties":{"name":"이매중학교","kind":"school","level":"middle","class_size":31.1,"coedu":"남여공학"},"geometry":{"type":"Point","coordinates":[127.126069984102,37.4019293283986]}},{"type":"Feature","properties":{"name":"이목중학교","kind":"school","level":"middle","class_size":null,"coedu":"남여공학"},"geometry":{"type":"Point","coordinates":[126.982335250547,37.3183182371035]}},{"type":"Feature","properties":{"name":"이우중학교","kind":"school","level":"middle","class_size":19.9,"coedu":"남여공학"},"geometry":{"type":"Point","coordinates":[127.090940989637,37.3532432589634]}},{"type":"Feature","properties":{"name":"이의중학교","kind":"school","level":"middle","class_size":27.4,"coedu":"남여공학"},"geometry":{"type":"Point","coordinates":[127.070766820436,37.2913276018532]}},{"type":"Feature","properties":{"name":"이현중학교","kind":"school","level":"middle","class_size":null,"coedu":"남여공학"},"geometry":{"type":"Point","coordinates":[127.096935455168,37.3152989622775]}},{"type":"Feature","properties":{"name":"인덕원중학교","kind":"school","level":"middle","class_size":22.6,"coedu":"남여공학"},"geometry":{"type":"Point","coordinates":[126.971424178186,37.4022496050068]}},{"type":"Feature","properties":{"name":"인창중학교","kind":"school","level":"middle","class_size":25.6,"coedu":"남여공학"},"geometry":{"type":"Point","coordinates":[127.146406353362,37.6065070375223]}},{"type":"Feature","properties":{"name":"일산동중학교","kind":"school","level":"middle","class_size":23.6,"coedu":"남여공학"},"geometry":{"type":"Point","coordinates":[126.768067886149,37.695374272167]}},{"type":"Feature","properties":{"name":"일산양일중학교","kind":"school","level":"middle","class_size":28.1,"coedu":"남여공학"},"geometry":{"type":"Point","coordinates":[126.815514057032,37.6768359434755]}},{"type":"Feature","properties":{"name":"일산중학교","kind":"school","level":"middle","class_size":24.4,"coedu":"남여공학"},"geometry":{"type":"Point","coordinates":[126.768338388746,37.6889712153294]}},{"type":"Feature","properties":{"name":"임곡중학교","kind":"school","level":"middle","class_size":28.0,"coedu":"남여공학"},"geometry":{"type":"Point","coordinates":[126.931562719803,37.4085478737357]}},{"type":"Feature","properties":{"name":"잠원중학교","kind":"school","level":"middle","class_size":30.3,"coedu":"남여공학"},"geometry":{"type":"Point","coordinates":[127.048987872627,37.2392921875223]}},{"type":"Feature","properties":{"name":"장기중학교","kind":"school","level":"middle","class_size":34.1,"coedu":"남여공학"},"geometry":{"type":"Point","coordinates":[126.66483546403,37.6478799480208]}},{"type":"Feature","properties":{"name":"장내중학교","kind":"school","level":"middle","class_size":25.8,"coedu":"남여공학"},"geometry":{"type":"Point","coordinates":[127.233238998354,37.642098734049]}},{"type":"Feature","properties":{"name":"장성중학교","kind":"school","level":"middle","class_size":20.1,"coedu":"남여공학"},"geometry":{"type":"Point","coordinates":[126.751372768129,37.6813195491039]}},{"type":"Feature","properties":{"name":"장안중학교","kind":"school","level":"middle","class_size":29.8,"coedu":"남여공학"},"geometry":{"type":"Point","coordinates":[127.146686149921,37.3714211599241]}},{"type":"Feature","properties":{"name":"장자중학교","kind":"school","level":"middle","class_size":26.4,"coedu":"남여공학"},"geometry":{"type":"Point","coordinates":[127.135176403512,37.5858383717331]}},{"type":"Feature","properties":{"name":"저동중학교","kind":"school","level":"middle","class_size":24.0,"coedu":"남여공학"},"geometry":{"type":"Point","coordinates":[126.777912341808,37.6707385454635]}},{"type":"Feature","properties":{"name":"정발중학교","kind":"school","level":"middle","class_size":27.1,"coedu":"남여공학"},"geometry":{"type":"Point","coordinates":[126.780745626616,37.6594743988115]}},{"type":"Feature","properties":{"name":"정자중학교","kind":"school","level":"middle","class_size":29.3,"coedu":"남여공학"},"geometry":{"type":"Point","coordinates":[127.110146601026,37.365319801352]}},{"type":"Feature","properties":{"name":"정천중학교","kind":"school","level":"middle","class_size":null,"coedu":"남여공학"},"geometry":{"type":"Point","coordinates":[126.981994106787,37.2893991624579]}},{"type":"Feature","properties":{"name":"정평중학교","kind":"school","level":"middle","class_size":null,"coedu":"남여공학"},"geometry":{"type":"Point","coordinates":[127.087829882782,37.3180759389094]}},{"type":"Feature","properties":{"name":"조원중학교","kind":"school","level":"middle","class_size":null,"coedu":"남여공학"},"geometry":{"type":"Point","coordinates":[127.016528489486,37.3076405995988]}},{"type":"Feature","properties":{"name":"주곡중학교","kind":"school","level":"middle","class_size":26.3,"coedu":"남여공학"},"geometry":{"type":"Point","coordinates":[127.206725463603,37.725367857091]}},{"type":"Feature","properties":{"name":"죽전중학교","kind":"school","level":"middle","class_size":null,"coedu":"남여공학"},"geometry":{"type":"Point","coordinates":[127.107574400081,37.3323647877895]}},{"type":"Feature","properties":{"name":"중산중학교","kind":"school","level":"middle","class_size":22.9,"coedu":"남여공학"},"geometry":{"type":"Point","coordinates":[126.783501669994,37.6914040100151]}},{"type":"Feature","properties":{"name":"중앙기독중학교","kind":"school","level":"middle","class_size":26.7,"coedu":"남여공학"},"geometry":{"type":"Point","coordinates":[127.057690354171,37.2753347661179]}},{"type":"Feature","properties":{"name":"중원중학교","kind":"school","level":"middle","class_size":19.3,"coedu":"남여공학"},"geometry":{"type":"Point","coordinates":[126.762868326371,37.5119397465088]}},{"type":"Feature","properties":{"name":"중흥중학교","kind":"school","level":"middle","class_size":null,"coedu":"남여공학"},"geometry":{"type":"Point","coordinates":[126.773881826581,37.5059756205493]}},{"type":"Feature","properties":{"name":"지도중학교","kind":"school","level":"middle","class_size":23.6,"coedu":"남여공학"},"geometry":{"type":"Point","coordinates":[126.834031725005,37.6270605092551]}},{"type":"Feature","properties":{"name":"지축중학교","kind":"school","level":"middle","class_size":26.3,"coedu":"남여공학"},"geometry":{"type":"Point","coordinates":[126.917717853907,37.6524298076436]}},{"type":"Feature","properties":{"name":"진건중학교","kind":"school","level":"middle","class_size":22.9,"coedu":"남여공학"},"geometry":{"type":"Point","coordinates":[127.178305147932,37.6542889729627]}},{"type":"Feature","properties":{"name":"진접1중(202803신설예정)","kind":"school","level":"middle","class_size":null,"coedu":"남여공학"},"geometry":{"type":"Point","coordinates":[127.169814910409,37.6108432181515]}},{"type":"Feature","properties":{"name":"진접중학교","kind":"school","level":"middle","class_size":24.9,"coedu":"남여공학"},"geometry":{"type":"Point","coordinates":[127.193365406069,37.7366181386191]}},{"type":"Feature","properties":{"name":"창성중학교","kind":"school","level":"middle","class_size":20.8,"coedu":"남여공학"},"geometry":{"type":"Point","coordinates":[127.153509907201,37.4607386234547]}},{"type":"Feature","properties":{"name":"창용중학교","kind":"school","level":"middle","class_size":null,"coedu":"남여공학"},"geometry":{"type":"Point","coordinates":[127.030150080571,37.2931823130429]}},{"type":"Feature","properties":{"name":"처인중학교","kind":"school","level":"middle","class_size":19.8,"coedu":"남여공학"},"geometry":{"type":"Point","coordinates":[127.168566626366,37.1540955255544]}},{"type":"Feature","properties":{"name":"천마중학교","kind":"school","level":"middle","class_size":27.2,"coedu":"남여공학"},"geometry":{"type":"Point","coordinates":[127.276758610116,37.6561652931057]}},{"type":"Feature","properties":{"name":"천보중학교","kind":"school","level":"middle","class_size":26.5,"coedu":"남여공학"},"geometry":{"type":"Point","coordinates":[127.065059419233,37.7506939730831]}},{"type":"Feature","properties":{"name":"천천중학교","kind":"school","level":"middle","class_size":null,"coedu":"남여공학"},"geometry":{"type":"Point","coordinates":[126.981222513542,37.3002725823536]}},{"type":"Feature","properties":{"name":"철산중학교","kind":"school","level":"middle","class_size":28.1,"coedu":"남여공학"},"geometry":{"type":"Point","coordinates":[126.875323737472,37.4703083188318]}},{"type":"Feature","properties":{"name":"청덕중학교","kind":"school","level":"middle","class_size":23.3,"coedu":"남여공학"},"geometry":{"type":"Point","coordinates":[127.145002392898,37.2932096929375]}},{"type":"Feature","properties":{"name":"청명중학교","kind":"school","level":"middle","class_size":28.0,"coedu":"남여공학"},"geometry":{"type":"Point","coordinates":[127.078126152421,37.2618580632369]}},{"type":"Feature","properties":{"name":"초당중학교","kind":"school","level":"middle","class_size":28.8,"coedu":"남여공학"},"geometry":{"type":"Point","coordinates":[127.156812392455,37.2655357141594]}},{"type":"Feature","properties":{"name":"충의중학교","kind":"school","level":"middle","class_size":27.4,"coedu":"남여공학"},"geometry":{"type":"Point","coordinates":[127.089853374526,37.7419311707184]}},{"type":"Feature","properties":{"name":"충현중학교","kind":"school","level":"middle","class_size":25.9,"coedu":"남여공학"},"geometry":{"type":"Point","coordinates":[126.882146911429,37.430317902555]}},{"type":"Feature","properties":{"name":"칠보중학교","kind":"school","level":"middle","class_size":null,"coedu":"남여공학"},"geometry":{"type":"Point","coordinates":[126.944271470885,37.2734428901848]}},{"type":"Feature","properties":{"name":"태성중학교","kind":"school","level":"middle","class_size":24.7,"coedu":"남"},"geometry":{"type":"Point","coordinates":[127.208832428103,37.2289200685354]}},{"type":"Feature","properties":{"name":"태장중학교","kind":"school","level":"middle","class_size":24.0,"coedu":"남여공학"},"geometry":{"type":"Point","coordinates":[127.065188812304,37.2489923269232]}},{"type":"Feature","properties":{"name":"태평중학교","kind":"school","level":"middle","class_size":23.4,"coedu":"남여공학"},"geometry":{"type":"Point","coordinates":[127.12882910692,37.4466725752743]}},{"type":"Feature","properties":{"name":"토평중학교","kind":"school","level":"middle","class_size":21.7,"coedu":"남여공학"},"geometry":{"type":"Point","coordinates":[127.144304692088,37.5900533075206]}},{"type":"Feature","properties":{"name":"통진중학교","kind":"school","level":"middle","class_size":22.4,"coedu":"남여공학"},"geometry":{"type":"Point","coordinates":[126.602150635672,37.6858519473546]}},{"type":"Feature","properties":{"name":"퇴계원중학교","kind":"school","level":"middle","class_size":22.7,"coedu":"남여공학"},"geometry":{"type":"Point","coordinates":[127.141026037369,37.652367901072]}},{"type":"Feature","properties":{"name":"판곡중학교","kind":"school","level":"middle","class_size":28.0,"coedu":"남여공학"},"geometry":{"type":"Point","coordinates":[127.241936653533,37.6627972885287]}},{"type":"Feature","properties":{"name":"판교대장중학교","kind":"school","level":"middle","class_size":27.1,"coedu":"남여공학"},"geometry":{"type":"Point","coordinates":[127.069657976707,37.3686633789383]}},{"type":"Feature","properties":{"name":"판교중학교","kind":"school","level":"middle","class_size":29.0,"coedu":"남여공학"},"geometry":{"type":"Point","coordinates":[127.08785557416,37.3872978735773]}},{"type":"Feature","properties":{"name":"평내중학교","kind":"school","level":"middle","class_size":22.1,"coedu":"남여공학"},"geometry":{"type":"Point","coordinates":[127.23822705492,37.6480410144519]}},{"type":"Feature","properties":{"name":"평촌중학교","kind":"school","level":"middle","class_size":30.3,"coedu":"남여공학"},"geometry":{"type":"Point","coordinates":[126.961485348987,37.3887817317397]}},{"type":"Feature","properties":{"name":"포곡중학교","kind":"school","level":"middle","class_size":24.0,"coedu":"남여공학"},"geometry":{"type":"Point","coordinates":[127.221392201879,37.2797216021746]}},{"type":"Feature","properties":{"name":"푸른솔중학교","kind":"school","level":"middle","class_size":33.3,"coedu":"남여공학"},"geometry":{"type":"Point","coordinates":[126.6671636519,37.6524369352676]}},{"type":"Feature","properties":{"name":"풍동중학교","kind":"school","level":"middle","class_size":25.9,"coedu":"남여공학"},"geometry":{"type":"Point","coordinates":[126.799421954893,37.6708177192733]}},{"type":"Feature","properties":{"name":"풍무중학교","kind":"school","level":"middle","class_size":29.5,"coedu":"남여공학"},"geometry":{"type":"Point","coordinates":[126.726752178041,37.6000763287214]}},{"type":"Feature","properties":{"name":"풍산중학교","kind":"school","level":"middle","class_size":24.9,"coedu":"남여공학"},"geometry":{"type":"Point","coordinates":[126.799102810624,37.6647461991898]}},{"type":"Feature","properties":{"name":"풍생중학교","kind":"school","level":"middle","class_size":25.5,"coedu":"남여공학"},"geometry":{"type":"Point","coordinates":[127.131414761313,37.4350433973599]}},{"type":"Feature","properties":{"name":"풍양중학교","kind":"school","level":"middle","class_size":27.6,"coedu":"남여공학"},"geometry":{"type":"Point","coordinates":[127.191224441499,37.7188082830708]}},{"type":"Feature","properties":{"name":"하남중학교","kind":"school","level":"middle","class_size":25.2,"coedu":"남여공학"},"geometry":{"type":"Point","coordinates":[127.222965993089,37.5364584252165]}},{"type":"Feature","properties":{"name":"하늘빛중학교","kind":"school","level":"middle","class_size":33.9,"coedu":"남여공학"},"geometry":{"type":"Point","coordinates":[126.687995021307,37.6549302081672]}},{"type":"Feature","properties":{"name":"하랑중학교","kind":"school","level":"middle","class_size":24.9,"coedu":"남여공학"},"geometry":{"type":"Point","coordinates":[127.255079237489,37.6499571251196]}},{"type":"Feature","properties":{"name":"하성중학교","kind":"school","level":"middle","class_size":17.6,"coedu":"남여공학"},"geometry":{"type":"Point","coordinates":[126.628433284102,37.7180063747834]}},{"type":"Feature","properties":{"name":"하안북중학교","kind":"school","level":"middle","class_size":28.2,"coedu":"남여공학"},"geometry":{"type":"Point","coordinates":[126.867725592138,37.4650843786227]}},{"type":"Feature","properties":{"name":"하안중학교","kind":"school","level":"middle","class_size":27.1,"coedu":"남여공학"},"geometry":{"type":"Point","coordinates":[126.880772051937,37.4673857481347]}},{"type":"Feature","properties":{"name":"하탑중학교","kind":"school","level":"middle","class_size":25.7,"coedu":"남여공학"},"geometry":{"type":"Point","coordinates":[127.137174959329,37.4094621068831]}},{"type":"Feature","properties":{"name":"한별중학교","kind":"school","level":"middle","class_size":25.3,"coedu":"남여공학"},"geometry":{"type":"Point","coordinates":[127.118862863807,37.6488085659496]}},{"type":"Feature","properties":{"name":"한수중학교","kind":"school","level":"middle","class_size":25.7,"coedu":"남여공학"},"geometry":{"type":"Point","coordinates":[126.756189788738,37.6699011608073]}},{"type":"Feature","properties":{"name":"한숲중학교","kind":"school","level":"middle","class_size":28.0,"coedu":"남여공학"},"geometry":{"type":"Point","coordinates":[127.172532211397,37.1578616459175]}},{"type":"Feature","properties":{"name":"한홀중학교","kind":"school","level":"middle","class_size":27.4,"coedu":"남여공학"},"geometry":{"type":"Point","coordinates":[127.191571565563,37.5544531149776]}},{"type":"Feature","properties":{"name":"행신중학교","kind":"school","level":"middle","class_size":23.6,"coedu":"남여공학"},"geometry":{"type":"Point","coordinates":[126.839654316752,37.6151569695421]}},{"type":"Feature","properties":{"name":"향동중학교","kind":"school","level":"middle","class_size":24.3,"coedu":"남여공학"},"geometry":{"type":"Point","coordinates":[126.895301721699,37.603011419973]}},{"type":"Feature","properties":{"name":"향산중학교","kind":"school","level":"middle","class_size":32.9,"coedu":"남여공학"},"geometry":{"type":"Point","coordinates":[126.749565315852,37.6196262838062]}},{"type":"Feature","properties":{"name":"헌산중학교","kind":"school","level":"middle","class_size":14.2,"coedu":"남여공학"},"geometry":{"type":"Point","coordinates":[127.295877471237,37.1738457867384]}},{"type":"Feature","properties":{"name":"현산중학교","kind":"school","level":"middle","class_size":19.9,"coedu":"남여공학"},"geometry":{"type":"Point","coordinates":[126.774299894038,37.6911840382775]}},{"type":"Feature","properties":{"name":"현암중학교","kind":"school","level":"middle","class_size":null,"coedu":"남여공학"},"geometry":{"type":"Point","coordinates":[127.121389013801,37.329627062524]}},{"type":"Feature","properties":{"name":"호계중학교","kind":"school","level":"middle","class_size":29.3,"coedu":"남여공학"},"geometry":{"type":"Point","coordinates":[126.951736336135,37.3783490741309]}},{"type":"Feature","properties":{"name":"호곡중학교","kind":"school","level":"middle","class_size":24.1,"coedu":"남여공학"},"geometry":{"type":"Point","coordinates":[126.768506852229,37.7015936564042]}},{"type":"Feature","properties":{"name":"호매실중학교","kind":"school","level":"middle","class_size":null,"coedu":"남여공학"},"geometry":{"type":"Point","coordinates":[126.955445985618,37.2684837880456]}},{"type":"Feature","properties":{"name":"호성중학교","kind":"school","level":"middle","class_size":23.9,"coedu":"남여공학"},"geometry":{"type":"Point","coordinates":[126.963406398188,37.3669077135628]}},{"type":"Feature","properties":{"name":"호원중학교","kind":"school","level":"middle","class_size":26.6,"coedu":"남여공학"},"geometry":{"type":"Point","coordinates":[127.044651354674,37.7192992579808]}},{"type":"Feature","properties":{"name":"호평중학교","kind":"school","level":"middle","class_size":26.6,"coedu":"남여공학"},"geometry":{"type":"Point","coordinates":[127.248960194016,37.6560106410395]}},{"type":"Feature","properties":{"name":"홍천중학교","kind":"school","level":"middle","class_size":null,"coedu":"남여공학"},"geometry":{"type":"Point","coordinates":[127.076221790514,37.3210244179752]}},{"type":"Feature","properties":{"name":"화광중학교","kind":"school","level":"middle","class_size":27.0,"coedu":"남여공학"},"geometry":{"type":"Point","coordinates":[127.334952480318,37.6527641277259]}},{"type":"Feature","properties":{"name":"화수중학교","kind":"school","level":"middle","class_size":22.9,"coedu":"남여공학"},"geometry":{"type":"Point","coordinates":[126.834916024917,37.6452293780857]}},{"type":"Feature","properties":{"name":"화접중학교","kind":"school","level":"middle","class_size":25.7,"coedu":"남여공학"},"geometry":{"type":"Point","coordinates":[127.114755189178,37.6458544352565]}},{"type":"Feature","properties":{"name":"화정중학교","kind":"school","level":"middle","class_size":26.5,"coedu":"남여공학"},"geometry":{"type":"Point","coordinates":[126.826479559037,37.6349109194549]}},{"type":"Feature","properties":{"name":"화홍중학교","kind":"school","level":"middle","class_size":null,"coedu":"남여공학"},"geometry":{"type":"Point","coordinates":[127.034722834749,37.2472805806964]}},{"type":"Feature","properties":{"name":"회룡중학교","kind":"school","level":"middle","class_size":24.9,"coedu":"남여공학"},"geometry":{"type":"Point","coordinates":[127.043849873657,37.7153825795869]}},{"type":"Feature","properties":{"name":"효자중학교","kind":"school","level":"middle","class_size":24.3,"coedu":"남여공학"},"geometry":{"type":"Point","coordinates":[127.076985197284,37.7521917628742]}},{"type":"Feature","properties":{"name":"훈민중학교","kind":"school","level":"middle","class_size":27.4,"coedu":"남여공학"},"geometry":{"type":"Point","coordinates":[127.111752255352,37.7360758752892]}},{"type":"Feature","properties":{"name":"흥덕중학교","kind":"school","level":"middle","class_size":27.5,"coedu":"남여공학"},"geometry":{"type":"Point","coordinates":[127.079373561712,37.2768101011265]}},{"type":"Feature","properties":{"name":"강동중학교","kind":"school","level":"middle","class_size":22.1,"coedu":"남여공학"},"geometry":{"type":"Point","coordinates":[127.17790883049,37.5696502296451]}},{"type":"Feature","properties":{"name":"강명중학교","kind":"school","level":"middle","class_size":23.3,"coedu":"남여공학"},"geometry":{"type":"Point","coordinates":[127.174608361426,37.5556127825867]}},{"type":"Feature","properties":{"name":"강빛중학교","kind":"school","level":"middle","class_size":21.8,"coedu":"남여공학"},"geometry":{"type":"Point","coordinates":[127.170811116993,37.574330114172]}},{"type":"Feature","properties":{"name":"강일중학교","kind":"school","level":"middle","class_size":28.7,"coedu":"남여공학"},"geometry":{"type":"Point","coordinates":[127.138008577115,37.5553453453104]}},{"type":"Feature","properties":{"name":"고덕중학교","kind":"school","level":"middle","class_size":30.7,"coedu":"남여공학"},"geometry":{"type":"Point","coordinates":[127.161761886139,37.5603584289834]}},{"type":"Feature","properties":{"name":"동북중학교","kind":"school","level":"middle","class_size":29.5,"coedu":"남"},"geometry":{"type":"Point","coordinates":[127.139450654266,37.5202406144077]}},{"type":"Feature","properties":{"name":"동신중학교","kind":"school","level":"middle","class_size":21.1,"coedu":"남여공학"},"geometry":{"type":"Point","coordinates":[127.134366593349,37.5367695166843]}},{"type":"Feature","properties":{"name":"둔촌중학교","kind":"school","level":"middle","class_size":20.2,"coedu":"남여공학"},"geometry":{"type":"Point","coordinates":[127.146331741485,37.5308360856293]}},{"type":"Feature","properties":{"name":"명일중학교","kind":"school","level":"middle","class_size":29.4,"coedu":"남여공학"},"geometry":{"type":"Point","coordinates":[127.14729852725,37.5576563502383]}},{"type":"Feature","properties":{"name":"배재중학교","kind":"school","level":"middle","class_size":32.8,"coedu":"남"},"geometry":{"type":"Point","coordinates":[127.150160525237,37.5550559824557]}},{"type":"Feature","properties":{"name":"성내중학교","kind":"school","level":"middle","class_size":25.2,"coedu":"남여공학"},"geometry":{"type":"Point","coordinates":[127.129117291814,37.5290619074653]}},{"type":"Feature","properties":{"name":"성덕여자중학교","kind":"school","level":"middle","class_size":21.7,"coedu":"여"},"geometry":{"type":"Point","coordinates":[127.141541303447,37.5498545397762]}},{"type":"Feature","properties":{"name":"신명중학교","kind":"school","level":"middle","class_size":24.0,"coedu":"남여공학"},"geometry":{"type":"Point","coordinates":[127.149291882662,37.5418144867925]}},{"type":"Feature","properties":{"name":"신암중학교","kind":"school","level":"middle","class_size":24.5,"coedu":"남여공학"},"geometry":{"type":"Point","coordinates":[127.133604335628,37.5563616900258]}},{"type":"Feature","properties":{"name":"천일중학교","kind":"school","level":"middle","class_size":21.7,"coedu":"남여공학"},"geometry":{"type":"Point","coordinates":[127.128196604109,37.5458447527249]}},{"type":"Feature","properties":{"name":"천호중학교","kind":"school","level":"middle","class_size":22.9,"coedu":"남여공학"},"geometry":{"type":"Point","coordinates":[127.139697961268,37.5465192580007]}},{"type":"Feature","properties":{"name":"한산중학교","kind":"school","level":"middle","class_size":28.4,"coedu":"남여공학"},"geometry":{"type":"Point","coordinates":[127.140303398101,37.5289027355132]}},{"type":"Feature","properties":{"name":"한영중학교","kind":"school","level":"middle","class_size":31.9,"coedu":"남여공학"},"geometry":{"type":"Point","coordinates":[127.156927612469,37.5490844724681]}},{"type":"Feature","properties":{"name":"가락중학교","kind":"school","level":"middle","class_size":26.6,"coedu":"남여공학"},"geometry":{"type":"Point","coordinates":[127.11897125744,37.5023397085349]}},{"type":"Feature","properties":{"name":"가원중학교","kind":"school","level":"middle","class_size":25.9,"coedu":"남여공학"},"geometry":{"type":"Point","coordinates":[127.122978948911,37.4909683312292]}},{"type":"Feature","properties":{"name":"거원중학교","kind":"school","level":"middle","class_size":22.6,"coedu":"남여공학"},"geometry":{"type":"Point","coordinates":[127.146542554504,37.4876964764281]}},{"type":"Feature","properties":{"name":"문현중학교","kind":"school","level":"middle","class_size":24.2,"coedu":"남여공학"},"geometry":{"type":"Point","coordinates":[127.128244061598,37.4805587972062]}},{"type":"Feature","properties":{"name":"방산중학교","kind":"school","level":"middle","class_size":25.6,"coedu":"남여공학"},"geometry":{"type":"Point","coordinates":[127.121567809411,37.5093439082296]}},{"type":"Feature","properties":{"name":"방이중학교","kind":"school","level":"middle","class_size":23.5,"coedu":"남여공학"},"geometry":{"type":"Point","coordinates":[127.113373673739,37.5149508047144]}},{"type":"Feature","properties":{"name":"배명중학교","kind":"school","level":"middle","class_size":20.6,"coedu":"남"},"geometry":{"type":"Point","coordinates":[127.095811765574,37.4976894981876]}},{"type":"Feature","properties":{"name":"보성중학교","kind":"school","level":"middle","class_size":21.2,"coedu":"남"},"geometry":{"type":"Point","coordinates":[127.135729296295,37.5200898870034]}},{"type":"Feature","properties":{"name":"보인중학교","kind":"school","level":"middle","class_size":22.3,"coedu":"남"},"geometry":{"type":"Point","coordinates":[127.139517839227,37.4975692004431]}},{"type":"Feature","properties":{"name":"서울체육중학교","kind":"school","level":"middle","class_size":28.5,"coedu":"남여공학"},"geometry":{"type":"Point","coordinates":[127.129820534956,37.5223411062511]}},{"type":"Feature","properties":{"name":"석촌중학교","kind":"school","level":"middle","class_size":22.1,"coedu":"남여공학"},"geometry":{"type":"Point","coordinates":[127.121117352937,37.5014549929626]}},{"type":"Feature","properties":{"name":"세륜중학교","kind":"school","level":"middle","class_size":24.6,"coedu":"남여공학"},"geometry":{"type":"Point","coordinates":[127.131246387027,37.5089331446047]}},{"type":"Feature","properties":{"name":"송례중학교","kind":"school","level":"middle","class_size":25.3,"coedu":"남여공학"},"geometry":{"type":"Point","coordinates":[127.13973449828,37.4778330100686]}},{"type":"Feature","properties":{"name":"송파중학교","kind":"school","level":"middle","class_size":24.4,"coedu":"남여공학"},"geometry":{"type":"Point","coordinates":[127.129932432189,37.4959246234885]}},{"type":"Feature","properties":{"name":"신천중학교","kind":"school","level":"middle","class_size":30.2,"coedu":"남여공학"},"geometry":{"type":"Point","coordinates":[127.079283389854,37.5162500127349]}},{"type":"Feature","properties":{"name":"아주중학교","kind":"school","level":"middle","class_size":25.4,"coedu":"남여공학"},"geometry":{"type":"Point","coordinates":[127.076298941322,37.5052044945698]}},{"type":"Feature","properties":{"name":"영파여자중학교","kind":"school","level":"middle","class_size":17.1,"coedu":"여"},"geometry":{"type":"Point","coordinates":[127.119740221132,37.5327371486645]}},{"type":"Feature","properties":{"name":"오금중학교","kind":"school","level":"middle","class_size":25.9,"coedu":"남여공학"},"geometry":{"type":"Point","coordinates":[127.129112056324,37.5052111047982]}},{"type":"Feature","properties":{"name":"오륜중학교","kind":"school","level":"middle","class_size":26.0,"coedu":"남여공학"},"geometry":{"type":"Point","coordinates":[127.13852222328,37.5162947747499]}},{"type":"Feature","properties":{"name":"오주중학교","kind":"school","level":"middle","class_size":22.8,"coedu":"남여공학"},"geometry":{"type":"Point","coordinates":[127.136506477956,37.5014842537875]}},{"type":"Feature","properties":{"name":"위례솔중학교","kind":"school","level":"middle","class_size":25.4,"coedu":"남여공학"},"geometry":{"type":"Point","coordinates":[127.150354996473,37.4872591125777]}},{"type":"Feature","properties":{"name":"잠신중학교","kind":"school","level":"middle","class_size":29.4,"coedu":"남여공학"},"geometry":{"type":"Point","coordinates":[127.088243186371,37.5160817484345]}},{"type":"Feature","properties":{"name":"잠실여자중학교","kind":"school","level":"middle","class_size":21.9,"coedu":"여"},"geometry":{"type":"Point","coordinates":[127.114241325581,37.5017941334924]}},{"type":"Feature","properties":{"name":"잠실중학교","kind":"school","level":"middle","class_size":30.3,"coedu":"남여공학"},"geometry":{"type":"Point","coordinates":[127.09972830098,37.5173471687295]}},{"type":"Feature","properties":{"name":"정신여자중학교","kind":"school","level":"middle","class_size":27.8,"coedu":"여"},"geometry":{"type":"Point","coordinates":[127.073847329188,37.5094538398143]}},{"type":"Feature","properties":{"name":"풍납중학교","kind":"school","level":"middle","class_size":22.6,"coedu":"남여공학"},"geometry":{"type":"Point","coordinates":[127.115628322635,37.5253505135011]}},{"type":"Feature","properties":{"name":"풍성중학교","kind":"school","level":"middle","class_size":24.1,"coedu":"남여공학"},"geometry":{"type":"Point","coordinates":[127.113130689958,37.5252777887983]}},{"type":"Feature","properties":{"name":"해누리중학교","kind":"school","level":"middle","class_size":28.2,"coedu":"남여공학"},"geometry":{"type":"Point","coordinates":[127.102124196858,37.4984115921213]}},{"type":"Feature","properties":{"name":"개원중학교","kind":"school","level":"middle","class_size":30.2,"coedu":"남여공학"},"geometry":{"type":"Point","coordinates":[127.071900307455,37.4915905275033]}},{"type":"Feature","properties":{"name":"개포중학교","kind":"school","level":"middle","class_size":29.5,"coedu":"남여공학"},"geometry":{"type":"Point","coordinates":[127.062402866859,37.4804473919149]}},{"type":"Feature","properties":{"name":"구룡중학교","kind":"school","level":"middle","class_size":32.2,"coedu":"남여공학"},"geometry":{"type":"Point","coordinates":[127.056507505045,37.4862129389068]}},{"type":"Feature","properties":{"name":"단국대학교사범대학부속중학교","kind":"school","level":"middle","class_size":33.2,"coedu":"남"},"geometry":{"type":"Point","coordinates":[127.057768228297,37.4956174948977]}},{"type":"Feature","properties":{"name":"대명중학교","kind":"school","level":"middle","class_size":33.7,"coedu":"남여공학"},"geometry":{"type":"Point","coordinates":[127.060778124521,37.5063189430786]}},{"type":"Feature","properties":{"name":"대왕중학교","kind":"school","level":"middle","class_size":32.5,"coedu":"남여공학"},"geometry":{"type":"Point","coordinates":[127.087338052671,37.4834603317394]}},{"type":"Feature","properties":{"name":"대청중학교","kind":"school","level":"middle","class_size":33.2,"coedu":"남여공학"},"geometry":{"type":"Point","coordinates":[127.058033515123,37.490348545788]}},{"type":"Feature","properties":{"name":"대치중학교","kind":"school","level":"middle","class_size":31.2,"coedu":"남여공학"},"geometry":{"type":"Point","coordinates":[127.047065232332,37.4845775128634]}},{"type":"Feature","properties":{"name":"도곡중학교","kind":"school","level":"middle","class_size":32.1,"coedu":"남여공학"},"geometry":{"type":"Point","coordinates":[127.044785558988,37.4922937289635]}},{"type":"Feature","properties":{"name":"봉은중학교","kind":"school","level":"middle","class_size":23.1,"coedu":"남여공학"},"geometry":{"type":"Point","coordinates":[127.062389351922,37.5189766694152]}},{"type":"Feature","properties":{"name":"세곡중학교","kind":"school","level":"middle","class_size":27.1,"coedu":"남여공학"},"geometry":{"type":"Point","coordinates":[127.092583750444,37.4719648659665]}},{"type":"Feature","properties":{"name":"수서중학교","kind":"school","level":"middle","class_size":21.8,"coedu":"남여공학"},"geometry":{"type":"Point","coordinates":[127.102355480301,37.4912175755191]}},{"type":"Feature","properties":{"name":"숙명여자중학교","kind":"school","level":"middle","class_size":33.8,"coedu":"여"},"geometry":{"type":"Point","coordinates":[127.052612582715,37.4914753613052]}},{"type":"Feature","properties":{"name":"신구중학교","kind":"school","level":"middle","class_size":21.1,"coedu":"남여공학"},"geometry":{"type":"Point","coordinates":[127.031673073093,37.527450575618]}},{"type":"Feature","properties":{"name":"신사중학교","kind":"school","level":"middle","class_size":23.1,"coedu":"남여공학"},"geometry":{"type":"Point","coordinates":[127.020918846207,37.5246515742682]}},{"type":"Feature","properties":{"name":"압구정중학교","kind":"school","level":"middle","class_size":26.1,"coedu":"남여공학"},"geometry":{"type":"Point","coordinates":[127.033002687736,37.5302422355471]}},{"type":"Feature","properties":{"name":"언북중학교","kind":"school","level":"middle","class_size":23.4,"coedu":"남여공학"},"geometry":{"type":"Point","coordinates":[127.033490549669,37.5194111496903]}},{"type":"Feature","properties":{"name":"언주중학교","kind":"school","level":"middle","class_size":32.2,"coedu":"남여공학"},"geometry":{"type":"Point","coordinates":[127.046683245003,37.5146531581428]}},{"type":"Feature","properties":{"name":"역삼중학교","kind":"school","level":"middle","class_size":31.7,"coedu":"남여공학"},"geometry":{"type":"Point","coordinates":[127.04861289161,37.4959294910052]}},{"type":"Feature","properties":{"name":"은성중학교","kind":"school","level":"middle","class_size":33.4,"coedu":"남여공학"},"geometry":{"type":"Point","coordinates":[127.035021467585,37.4883484513575]}},{"type":"Feature","properties":{"name":"중동중학교","kind":"school","level":"middle","class_size":32.8,"coedu":"남"},"geometry":{"type":"Point","coordinates":[127.078681867052,37.4885699031176]}},{"type":"Feature","properties":{"name":"진선여자중학교","kind":"school","level":"middle","class_size":33.3,"coedu":"여"},"geometry":{"type":"Point","coordinates":[127.048286565491,37.5023028920315]}},{"type":"Feature","properties":{"name":"청담중학교","kind":"school","level":"middle","class_size":23.6,"coedu":"남여공학"},"geometry":{"type":"Point","coordinates":[127.044810120535,37.5286597910311]}},{"type":"Feature","properties":{"name":"휘문중학교","kind":"school","level":"middle","class_size":33.9,"coedu":"남"},"geometry":{"type":"Point","coordinates":[127.061993880621,37.5052894535671]}},{"type":"Feature","properties":{"name":"경원중학교","kind":"school","level":"middle","class_size":30.3,"coedu":"남여공학"},"geometry":{"type":"Point","coordinates":[127.009018254738,37.5115815961934]}},{"type":"Feature","properties":{"name":"내곡중학교","kind":"school","level":"middle","class_size":21.3,"coedu":"남여공학"},"geometry":{"type":"Point","coordinates":[127.054444623274,37.4520032504691]}},{"type":"Feature","properties":{"name":"동덕여자중학교","kind":"school","level":"middle","class_size":21.3,"coedu":"여"},"geometry":{"type":"Point","coordinates":[126.992615816174,37.4758460567445]}},{"type":"Feature","properties":{"name":"반포중학교","kind":"school","level":"middle","class_size":null,"coedu":"남"},"geometry":{"type":"Point","coordinates":[126.991603997827,37.5030523682879]}},{"type":"Feature","properties":{"name":"방배중학교","kind":"school","level":"middle","class_size":28.6,"coedu":"남여공학"},"geometry":{"type":"Point","coordinates":[126.997827018537,37.494868265986]}},{"type":"Feature","properties":{"name":"서문여자중학교","kind":"school","level":"middle","class_size":26.5,"coedu":"여"},"geometry":{"type":"Point","coordinates":[126.984545759343,37.4889197255873]}},{"type":"Feature","properties":{"name":"서운중학교","kind":"school","level":"middle","class_size":31.3,"coedu":"남여공학"},"geometry":{"type":"Point","coordinates":[127.024538241332,37.4939485124964]}},{"type":"Feature","properties":{"name":"서일중학교","kind":"school","level":"middle","class_size":30.2,"coedu":"남여공학"},"geometry":{"type":"Point","coordinates":[127.023220688907,37.4985298571843]}},{"type":"Feature","properties":{"name":"서초중학교","kind":"school","level":"middle","class_size":24.5,"coedu":"남여공학"},"geometry":{"type":"Point","coordinates":[127.009230848074,37.4854679830791]}},{"type":"Feature","properties":{"name":"세화여자중학교","kind":"school","level":"middle","class_size":22.5,"coedu":"여"},"geometry":{"type":"Point","coordinates":[126.994230013893,37.5019964569165]}},{"type":"Feature","properties":{"name":"신동중학교","kind":"school","level":"middle","class_size":31.3,"coedu":"남여공학"},"geometry":{"type":"Point","coordinates":[127.012915373961,37.5169158985011]}},{"type":"Feature","properties":{"name":"신반포중학교","kind":"school","level":"middle","class_size":29.7,"coedu":"남여공학"},"geometry":{"type":"Point","coordinates":[126.996124207907,37.5062653180781]}},{"type":"Feature","properties":{"name":"언남중학교","kind":"school","level":"middle","class_size":21.6,"coedu":"남여공학"},"geometry":{"type":"Point","coordinates":[127.043757102066,37.4723026220168]}},{"type":"Feature","properties":{"name":"원촌중학교","kind":"school","level":"middle","class_size":30.9,"coedu":"남여공학"},"geometry":{"type":"Point","coordinates":[127.014699724248,37.5063251046839]}},{"type":"Feature","properties":{"name":"이수중학교","kind":"school","level":"middle","class_size":27.1,"coedu":"남"},"geometry":{"type":"Point","coordinates":[126.989859045395,37.4806300322796]}},{"type":"Feature","properties":{"name":"관악중학교","kind":"school","level":"middle","class_size":20.0,"coedu":"남여공학"},"geometry":{"type":"Point","coordinates":[126.961912338875,37.4812582784976]}},{"type":"Feature","properties":{"name":"광신중학교","kind":"school","level":"middle","class_size":21.9,"coedu":"남여공학"},"geometry":{"type":"Point","coordinates":[126.925940565455,37.4644762024804]}},{"type":"Feature","properties":{"name":"구암중학교","kind":"school","level":"middle","class_size":24.1,"coedu":"남여공학"},"geometry":{"type":"Point","coordinates":[126.949035651603,37.4927662360841]}},{"type":"Feature","properties":{"name":"난우중학교","kind":"school","level":"middle","class_size":21.3,"coedu":"남여공학"},"geometry":{"type":"Point","coordinates":[126.922828324577,37.4668039555901]}},{"type":"Feature","properties":{"name":"남강중학교","kind":"school","level":"middle","class_size":18.0,"coedu":"남"},"geometry":{"type":"Point","coordinates":[126.924909105757,37.4713756726623]}},{"type":"Feature","properties":{"name":"남서울중학교","kind":"school","level":"middle","class_size":20.7,"coedu":"남여공학"},"geometry":{"type":"Point","coordinates":[126.921037135349,37.4821362472153]}},{"type":"Feature","properties":{"name":"당곡중학교","kind":"school","level":"middle","class_size":22.0,"coedu":"남여공학"},"geometry":{"type":"Point","coordinates":[126.932678731475,37.4923586311415]}},{"type":"Feature","properties":{"name":"미성중학교","kind":"school","level":"middle","class_size":24.1,"coedu":"남여공학"},"geometry":{"type":"Point","coordinates":[126.912088901502,37.4753828116217]}},{"type":"Feature","properties":{"name":"봉림중학교","kind":"school","level":"middle","class_size":18.3,"coedu":"남여공학"},"geometry":{"type":"Point","coordinates":[126.937702673305,37.4811981682395]}},{"type":"Feature","properties":{"name":"봉원중학교","kind":"school","level":"middle","class_size":21.8,"coedu":"남여공학"},"geometry":{"type":"Point","coordinates":[126.958890911497,37.4841027415012]}},{"type":"Feature","properties":{"name":"삼성중학교","kind":"school","level":"middle","class_size":20.2,"coedu":"남여공학"},"geometry":{"type":"Point","coordinates":[126.942513213832,37.4676058987272]}},{"type":"Feature","properties":{"name":"서울문영여자중학교","kind":"school","level":"middle","class_size":16.6,"coedu":"여"},"geometry":{"type":"Point","coordinates":[126.950918062755,37.4729045674501]}},{"type":"Feature","properties":{"name":"성보중학교","kind":"school","level":"middle","class_size":20.6,"coedu":"남여공학"},"geometry":{"type":"Point","coordinates":[126.920957326353,37.4807283676946]}},{"type":"Feature","properties":{"name":"신관중학교","kind":"school","level":"middle","class_size":17.8,"coedu":"남여공학"},"geometry":{"type":"Point","coordinates":[126.934452241482,37.4802012453571]}},{"type":"Feature","properties":{"name":"신림중학교","kind":"school","level":"middle","class_size":20.6,"coedu":"남여공학"},"geometry":{"type":"Point","coordinates":[126.946003990797,37.4703273364656]}},{"type":"Feature","properties":{"name":"인헌중학교","kind":"school","level":"middle","class_size":24.9,"coedu":"남여공학"},"geometry":{"type":"Point","coordinates":[126.968848481233,37.4726853122526]}},{"type":"Feature","properties":{"name":"강남중학교","kind":"school","level":"middle","class_size":19.8,"coedu":"남여공학"},"geometry":{"type":"Point","coordinates":[126.923346619702,37.5027626308253]}},{"type":"Feature","properties":{"name":"강현중학교","kind":"school","level":"middle","class_size":20.9,"coedu":"남여공학"},"geometry":{"type":"Point","coordinates":[126.930756309893,37.5031159857549]}},{"type":"Feature","properties":{"name":"국사봉중학교","kind":"school","level":"middle","class_size":20.5,"coedu":"남여공학"},"geometry":{"type":"Point","coordinates":[126.944055659373,37.493532631943]}},{"type":"Feature","properties":{"name":"남성중학교","kind":"school","level":"middle","class_size":20.4,"coedu":"남여공학"},"geometry":{"type":"Point","coordinates":[126.97241407945,37.4790082237647]}},{"type":"Feature","properties":{"name":"대방중학교","kind":"school","level":"middle","class_size":23.2,"coedu":"남여공학"},"geometry":{"type":"Point","coordinates":[126.91301619957,37.4954367843295]}},{"type":"Feature","properties":{"name":"동양중학교","kind":"school","level":"middle","class_size":22.7,"coedu":"남"},"geometry":{"type":"Point","coordinates":[126.957477481379,37.5102231403469]}},{"type":"Feature","properties":{"name":"동작중학교","kind":"school","level":"middle","class_size":25.3,"coedu":"남여공학"},"geometry":{"type":"Point","coordinates":[126.977801624632,37.4954619461448]}},{"type":"Feature","properties":{"name":"문창중학교","kind":"school","level":"middle","class_size":21.6,"coedu":"남여공학"},"geometry":{"type":"Point","coordinates":[126.922405470441,37.4958609410012]}},{"type":"Feature","properties":{"name":"사당중학교","kind":"school","level":"middle","class_size":23.7,"coedu":"남여공학"},"geometry":{"type":"Point","coordinates":[126.968540661313,37.4877611854985]}},{"type":"Feature","properties":{"name":"숭의여자중학교","kind":"school","level":"middle","class_size":23.8,"coedu":"여"},"geometry":{"type":"Point","coordinates":[126.92924328346,37.507364139341]}},{"type":"Feature","properties":{"name":"영등포중학교","kind":"school","level":"middle","class_size":17.1,"coedu":"남여공학"},"geometry":{"type":"Point","coordinates":[126.933143709837,37.5080854131193]}},{"type":"Feature","properties":{"name":"장승중학교","kind":"school","level":"middle","class_size":25.2,"coedu":"남여공학"},"geometry":{"type":"Point","coordinates":[126.940834004372,37.5031485833795]}},{"type":"Feature","properties":{"name":"중앙대학교사범대학부속중학교","kind":"school","level":"middle","class_size":26.0,"coedu":"남여공학"},"geometry":{"type":"Point","coordinates":[126.961732578732,37.503629418993]}},{"type":"Feature","properties":{"name":"당산서중학교","kind":"school","level":"middle","class_size":23.4,"coedu":"남여공학"},"geometry":{"type":"Point","coordinates":[126.898825095957,37.5324839425003]}},{"type":"Feature","properties":{"name":"당산중학교","kind":"school","level":"middle","class_size":24.1,"coedu":"남여공학"},"geometry":{"type":"Point","coordinates":[126.907614032983,37.5320330761599]}},{"type":"Feature","properties":{"name":"대림중학교","kind":"school","level":"middle","class_size":20.7,"coedu":"남여공학"},"geometry":{"type":"Point","coordinates":[126.906943001077,37.4921386164499]}},{"type":"Feature","properties":{"name":"대영중학교","kind":"school","level":"middle","class_size":23.8,"coedu":"남여공학"},"geometry":{"type":"Point","coordinates":[126.905208015838,37.5034378363342]}},{"type":"Feature","properties":{"name":"문래중학교","kind":"school","level":"middle","class_size":27.3,"coedu":"남여공학"},"geometry":{"type":"Point","coordinates":[126.884670886121,37.520362407627]}},{"type":"Feature","properties":{"name":"선유중학교","kind":"school","level":"middle","class_size":21.3,"coedu":"남여공학"},"geometry":{"type":"Point","coordinates":[126.894300682029,37.5332864654562]}},{"type":"Feature","properties":{"name":"신길중학교","kind":"school","level":"middle","class_size":25.3,"coedu":"남여공학"},"geometry":{"type":"Point","coordinates":[126.915435514602,37.5020345359595]}},{"type":"Feature","properties":{"name":"양화중학교","kind":"school","level":"middle","class_size":24.3,"coedu":"남여공학"},"geometry":{"type":"Point","coordinates":[126.895940834494,37.5195479164417]}},{"type":"Feature","properties":{"name":"여의도중학교","kind":"school","level":"middle","class_size":20.9,"coedu":"남여공학"},"geometry":{"type":"Point","coordinates":[126.935753141866,37.5239802029958]}},{"type":"Feature","properties":{"name":"영남중학교","kind":"school","level":"middle","class_size":19.3,"coedu":"남여공학"},"geometry":{"type":"Point","coordinates":[126.895836459703,37.4978721812656]}},{"type":"Feature","properties":{"name":"영원중학교","kind":"school","level":"middle","class_size":23.4,"coedu":"남여공학"},"geometry":{"type":"Point","coordinates":[126.913646864883,37.5149741902707]}},{"type":"Feature","properties":{"name":"윤중중학교","kind":"school","level":"middle","class_size":23.1,"coedu":"남여공학"},"geometry":{"type":"Point","coordinates":[126.924123155746,37.518930212016]}},{"type":"Feature","properties":{"name":"가산중학교","kind":"school","level":"middle","class_size":23.2,"coedu":"남여공학"},"geometry":{"type":"Point","coordinates":[126.894474890365,37.468777055274]}},{"type":"Feature","properties":{"name":"난곡중학교","kind":"school","level":"middle","class_size":18.1,"coedu":"남여공학"},"geometry":{"type":"Point","coordinates":[126.910791624653,37.4780455835119]}},{"type":"Feature","properties":{"name":"동일중학교","kind":"school","level":"middle","class_size":25.9,"coedu":"남여공학"},"geometry":{"type":"Point","coordinates":[126.915824008297,37.4519206711218]}},{"type":"Feature","properties":{"name":"문성중학교","kind":"school","level":"middle","class_size":19.4,"coedu":"남여공학"},"geometry":{"type":"Point","coordinates":[126.908493841535,37.4754682009333]}},{"type":"Feature","properties":{"name":"문일중학교","kind":"school","level":"middle","class_size":20.9,"coedu":"남"},"geometry":{"type":"Point","coordinates":[126.898720653088,37.4489152569278]}},{"type":"Feature","properties":{"name":"세일중학교","kind":"school","level":"middle","class_size":21.1,"coedu":"남여공학"},"geometry":{"type":"Point","coordinates":[126.895368861106,37.4745944107703]}},{"type":"Feature","properties":{"name":"시흥중학교","kind":"school","level":"middle","class_size":23.4,"coedu":"남여공학"},"geometry":{"type":"Point","coordinates":[126.905082280209,37.4462950730433]}},{"type":"Feature","properties":{"name":"안천중학교","kind":"school","level":"middle","class_size":23.6,"coedu":"남여공학"},"geometry":{"type":"Point","coordinates":[126.887498771184,37.4595242629201]}},{"type":"Feature","properties":{"name":"한울중학교","kind":"school","level":"middle","class_size":20.9,"coedu":"남여공학"},"geometry":{"type":"Point","coordinates":[126.907170322675,37.4624053084957]}},{"type":"Feature","properties":{"name":"개봉중학교","kind":"school","level":"middle","class_size":22.1,"coedu":"남여공학"},"geometry":{"type":"Point","coordinates":[126.842399758595,37.5035293156194]}},{"type":"Feature","properties":{"name":"개웅중학교","kind":"school","level":"middle","class_size":24.9,"coedu":"남여공학"},"geometry":{"type":"Point","coordinates":[126.851071080046,37.48752689616]}},{"type":"Feature","properties":{"name":"경인중학교","kind":"school","level":"middle","class_size":23.6,"coedu":"남여공학"},"geometry":{"type":"Point","coordinates":[126.853672529481,37.4984656617815]}},{"type":"Feature","properties":{"name":"고척중학교","kind":"school","level":"middle","class_size":25.3,"coedu":"남여공학"},"geometry":{"type":"Point","coordinates":[126.861342460735,37.4997408260167]}},{"type":"Feature","properties":{"name":"구로중학교","kind":"school","level":"middle","class_size":18.9,"coedu":"남여공학"},"geometry":{"type":"Point","coordinates":[126.891099914602,37.4948597203552]}},{"type":"Feature","properties":{"name":"구일중학교","kind":"school","level":"middle","class_size":24.5,"coedu":"남여공학"},"geometry":{"type":"Point","coordinates":[126.873770176593,37.4953009067244]}},{"type":"Feature","properties":{"name":"신도림중학교","kind":"school","level":"middle","class_size":28.7,"coedu":"남여공학"},"geometry":{"type":"Point","coordinates":[126.884811539693,37.510765959049]}},{"type":"Feature","properties":{"name":"영림중학교","kind":"school","level":"middle","class_size":22.9,"coedu":"남여공학"},"geometry":{"type":"Point","coordinates":[126.89071786561,37.4972281131318]}},{"type":"Feature","properties":{"name":"영서중학교","kind":"school","level":"middle","class_size":21.5,"coedu":"남여공학"},"geometry":{"type":"Point","coordinates":[126.89491012521,37.4897523897016]}},{"type":"Feature","properties":{"name":"오류중학교","kind":"school","level":"middle","class_size":20.9,"coedu":"남여공학"},"geometry":{"type":"Point","coordinates":[126.846523985639,37.5077291918003]}},{"type":"Feature","properties":{"name":"우신중학교","kind":"school","level":"middle","class_size":21.4,"coedu":"남"},"geometry":{"type":"Point","coordinates":[126.826353599765,37.4949023087281]}},{"type":"Feature","properties":{"name":"천왕중학교","kind":"school","level":"middle","class_size":22.8,"coedu":"남여공학"},"geometry":{"type":"Point","coordinates":[126.837333603453,37.4826544228754]}},{"type":"Feature","properties":{"name":"항동중학교","kind":"school","level":"middle","class_size":23.8,"coedu":"남여공학"},"geometry":{"type":"Point","coordinates":[126.82037207979,37.4828380762731]}},{"type":"Feature","properties":{"name":"경서중학교","kind":"school","level":"middle","class_size":11.0,"coedu":"남여공학"},"geometry":{"type":"Point","coordinates":[126.857763950485,37.5612418553699]}},{"type":"Feature","properties":{"name":"공항중학교","kind":"school","level":"middle","class_size":22.6,"coedu":"남여공학"},"geometry":{"type":"Point","coordinates":[126.814808958668,37.5621745590982]}},{"type":"Feature","properties":{"name":"덕원중학교","kind":"school","level":"middle","class_size":30.1,"coedu":"남여공학"},"geometry":{"type":"Point","coordinates":[126.829024518952,37.5486225773288]}},{"type":"Feature","properties":{"name":"등명중학교","kind":"school","level":"middle","class_size":25.1,"coedu":"남여공학"},"geometry":{"type":"Point","coordinates":[126.843304086976,37.5601933510779]}},{"type":"Feature","properties":{"name":"등원중학교","kind":"school","level":"middle","class_size":20.4,"coedu":"남여공학"},"geometry":{"type":"Point","coordinates":[126.85181537298,37.5597340202733]}},{"type":"Feature","properties":{"name":"등촌중학교","kind":"school","level":"middle","class_size":22.8,"coedu":"남여공학"},"geometry":{"type":"Point","coordinates":[126.859214787423,37.5524822120704]}},{"type":"Feature","properties":{"name":"마곡중학교","kind":"school","level":"middle","class_size":25.2,"coedu":"남여공학"},"geometry":{"type":"Point","coordinates":[126.821225902451,37.5680428098147]}},{"type":"Feature","properties":{"name":"마곡하늬중학교","kind":"school","level":"middle","class_size":27.4,"coedu":"남여공학"},"geometry":{"type":"Point","coordinates":[126.820984775861,37.5581678959806]}},{"type":"Feature","properties":{"name":"마포중학교","kind":"school","level":"middle","class_size":22.8,"coedu":"남"},"geometry":{"type":"Point","coordinates":[126.85286487714,37.5600277060889]}},{"type":"Feature","properties":{"name":"명덕여자중학교","kind":"school","level":"middle","class_size":29.5,"coedu":"여"},"geometry":{"type":"Point","coordinates":[126.8339773378,37.5538694849081]}},{"type":"Feature","properties":{"name":"방원중학교","kind":"school","level":"middle","class_size":21.8,"coedu":"남여공학"},"geometry":{"type":"Point","coordinates":[126.808220414193,37.5757386006668]}},{"type":"Feature","properties":{"name":"방화중학교","kind":"school","level":"middle","class_size":22.5,"coedu":"남여공학"},"geometry":{"type":"Point","coordinates":[126.807106919786,37.5643347062636]}},{"type":"Feature","properties":{"name":"삼정중학교","kind":"school","level":"middle","class_size":20.5,"coedu":"남여공학"},"geometry":{"type":"Point","coordinates":[126.810295495513,37.5812950426769]}},{"type":"Feature","properties":{"name":"성재중학교","kind":"school","level":"middle","class_size":20.7,"coedu":"남여공학"},"geometry":{"type":"Point","coordinates":[126.845404381505,37.569502050399]}},{"type":"Feature","properties":{"name":"송정중학교","kind":"school","level":"middle","class_size":20.5,"coedu":"남여공학"},"geometry":{"type":"Point","coordinates":[126.815243549144,37.5531580711075]}},{"type":"Feature","properties":{"name":"수명중학교","kind":"school","level":"middle","class_size":24.3,"coedu":"남여공학"},"geometry":{"type":"Point","coordinates":[126.824059627155,37.5485669904719]}},{"type":"Feature","properties":{"name":"신정여자중학교","kind":"school","level":"middle","class_size":22.5,"coedu":"여"},"geometry":{"type":"Point","coordinates":[126.85717155125,37.5384117486135]}},{"type":"Feature","properties":{"name":"염경중학교","kind":"school","level":"middle","class_size":23.8,"coedu":"남여공학"},"geometry":{"type":"Point","coordinates":[126.870529242403,37.5545378116366]}},{"type":"Feature","properties":{"name":"염창중학교","kind":"school","level":"middle","class_size":25.5,"coedu":"남여공학"},"geometry":{"type":"Point","coordinates":[126.871747328101,37.5542640665682]}},{"type":"Feature","properties":{"name":"화곡중학교","kind":"school","level":"middle","class_size":29.9,"coedu":"남"},"geometry":{"type":"Point","coordinates":[126.832679697779,37.5484125649861]}},{"type":"Feature","properties":{"name":"화원중학교","kind":"school","level":"middle","class_size":24.1,"coedu":"남여공학"},"geometry":{"type":"Point","coordinates":[126.84241336783,37.5362143598148]}},{"type":"Feature","properties":{"name":"강신중학교","kind":"school","level":"middle","class_size":22.0,"coedu":"남여공학"},"geometry":{"type":"Point","coordinates":[126.838160107241,37.5151371613165]}},{"type":"Feature","properties":{"name":"금옥중학교","kind":"school","level":"middle","class_size":25.0,"coedu":"남여공학"},"geometry":{"type":"Point","coordinates":[126.843971681779,37.5109653172242]}},{"type":"Feature","properties":{"name":"목동중학교","kind":"school","level":"middle","class_size":30.2,"coedu":"남여공학"},"geometry":{"type":"Point","coordinates":[126.871443390095,37.5209571978324]}},{"type":"Feature","properties":{"name":"목운중학교","kind":"school","level":"middle","class_size":30.5,"coedu":"남여공학"},"geometry":{"type":"Point","coordinates":[126.873044206364,37.527009517428]}},{"type":"Feature","properties":{"name":"목일중학교","kind":"school","level":"middle","class_size":30.4,"coedu":"남여공학"},"geometry":{"type":"Point","coordinates":[126.874268759045,37.5135084946262]}},{"type":"Feature","properties":{"name":"봉영여자중학교","kind":"school","level":"middle","class_size":25.2,"coedu":"여"},"geometry":{"type":"Point","coordinates":[126.86019842592,37.5092159752312]}},{"type":"Feature","properties":{"name":"신남중학교","kind":"school","level":"middle","class_size":22.0,"coedu":"남여공학"},"geometry":{"type":"Point","coordinates":[126.847826214409,37.520773887801]}},{"type":"Feature","properties":{"name":"신목중학교","kind":"school","level":"middle","class_size":29.1,"coedu":"남여공학"},"geometry":{"type":"Point","coordinates":[126.873071694902,37.5370249801402]}},{"type":"Feature","properties":{"name":"신서중학교","kind":"school","level":"middle","class_size":28.2,"coedu":"남여공학"},"geometry":{"type":"Point","coordinates":[126.855016428706,37.5159664434699]}},{"type":"Feature","properties":{"name":"신월중학교","kind":"school","level":"middle","class_size":23.0,"coedu":"남여공학"},"geometry":{"type":"Point","coordinates":[126.828389031623,37.5404619448842]}},{"type":"Feature","properties":{"name":"신화중학교","kind":"school","level":"middle","class_size":19.1,"coedu":"남여공학"},"geometry":{"type":"Point","coordinates":[126.829600421672,37.5406111025313]}},{"type":"Feature","properties":{"name":"양강중학교","kind":"school","level":"middle","class_size":22.5,"coedu":"남여공학"},"geometry":{"type":"Point","coordinates":[126.849620267451,37.5249101622153]}},{"type":"Feature","properties":{"name":"양동중학교","kind":"school","level":"middle","class_size":22.6,"coedu":"남여공학"},"geometry":{"type":"Point","coordinates":[126.868717090987,37.5483684817936]}},{"type":"Feature","properties":{"name":"양서중학교","kind":"school","level":"middle","class_size":21.9,"coedu":"남여공학"},"geometry":{"type":"Point","coordinates":[126.828972567552,37.5326758132812]}},{"type":"Feature","properties":{"name":"양정중학교","kind":"school","level":"middle","class_size":28.3,"coedu":"남"},"geometry":{"type":"Point","coordinates":[126.887734285049,37.5353922607054]}},{"type":"Feature","properties":{"name":"양천중학교","kind":"school","level":"middle","class_size":23.4,"coedu":"남여공학"},"geometry":{"type":"Point","coordinates":[126.830550787,37.5190011611899]}},{"type":"Feature","properties":{"name":"영도중학교","kind":"school","level":"middle","class_size":24.3,"coedu":"남"},"geometry":{"type":"Point","coordinates":[126.865774098095,37.5362985438349]}},{"type":"Feature","properties":{"name":"월촌중학교","kind":"school","level":"middle","class_size":29.4,"coedu":"남여공학"},"geometry":{"type":"Point","coordinates":[126.88275880551,37.5370651782493]}},{"type":"Feature","properties":{"name":"구산중학교","kind":"school","level":"middle","class_size":23.2,"coedu":"남여공학"},"geometry":{"type":"Point","coordinates":[126.90948871144,37.6098720248468]}},{"type":"Feature","properties":{"name":"대성중학교","kind":"school","level":"middle","class_size":17.5,"coedu":"남"},"geometry":{"type":"Point","coordinates":[126.909790703133,37.6231422778381]}},{"type":"Feature","properties":{"name":"불광중학교","kind":"school","level":"middle","class_size":23.6,"coedu":"남여공학"},"geometry":{"type":"Point","coordinates":[126.932389206759,37.6231798247545]}},{"type":"Feature","properties":{"name":"상신중학교","kind":"school","level":"middle","class_size":24.0,"coedu":"남여공학"},"geometry":{"type":"Point","coordinates":[126.906424934661,37.5897854748773]}},{"type":"Feature","properties":{"name":"선일여자중학교","kind":"school","level":"middle","class_size":20.0,"coedu":"여"},"geometry":{"type":"Point","coordinates":[126.911993073275,37.6203042094228]}},{"type":"Feature","properties":{"name":"선정중학교","kind":"school","level":"middle","class_size":21.2,"coedu":"남여공학"},"geometry":{"type":"Point","coordinates":[126.909031611714,37.6187045126614]}},{"type":"Feature","properties":{"name":"숭실중학교","kind":"school","level":"middle","class_size":22.3,"coedu":"남"},"geometry":{"type":"Point","coordinates":[126.902403937432,37.5932748232178]}},{"type":"Feature","properties":{"name":"신도중학교","kind":"school","level":"middle","class_size":24.7,"coedu":"남여공학"},"geometry":{"type":"Point","coordinates":[126.930713128967,37.6329931167171]}},{"type":"Feature","properties":{"name":"연서중학교","kind":"school","level":"middle","class_size":20.0,"coedu":"남여공학"},"geometry":{"type":"Point","coordinates":[126.909283597865,37.587027156188]}},{"type":"Feature","properties":{"name":"연신중학교","kind":"school","level":"middle","class_size":23.1,"coedu":"남여공학"},"geometry":{"type":"Point","coordinates":[126.924287913377,37.62353926398]}},{"type":"Feature","properties":{"name":"연천중학교","kind":"school","level":"middle","class_size":21.5,"coedu":"남여공학"},"geometry":{"type":"Point","coordinates":[126.925819848355,37.6275452130621]}},{"type":"Feature","properties":{"name":"영락중학교","kind":"school","level":"middle","class_size":28.3,"coedu":"남여공학"},"geometry":{"type":"Point","coordinates":[126.925180316438,37.5969602955013]}},{"type":"Feature","properties":{"name":"예일여자중학교","kind":"school","level":"middle","class_size":22.5,"coedu":"여"},"geometry":{"type":"Point","coordinates":[126.914792838283,37.6109458980893]}},{"type":"Feature","properties":{"name":"은평중학교","kind":"school","level":"middle","class_size":23.0,"coedu":"남여공학"},"geometry":{"type":"Point","coordinates":[126.908347176378,37.6106351824588]}},{"type":"Feature","properties":{"name":"증산중학교","kind":"school","level":"middle","class_size":22.8,"coedu":"남여공학"},"geometry":{"type":"Point","coordinates":[126.904939878075,37.5838153929282]}},{"type":"Feature","properties":{"name":"진관중학교","kind":"school","level":"middle","class_size":24.2,"coedu":"남여공학"},"geometry":{"type":"Point","coordinates":[126.925727657672,37.6442556363265]}},{"type":"Feature","properties":{"name":"충암중학교","kind":"school","level":"middle","class_size":27.8,"coedu":"남여공학"},"geometry":{"type":"Point","coordinates":[126.921809482886,37.5846402882465]}},{"type":"Feature","properties":{"name":"공릉중학교","kind":"school","level":"middle","class_size":23.4,"coedu":"남여공학"},"geometry":{"type":"Point","coordinates":[127.083501333421,37.6221359473952]}},{"type":"Feature","properties":{"name":"광운중학교","kind":"school","level":"middle","class_size":19.5,"coedu":"남"},"geometry":{"type":"Point","coordinates":[127.056540751938,37.6192431974844]}},{"type":"Feature","properties":{"name":"노원중학교","kind":"school","level":"middle","class_size":21.6,"coedu":"남여공학"},"geometry":{"type":"Point","coordinates":[127.059691996616,37.6493611386676]}},{"type":"Feature","properties":{"name":"노일중학교","kind":"school","level":"middle","class_size":23.7,"coedu":"남여공학"},"geometry":{"type":"Point","coordinates":[127.053889693074,37.6722888633529]}},{"type":"Feature","properties":{"name":"녹천중학교","kind":"school","level":"middle","class_size":21.3,"coedu":"남여공학"},"geometry":{"type":"Point","coordinates":[127.061742156935,37.6310791072444]}},{"type":"Feature","properties":{"name":"불암중학교","kind":"school","level":"middle","class_size":29.0,"coedu":"남여공학"},"geometry":{"type":"Point","coordinates":[127.073217164139,37.6454697408382]}},{"type":"Feature","properties":{"name":"상경중학교","kind":"school","level":"middle","class_size":24.5,"coedu":"남여공학"},"geometry":{"type":"Point","coordinates":[127.053705308096,37.6671487661533]}},{"type":"Feature","properties":{"name":"상계제일중학교","kind":"school","level":"middle","class_size":22.1,"coedu":"남여공학"},"geometry":{"type":"Point","coordinates":[127.078078515184,37.6610756041689]}},{"type":"Feature","properties":{"name":"상계중학교","kind":"school","level":"middle","class_size":20.8,"coedu":"남여공학"},"geometry":{"type":"Point","coordinates":[127.068552458297,37.6526541000987]}},{"type":"Feature","properties":{"name":"상명중학교","kind":"school","level":"middle","class_size":29.1,"coedu":"남여공학"},"geometry":{"type":"Point","coordinates":[127.067992875531,37.6495411678348]}},{"type":"Feature","properties":{"name":"상원중학교","kind":"school","level":"middle","class_size":23.1,"coedu":"남여공학"},"geometry":{"type":"Point","coordinates":[127.059783582989,37.6717249831458]}},{"type":"Feature","properties":{"name":"수락중학교","kind":"school","level":"middle","class_size":19.3,"coedu":"남여공학"},"geometry":{"type":"Point","coordinates":[127.054808336792,37.6831446942923]}},{"type":"Feature","properties":{"name":"신상중학교","kind":"school","level":"middle","class_size":22.7,"coedu":"남여공학"},"geometry":{"type":"Point","coordinates":[127.063986916145,37.6519030829222]}},{"type":"Feature","properties":{"name":"신창중학교","kind":"school","level":"middle","class_size":18.9,"coedu":"남여공학"},"geometry":{"type":"Point","coordinates":[127.047477602261,37.6285588034653]}},{"type":"Feature","properties":{"name":"염광중학교","kind":"school","level":"middle","class_size":22.1,"coedu":"남여공학"},"geometry":{"type":"Point","coordinates":[127.049264552091,37.6302844506448]}},{"type":"Feature","properties":{"name":"온곡중학교","kind":"school","level":"middle","class_size":23.7,"coedu":"남여공학"},"geometry":{"type":"Point","coordinates":[127.064332662253,37.660581424498]}},{"type":"Feature","properties":{"name":"월계중학교","kind":"school","level":"middle","class_size":19.1,"coedu":"남여공학"},"geometry":{"type":"Point","coordinates":[127.052320262288,37.6311311432951]}},{"type":"Feature","properties":{"name":"을지중학교","kind":"school","level":"middle","class_size":28.3,"coedu":"남여공학"},"geometry":{"type":"Point","coordinates":[127.071708403396,37.6497879094923]}},{"type":"Feature","properties":{"name":"재현중학교","kind":"school","level":"middle","class_size":24.0,"coedu":"남여공학"},"geometry":{"type":"Point","coordinates":[127.080799772038,37.6612906377296]}},{"type":"Feature","properties":{"name":"중계중학교","kind":"school","level":"middle","class_size":28.0,"coedu":"남여공학"},"geometry":{"type":"Point","coordinates":[127.074900383387,37.6556269059244]}},{"type":"Feature","properties":{"name":"중평중학교","kind":"school","level":"middle","class_size":25.8,"coedu":"남여공학"},"geometry":{"type":"Point","coordinates":[127.062335387205,37.6369763760003]}},{"type":"Feature","properties":{"name":"청원중학교","kind":"school","level":"middle","class_size":23.4,"coedu":"남여공학"},"geometry":{"type":"Point","coordinates":[127.062532889006,37.6652515464657]}},{"type":"Feature","properties":{"name":"태랑중학교","kind":"school","level":"middle","class_size":24.2,"coedu":"남여공학"},"geometry":{"type":"Point","coordinates":[127.09080728109,37.6269609216049]}},{"type":"Feature","properties":{"name":"하계중학교","kind":"school","level":"middle","class_size":23.5,"coedu":"남여공학"},"geometry":{"type":"Point","coordinates":[127.072333564792,37.6413699077314]}},{"type":"Feature","properties":{"name":"한천중학교","kind":"school","level":"middle","class_size":23.4,"coedu":"남여공학"},"geometry":{"type":"Point","coordinates":[127.072117818679,37.6312721593711]}},{"type":"Feature","properties":{"name":"노곡중학교","kind":"school","level":"middle","class_size":23.8,"coedu":"남여공학"},"geometry":{"type":"Point","coordinates":[127.053743652838,37.6488024156485]}},{"type":"Feature","properties":{"name":"도봉중학교","kind":"school","level":"middle","class_size":19.9,"coedu":"남여공학"},"geometry":{"type":"Point","coordinates":[127.045871656464,37.6708838426227]}},{"type":"Feature","properties":{"name":"방학중학교","kind":"school","level":"middle","class_size":21.2,"coedu":"남여공학"},"geometry":{"type":"Point","coordinates":[127.030859014878,37.6654512192487]}},{"type":"Feature","properties":{"name":"백운중학교","kind":"school","level":"middle","class_size":23.4,"coedu":"남여공학"},"geometry":{"type":"Point","coordinates":[127.035622286787,37.6562806786387]}},{"type":"Feature","properties":{"name":"북서울중학교","kind":"school","level":"middle","class_size":21.6,"coedu":"남여공학"},"geometry":{"type":"Point","coordinates":[127.042573542277,37.6815704209468]}},{"type":"Feature","properties":{"name":"선덕중학교","kind":"school","level":"middle","class_size":26.6,"coedu":"남여공학"},"geometry":{"type":"Point","coordinates":[127.026703057445,37.6562750160951]}},{"type":"Feature","properties":{"name":"신도봉중학교","kind":"school","level":"middle","class_size":20.5,"coedu":"남여공학"},"geometry":{"type":"Point","coordinates":[127.032838864654,37.6495520466193]}},{"type":"Feature","properties":{"name":"신방학중학교","kind":"school","level":"middle","class_size":24.3,"coedu":"남여공학"},"geometry":{"type":"Point","coordinates":[127.028898968518,37.6641404281763]}},{"type":"Feature","properties":{"name":"정의여자중학교","kind":"school","level":"middle","class_size":20.9,"coedu":"여"},"geometry":{"type":"Point","coordinates":[127.032427255133,37.6533558400471]}},{"type":"Feature","properties":{"name":"창동중학교","kind":"school","level":"middle","class_size":23.7,"coedu":"남여공학"},"geometry":{"type":"Point","coordinates":[127.048997534536,37.6632295672339]}},{"type":"Feature","properties":{"name":"창북중학교","kind":"school","level":"middle","class_size":24.6,"coedu":"남여공학"},"geometry":{"type":"Point","coordinates":[127.038832940575,37.6491157717023]}},{"type":"Feature","properties":{"name":"창일중학교","kind":"school","level":"middle","class_size":25.1,"coedu":"남여공학"},"geometry":{"type":"Point","coordinates":[127.046444592356,37.6489885948239]}},{"type":"Feature","properties":{"name":"효문중학교","kind":"school","level":"middle","class_size":23.8,"coedu":"남여공학"},"geometry":{"type":"Point","coordinates":[127.0184004627,37.6526987118348]}},{"type":"Feature","properties":{"name":"강북중학교","kind":"school","level":"middle","class_size":22.4,"coedu":"남여공학"},"geometry":{"type":"Point","coordinates":[127.025373389048,37.6449158953693]}},{"type":"Feature","properties":{"name":"번동중학교","kind":"school","level":"middle","class_size":21.7,"coedu":"남여공학"},"geometry":{"type":"Point","coordinates":[127.036206363566,37.6324556910711]}},{"type":"Feature","properties":{"name":"삼각산중학교","kind":"school","level":"middle","class_size":27.3,"coedu":"남여공학"},"geometry":{"type":"Point","coordinates":[127.014342650437,37.6160412359101]}},{"type":"Feature","properties":{"name":"서라벌중학교","kind":"school","level":"middle","class_size":21.3,"coedu":"남"},"geometry":{"type":"Point","coordinates":[127.011488328327,37.6569840292148]}},{"type":"Feature","properties":{"name":"성암여자중학교","kind":"school","level":"middle","class_size":22.1,"coedu":"여"},"geometry":{"type":"Point","coordinates":[127.023905892641,37.6204135324231]}},{"type":"Feature","properties":{"name":"솔샘중학교","kind":"school","level":"middle","class_size":20.0,"coedu":"남여공학"},"geometry":{"type":"Point","coordinates":[127.012068855446,37.6237648476803]}},{"type":"Feature","properties":{"name":"수송중학교","kind":"school","level":"middle","class_size":22.5,"coedu":"남여공학"},"geometry":{"type":"Point","coordinates":[127.03358552315,37.6367599332935]}},{"type":"Feature","properties":{"name":"수유중학교","kind":"school","level":"middle","class_size":23.3,"coedu":"남여공학"},"geometry":{"type":"Point","coordinates":[127.010319655123,37.6312894231046]}},{"type":"Feature","properties":{"name":"영훈국제중학교","kind":"school","level":"middle","class_size":33.1,"coedu":"남여공학"},"geometry":{"type":"Point","coordinates":[127.02809331872,37.6146818749027]}},{"type":"Feature","properties":{"name":"인수중학교","kind":"school","level":"middle","class_size":21.2,"coedu":"남여공학"},"geometry":{"type":"Point","coordinates":[127.009667145786,37.6437719058609]}},{"type":"Feature","properties":{"name":"창문여자중학교","kind":"school","level":"middle","class_size":22.2,"coedu":"여"},"geometry":{"type":"Point","coordinates":[127.035828005248,37.6134009168268]}},{"type":"Feature","properties":{"name":"화계중학교","kind":"school","level":"middle","class_size":20.5,"coedu":"남여공학"},"geometry":{"type":"Point","coordinates":[127.009709077901,37.6325180593561]}},{"type":"Feature","properties":{"name":"개운중학교","kind":"school","level":"middle","class_size":27.7,"coedu":"남여공학"},"geometry":{"type":"Point","coordinates":[127.024842114657,37.5946266547149]}},{"type":"Feature","properties":{"name":"고려대학교사범대학부속중학교","kind":"school","level":"middle","class_size":23.5,"coedu":"남여공학"},"geometry":{"type":"Point","coordinates":[127.002616144531,37.6080476933587]}},{"type":"Feature","properties":{"name":"고명중학교","kind":"school","level":"middle","class_size":28.2,"coedu":"남"},"geometry":{"type":"Point","coordinates":[127.019187491701,37.597674141541]}},{"type":"Feature","properties":{"name":"길음중학교","kind":"school","level":"middle","class_size":28.8,"coedu":"남여공학"},"geometry":{"type":"Point","coordinates":[127.017752359697,37.6140334599191]}},{"type":"Feature","properties":{"name":"남대문중학교","kind":"school","level":"middle","class_size":22.0,"coedu":"남"},"geometry":{"type":"Point","coordinates":[127.055981121102,37.6185360086599]}},{"type":"Feature","properties":{"name":"동구여자중학교","kind":"school","level":"middle","class_size":19.3,"coedu":"여"},"geometry":{"type":"Point","coordinates":[127.008215538987,37.5941065881018]}},{"type":"Feature","properties":{"name":"북악중학교","kind":"school","level":"middle","class_size":19.7,"coedu":"남여공학"},"geometry":{"type":"Point","coordinates":[127.001609529397,37.6070090504822]}},{"type":"Feature","properties":{"name":"삼선중학교","kind":"school","level":"middle","class_size":21.2,"coedu":"남"},"geometry":{"type":"Point","coordinates":[127.007872876935,37.5917443908697]}},{"type":"Feature","properties":{"name":"서울대학교사범대학부설중학교","kind":"school","level":"middle","class_size":20.8,"coedu":"남"},"geometry":{"type":"Point","coordinates":[127.039066241267,37.5958358987959]}},{"type":"Feature","properties":{"name":"석관중학교","kind":"school","level":"middle","class_size":22.3,"coedu":"남여공학"},"geometry":{"type":"Point","coordinates":[127.06671820308,37.608121575175]}},{"type":"Feature","properties":{"name":"성신여자중학교","kind":"school","level":"middle","class_size":28.0,"coedu":"여"},"geometry":{"type":"Point","coordinates":[127.023128563512,37.5946226781717]}},{"type":"Feature","properties":{"name":"숭곡중학교","kind":"school","level":"middle","class_size":23.6,"coedu":"남여공학"},"geometry":{"type":"Point","coordinates":[127.03124026118,37.6085534574833]}},{"type":"Feature","properties":{"name":"용문중학교","kind":"school","level":"middle","class_size":15.5,"coedu":"남"},"geometry":{"type":"Point","coordinates":[127.024660795253,37.5886903262008]}},{"type":"Feature","properties":{"name":"월곡중학교","kind":"school","level":"middle","class_size":21.7,"coedu":"남여공학"},"geometry":{"type":"Point","coordinates":[127.048259362361,37.6069823458659]}},{"type":"Feature","properties":{"name":"장위중학교","kind":"school","level":"middle","class_size":24.2,"coedu":"남여공학"},"geometry":{"type":"Point","coordinates":[127.040874553779,37.6112817727174]}},{"type":"Feature","properties":{"name":"종암중학교","kind":"school","level":"middle","class_size":22.1,"coedu":"남여공학"},"geometry":{"type":"Point","coordinates":[127.031747584508,37.5929705982623]}},{"type":"Feature","properties":{"name":"한성여자중학교","kind":"school","level":"middle","class_size":22.5,"coedu":"여"},"geometry":{"type":"Point","coordinates":[127.011312749775,37.5819996035219]}},{"type":"Feature","properties":{"name":"홍익대학교사범대학부속중학교","kind":"school","level":"middle","class_size":17.4,"coedu":"남"},"geometry":{"type":"Point","coordinates":[127.002804963597,37.5936666161184]}},{"type":"Feature","properties":{"name":"동원중학교","kind":"school","level":"middle","class_size":24.4,"coedu":"남여공학"},"geometry":{"type":"Point","coordinates":[127.109498124672,37.6038226403943]}},{"type":"Feature","properties":{"name":"면목중학교","kind":"school","level":"middle","class_size":24.9,"coedu":"남여공학"},"geometry":{"type":"Point","coordinates":[127.096589314058,37.5830114568554]}},{"type":"Feature","properties":{"name":"봉화중학교","kind":"school","level":"middle","class_size":18.9,"coedu":"남여공학"},"geometry":{"type":"Point","coordinates":[127.104315557629,37.5958275306695]}},{"type":"Feature","properties":{"name":"상봉중학교","kind":"school","level":"middle","class_size":24.3,"coedu":"남여공학"},"geometry":{"type":"Point","coordinates":[127.090124645592,37.601527985138]}},{"type":"Feature","properties":{"name":"송곡중학교","kind":"school","level":"middle","class_size":20.3,"coedu":"남여공학"},"geometry":{"type":"Point","coordinates":[127.10537791548,37.6065806263938]}},{"type":"Feature","properties":{"name":"신현중학교","kind":"school","level":"middle","class_size":22.9,"coedu":"남여공학"},"geometry":{"type":"Point","coordinates":[127.091532797561,37.6044645795756]}},{"type":"Feature","properties":{"name":"영란여자중학교","kind":"school","level":"middle","class_size":21.9,"coedu":"여"},"geometry":{"type":"Point","coordinates":[127.105332396209,37.6031323992803]}},{"type":"Feature","properties":{"name":"용마중학교","kind":"school","level":"middle","class_size":22.0,"coedu":"남여공학"},"geometry":{"type":"Point","coordinates":[127.086267425784,37.5745091144718]}},{"type":"Feature","properties":{"name":"원묵중학교","kind":"school","level":"middle","class_size":24.2,"coedu":"남여공학"},"geometry":{"type":"Point","coordinates":[127.084553885966,37.6178416319695]}},{"type":"Feature","properties":{"name":"중랑중학교","kind":"school","level":"middle","class_size":23.8,"coedu":"남여공학"},"geometry":{"type":"Point","coordinates":[127.080801743129,37.6053543032855]}},{"type":"Feature","properties":{"name":"중화중학교","kind":"school","level":"middle","class_size":21.7,"coedu":"남여공학"},"geometry":{"type":"Point","coordinates":[127.094557676333,37.5844483836252]}},{"type":"Feature","properties":{"name":"태릉중학교","kind":"school","level":"middle","class_size":22.9,"coedu":"남여공학"},"geometry":{"type":"Point","coordinates":[127.083435549639,37.6125319131001]}},{"type":"Feature","properties":{"name":"혜원여자중학교","kind":"school","level":"middle","class_size":22.7,"coedu":"여"},"geometry":{"type":"Point","coordinates":[127.097042711299,37.5932798745236]}},{"type":"Feature","properties":{"name":"경희여자중학교","kind":"school","level":"middle","class_size":22.6,"coedu":"여"},"geometry":{"type":"Point","coordinates":[127.054890960564,37.5939491407769]}},{"type":"Feature","properties":{"name":"경희중학교","kind":"school","level":"middle","class_size":24.2,"coedu":"남"},"geometry":{"type":"Point","coordinates":[127.054890960564,37.5939491407769]}},{"type":"Feature","properties":{"name":"대광중학교","kind":"school","level":"middle","class_size":23.7,"coedu":"남여공학"},"geometry":{"type":"Point","coordinates":[127.025328234604,37.5779549391135]}},{"type":"Feature","properties":{"name":"동국대학교사범대학부속중학교","kind":"school","level":"middle","class_size":24.7,"coedu":"남"},"geometry":{"type":"Point","coordinates":[127.075133018965,37.5780471818476]}},{"type":"Feature","properties":{"name":"동대문중학교","kind":"school","level":"middle","class_size":23.5,"coedu":"남여공학"},"geometry":{"type":"Point","coordinates":[127.051994343436,37.5745220668493]}},{"type":"Feature","properties":{"name":"숭인중학교","kind":"school","level":"middle","class_size":23.0,"coedu":"남여공학"},"geometry":{"type":"Point","coordinates":[127.043896480723,37.5738482581785]}},{"type":"Feature","properties":{"name":"장평중학교","kind":"school","level":"middle","class_size":24.1,"coedu":"남여공학"},"geometry":{"type":"Point","coordinates":[127.070477570556,37.5668596067189]}},{"type":"Feature","properties":{"name":"전농중학교","kind":"school","level":"middle","class_size":23.9,"coedu":"남여공학"},"geometry":{"type":"Point","coordinates":[127.059279434844,37.5820442761539]}},{"type":"Feature","properties":{"name":"전동중학교","kind":"school","level":"middle","class_size":21.9,"coedu":"남여공학"},"geometry":{"type":"Point","coordinates":[127.070929087368,37.5861935915453]}},{"type":"Feature","properties":{"name":"전일중학교","kind":"school","level":"middle","class_size":20.8,"coedu":"남여공학"},"geometry":{"type":"Point","coordinates":[127.058379516351,37.5825001768201]}},{"type":"Feature","properties":{"name":"정화여자중학교","kind":"school","level":"middle","class_size":13.9,"coedu":"여"},"geometry":{"type":"Point","coordinates":[127.041070321981,37.586048641672]}},{"type":"Feature","properties":{"name":"청량중학교","kind":"school","level":"middle","class_size":21.3,"coedu":"남여공학"},"geometry":{"type":"Point","coordinates":[127.050622549806,37.5882192071931]}},{"type":"Feature","properties":{"name":"휘경여자중학교","kind":"school","level":"middle","class_size":25.7,"coedu":"여"},"geometry":{"type":"Point","coordinates":[127.067434080061,37.5819005156881]}},{"type":"Feature","properties":{"name":"휘경중학교","kind":"school","level":"middle","class_size":21.0,"coedu":"남여공학"},"geometry":{"type":"Point","coordinates":[127.061746113577,37.5870929876308]}},{"type":"Feature","properties":{"name":"건국대학교사범대학부속중학교","kind":"school","level":"middle","class_size":24.7,"coedu":"남여공학"},"geometry":{"type":"Point","coordinates":[127.081597057268,37.5417240729902]}},{"type":"Feature","properties":{"name":"광양중학교","kind":"school","level":"middle","class_size":25.5,"coedu":"남여공학"},"geometry":{"type":"Point","coordinates":[127.08616998675,37.5308913414973]}},{"type":"Feature","properties":{"name":"광장중학교","kind":"school","level":"middle","class_size":22.8,"coedu":"남여공학"},"geometry":{"type":"Point","coordinates":[127.101927589353,37.5471775185817]}},{"type":"Feature","properties":{"name":"광진중학교","kind":"school","level":"middle","class_size":20.2,"coedu":"남여공학"},"geometry":{"type":"Point","coordinates":[127.090162126057,37.5322195901849]}},{"type":"Feature","properties":{"name":"구의중학교","kind":"school","level":"middle","class_size":21.2,"coedu":"남여공학"},"geometry":{"type":"Point","coordinates":[127.078840375276,37.5428503028479]}},{"type":"Feature","properties":{"name":"대원국제중학교","kind":"school","level":"middle","class_size":33.2,"coedu":"남여공학"},"geometry":{"type":"Point","coordinates":[127.089376716312,37.5624502219725]}},{"type":"Feature","properties":{"name":"동국대학교사범대학부속가람중학교","kind":"school","level":"middle","class_size":25.1,"coedu":"남여공학"},"geometry":{"type":"Point","coordinates":[127.086977917618,37.5419210650592]}},{"type":"Feature","properties":{"name":"양진중학교","kind":"school","level":"middle","class_size":25.2,"coedu":"남여공학"},"geometry":{"type":"Point","coordinates":[127.098714317037,37.5449782076528]}},{"type":"Feature","properties":{"name":"용곡중학교","kind":"school","level":"middle","class_size":24.3,"coedu":"남여공학"},"geometry":{"type":"Point","coordinates":[127.089275266763,37.5658339893237]}},{"type":"Feature","properties":{"name":"자양중학교","kind":"school","level":"middle","class_size":24.0,"coedu":"남여공학"},"geometry":{"type":"Point","coordinates":[127.074368913785,37.5357298982053]}},{"type":"Feature","properties":{"name":"경수중학교","kind":"school","level":"middle","class_size":17.8,"coedu":"남여공학"},"geometry":{"type":"Point","coordinates":[127.059267581283,37.5395077771664]}},{"type":"Feature","properties":{"name":"경일중학교","kind":"school","level":"middle","class_size":19.6,"coedu":"남여공학"},"geometry":{"type":"Point","coordinates":[127.047853796815,37.5438083798316]}},{"type":"Feature","properties":{"name":"광희중학교","kind":"school","level":"middle","class_size":24.3,"coedu":"남여공학"},"geometry":{"type":"Point","coordinates":[127.033980048989,37.5511545255411]}},{"type":"Feature","properties":{"name":"동마중학교","kind":"school","level":"middle","class_size":21.9,"coedu":"남여공학"},"geometry":{"type":"Point","coordinates":[127.040361360585,37.5628039441746]}},{"type":"Feature","properties":{"name":"마장중학교","kind":"school","level":"middle","class_size":21.6,"coedu":"남여공학"},"geometry":{"type":"Point","coordinates":[127.041605053834,37.5683388716972]}},{"type":"Feature","properties":{"name":"무학중학교","kind":"school","level":"middle","class_size":25.6,"coedu":"남여공학"},"geometry":{"type":"Point","coordinates":[127.031992242352,37.557701190017]}},{"type":"Feature","properties":{"name":"성수중학교","kind":"school","level":"middle","class_size":16.1,"coedu":"남여공학"},"geometry":{"type":"Point","coordinates":[127.038253431317,37.5473418143935]}},{"type":"Feature","properties":{"name":"성원중학교","kind":"school","level":"middle","class_size":15.3,"coedu":"남여공학"},"geometry":{"type":"Point","coordinates":[127.051383529488,37.5394518246786]}},{"type":"Feature","properties":{"name":"옥정중학교","kind":"school","level":"middle","class_size":23.0,"coedu":"남여공학"},"geometry":{"type":"Point","coordinates":[127.012983234555,37.5416703705205]}},{"type":"Feature","properties":{"name":"한양대학교사범대학부속중학교","kind":"school","level":"middle","class_size":21.1,"coedu":"남여공학"},"geometry":{"type":"Point","coordinates":[127.042324044658,37.5619188387132]}},{"type":"Feature","properties":{"name":"행당중학교","kind":"school","level":"middle","class_size":23.8,"coedu":"남여공학"},"geometry":{"type":"Point","coordinates":[127.041963387397,37.5545540364985]}},{"type":"Feature","properties":{"name":"배문중학교","kind":"school","level":"middle","class_size":19.3,"coedu":"남"},"geometry":{"type":"Point","coordinates":[126.963904100329,37.5499187190496]}},{"type":"Feature","properties":{"name":"보성여자중학교","kind":"school","level":"middle","class_size":18.9,"coedu":"여"},"geometry":{"type":"Point","coordinates":[126.984284175086,37.5430815444968]}},{"type":"Feature","properties":{"name":"선린중학교","kind":"school","level":"middle","class_size":20.0,"coedu":"남여공학"},"geometry":{"type":"Point","coordinates":[126.966079429641,37.5427676844581]}},{"type":"Feature","properties":{"name":"성심여자중학교","kind":"school","level":"middle","class_size":16.0,"coedu":"여"},"geometry":{"type":"Point","coordinates":[126.95459335968,37.534209370461]}},{"type":"Feature","properties":{"name":"신광여자중학교","kind":"school","level":"middle","class_size":19.9,"coedu":"여"},"geometry":{"type":"Point","coordinates":[126.969447523164,37.5428998795519]}},{"type":"Feature","properties":{"name":"오산중학교","kind":"school","level":"middle","class_size":22.1,"coedu":"남"},"geometry":{"type":"Point","coordinates":[127.000887240982,37.5235805097988]}},{"type":"Feature","properties":{"name":"용강중학교","kind":"school","level":"middle","class_size":25.9,"coedu":"남여공학"},"geometry":{"type":"Point","coordinates":[126.975485292591,37.5215769321647]}},{"type":"Feature","properties":{"name":"용산중학교","kind":"school","level":"middle","class_size":18.9,"coedu":"남"},"geometry":{"type":"Point","coordinates":[126.9809128899,37.5460125390171]}},{"type":"Feature","properties":{"name":"한강중학교","kind":"school","level":"middle","class_size":19.3,"coedu":"남여공학"},"geometry":{"type":"Point","coordinates":[126.992790867047,37.5236119183008]}},{"type":"Feature","properties":{"name":"금호중학교","kind":"school","level":"middle","class_size":18.2,"coedu":"남여공학"},"geometry":{"type":"Point","coordinates":[127.020846448277,37.558394748875]}},{"type":"Feature","properties":{"name":"대경중학교","kind":"school","level":"middle","class_size":20.7,"coedu":"남여공학"},"geometry":{"type":"Point","coordinates":[127.016979156363,37.5563732600255]}},{"type":"Feature","properties":{"name":"덕수중학교","kind":"school","level":"middle","class_size":17.6,"coedu":"남여공학"},"geometry":{"type":"Point","coordinates":[126.996997330546,37.5655795665775]}},{"type":"Feature","properties":{"name":"장원중학교","kind":"school","level":"middle","class_size":19.4,"coedu":"남여공학"},"geometry":{"type":"Point","coordinates":[127.006042884936,37.5539645178112]}},{"type":"Feature","properties":{"name":"장충중학교","kind":"school","level":"middle","class_size":16.9,"coedu":"남여공학"},"geometry":{"type":"Point","coordinates":[127.006414953028,37.5535149002283]}},{"type":"Feature","properties":{"name":"창덕여자중학교","kind":"school","level":"middle","class_size":15.5,"coedu":"여"},"geometry":{"type":"Point","coordinates":[126.96921017611,37.5664327974417]}},{"type":"Feature","properties":{"name":"한양중학교","kind":"school","level":"middle","class_size":15.3,"coedu":"남"},"geometry":{"type":"Point","coordinates":[127.011443307588,37.5658716036039]}},{"type":"Feature","properties":{"name":"환일중학교","kind":"school","level":"middle","class_size":15.7,"coedu":"남"},"geometry":{"type":"Point","coordinates":[126.962588449936,37.5537559309443]}},{"type":"Feature","properties":{"name":"경신중학교","kind":"school","level":"middle","class_size":18.6,"coedu":"남"},"geometry":{"type":"Point","coordinates":[126.999531005507,37.5922022663657]}},{"type":"Feature","properties":{"name":"대신중학교","kind":"school","level":"middle","class_size":19.6,"coedu":"남"},"geometry":{"type":"Point","coordinates":[126.96125454884,37.573123769216]}},{"type":"Feature","properties":{"name":"덕성여자중학교","kind":"school","level":"middle","class_size":13.3,"coedu":"여"},"geometry":{"type":"Point","coordinates":[126.981909156246,37.5777859821946]}},{"type":"Feature","properties":{"name":"배화여자중학교","kind":"school","level":"middle","class_size":20.9,"coedu":"여"},"geometry":{"type":"Point","coordinates":[126.967291871532,37.5795440101952]}},{"type":"Feature","properties":{"name":"상명대학교사범대학부속여자중학교","kind":"school","level":"middle","class_size":18.5,"coedu":"여"},"geometry":{"type":"Point","coordinates":[126.955159496571,37.604108905882]}},{"type":"Feature","properties":{"name":"서울대학교사범대학부설여자중학교","kind":"school","level":"middle","class_size":16.9,"coedu":"여"},"geometry":{"type":"Point","coordinates":[127.004315334067,37.577618353105]}},{"type":"Feature","properties":{"name":"중앙중학교","kind":"school","level":"middle","class_size":21.4,"coedu":"남여공학"},"geometry":{"type":"Point","coordinates":[126.987472622092,37.5837882231459]}},{"type":"Feature","properties":{"name":"청운중학교","kind":"school","level":"middle","class_size":21.4,"coedu":"남"},"geometry":{"type":"Point","coordinates":[126.971088602259,37.5891709420972]}},{"type":"Feature","properties":{"name":"가재울중학교","kind":"school","level":"middle","class_size":24.6,"coedu":"남여공학"},"geometry":{"type":"Point","coordinates":[126.909974232219,37.5750983516219]}},{"type":"Feature","properties":{"name":"경성중학교","kind":"school","level":"middle","class_size":21.3,"coedu":"남"},"geometry":{"type":"Point","coordinates":[126.919166278819,37.563510635781]}},{"type":"Feature","properties":{"name":"광성중학교","kind":"school","level":"middle","class_size":23.7,"coedu":"남"},"geometry":{"type":"Point","coordinates":[126.935969575594,37.5486975552073]}},{"type":"Feature","properties":{"name":"동도중학교","kind":"school","level":"middle","class_size":28.6,"coedu":"남여공학"},"geometry":{"type":"Point","coordinates":[126.948479002412,37.5466750773343]}},{"type":"Feature","properties":{"name":"동명여자중학교","kind":"school","level":"middle","class_size":20.3,"coedu":"여"},"geometry":{"type":"Point","coordinates":[126.962252871841,37.5686154223912]}},{"type":"Feature","properties":{"name":"명지중학교","kind":"school","level":"middle","class_size":26.0,"coedu":"남여공학"},"geometry":{"type":"Point","coordinates":[126.927090249447,37.5849113531243]}},{"type":"Feature","properties":{"name":"상암중학교","kind":"school","level":"middle","class_size":24.4,"coedu":"남여공학"},"geometry":{"type":"Point","coordinates":[126.887550793573,37.5790569198061]}},{"type":"Feature","properties":{"name":"서연중학교","kind":"school","level":"middle","class_size":20.5,"coedu":"남여공학"},"geometry":{"type":"Point","coordinates":[126.927137653568,37.5682162296874]}},{"type":"Feature","properties":{"name":"서울여자중학교","kind":"school","level":"middle","class_size":26.6,"coedu":"여"},"geometry":{"type":"Point","coordinates":[126.94902525222,37.5478000312208]}},{"type":"Feature","properties":{"name":"성산중학교","kind":"school","level":"middle","class_size":23.0,"coedu":"남여공학"},"geometry":{"type":"Point","coordinates":[126.916562846457,37.5473163695853]}},{"type":"Feature","properties":{"name":"숭문중학교","kind":"school","level":"middle","class_size":28.2,"coedu":"남"},"geometry":{"type":"Point","coordinates":[126.945886852057,37.5508909515504]}},{"type":"Feature","properties":{"name":"신수중학교","kind":"school","level":"middle","class_size":23.9,"coedu":"남여공학"},"geometry":{"type":"Point","coordinates":[126.934131984442,37.5459230000416]}},{"type":"Feature","properties":{"name":"신연중학교","kind":"school","level":"middle","class_size":18.6,"coedu":"남여공학"},"geometry":{"type":"Point","coordinates":[126.940382004992,37.582676783216]}},{"type":"Feature","properties":{"name":"아현중학교","kind":"school","level":"middle","class_size":25.8,"coedu":"남여공학"},"geometry":{"type":"Point","coordinates":[126.9565000215,37.5564007056196]}},{"type":"Feature","properties":{"name":"연북중학교","kind":"school","level":"middle","class_size":17.5,"coedu":"남여공학"},"geometry":{"type":"Point","coordinates":[126.938295387125,37.5775532912341]}},{"type":"Feature","properties":{"name":"연희중학교","kind":"school","level":"middle","class_size":25.0,"coedu":"남여공학"},"geometry":{"type":"Point","coordinates":[126.918791837695,37.5795872821657]}},{"type":"Feature","properties":{"name":"이화여자대학교사범대학부속이화・금란중학교","kind":"school","level":"middle","class_size":null,"coedu":"남여공학"},"geometry":{"type":"Point","coordinates":[126.944488566727,37.5626393076934]}},{"type":"Feature","properties":{"name":"인왕중학교","kind":"school","level":"middle","class_size":20.3,"coedu":"남여공학"},"geometry":{"type":"Point","coordinates":[126.951676034823,37.5921766077533]}},{"type":"Feature","properties":{"name":"정원여자중학교","kind":"school","level":"middle","class_size":16.5,"coedu":"여"},"geometry":{"type":"Point","coordinates":[126.933430493203,37.585375236102]}},{"type":"Feature","properties":{"name":"중암중학교","kind":"school","level":"middle","class_size":24.1,"coedu":"남여공학"},"geometry":{"type":"Point","coordinates":[126.903368570397,37.5724113191677]}},{"type":"Feature","properties":{"name":"중앙여자중학교","kind":"school","level":"middle","class_size":17.2,"coedu":"여"},"geometry":{"type":"Point","coordinates":[126.954059321222,37.5631767195176]}},{"type":"Feature","properties":{"name":"창천중학교","kind":"school","level":"middle","class_size":19.7,"coedu":"남여공학"},"geometry":{"type":"Point","coordinates":[126.939295148137,37.5549178201995]}},{"type":"Feature","properties":{"name":"한성중학교","kind":"school","level":"middle","class_size":14.2,"coedu":"남"},"geometry":{"type":"Point","coordinates":[126.954456481223,37.559096439531]}},{"type":"Feature","properties":{"name":"홍은중학교","kind":"school","level":"middle","class_size":21.4,"coedu":"남여공학"},"geometry":{"type":"Point","coordinates":[126.935752441047,37.5918915088396]}},{"type":"Feature","properties":{"name":"홍익대학교사범대학부속여자중학교","kind":"school","level":"middle","class_size":23.5,"coedu":"여"},"geometry":{"type":"Point","coordinates":[126.912928685692,37.559665162458]}},{"type":"Feature","properties":{"name":"이화여자대학교사범대학부속이화?금란중학교","kind":"school","level":"middle","class_size":null,"coedu":"남여공학"},"geometry":{"type":"Point","coordinates":[126.9444583361,37.5625009004]}},{"type":"Feature","properties":{"name":"공진중학교","kind":"school","level":"middle","class_size":null,"coedu":"남여공학"},"geometry":{"type":"Point","coordinates":[126.8510590517,37.5669248159]}},{"type":"Feature","properties":{"name":"영성여자중학교","kind":"school","level":"middle","class_size":null,"coedu":"남여공학"},"geometry":{"type":"Point","coordinates":[127.1535393988,37.4607340801]}},{"type":"Feature","properties":{"name":"창곡여자중학교","kind":"school","level":"middle","class_size":null,"coedu":"남여공학"},"geometry":{"type":"Point","coordinates":[127.1540921232,37.4607369647]}},{"type":"Feature","properties":{"name":"창곡중학교","kind":"school","level":"middle","class_size":null,"coedu":"남"},"geometry":{"type":"Point","coordinates":[127.15262,37.4606528]}},{"type":"Feature","properties":{"name":"청솔중학교","kind":"school","level":"middle","class_size":null,"coedu":"남여공학"},"geometry":{"type":"Point","coordinates":[127.110773784,37.3560149409]}},{"type":"Feature","properties":{"name":"안양서여자중학교","kind":"school","level":"middle","class_size":null,"coedu":"남여공학"},"geometry":{"type":"Point","coordinates":[126.9148166287,37.3881414742]}},{"type":"Feature","properties":{"name":"가락고등학교","kind":"school","level":"high","class_size":26.9,"coedu":"남여공학","hstype":"일반고"},"geometry":{"type":"Point","coordinates":[127.1173171404,37.501605692]}},{"type":"Feature","properties":{"name":"가재울고등학교","kind":"school","level":"high","class_size":25.9,"coedu":"남여공학","hstype":"일반고"},"geometry":{"type":"Point","coordinates":[126.9094973635,37.5743039406]}},{"type":"Feature","properties":{"name":"강동고등학교","kind":"school","level":"high","class_size":31.7,"coedu":"남여공학","hstype":"일반고"},"geometry":{"type":"Point","coordinates":[127.1606716303,37.5499276365]}},{"type":"Feature","properties":{"name":"강서고등학교","kind":"school","level":"high","class_size":26.8,"coedu":"남","hstype":"일반고"},"geometry":{"type":"Point","coordinates":[126.8663032169,37.5367742413]}},{"type":"Feature","properties":{"name":"강일고등학교","kind":"school","level":"high","class_size":23.1,"coedu":"남여공학","hstype":"일반고"},"geometry":{"type":"Point","coordinates":[127.1776848107,37.5642146854]}},{"type":"Feature","properties":{"name":"개포고등학교","kind":"school","level":"high","class_size":23.4,"coedu":"남여공학","hstype":"일반고"},"geometry":{"type":"Point","coordinates":[127.0585597201,37.4850745068]}},{"type":"Feature","properties":{"name":"건국대학교사범대학부속고등학교","kind":"school","level":"high","class_size":27.8,"coedu":"남여공학","hstype":"일반고"},"geometry":{"type":"Point","coordinates":[127.0803274475,37.5400013311]}},{"type":"Feature","properties":{"name":"경기고등학교","kind":"school","level":"high","class_size":23.2,"coedu":"남","hstype":"일반고"},"geometry":{"type":"Point","coordinates":[127.0561641026,37.5171478739]}},{"type":"Feature","properties":{"name":"경기기계공업고등학교","kind":"school","level":"high","class_size":14.5,"coedu":"남여공학","hstype":"특성화고"},"geometry":{"type":"Point","coordinates":[127.0752072705,37.6332646525]}},{"type":"Feature","properties":{"name":"경기상업고등학교","kind":"school","level":"high","class_size":16.6,"coedu":"남여공학","hstype":"특성화고"},"geometry":{"type":"Point","coordinates":[126.9698484856,37.5888155507]}},{"type":"Feature","properties":{"name":"경기여자고등학교","kind":"school","level":"high","class_size":26.3,"coedu":"여","hstype":"일반고"},"geometry":{"type":"Point","coordinates":[127.0655080198,37.4867431297]}},{"type":"Feature","properties":{"name":"경동고등학교","kind":"school","level":"high","class_size":21.3,"coedu":"남","hstype":"자율고"},"geometry":{"type":"Point","coordinates":[127.0145600341,37.5859677626]}},{"type":"Feature","properties":{"name":"경문고등학교","kind":"school","level":"high","class_size":26.5,"coedu":"남","hstype":"일반고"},"geometry":{"type":"Point","coordinates":[126.9816089219,37.4925875769]}},{"type":"Feature","properties":{"name":"경복고등학교","kind":"school","level":"high","class_size":20.0,"coedu":"남","hstype":"일반고"},"geometry":{"type":"Point","coordinates":[126.9718169466,37.5871437948]}},{"type":"Feature","properties":{"name":"경복비즈니스고등학교","kind":"school","level":"high","class_size":16.8,"coedu":"남여공학","hstype":"특성화고"},"geometry":{"type":"Point","coordinates":[126.8525346385,37.55800699]}},{"type":"Feature","properties":{"name":"경복여자고등학교","kind":"school","level":"high","class_size":26.1,"coedu":"여","hstype":"일반고"},"geometry":{"type":"Point","coordinates":[126.8508540812,37.5585130411]}},{"type":"Feature","properties":{"name":"경성고등학교","kind":"school","level":"high","class_size":24.0,"coedu":"남","hstype":"일반고"},"geometry":{"type":"Point","coordinates":[126.9188596605,37.563405099]}},{"type":"Feature","properties":{"name":"경신고등학교","kind":"school","level":"high","class_size":22.1,"coedu":"남","hstype":"일반고"},"geometry":{"type":"Point","coordinates":[127.0000634083,37.5922467763]}},{"type":"Feature","properties":{"name":"경인고등학교","kind":"school","level":"high","class_size":27.6,"coedu":"남여공학","hstype":"일반고"},"geometry":{"type":"Point","coordinates":[126.865768322,37.4968321755]}},{"type":"Feature","properties":{"name":"경일고등학교","kind":"school","level":"high","class_size":15.4,"coedu":"남여공학","hstype":"자율고"},"geometry":{"type":"Point","coordinates":[127.0471270576,37.5437241584]}},{"type":"Feature","properties":{"name":"경희고등학교","kind":"school","level":"high","class_size":29.9,"coedu":"남","hstype":"자율고"},"geometry":{"type":"Point","coordinates":[127.0548726148,37.5947171545]}},{"type":"Feature","properties":{"name":"경희여자고등학교","kind":"school","level":"high","class_size":25.0,"coedu":"여","hstype":"일반고"},"geometry":{"type":"Point","coordinates":[127.0510863356,37.595046815]}},{"type":"Feature","properties":{"name":"계성고등학교","kind":"school","level":"high","class_size":26.5,"coedu":"남여공학","hstype":"일반고"},"geometry":{"type":"Point","coordinates":[127.0203446363,37.6075546591]}},{"type":"Feature","properties":{"name":"고려대학교사범대학부속고등학교","kind":"school","level":"high","class_size":25.2,"coedu":"남","hstype":"일반고"},"geometry":{"type":"Point","coordinates":[127.0015946401,37.6098151826]}},{"type":"Feature","properties":{"name":"고명외식고등학교","kind":"school","level":"high","class_size":18.5,"coedu":"남여공학","hstype":"특성화고"},"geometry":{"type":"Point","coordinates":[127.0202467245,37.5972978008]}},{"type":"Feature","properties":{"name":"고척고등학교","kind":"school","level":"high","class_size":25.5,"coedu":"남여공학","hstype":"자율고"},"geometry":{"type":"Point","coordinates":[126.8508081768,37.5088498532]}},{"type":"Feature","properties":{"name":"공항고등학교","kind":"school","level":"high","class_size":24.1,"coedu":"남여공학","hstype":"일반고"},"geometry":{"type":"Point","coordinates":[126.8183577621,37.5704507541]}},{"type":"Feature","properties":{"name":"관악고등학교","kind":"school","level":"high","class_size":24.5,"coedu":"남여공학","hstype":"일반고"},"geometry":{"type":"Point","coordinates":[126.8829272731,37.5217956287]}},{"type":"Feature","properties":{"name":"광남고등학교","kind":"school","level":"high","class_size":24.9,"coedu":"남여공학","hstype":"일반고"},"geometry":{"type":"Point","coordinates":[127.1015291051,37.5413869612]}},{"type":"Feature","properties":{"name":"광문고등학교","kind":"school","level":"high","class_size":31.7,"coedu":"남여공학","hstype":"일반고"},"geometry":{"type":"Point","coordinates":[127.1583398505,37.5603499133]}},{"type":"Feature","properties":{"name":"광성고등학교","kind":"school","level":"high","class_size":25.3,"coedu":"남","hstype":"일반고"},"geometry":{"type":"Point","coordinates":[126.9368211353,37.5485550254]}},{"type":"Feature","properties":{"name":"광신고등학교","kind":"school","level":"high","class_size":24.4,"coedu":"남여공학","hstype":"일반고"},"geometry":{"type":"Point","coordinates":[126.9258571862,37.4646632903]}},{"type":"Feature","properties":{"name":"광신방송예술고등학교","kind":"school","level":"high","class_size":18.2,"coedu":"남여공학","hstype":"특성화고"},"geometry":{"type":"Point","coordinates":[126.9247483036,37.4657870514]}},{"type":"Feature","properties":{"name":"광양고등학교","kind":"school","level":"high","class_size":20.2,"coedu":"남여공학","hstype":"자율고"},"geometry":{"type":"Point","coordinates":[127.0852487822,37.5294561745]}},{"type":"Feature","properties":{"name":"광영고등학교","kind":"school","level":"high","class_size":25.9,"coedu":"남","hstype":"일반고"},"geometry":{"type":"Point","coordinates":[126.8232744768,37.5376006672]}},{"type":"Feature","properties":{"name":"광영여자고등학교","kind":"school","level":"high","class_size":26.8,"coedu":"여","hstype":"일반고"},"geometry":{"type":"Point","coordinates":[126.8248939837,37.5379202314]}},{"type":"Feature","properties":{"name":"광운인공지능고등학교","kind":"school","level":"high","class_size":15.1,"coedu":"남여공학","hstype":"특성화고"},"geometry":{"type":"Point","coordinates":[127.0562917945,37.6207586877]}},{"type":"Feature","properties":{"name":"구로고등학교","kind":"school","level":"high","class_size":27.8,"coedu":"남여공학","hstype":"일반고"},"geometry":{"type":"Point","coordinates":[126.8900108414,37.4987799804]}},{"type":"Feature","properties":{"name":"구암고등학교","kind":"school","level":"high","class_size":24.2,"coedu":"남여공학","hstype":"일반고"},"geometry":{"type":"Point","coordinates":[126.9499108932,37.4924090007]}},{"type":"Feature","properties":{"name":"구일고등학교","kind":"school","level":"high","class_size":28.2,"coedu":"남여공학","hstype":"일반고"},"geometry":{"type":"Point","coordinates":[126.8739284364,37.4941904052]}},{"type":"Feature","properties":{"name":"구현고등학교","kind":"school","level":"high","class_size":27.5,"coedu":"남여공학","hstype":"자율고"},"geometry":{"type":"Point","coordinates":[126.8743718791,37.5021918094]}},{"type":"Feature","properties":{"name":"국립국악고등학교","kind":"school","level":"high","class_size":28.1,"coedu":"남여공학","hstype":"특목고"},"geometry":{"type":"Point","coordinates":[127.0513310512,37.4763885379]}},{"type":"Feature","properties":{"name":"국립전통예술고등학교","kind":"school","level":"high","class_size":28.8,"coedu":"남여공학","hstype":"특목고"},"geometry":{"type":"Point","coordinates":[126.9064693689,37.4463697917]}},{"type":"Feature","properties":{"name":"금옥여자고등학교","kind":"school","level":"high","class_size":24.5,"coedu":"여","hstype":"일반고"},"geometry":{"type":"Point","coordinates":[126.8445874496,37.5110655097]}},{"type":"Feature","properties":{"name":"금천고등학교","kind":"school","level":"high","class_size":24.3,"coedu":"남여공학","hstype":"일반고"},"geometry":{"type":"Point","coordinates":[126.9053682766,37.4448822419]}},{"type":"Feature","properties":{"name":"금호고등학교","kind":"school","level":"high","class_size":19.4,"coedu":"남여공학","hstype":"일반고"},"geometry":{"type":"Point","coordinates":[127.0237386355,37.5535304379]}},{"type":"Feature","properties":{"name":"남강고등학교","kind":"school","level":"high","class_size":23.0,"coedu":"남","hstype":"일반고"},"geometry":{"type":"Point","coordinates":[126.9256472101,37.4723785133]}},{"type":"Feature","properties":{"name":"노원고등학교","kind":"school","level":"high","class_size":21.0,"coedu":"남여공학","hstype":"일반고"},"geometry":{"type":"Point","coordinates":[127.0532770563,37.6628072241]}},{"type":"Feature","properties":{"name":"누원고등학교","kind":"school","level":"high","class_size":21.9,"coedu":"남여공학","hstype":"일반고"},"geometry":{"type":"Point","coordinates":[127.0502640798,37.6855889091]}},{"type":"Feature","properties":{"name":"단국대학교부속소프트웨어고등학교","kind":"school","level":"high","class_size":19.9,"coedu":"남","hstype":"특성화고"},"geometry":{"type":"Point","coordinates":[127.0576519722,37.4956086317]}},{"type":"Feature","properties":{"name":"단국대학교사범대학부속고등학교","kind":"school","level":"high","class_size":28.7,"coedu":"남","hstype":"일반고"},"geometry":{"type":"Point","coordinates":[127.0561195944,37.4954706146]}},{"type":"Feature","properties":{"name":"당곡고등학교","kind":"school","level":"high","class_size":28.1,"coedu":"남여공학","hstype":"자율고"},"geometry":{"type":"Point","coordinates":[126.9350167563,37.4918106863]}},{"type":"Feature","properties":{"name":"대경생활과학고등학교","kind":"school","level":"high","class_size":15.5,"coedu":"남여공학","hstype":"특성화고"},"geometry":{"type":"Point","coordinates":[127.0175150054,37.5567138489]}},{"type":"Feature","properties":{"name":"대광고등학교","kind":"school","level":"high","class_size":25.0,"coedu":"남","hstype":"자율고"},"geometry":{"type":"Point","coordinates":[127.0244119292,37.5775941038]}},{"type":"Feature","properties":{"name":"대동세무고등학교","kind":"school","level":"high","class_size":19.3,"coedu":"남여공학","hstype":"특성화고"},"geometry":{"type":"Point","coordinates":[126.9879586246,37.5818955568]}},{"type":"Feature","properties":{"name":"대성고등학교","kind":"school","level":"high","class_size":25.7,"coedu":"남","hstype":"일반고"},"geometry":{"type":"Point","coordinates":[126.9098097257,37.6231486894]}},{"type":"Feature","properties":{"name":"대신고등학교","kind":"school","level":"high","class_size":16.4,"coedu":"남","hstype":"일반고"},"geometry":{"type":"Point","coordinates":[126.9619555262,37.5734855664]}},{"type":"Feature","properties":{"name":"대영고등학교","kind":"school","level":"high","class_size":26.0,"coedu":"남여공학","hstype":"자율고"},"geometry":{"type":"Point","coordinates":[126.90593634,37.5038033257]}},{"type":"Feature","properties":{"name":"대원고등학교","kind":"school","level":"high","class_size":24.8,"coedu":"남","hstype":"일반고"},"geometry":{"type":"Point","coordinates":[127.089529351,37.5631647765]}},{"type":"Feature","properties":{"name":"대원여자고등학교","kind":"school","level":"high","class_size":23.4,"coedu":"여","hstype":"일반고"},"geometry":{"type":"Point","coordinates":[127.0894243809,37.562462079]}},{"type":"Feature","properties":{"name":"대원외국어고등학교","kind":"school","level":"high","class_size":25.7,"coedu":"남여공학","hstype":"특목고"},"geometry":{"type":"Point","coordinates":[127.0891043682,37.5636624479]}},{"type":"Feature","properties":{"name":"대일고등학교","kind":"school","level":"high","class_size":25.3,"coedu":"남","hstype":"일반고"},"geometry":{"type":"Point","coordinates":[126.8633949736,37.5394829219]}},{"type":"Feature","properties":{"name":"대일관광고등학교","kind":"school","level":"high","class_size":16.7,"coedu":"여","hstype":"특성화고"},"geometry":{"type":"Point","coordinates":[126.8349047941,37.5114127746]}},{"type":"Feature","properties":{"name":"대일외국어고등학교","kind":"school","level":"high","class_size":24.6,"coedu":"남여공학","hstype":"특목고"},"geometry":{"type":"Point","coordinates":[127.0140625234,37.6135165195]}},{"type":"Feature","properties":{"name":"대진고등학교","kind":"school","level":"high","class_size":24.8,"coedu":"남","hstype":"일반고"},"geometry":{"type":"Point","coordinates":[127.0747905809,37.6380077034]}},{"type":"Feature","properties":{"name":"대진디자인고등학교","kind":"school","level":"high","class_size":15.5,"coedu":"남여공학","hstype":"특성화고"},"geometry":{"type":"Point","coordinates":[127.0961410357,37.4904271167]}},{"type":"Feature","properties":{"name":"대진여자고등학교","kind":"school","level":"high","class_size":23.9,"coedu":"여","hstype":"일반고"},"geometry":{"type":"Point","coordinates":[127.0671435111,37.6462004477]}},{"type":"Feature","properties":{"name":"덕성여자고등학교","kind":"school","level":"high","class_size":21.6,"coedu":"여","hstype":"일반고"},"geometry":{"type":"Point","coordinates":[126.9832045055,37.5781432376]}},{"type":"Feature","properties":{"name":"덕수고등학교","kind":"school","level":"high","class_size":25.1,"coedu":"남여공학","hstype":"일반고"},"geometry":{"type":"Point","coordinates":[127.146776092,37.4852348145]}},{"type":"Feature","properties":{"name":"덕원여자고등학교","kind":"school","level":"high","class_size":24.7,"coedu":"여","hstype":"일반고"},"geometry":{"type":"Point","coordinates":[126.8286359203,37.5482259354]}},{"type":"Feature","properties":{"name":"덕원예술고등학교","kind":"school","level":"high","class_size":38.8,"coedu":"남여공학","hstype":"특목고"},"geometry":{"type":"Point","coordinates":[126.8283473637,37.5497031524]}},{"type":"Feature","properties":{"name":"덕일전자공업고등학교","kind":"school","level":"high","class_size":11.7,"coedu":"남여공학","hstype":"특성화고"},"geometry":{"type":"Point","coordinates":[126.8369817378,37.4904654904]}},{"type":"Feature","properties":{"name":"도선고등학교","kind":"school","level":"high","class_size":20.0,"coedu":"남여공학","hstype":"일반고"},"geometry":{"type":"Point","coordinates":[127.0271249213,37.5666410155]}},{"type":"Feature","properties":{"name":"독산고등학교","kind":"school","level":"high","class_size":21.7,"coedu":"남여공학","hstype":"일반고"},"geometry":{"type":"Point","coordinates":[126.9108548157,37.4762435224]}},{"type":"Feature","properties":{"name":"동국대학교사범대학부속가람고등학교","kind":"school","level":"high","class_size":24.7,"coedu":"남여공학","hstype":"일반고"},"geometry":{"type":"Point","coordinates":[127.087025194,37.5432654114]}},{"type":"Feature","properties":{"name":"동국대학교사범대학부속고등학교","kind":"school","level":"high","class_size":29.0,"coedu":"남","hstype":"일반고"},"geometry":{"type":"Point","coordinates":[127.0746264168,37.5780487646]}},{"type":"Feature","properties":{"name":"동덕여자고등학교","kind":"school","level":"high","class_size":24.8,"coedu":"여","hstype":"일반고"},"geometry":{"type":"Point","coordinates":[126.9925249201,37.4758588454]}},{"type":"Feature","properties":{"name":"동명생활경영고등학교","kind":"school","level":"high","class_size":16.1,"coedu":"여","hstype":"특성화고"},"geometry":{"type":"Point","coordinates":[126.9228342693,37.614301216]}},{"type":"Feature","properties":{"name":"동명여자고등학교","kind":"school","level":"high","class_size":24.6,"coedu":"여","hstype":"일반고"},"geometry":{"type":"Point","coordinates":[126.9250382017,37.6144558046]}},{"type":"Feature","properties":{"name":"동북고등학교","kind":"school","level":"high","class_size":27.8,"coedu":"남","hstype":"일반고"},"geometry":{"type":"Point","coordinates":[127.1412226668,37.5196933124]}},{"type":"Feature","properties":{"name":"동성고등학교","kind":"school","level":"high","class_size":23.3,"coedu":"남","hstype":"자율고"},"geometry":{"type":"Point","coordinates":[127.0030659488,37.5850748357]}},{"type":"Feature","properties":{"name":"동양고등학교","kind":"school","level":"high","class_size":24.2,"coedu":"남","hstype":"일반고"},"geometry":{"type":"Point","coordinates":[126.8473015063,37.569010504]}},{"type":"Feature","properties":{"name":"동일여자고등학교","kind":"school","level":"high","class_size":25.1,"coedu":"여","hstype":"일반고"},"geometry":{"type":"Point","coordinates":[126.9162688316,37.4510191629]}},{"type":"Feature","properties":{"name":"동작고등학교","kind":"school","level":"high","class_size":24.0,"coedu":"남여공학","hstype":"일반고"},"geometry":{"type":"Point","coordinates":[126.9653687006,37.4825638227]}},{"type":"Feature","properties":{"name":"둔촌고등학교","kind":"school","level":"high","class_size":26.5,"coedu":"남여공학","hstype":"일반고"},"geometry":{"type":"Point","coordinates":[127.1443801187,37.5309988658]}},{"type":"Feature","properties":{"name":"등촌고등학교","kind":"school","level":"high","class_size":22.9,"coedu":"남여공학","hstype":"자율고"},"geometry":{"type":"Point","coordinates":[126.8452312811,37.5629495166]}},{"type":"Feature","properties":{"name":"리라아트고등학교","kind":"school","level":"high","class_size":19.9,"coedu":"남여공학","hstype":"특성화고"},"geometry":{"type":"Point","coordinates":[126.9882568588,37.5571902907]}},{"type":"Feature","properties":{"name":"마포고등학교","kind":"school","level":"high","class_size":24.6,"coedu":"남","hstype":"일반고"},"geometry":{"type":"Point","coordinates":[126.8534229246,37.5598190988]}},{"type":"Feature","properties":{"name":"면목고등학교","kind":"school","level":"high","class_size":23.2,"coedu":"남","hstype":"자율고"},"geometry":{"type":"Point","coordinates":[127.0964976619,37.5847182828]}},{"type":"Feature","properties":{"name":"명덕고등학교","kind":"school","level":"high","class_size":25.3,"coedu":"남","hstype":"일반고"},"geometry":{"type":"Point","coordinates":[126.8354584404,37.5539047149]}},{"type":"Feature","properties":{"name":"명덕여자고등학교","kind":"school","level":"high","class_size":26.2,"coedu":"여","hstype":"일반고"},"geometry":{"type":"Point","coordinates":[126.8343807856,37.5540257438]}},{"type":"Feature","properties":{"name":"명덕외국어고등학교","kind":"school","level":"high","class_size":25.0,"coedu":"남여공학","hstype":"특목고"},"geometry":{"type":"Point","coordinates":[126.8334254161,37.5541181035]}},{"type":"Feature","properties":{"name":"명일여자고등학교","kind":"school","level":"high","class_size":22.3,"coedu":"여","hstype":"일반고"},"geometry":{"type":"Point","coordinates":[127.1503737236,37.5499772399]}},{"type":"Feature","properties":{"name":"명지고등학교","kind":"school","level":"high","class_size":27.8,"coedu":"남여공학","hstype":"일반고"},"geometry":{"type":"Point","coordinates":[126.9274504773,37.5843606179]}},{"type":"Feature","properties":{"name":"목동고등학교","kind":"school","level":"high","class_size":26.1,"coedu":"여","hstype":"일반고"},"geometry":{"type":"Point","coordinates":[126.8602095354,37.5087171925]}},{"type":"Feature","properties":{"name":"무학여자고등학교","kind":"school","level":"high","class_size":18.5,"coedu":"여","hstype":"일반고"},"geometry":{"type":"Point","coordinates":[127.0334773779,37.5570095331]}},{"type":"Feature","properties":{"name":"문일고등학교","kind":"school","level":"high","class_size":23.1,"coedu":"남","hstype":"일반고"},"geometry":{"type":"Point","coordinates":[126.8990704061,37.4490991827]}},{"type":"Feature","properties":{"name":"문정고등학교","kind":"school","level":"high","class_size":26.5,"coedu":"남여공학","hstype":"일반고"},"geometry":{"type":"Point","coordinates":[127.1267083695,37.4855833041]}},{"type":"Feature","properties":{"name":"문현고등학교","kind":"school","level":"high","class_size":23.9,"coedu":"남여공학","hstype":"일반고"},"geometry":{"type":"Point","coordinates":[127.1287765461,37.4810688196]}},{"type":"Feature","properties":{"name":"미래산업과학고등학교","kind":"school","level":"high","class_size":18.8,"coedu":"남여공학","hstype":"특성화고"},"geometry":{"type":"Point","coordinates":[127.0791353699,37.6591725678]}},{"type":"Feature","properties":{"name":"미림마이스터고등학교","kind":"school","level":"high","class_size":17.0,"coedu":"남여공학","hstype":"특목고"},"geometry":{"type":"Point","coordinates":[126.9329044997,37.4664911485]}},{"type":"Feature","properties":{"name":"미림여자고등학교","kind":"school","level":"high","class_size":24.6,"coedu":"여","hstype":"일반고"},"geometry":{"type":"Point","coordinates":[126.932650416,37.4674676998]}},{"type":"Feature","properties":{"name":"반포고등학교","kind":"school","level":"high","class_size":22.8,"coedu":"남여공학","hstype":"일반고"},"geometry":{"type":"Point","coordinates":[127.0163668117,37.5022070202]}},{"type":"Feature","properties":{"name":"방산고등학교","kind":"school","level":"high","class_size":24.9,"coedu":"남여공학","hstype":"일반고"},"geometry":{"type":"Point","coordinates":[127.1202867581,37.5085440467]}},{"type":"Feature","properties":{"name":"배명고등학교","kind":"school","level":"high","class_size":25.5,"coedu":"남","hstype":"일반고"},"geometry":{"type":"Point","coordinates":[127.096002511,37.4988137989]}},{"type":"Feature","properties":{"name":"배문고등학교","kind":"school","level":"high","class_size":19.6,"coedu":"남","hstype":"일반고"},"geometry":{"type":"Point","coordinates":[126.9646245804,37.5500064241]}},{"type":"Feature","properties":{"name":"배재고등학교","kind":"school","level":"high","class_size":33.3,"coedu":"남","hstype":"자율고"},"geometry":{"type":"Point","coordinates":[127.1508524126,37.5561538661]}},{"type":"Feature","properties":{"name":"배화여자고등학교","kind":"school","level":"high","class_size":21.1,"coedu":"여","hstype":"일반고"},"geometry":{"type":"Point","coordinates":[126.9668888412,37.5785290182]}},{"type":"Feature","properties":{"name":"백암고등학교","kind":"school","level":"high","class_size":28.2,"coedu":"남여공학","hstype":"일반고"},"geometry":{"type":"Point","coordinates":[126.844841243,37.5119479258]}},{"type":"Feature","properties":{"name":"보성고등학교","kind":"school","level":"high","class_size":28.7,"coedu":"남","hstype":"일반고"},"geometry":{"type":"Point","coordinates":[127.1353583136,37.5195542163]}},{"type":"Feature","properties":{"name":"보성여자고등학교","kind":"school","level":"high","class_size":19.8,"coedu":"여","hstype":"일반고"},"geometry":{"type":"Point","coordinates":[126.9843077032,37.5431198401]}},{"type":"Feature","properties":{"name":"보인고등학교","kind":"school","level":"high","class_size":32.3,"coedu":"남","hstype":"자율고"},"geometry":{"type":"Point","coordinates":[127.1383972842,37.4972084944]}},{"type":"Feature","properties":{"name":"불암고등학교","kind":"school","level":"high","class_size":24.4,"coedu":"남여공학","hstype":"일반고"},"geometry":{"type":"Point","coordinates":[127.0802635587,37.6491546842]}},{"type":"Feature","properties":{"name":"삼각산고등학교","kind":"school","level":"high","class_size":22.2,"coedu":"남여공학","hstype":"일반고"},"geometry":{"type":"Point","coordinates":[127.0200570605,37.6163051134]}},{"type":"Feature","properties":{"name":"삼성고등학교","kind":"school","level":"high","class_size":15.4,"coedu":"남여공학","hstype":"일반고"},"geometry":{"type":"Point","coordinates":[126.9437179997,37.4692683031]}},{"type":"Feature","properties":{"name":"상계고등학교","kind":"school","level":"high","class_size":23.4,"coedu":"남","hstype":"일반고"},"geometry":{"type":"Point","coordinates":[127.055833356,37.6529745278]}},{"type":"Feature","properties":{"name":"상명고등학교","kind":"school","level":"high","class_size":27.1,"coedu":"남여공학","hstype":"일반고"},"geometry":{"type":"Point","coordinates":[127.0678309927,37.6495913557]}},{"type":"Feature","properties":{"name":"상명대학교사범대학부속여자고등학교","kind":"school","level":"high","class_size":18.3,"coedu":"여","hstype":"일반고"},"geometry":{"type":"Point","coordinates":[126.9538228855,37.6033055181]}},{"type":"Feature","properties":{"name":"상문고등학교","kind":"school","level":"high","class_size":29.2,"coedu":"남","hstype":"일반고"},"geometry":{"type":"Point","coordinates":[127.0038575898,37.4800108706]}},{"type":"Feature","properties":{"name":"상암고등학교","kind":"school","level":"high","class_size":24.7,"coedu":"남여공학","hstype":"일반고"},"geometry":{"type":"Point","coordinates":[126.8838714349,37.5811398781]}},{"type":"Feature","properties":{"name":"상일미디어고등학교","kind":"school","level":"high","class_size":15.1,"coedu":"남여공학","hstype":"특성화고"},"geometry":{"type":"Point","coordinates":[127.1698348008,37.5485236722]}},{"type":"Feature","properties":{"name":"상일여자고등학교","kind":"school","level":"high","class_size":26.8,"coedu":"여","hstype":"일반고"},"geometry":{"type":"Point","coordinates":[127.1697460526,37.5493094697]}},{"type":"Feature","properties":{"name":"서라벌고등학교","kind":"school","level":"high","class_size":25.7,"coedu":"남","hstype":"일반고"},"geometry":{"type":"Point","coordinates":[127.0757406287,37.6453014658]}},{"type":"Feature","properties":{"name":"서문여자고등학교","kind":"school","level":"high","class_size":25.6,"coedu":"여","hstype":"일반고"},"geometry":{"type":"Point","coordinates":[126.9854496676,37.4894850425]}},{"type":"Feature","properties":{"name":"서서울생활과학고등학교","kind":"school","level":"high","class_size":17.4,"coedu":"남여공학","hstype":"특성화고"},"geometry":{"type":"Point","coordinates":[126.82812671,37.5038382777]}},{"type":"Feature","properties":{"name":"서울고등학교","kind":"school","level":"high","class_size":27.1,"coedu":"남","hstype":"일반고"},"geometry":{"type":"Point","coordinates":[127.005562803,37.4837355734]}},{"type":"Feature","properties":{"name":"서울공업고등학교","kind":"school","level":"high","class_size":18.2,"coedu":"남여공학","hstype":"특성화고"},"geometry":{"type":"Point","coordinates":[126.9222290006,37.5014797694]}},{"type":"Feature","properties":{"name":"서울공연예술고등학교","kind":"school","level":"high","class_size":35.5,"coedu":"남여공학","hstype":"특목고"},"geometry":{"type":"Point","coordinates":[126.8321475149,37.5001823759]}},{"type":"Feature","properties":{"name":"서울과학고등학교","kind":"school","level":"high","class_size":15.8,"coedu":"남여공학","hstype":"특목고"},"geometry":{"type":"Point","coordinates":[126.9984193364,37.5915800316]}},{"type":"Feature","properties":{"name":"서울관광고등학교","kind":"school","level":"high","class_size":19.3,"coedu":"남여공학","hstype":"특성화고"},"geometry":{"type":"Point","coordinates":[126.9436168605,37.488031773]}},{"type":"Feature","properties":{"name":"서울국제고등학교","kind":"school","level":"high","class_size":22.5,"coedu":"남여공학","hstype":"특목고"},"geometry":{"type":"Point","coordinates":[126.9958150892,37.5916160077]}},{"type":"Feature","properties":{"name":"서울금융고등학교","kind":"school","level":"high","class_size":11.5,"coedu":"남여공학","hstype":"특성화고"},"geometry":{"type":"Point","coordinates":[126.8257957269,37.5374494415]}},{"type":"Feature","properties":{"name":"서울대학교사범대학부설고등학교","kind":"school","level":"high","class_size":25.4,"coedu":"남여공학","hstype":"일반고"},"geometry":{"type":"Point","coordinates":[127.0386164144,37.5937487197]}},{"type":"Feature","properties":{"name":"서울도시과학기술고등학교","kind":"school","level":"high","class_size":16.1,"coedu":"남여공학","hstype":"특목고"},"geometry":{"type":"Point","coordinates":[127.0330151704,37.607263478]}},{"type":"Feature","properties":{"name":"서울동구고등학교","kind":"school","level":"high","class_size":18.1,"coedu":"남여공학","hstype":"특성화고"},"geometry":{"type":"Point","coordinates":[127.0067213565,37.593129557]}},{"type":"Feature","properties":{"name":"서울동산고등학교","kind":"school","level":"high","class_size":18.7,"coedu":"남여공학","hstype":"특성화고"},"geometry":{"type":"Point","coordinates":[127.0749051378,37.6302321266]}},{"type":"Feature","properties":{"name":"서울디자인고등학교","kind":"school","level":"high","class_size":17.7,"coedu":"남여공학","hstype":"특성화고"},"geometry":{"type":"Point","coordinates":[126.9477174942,37.5470764079]}},{"type":"Feature","properties":{"name":"서울디지털콘텐츠고등학교","kind":"school","level":"high","class_size":11.5,"coedu":"남여공학","hstype":"특성화고"},"geometry":{"type":"Point","coordinates":[126.815850662,37.5758906741]}},{"type":"Feature","properties":{"name":"서울디지텍고등학교","kind":"school","level":"high","class_size":18.9,"coedu":"남여공학","hstype":"특성화고"},"geometry":{"type":"Point","coordinates":[126.9907308738,37.5390119597]}},{"type":"Feature","properties":{"name":"서울로봇고등학교","kind":"school","level":"high","class_size":16.7,"coedu":"남여공학","hstype":"특목고"},"geometry":{"type":"Point","coordinates":[127.0843387146,37.480780929]}},{"type":"Feature","properties":{"name":"서울매그넷고등학교","kind":"school","level":"high","class_size":17.3,"coedu":"여","hstype":"특성화고"},"geometry":{"type":"Point","coordinates":[126.9174255579,37.4515245442]}},{"type":"Feature","properties":{"name":"서울문영여자고등학교","kind":"school","level":"high","class_size":24.4,"coedu":"여","hstype":"일반고"},"geometry":{"type":"Point","coordinates":[126.9510901995,37.4734811051]}},{"type":"Feature","properties":{"name":"서울문화고등학교","kind":"school","level":"high","class_size":10.7,"coedu":"남여공학","hstype":"특성화고"},"geometry":{"type":"Point","coordinates":[127.0476563502,37.6640061317]}},{"type":"Feature","properties":{"name":"서울미술고등학교","kind":"school","level":"high","class_size":28.9,"coedu":"남여공학","hstype":"일반고"},"geometry":{"type":"Point","coordinates":[126.9671055024,37.4770654601]}},{"type":"Feature","properties":{"name":"서울반도체고등학교","kind":"school","level":"high","class_size":10.0,"coedu":"남여공학","hstype":"특성화고"},"geometry":{"type":"Point","coordinates":[127.0694480742,37.5851139115]}},{"type":"Feature","properties":{"name":"서울방송고등학교","kind":"school","level":"high","class_size":19.3,"coedu":"남여공학","hstype":"특성화고"},"geometry":{"type":"Point","coordinates":[127.0108680623,37.5478235983]}},{"type":"Feature","properties":{"name":"서울백영고등학교","kind":"school","level":"high","class_size":17.0,"coedu":"남여공학","hstype":"특성화고"},"geometry":{"type":"Point","coordinates":[126.8175410402,37.5702242461]}},{"type":"Feature","properties":{"name":"서울세종고등학교","kind":"school","level":"high","class_size":24.9,"coedu":"남여공학","hstype":"일반고"},"geometry":{"type":"Point","coordinates":[127.102396247,37.4903497802]}},{"type":"Feature","properties":{"name":"서울신정고등학교","kind":"school","level":"high","class_size":14.7,"coedu":"여","hstype":"특성화고"},"geometry":{"type":"Point","coordinates":[126.857275594,37.5384395351]}},{"type":"Feature","properties":{"name":"서울아이티고등학교","kind":"school","level":"high","class_size":15.8,"coedu":"남여공학","hstype":"특성화고"},"geometry":{"type":"Point","coordinates":[127.061887221,37.642347111]}},{"type":"Feature","properties":{"name":"서울여자고등학교","kind":"school","level":"high","class_size":25.2,"coedu":"여","hstype":"자율고"},"geometry":{"type":"Point","coordinates":[126.9482124591,37.5480578137]}},{"type":"Feature","properties":{"name":"서울여자상업고등학교","kind":"school","level":"high","class_size":16.4,"coedu":"여","hstype":"특성화고"},"geometry":{"type":"Point","coordinates":[126.9505073388,37.4727600543]}},{"type":"Feature","properties":{"name":"서울영상고등학교","kind":"school","level":"high","class_size":19.1,"coedu":"남여공학","hstype":"특성화고"},"geometry":{"type":"Point","coordinates":[126.8598834825,37.5234067586]}},{"type":"Feature","properties":{"name":"서울예술고등학교","kind":"school","level":"high","class_size":35.0,"coedu":"남여공학","hstype":"특목고"},"geometry":{"type":"Point","coordinates":[126.9689017651,37.6055467121]}},{"type":"Feature","properties":{"name":"서울외국어고등학교","kind":"school","level":"high","class_size":22.8,"coedu":"남여공학","hstype":"특목고"},"geometry":{"type":"Point","coordinates":[127.0522857721,37.645609715]}},{"type":"Feature","properties":{"name":"서울웹툰애니메이션고등학교","kind":"school","level":"high","class_size":19.1,"coedu":"남여공학","hstype":"특성화고"},"geometry":{"type":"Point","coordinates":[126.9882795817,37.4698325438]}},{"type":"Feature","properties":{"name":"서울의료보건고등학교","kind":"school","level":"high","class_size":19.3,"coedu":"남여공학","hstype":"특성화고"},"geometry":{"type":"Point","coordinates":[126.9670432287,37.5570132836]}},{"type":"Feature","properties":{"name":"서울인공지능고등학교","kind":"school","level":"high","class_size":12.4,"coedu":"남여공학","hstype":"특성화고"},"geometry":{"type":"Point","coordinates":[127.1423668533,37.4919914563]}},{"type":"Feature","properties":{"name":"서울정화고등학교","kind":"school","level":"high","class_size":15.9,"coedu":"여","hstype":"특성화고"},"geometry":{"type":"Point","coordinates":[127.0407952875,37.5860048587]}},{"type":"Feature","properties":{"name":"서울체육고등학교","kind":"school","level":"high","class_size":27.6,"coedu":"남여공학","hstype":"특목고"},"geometry":{"type":"Point","coordinates":[127.1306110388,37.521691333]}},{"type":"Feature","properties":{"name":"서울컨벤션고등학교","kind":"school","level":"high","class_size":18.5,"coedu":"남여공학","hstype":"특성화고"},"geometry":{"type":"Point","coordinates":[127.1582243533,37.5592544569]}},{"type":"Feature","properties":{"name":"서울홍신고등학교","kind":"school","level":"high","class_size":15.1,"coedu":"남여공학","hstype":"특성화고"},"geometry":{"type":"Point","coordinates":[126.8327665414,37.5491508754]}},{"type":"Feature","properties":{"name":"서일문화예술고등학교","kind":"school","level":"high","class_size":18.1,"coedu":"남여공학","hstype":"특성화고"},"geometry":{"type":"Point","coordinates":[127.0127926833,37.5793889131]}},{"type":"Feature","properties":{"name":"서초고등학교","kind":"school","level":"high","class_size":25.2,"coedu":"남여공학","hstype":"일반고"},"geometry":{"type":"Point","coordinates":[127.0054863224,37.4892551532]}},{"type":"Feature","properties":{"name":"석관고등학교","kind":"school","level":"high","class_size":24.4,"coedu":"남여공학","hstype":"일반고"},"geometry":{"type":"Point","coordinates":[127.0663542721,37.6098514996]}},{"type":"Feature","properties":{"name":"선덕고등학교","kind":"school","level":"high","class_size":33.3,"coedu":"남","hstype":"자율고"},"geometry":{"type":"Point","coordinates":[127.026576627,37.6544839819]}},{"type":"Feature","properties":{"name":"선린인터넷고등학교","kind":"school","level":"high","class_size":18.9,"coedu":"남여공학","hstype":"특성화고"},"geometry":{"type":"Point","coordinates":[126.9671852906,37.5427559236]}},{"type":"Feature","properties":{"name":"선사고등학교","kind":"school","level":"high","class_size":24.0,"coedu":"남여공학","hstype":"일반고"},"geometry":{"type":"Point","coordinates":[127.1358187267,37.5563703359]}},{"type":"Feature","properties":{"name":"선유고등학교","kind":"school","level":"high","class_size":24.6,"coedu":"남여공학","hstype":"일반고"},"geometry":{"type":"Point","coordinates":[126.8946977685,37.533793633]}},{"type":"Feature","properties":{"name":"선일빅데이터고등학교","kind":"school","level":"high","class_size":14.3,"coedu":"여","hstype":"특성화고"},"geometry":{"type":"Point","coordinates":[126.9120966839,37.6203321272]}},{"type":"Feature","properties":{"name":"선일여자고등학교","kind":"school","level":"high","class_size":22.8,"coedu":"여","hstype":"일반고"},"geometry":{"type":"Point","coordinates":[126.9129295037,37.6191263223]}},{"type":"Feature","properties":{"name":"선정고등학교","kind":"school","level":"high","class_size":27.1,"coedu":"남여공학","hstype":"일반고"},"geometry":{"type":"Point","coordinates":[126.9090357852,37.6187188416]}},{"type":"Feature","properties":{"name":"선정국제관광고등학교","kind":"school","level":"high","class_size":14.7,"coedu":"남여공학","hstype":"특성화고"},"geometry":{"type":"Point","coordinates":[126.9084103632,37.6188625158]}},{"type":"Feature","properties":{"name":"선화예술고등학교","kind":"school","level":"high","class_size":40.4,"coedu":"남여공학","hstype":"특목고"},"geometry":{"type":"Point","coordinates":[127.0876306331,37.5500837219]}},{"type":"Feature","properties":{"name":"성남고등학교","kind":"school","level":"high","class_size":27.1,"coedu":"남","hstype":"일반고"},"geometry":{"type":"Point","coordinates":[126.9261812885,37.5052016556]}},{"type":"Feature","properties":{"name":"성덕고등학교","kind":"school","level":"high","class_size":32.2,"coedu":"남여공학","hstype":"일반고"},"geometry":{"type":"Point","coordinates":[127.1421500065,37.5505640651]}},{"type":"Feature","properties":{"name":"성동고등학교","kind":"school","level":"high","class_size":21.4,"coedu":"남","hstype":"자율고"},"geometry":{"type":"Point","coordinates":[127.0223825266,37.5641669736]}},{"type":"Feature","properties":{"name":"성동공업고등학교","kind":"school","level":"high","class_size":17.1,"coedu":"남여공학","hstype":"특성화고"},"geometry":{"type":"Point","coordinates":[127.0172416581,37.5688665301]}},{"type":"Feature","properties":{"name":"성동글로벌경영고등학교","kind":"school","level":"high","class_size":16.1,"coedu":"남여공학","hstype":"특성화고"},"geometry":{"type":"Point","coordinates":[127.0127994297,37.5658902051]}},{"type":"Feature","properties":{"name":"성보고등학교","kind":"school","level":"high","class_size":22.3,"coedu":"남","hstype":"일반고"},"geometry":{"type":"Point","coordinates":[126.9208493525,37.4799790164]}},{"type":"Feature","properties":{"name":"성수고등학교","kind":"school","level":"high","class_size":23.2,"coedu":"남여공학","hstype":"일반고"},"geometry":{"type":"Point","coordinates":[127.0380402782,37.5474251356]}},{"type":"Feature","properties":{"name":"성신여자고등학교","kind":"school","level":"high","class_size":22.7,"coedu":"여","hstype":"일반고"},"geometry":{"type":"Point","coordinates":[127.0224063321,37.5941331285]}},{"type":"Feature","properties":{"name":"성심여자고등학교","kind":"school","level":"high","class_size":17.4,"coedu":"여","hstype":"일반고"},"geometry":{"type":"Point","coordinates":[126.953688901,37.5344045364]}},{"type":"Feature","properties":{"name":"성암국제무역고등학교","kind":"school","level":"high","class_size":16.5,"coedu":"남여공학","hstype":"특성화고"},"geometry":{"type":"Point","coordinates":[127.0246979422,37.6209172917]}},{"type":"Feature","properties":{"name":"세그루패션디자인고등학교","kind":"school","level":"high","class_size":15.8,"coedu":"여","hstype":"특성화고"},"geometry":{"type":"Point","coordinates":[127.0265543563,37.6555903933]}},{"type":"Feature","properties":{"name":"세명컴퓨터고등학교","kind":"school","level":"high","class_size":14.2,"coedu":"남여공학","hstype":"특성화고"},"geometry":{"type":"Point","coordinates":[126.9232757687,37.6277460379]}},{"type":"Feature","properties":{"name":"세종과학고등학교","kind":"school","level":"high","class_size":19.0,"coedu":"남여공학","hstype":"특목고"},"geometry":{"type":"Point","coordinates":[126.827372318,37.4974724787]}},{"type":"Feature","properties":{"name":"세현고등학교","kind":"school","level":"high","class_size":19.7,"coedu":"남여공학","hstype":"일반고"},"geometry":{"type":"Point","coordinates":[126.8636986605,37.5603666004]}},{"type":"Feature","properties":{"name":"세화고등학교","kind":"school","level":"high","class_size":30.9,"coedu":"남","hstype":"자율고"},"geometry":{"type":"Point","coordinates":[126.9918709193,37.5018330559]}},{"type":"Feature","properties":{"name":"세화여자고등학교","kind":"school","level":"high","class_size":30.4,"coedu":"여","hstype":"자율고"},"geometry":{"type":"Point","coordinates":[126.9933229944,37.5021827371]}},{"type":"Feature","properties":{"name":"솔샘고등학교","kind":"school","level":"high","class_size":25.0,"coedu":"남여공학","hstype":"자율고"},"geometry":{"type":"Point","coordinates":[127.0120119146,37.6239970379]}},{"type":"Feature","properties":{"name":"송곡고등학교","kind":"school","level":"high","class_size":25.1,"coedu":"남","hstype":"일반고"},"geometry":{"type":"Point","coordinates":[127.1068894417,37.6057672954]}},{"type":"Feature","properties":{"name":"송곡관광고등학교","kind":"school","level":"high","class_size":18.6,"coedu":"남여공학","hstype":"특성화고"},"geometry":{"type":"Point","coordinates":[127.105427257,37.6064749864]}},{"type":"Feature","properties":{"name":"송곡여자고등학교","kind":"school","level":"high","class_size":22.3,"coedu":"여","hstype":"일반고"},"geometry":{"type":"Point","coordinates":[127.1049702874,37.606875433]}},{"type":"Feature","properties":{"name":"수도여자고등학교","kind":"school","level":"high","class_size":24.2,"coedu":"여","hstype":"일반고"},"geometry":{"type":"Point","coordinates":[126.9152988958,37.493326303]}},{"type":"Feature","properties":{"name":"수도전기공업고등학교","kind":"school","level":"high","class_size":18.3,"coedu":"남여공학","hstype":"특목고"},"geometry":{"type":"Point","coordinates":[127.0636369314,37.4856620416]}},{"type":"Feature","properties":{"name":"수락고등학교","kind":"school","level":"high","class_size":22.3,"coedu":"남여공학","hstype":"자율고"},"geometry":{"type":"Point","coordinates":[127.0532303588,37.6831144234]}},{"type":"Feature","properties":{"name":"수명고등학교","kind":"school","level":"high","class_size":22.8,"coedu":"남여공학","hstype":"일반고"},"geometry":{"type":"Point","coordinates":[126.824540243,37.5498164882]}},{"type":"Feature","properties":{"name":"숙명여자고등학교","kind":"school","level":"high","class_size":28.1,"coedu":"여","hstype":"일반고"},"geometry":{"type":"Point","coordinates":[127.0523176124,37.4904077985]}},{"type":"Feature","properties":{"name":"숭문고등학교","kind":"school","level":"high","class_size":25.1,"coedu":"남","hstype":"자율고"},"geometry":{"type":"Point","coordinates":[126.9457525402,37.5508678244]}},{"type":"Feature","properties":{"name":"숭실고등학교","kind":"school","level":"high","class_size":26.7,"coedu":"남","hstype":"일반고"},"geometry":{"type":"Point","coordinates":[126.9037901388,37.5933374089]}},{"type":"Feature","properties":{"name":"숭의여자고등학교","kind":"school","level":"high","class_size":24.1,"coedu":"여","hstype":"일반고"},"geometry":{"type":"Point","coordinates":[126.9288955289,37.5076900943]}},{"type":"Feature","properties":{"name":"신광여자고등학교","kind":"school","level":"high","class_size":15.5,"coedu":"여","hstype":"일반고"},"geometry":{"type":"Point","coordinates":[126.9696157614,37.5429547938]}},{"type":"Feature","properties":{"name":"신도고등학교","kind":"school","level":"high","class_size":22.3,"coedu":"남여공학","hstype":"일반고"},"geometry":{"type":"Point","coordinates":[126.9186654733,37.6295341106]}},{"type":"Feature","properties":{"name":"신도림고등학교","kind":"school","level":"high","class_size":23.3,"coedu":"남여공학","hstype":"일반고"},"geometry":{"type":"Point","coordinates":[126.8821259755,37.5141336042]}},{"type":"Feature","properties":{"name":"신림고등학교","kind":"school","level":"high","class_size":22.6,"coedu":"남여공학","hstype":"일반고"},"geometry":{"type":"Point","coordinates":[126.9169750844,37.4787059348]}},{"type":"Feature","properties":{"name":"신목고등학교","kind":"school","level":"high","class_size":25.8,"coedu":"남여공학","hstype":"일반고"},"geometry":{"type":"Point","coordinates":[126.8735579156,37.5127399006]}},{"type":"Feature","properties":{"name":"신서고등학교","kind":"school","level":"high","class_size":24.6,"coedu":"남여공학","hstype":"일반고"},"geometry":{"type":"Point","coordinates":[126.8600818347,37.5238070386]}},{"type":"Feature","properties":{"name":"신일고등학교","kind":"school","level":"high","class_size":32.6,"coedu":"남","hstype":"자율고"},"geometry":{"type":"Point","coordinates":[127.0282394113,37.6284127094]}},{"type":"Feature","properties":{"name":"신진과학기술고등학교","kind":"school","level":"high","class_size":17.5,"coedu":"남여공학","hstype":"특성화고"},"geometry":{"type":"Point","coordinates":[126.9181147707,37.59866947]}},{"type":"Feature","properties":{"name":"신현고등학교","kind":"school","level":"high","class_size":23.1,"coedu":"남여공학","hstype":"일반고"},"geometry":{"type":"Point","coordinates":[127.092931901,37.6052277057]}},{"type":"Feature","properties":{"name":"압구정고등학교","kind":"school","level":"high","class_size":23.5,"coedu":"남여공학","hstype":"일반고"},"geometry":{"type":"Point","coordinates":[127.032669332,37.5311438702]}},{"type":"Feature","properties":{"name":"양재고등학교","kind":"school","level":"high","class_size":26.5,"coedu":"남여공학","hstype":"일반고"},"geometry":{"type":"Point","coordinates":[127.0326528502,37.4829292946]}},{"type":"Feature","properties":{"name":"양정고등학교","kind":"school","level":"high","class_size":31.8,"coedu":"남","hstype":"자율고"},"geometry":{"type":"Point","coordinates":[126.8868713549,37.5348603876]}},{"type":"Feature","properties":{"name":"양천고등학교","kind":"school","level":"high","class_size":26.9,"coedu":"남","hstype":"일반고"},"geometry":{"type":"Point","coordinates":[126.8456319873,37.5091423354]}},{"type":"Feature","properties":{"name":"언남고등학교","kind":"school","level":"high","class_size":24.5,"coedu":"남여공학","hstype":"일반고"},"geometry":{"type":"Point","coordinates":[127.0428770662,37.4727716502]}},{"type":"Feature","properties":{"name":"여의도고등학교","kind":"school","level":"high","class_size":22.3,"coedu":"남","hstype":"일반고"},"geometry":{"type":"Point","coordinates":[126.9343635954,37.5249096337]}},{"type":"Feature","properties":{"name":"여의도여자고등학교","kind":"school","level":"high","class_size":22.2,"coedu":"여","hstype":"일반고"},"geometry":{"type":"Point","coordinates":[126.9346029619,37.5228482731]}},{"type":"Feature","properties":{"name":"염광고등학교","kind":"school","level":"high","class_size":24.1,"coedu":"남여공학","hstype":"일반고"},"geometry":{"type":"Point","coordinates":[127.0496092714,37.628391244]}},{"type":"Feature","properties":{"name":"염광메디텍고등학교","kind":"school","level":"high","class_size":17.0,"coedu":"남여공학","hstype":"특성화고"},"geometry":{"type":"Point","coordinates":[127.0486632219,37.6299305225]}},{"type":"Feature","properties":{"name":"영동고등학교","kind":"school","level":"high","class_size":25.0,"coedu":"남","hstype":"일반고"},"geometry":{"type":"Point","coordinates":[127.0433566934,37.5202383045]}},{"type":"Feature","properties":{"name":"영동일고등학교","kind":"school","level":"high","class_size":27.9,"coedu":"남여공학","hstype":"일반고"},"geometry":{"type":"Point","coordinates":[127.0900631944,37.510156725]}},{"type":"Feature","properties":{"name":"영등포고등학교","kind":"school","level":"high","class_size":20.8,"coedu":"남","hstype":"일반고"},"geometry":{"type":"Point","coordinates":[126.9339233044,37.5084886009]}},{"type":"Feature","properties":{"name":"영등포공업고등학교","kind":"school","level":"high","class_size":16.0,"coedu":"남","hstype":"특성화고"},"geometry":{"type":"Point","coordinates":[126.8500723528,37.569078927]}},{"type":"Feature","properties":{"name":"영등포여자고등학교","kind":"school","level":"high","class_size":20.8,"coedu":"여","hstype":"일반고"},"geometry":{"type":"Point","coordinates":[126.9153689866,37.5153847627]}},{"type":"Feature","properties":{"name":"영락고등학교","kind":"school","level":"high","class_size":24.4,"coedu":"남여공학","hstype":"일반고"},"geometry":{"type":"Point","coordinates":[126.944323127,37.4764226105]}},{"type":"Feature","properties":{"name":"영락의료과학고등학교","kind":"school","level":"high","class_size":17.6,"coedu":"남여공학","hstype":"특성화고"},"geometry":{"type":"Point","coordinates":[126.944706246,37.4766047943]}},{"type":"Feature","properties":{"name":"영신간호비즈니스고등학교","kind":"school","level":"high","class_size":17.1,"coedu":"여","hstype":"특성화고"},"geometry":{"type":"Point","coordinates":[127.083114047,37.6527494337]}},{"type":"Feature","properties":{"name":"영신고등학교","kind":"school","level":"high","class_size":24.7,"coedu":"남여공학","hstype":"일반고"},"geometry":{"type":"Point","coordinates":[126.909647577,37.4976910967]}},{"type":"Feature","properties":{"name":"영신여자고등학교","kind":"school","level":"high","class_size":20.6,"coedu":"여","hstype":"일반고"},"geometry":{"type":"Point","coordinates":[127.0832257791,37.6523412098]}},{"type":"Feature","properties":{"name":"영일고등학교","kind":"school","level":"high","class_size":23.8,"coedu":"남","hstype":"일반고"},"geometry":{"type":"Point","coordinates":[126.8615634321,37.5472528047]}},{"type":"Feature","properties":{"name":"영파여자고등학교","kind":"school","level":"high","class_size":25.3,"coedu":"여","hstype":"일반고"},"geometry":{"type":"Point","coordinates":[127.1198266854,37.5320462638]}},{"type":"Feature","properties":{"name":"영훈고등학교","kind":"school","level":"high","class_size":26.6,"coedu":"남여공학","hstype":"일반고"},"geometry":{"type":"Point","coordinates":[127.0277943488,37.6135843613]}},{"type":"Feature","properties":{"name":"예림디자인고등학교","kind":"school","level":"high","class_size":19.8,"coedu":"여","hstype":"특성화고"},"geometry":{"type":"Point","coordinates":[126.8274069486,37.5001142767]}},{"type":"Feature","properties":{"name":"예일디자인고등학교","kind":"school","level":"high","class_size":18.1,"coedu":"여","hstype":"특성화고"},"geometry":{"type":"Point","coordinates":[126.915815211,37.6094400881]}},{"type":"Feature","properties":{"name":"예일여자고등학교","kind":"school","level":"high","class_size":24.5,"coedu":"여","hstype":"일반고"},"geometry":{"type":"Point","coordinates":[126.9151929777,37.6108451855]}},{"type":"Feature","properties":{"name":"오금고등학교","kind":"school","level":"high","class_size":28.1,"coedu":"남여공학","hstype":"일반고"},"geometry":{"type":"Point","coordinates":[127.1297719588,37.5048723247]}},{"type":"Feature","properties":{"name":"오류고등학교","kind":"school","level":"high","class_size":25.4,"coedu":"여","hstype":"일반고"},"geometry":{"type":"Point","coordinates":[126.828134938,37.5002486868]}},{"type":"Feature","properties":{"name":"오산고등학교","kind":"school","level":"high","class_size":20.9,"coedu":"남","hstype":"일반고"},"geometry":{"type":"Point","coordinates":[126.9996063246,37.5235114957]}},{"type":"Feature","properties":{"name":"용문고등학교","kind":"school","level":"high","class_size":26.0,"coedu":"남","hstype":"일반고"},"geometry":{"type":"Point","coordinates":[127.0245331955,37.588355544]}},{"type":"Feature","properties":{"name":"용산고등학교","kind":"school","level":"high","class_size":21.8,"coedu":"남","hstype":"일반고"},"geometry":{"type":"Point","coordinates":[126.9798034621,37.5456527657]}},{"type":"Feature","properties":{"name":"용산철도고등학교","kind":"school","level":"high","class_size":17.9,"coedu":"남여공학","hstype":"특성화고"},"geometry":{"type":"Point","coordinates":[126.966933188,37.5242943436]}},{"type":"Feature","properties":{"name":"용화여자고등학교","kind":"school","level":"high","class_size":22.5,"coedu":"여","hstype":"일반고"},"geometry":{"type":"Point","coordinates":[127.0582745699,37.659127055]}},{"type":"Feature","properties":{"name":"우신고등학교","kind":"school","level":"high","class_size":25.2,"coedu":"남","hstype":"일반고"},"geometry":{"type":"Point","coordinates":[126.8266896567,37.495352314]}},{"type":"Feature","properties":{"name":"원묵고등학교","kind":"school","level":"high","class_size":26.6,"coedu":"남여공학","hstype":"자율고"},"geometry":{"type":"Point","coordinates":[127.0860308253,37.6153204109]}},{"type":"Feature","properties":{"name":"월계고등학교","kind":"school","level":"high","class_size":21.8,"coedu":"남여공학","hstype":"일반고"},"geometry":{"type":"Point","coordinates":[127.0484287396,37.6317073635]}},{"type":"Feature","properties":{"name":"유한공업고등학교","kind":"school","level":"high","class_size":18.4,"coedu":"남여공학","hstype":"특성화고"},"geometry":{"type":"Point","coordinates":[126.8232546135,37.4879833005]}},{"type":"Feature","properties":{"name":"은광여자고등학교","kind":"school","level":"high","class_size":26.7,"coedu":"여","hstype":"일반고"},"geometry":{"type":"Point","coordinates":[127.03536903,37.4885435962]}},{"type":"Feature","properties":{"name":"은평고등학교","kind":"school","level":"high","class_size":22.0,"coedu":"남여공학","hstype":"일반고"},"geometry":{"type":"Point","coordinates":[126.9058289324,37.6090000672]}},{"type":"Feature","properties":{"name":"은평메디텍고등학교","kind":"school","level":"high","class_size":15.8,"coedu":"남여공학","hstype":"특성화고"},"geometry":{"type":"Point","coordinates":[126.9290733754,37.6351197294]}},{"type":"Feature","properties":{"name":"이화여자고등학교","kind":"school","level":"high","class_size":33.5,"coedu":"여","hstype":"자율고"},"geometry":{"type":"Point","coordinates":[126.971227404,37.5656639458]}},{"type":"Feature","properties":{"name":"이화여자대학교병설미디어고등학교","kind":"school","level":"high","class_size":19.2,"coedu":"여","hstype":"특성화고"},"geometry":{"type":"Point","coordinates":[127.1054367419,37.6035665833]}},{"type":"Feature","properties":{"name":"이화여자대학교사범대학부속이화금란고등학교","kind":"school","level":"high","class_size":28.4,"coedu":"남여공학","hstype":"일반고"},"geometry":{"type":"Point","coordinates":[126.9474008075,37.5661656985]}},{"type":"Feature","properties":{"name":"이화여자외국어고등학교","kind":"school","level":"high","class_size":23.2,"coedu":"여","hstype":"특목고"},"geometry":{"type":"Point","coordinates":[126.9688696607,37.5657129025]}},{"type":"Feature","properties":{"name":"인덕과학기술고등학교","kind":"school","level":"high","class_size":16.4,"coedu":"남여공학","hstype":"특성화고"},"geometry":{"type":"Point","coordinates":[127.0557836461,37.6319635994]}},{"type":"Feature","properties":{"name":"인창고등학교","kind":"school","level":"high","class_size":20.7,"coedu":"남","hstype":"일반고"},"geometry":{"type":"Point","coordinates":[126.9634989875,37.5654275504]}},{"type":"Feature","properties":{"name":"인헌고등학교","kind":"school","level":"high","class_size":21.2,"coedu":"남여공학","hstype":"일반고"},"geometry":{"type":"Point","coordinates":[126.9701828573,37.4713827054]}},{"type":"Feature","properties":{"name":"일신여자상업고등학교","kind":"school","level":"high","class_size":18.0,"coedu":"여","hstype":"특성화고"},"geometry":{"type":"Point","coordinates":[127.1143769896,37.5017635482]}},{"type":"Feature","properties":{"name":"자양고등학교","kind":"school","level":"high","class_size":25.2,"coedu":"남여공학","hstype":"일반고"},"geometry":{"type":"Point","coordinates":[127.0730454124,37.5356668433]}},{"type":"Feature","properties":{"name":"자운고등학교","kind":"school","level":"high","class_size":27.7,"coedu":"남여공학","hstype":"일반고"},"geometry":{"type":"Point","coordinates":[127.0503687931,37.6593667529]}},{"type":"Feature","properties":{"name":"잠신고등학교","kind":"school","level":"high","class_size":22.7,"coedu":"남여공학","hstype":"일반고"},"geometry":{"type":"Point","coordinates":[127.0892327362,37.5156318548]}},{"type":"Feature","properties":{"name":"잠실고등학교","kind":"school","level":"high","class_size":25.6,"coedu":"남","hstype":"일반고"},"geometry":{"type":"Point","coordinates":[127.1062911719,37.5226960138]}},{"type":"Feature","properties":{"name":"잠실여자고등학교","kind":"school","level":"high","class_size":26.4,"coedu":"여","hstype":"일반고"},"geometry":{"type":"Point","coordinates":[127.1130342655,37.5023018399]}},{"type":"Feature","properties":{"name":"잠일고등학교","kind":"school","level":"high","class_size":20.6,"coedu":"남여공학","hstype":"일반고"},"geometry":{"type":"Point","coordinates":[127.0824988967,37.5144113852]}},{"type":"Feature","properties":{"name":"장충고등학교","kind":"school","level":"high","class_size":25.7,"coedu":"남여공학","hstype":"일반고"},"geometry":{"type":"Point","coordinates":[127.0060794429,37.5526172537]}},{"type":"Feature","properties":{"name":"장훈고등학교","kind":"school","level":"high","class_size":27.1,"coedu":"남","hstype":"자율고"},"geometry":{"type":"Point","coordinates":[126.9151409157,37.5130185633]}},{"type":"Feature","properties":{"name":"재현고등학교","kind":"school","level":"high","class_size":24.3,"coedu":"남","hstype":"일반고"},"geometry":{"type":"Point","coordinates":[127.0798549663,37.6601811821]}},{"type":"Feature","properties":{"name":"정신여자고등학교","kind":"school","level":"high","class_size":27.0,"coedu":"여","hstype":"일반고"},"geometry":{"type":"Point","coordinates":[127.0718067269,37.508763667]}},{"type":"Feature","properties":{"name":"정의여자고등학교","kind":"school","level":"high","class_size":22.0,"coedu":"여","hstype":"일반고"},"geometry":{"type":"Point","coordinates":[127.0311860822,37.6531818346]}},{"type":"Feature","properties":{"name":"중경고등학교","kind":"school","level":"high","class_size":18.4,"coedu":"남여공학","hstype":"자율고"},"geometry":{"type":"Point","coordinates":[126.975684489,37.5177786146]}},{"type":"Feature","properties":{"name":"중동고등학교","kind":"school","level":"high","class_size":31.0,"coedu":"남","hstype":"자율고"},"geometry":{"type":"Point","coordinates":[127.0808159703,37.4935849106]}},{"type":"Feature","properties":{"name":"중산고등학교","kind":"school","level":"high","class_size":26.1,"coedu":"남","hstype":"일반고"},"geometry":{"type":"Point","coordinates":[127.0806085298,37.4857498913]}},{"type":"Feature","properties":{"name":"중앙고등학교","kind":"school","level":"high","class_size":30.8,"coedu":"남","hstype":"자율고"},"geometry":{"type":"Point","coordinates":[126.9868442302,37.5840253863]}},{"type":"Feature","properties":{"name":"중앙대학교사범대학부속고등학교","kind":"school","level":"high","class_size":27.8,"coedu":"남여공학","hstype":"일반고"},"geometry":{"type":"Point","coordinates":[127.0521694712,37.4920152612]}},{"type":"Feature","properties":{"name":"중앙여자고등학교","kind":"school","level":"high","class_size":27.3,"coedu":"여","hstype":"일반고"},"geometry":{"type":"Point","coordinates":[126.9526753224,37.562774779]}},{"type":"Feature","properties":{"name":"중화고등학교","kind":"school","level":"high","class_size":23.7,"coedu":"남여공학","hstype":"일반고"},"geometry":{"type":"Point","coordinates":[127.0832685458,37.6043519493]}},{"type":"Feature","properties":{"name":"진관고등학교","kind":"school","level":"high","class_size":25.5,"coedu":"남여공학","hstype":"일반고"},"geometry":{"type":"Point","coordinates":[126.9243792043,37.6433373979]}},{"type":"Feature","properties":{"name":"진명여자고등학교","kind":"school","level":"high","class_size":27.9,"coedu":"여","hstype":"일반고"},"geometry":{"type":"Point","coordinates":[126.8663487731,37.5239260208]}},{"type":"Feature","properties":{"name":"진선여자고등학교","kind":"school","level":"high","class_size":26.5,"coedu":"여","hstype":"일반고"},"geometry":{"type":"Point","coordinates":[127.0469695453,37.5018600381]}},{"type":"Feature","properties":{"name":"창덕여자고등학교","kind":"school","level":"high","class_size":23.0,"coedu":"여","hstype":"일반고"},"geometry":{"type":"Point","coordinates":[127.1401841177,37.5160040426]}},{"type":"Feature","properties":{"name":"창동고등학교","kind":"school","level":"high","class_size":26.0,"coedu":"남여공학","hstype":"일반고"},"geometry":{"type":"Point","coordinates":[127.0385600204,37.6511974926]}},{"type":"Feature","properties":{"name":"창문여자고등학교","kind":"school","level":"high","class_size":25.4,"coedu":"여","hstype":"일반고"},"geometry":{"type":"Point","coordinates":[127.0364021711,37.6134937232]}},{"type":"Feature","properties":{"name":"청담고등학교","kind":"school","level":"high","class_size":17.9,"coedu":"남여공학","hstype":"일반고"},"geometry":{"type":"Point","coordinates":[127.0049755421,37.5109946511]}},{"type":"Feature","properties":{"name":"청량고등학교","kind":"school","level":"high","class_size":26.3,"coedu":"남여공학","hstype":"자율고"},"geometry":{"type":"Point","coordinates":[127.0509846972,37.5888056875]}},{"type":"Feature","properties":{"name":"청원고등학교","kind":"school","level":"high","class_size":25.9,"coedu":"남","hstype":"일반고"},"geometry":{"type":"Point","coordinates":[127.0630680754,37.6667198599]}},{"type":"Feature","properties":{"name":"청원여자고등학교","kind":"school","level":"high","class_size":25.7,"coedu":"여","hstype":"일반고"},"geometry":{"type":"Point","coordinates":[127.0612088192,37.6661766471]}},{"type":"Feature","properties":{"name":"충암고등학교","kind":"school","level":"high","class_size":25.9,"coedu":"남","hstype":"일반고"},"geometry":{"type":"Point","coordinates":[126.9212366263,37.5848323595]}},{"type":"Feature","properties":{"name":"태릉고등학교","kind":"school","level":"high","class_size":25.0,"coedu":"남여공학","hstype":"일반고"},"geometry":{"type":"Point","coordinates":[127.0858334443,37.6189992883]}},{"type":"Feature","properties":{"name":"풍문고등학교","kind":"school","level":"high","class_size":26.3,"coedu":"남여공학","hstype":"일반고"},"geometry":{"type":"Point","coordinates":[127.1006700969,37.4713435844]}},{"type":"Feature","properties":{"name":"하나고등학교","kind":"school","level":"high","class_size":25.9,"coedu":"남여공학","hstype":"자율고"},"geometry":{"type":"Point","coordinates":[126.9369939527,37.6416041077]}},{"type":"Feature","properties":{"name":"한가람고등학교","kind":"school","level":"high","class_size":28.5,"coedu":"남여공학","hstype":"자율고"},"geometry":{"type":"Point","coordinates":[126.8839799675,37.5374416508]}},{"type":"Feature","properties":{"name":"한강미디어고등학교","kind":"school","level":"high","class_size":19.4,"coedu":"남여공학","hstype":"특성화고"},"geometry":{"type":"Point","coordinates":[126.8972020708,37.5391982365]}},{"type":"Feature","properties":{"name":"한광고등학교","kind":"school","level":"high","class_size":20.3,"coedu":"남여공학","hstype":"일반고"},"geometry":{"type":"Point","coordinates":[126.8579264472,37.5389016317]}},{"type":"Feature","properties":{"name":"한국삼육고등학교","kind":"school","level":"high","class_size":25.4,"coedu":"남여공학","hstype":"일반고"},"geometry":{"type":"Point","coordinates":[127.108511857,37.6405258882]}},{"type":"Feature","properties":{"name":"한서고등학교","kind":"school","level":"high","class_size":24.6,"coedu":"남여공학","hstype":"일반고"},"geometry":{"type":"Point","coordinates":[126.8081397794,37.5747809841]}},{"type":"Feature","properties":{"name":"한성고등학교","kind":"school","level":"high","class_size":19.8,"coedu":"남","hstype":"일반고"},"geometry":{"type":"Point","coordinates":[126.954442746,37.5599067008]}},{"type":"Feature","properties":{"name":"한성과학고등학교","kind":"school","level":"high","class_size":18.8,"coedu":"남여공학","hstype":"특목고"},"geometry":{"type":"Point","coordinates":[126.9525129586,37.5760589904]}},{"type":"Feature","properties":{"name":"한성여자고등학교","kind":"school","level":"high","class_size":22.6,"coedu":"여","hstype":"일반고"},"geometry":{"type":"Point","coordinates":[127.0117562618,37.5830668771]}},{"type":"Feature","properties":{"name":"한세사이버보안고등학교","kind":"school","level":"high","class_size":15.6,"coedu":"남여공학","hstype":"특성화고"},"geometry":{"type":"Point","coordinates":[126.9520802118,37.551796788]}},{"type":"Feature","properties":{"name":"한양과학기술고등학교","kind":"school","level":"high","class_size":17.1,"coedu":"남","hstype":"특성화고"},"geometry":{"type":"Point","coordinates":[127.0119888995,37.5652920288]}},{"type":"Feature","properties":{"name":"한양대학교사범대학부속고등학교","kind":"school","level":"high","class_size":30.8,"coedu":"남여공학","hstype":"자율고"},"geometry":{"type":"Point","coordinates":[127.0423350235,37.5619189249]}},{"type":"Feature","properties":{"name":"한영고등학교","kind":"school","level":"high","class_size":29.8,"coedu":"남여공학","hstype":"일반고"},"geometry":{"type":"Point","coordinates":[127.1581939213,37.549141708]}},{"type":"Feature","properties":{"name":"한영외국어고등학교","kind":"school","level":"high","class_size":23.4,"coedu":"남여공학","hstype":"특목고"},"geometry":{"type":"Point","coordinates":[127.1572163333,37.5481338961]}},{"type":"Feature","properties":{"name":"해성국제컨벤션고등학교","kind":"school","level":"high","class_size":15.6,"coedu":"여","hstype":"특성화고"},"geometry":{"type":"Point","coordinates":[127.0572859148,37.5818246071]}},{"type":"Feature","properties":{"name":"해성여자고등학교","kind":"school","level":"high","class_size":25.4,"coedu":"여","hstype":"일반고"},"geometry":{"type":"Point","coordinates":[127.0571085011,37.5807759366]}},{"type":"Feature","properties":{"name":"현대고등학교","kind":"school","level":"high","class_size":31.3,"coedu":"남여공학","hstype":"자율고"},"geometry":{"type":"Point","coordinates":[127.0223948302,37.5254699543]}},{"type":"Feature","properties":{"name":"혜성여자고등학교","kind":"school","level":"high","class_size":24.2,"coedu":"여","hstype":"일반고"},"geometry":{"type":"Point","coordinates":[127.0730397986,37.6411514344]}},{"type":"Feature","properties":{"name":"혜원여자고등학교","kind":"school","level":"high","class_size":22.5,"coedu":"여","hstype":"일반고"},"geometry":{"type":"Point","coordinates":[127.0969954625,37.5931682805]}},{"type":"Feature","properties":{"name":"혜화여자고등학교","kind":"school","level":"high","class_size":23.3,"coedu":"여","hstype":"일반고"},"geometry":{"type":"Point","coordinates":[127.0129828336,37.6312769067]}},{"type":"Feature","properties":{"name":"홍익대학교사범대학부속고등학교","kind":"school","level":"high","class_size":16.5,"coedu":"남","hstype":"일반고"},"geometry":{"type":"Point","coordinates":[127.0033154691,37.5950001607]}},{"type":"Feature","properties":{"name":"홍익대학교사범대학부속여자고등학교","kind":"school","level":"high","class_size":27.2,"coedu":"여","hstype":"일반고"},"geometry":{"type":"Point","coordinates":[126.9126427138,37.5602183434]}},{"type":"Feature","properties":{"name":"홍익디자인고등학교","kind":"school","level":"high","class_size":19.4,"coedu":"여","hstype":"특성화고"},"geometry":{"type":"Point","coordinates":[126.9196346376,37.5626704161]}},{"type":"Feature","properties":{"name":"화곡고등학교","kind":"school","level":"high","class_size":25.7,"coedu":"남","hstype":"일반고"},"geometry":{"type":"Point","coordinates":[126.8315017323,37.5479849883]}},{"type":"Feature","properties":{"name":"환일고등학교","kind":"school","level":"high","class_size":17.3,"coedu":"남","hstype":"일반고"},"geometry":{"type":"Point","coordinates":[126.9620605576,37.553881722]}},{"type":"Feature","properties":{"name":"효문고등학교","kind":"school","level":"high","class_size":20.1,"coedu":"남여공학","hstype":"일반고"},"geometry":{"type":"Point","coordinates":[127.018403388,37.6530727994]}},{"type":"Feature","properties":{"name":"휘경여자고등학교","kind":"school","level":"high","class_size":22.8,"coedu":"여","hstype":"일반고"},"geometry":{"type":"Point","coordinates":[127.0673366177,37.583927626]}},{"type":"Feature","properties":{"name":"휘문고등학교","kind":"school","level":"high","class_size":31.1,"coedu":"남","hstype":"자율고"},"geometry":{"type":"Point","coordinates":[127.0626059412,37.5048549364]}},{"type":"Feature","properties":{"name":"휘봉고등학교","kind":"school","level":"high","class_size":21.9,"coedu":"남여공학","hstype":"일반고"},"geometry":{"type":"Point","coordinates":[127.069032681,37.5864674464]}},{"type":"Feature","properties":{"name":"성수공업고등학교","kind":"school","level":"high","class_size":null,"coedu":"남여공학","hstype":""},"geometry":{"type":"Point","coordinates":[127.0514159054,37.5407923182]}},{"type":"Feature","properties":{"name":"도봉고등학교","kind":"school","level":"high","class_size":null,"coedu":"남여공학","hstype":""},"geometry":{"type":"Point","coordinates":[127.0425146976,37.6867199813]}},{"type":"Feature","properties":{"name":"덕수고등학교(일반고)","kind":"school","level":"high","class_size":null,"coedu":"남여공학","hstype":""},"geometry":{"type":"Point","coordinates":[127.146776092,37.4852348145]}}]}